# H1 PCB workpiece load
mtllib h1_industrial.mtl
s off
v 0.032 -0.82 1.97
v 0.028237 -0.82 1.953512
v 0.024633 -0.813072 1.955248
v 0.028 -0.813072 1.97
v 0.028 -0.813072 1.97
v 0.024633 -0.813072 1.955248
v 0.017425 -0.813072 1.958719
v 0.02 -0.813072 1.97
v 0.02 -0.813072 1.97
v 0.017425 -0.813072 1.958719
v 0.013821 -0.82 1.960455
v 0.016 -0.82 1.97
v 0.016 -0.82 1.97
v 0.013821 -0.82 1.960455
v 0.017425 -0.826928 1.958719
v 0.02 -0.826928 1.97
v 0.02 -0.826928 1.97
v 0.017425 -0.826928 1.958719
v 0.024633 -0.826928 1.955248
v 0.028 -0.826928 1.97
v 0.028 -0.826928 1.97
v 0.024633 -0.826928 1.955248
v 0.028237 -0.82 1.953512
v 0.032 -0.82 1.97
v 0.028237 -0.82 1.953512
v 0.017693 -0.82 1.94029
v 0.015199 -0.813072 1.943418
v 0.024633 -0.813072 1.955248
v 0.024633 -0.813072 1.955248
v 0.015199 -0.813072 1.943418
v 0.010211 -0.813072 1.949672
v 0.017425 -0.813072 1.958719
v 0.017425 -0.813072 1.958719
v 0.010211 -0.813072 1.949672
v 0.007717 -0.82 1.9528
v 0.013821 -0.82 1.960455
v 0.013821 -0.82 1.960455
v 0.007717 -0.82 1.9528
v 0.010211 -0.826928 1.949672
v 0.017425 -0.826928 1.958719
v 0.017425 -0.826928 1.958719
v 0.010211 -0.826928 1.949672
v 0.015199 -0.826928 1.943418
v 0.024633 -0.826928 1.955248
v 0.024633 -0.826928 1.955248
v 0.015199 -0.826928 1.943418
v 0.017693 -0.82 1.94029
v 0.028237 -0.82 1.953512
v 0.017693 -0.82 1.94029
v 0.002456 -0.82 1.932953
v 0.001566 -0.813072 1.936852
v 0.015199 -0.813072 1.943418
v 0.015199 -0.813072 1.943418
v 0.001566 -0.813072 1.936852
v -0.000214 -0.813072 1.944652
v 0.010211 -0.813072 1.949672
v 0.010211 -0.813072 1.949672
v -0.000214 -0.813072 1.944652
v -0.001105 -0.82 1.948552
v 0.007717 -0.82 1.9528
v 0.007717 -0.82 1.9528
v -0.001105 -0.82 1.948552
v -0.000214 -0.826928 1.944652
v 0.010211 -0.826928 1.949672
v 0.010211 -0.826928 1.949672
v -0.000214 -0.826928 1.944652
v 0.001566 -0.826928 1.936852
v 0.015199 -0.826928 1.943418
v 0.015199 -0.826928 1.943418
v 0.001566 -0.826928 1.936852
v 0.002456 -0.82 1.932953
v 0.017693 -0.82 1.94029
v 0.002456 -0.82 1.932953
v -0.014456 -0.82 1.932953
v -0.013566 -0.813072 1.936852
v 0.001566 -0.813072 1.936852
v 0.001566 -0.813072 1.936852
v -0.013566 -0.813072 1.936852
v -0.011786 -0.813072 1.944652
v -0.000214 -0.813072 1.944652
v -0.000214 -0.813072 1.944652
v -0.011786 -0.813072 1.944652
v -0.010895 -0.82 1.948552
v -0.001105 -0.82 1.948552
v -0.001105 -0.82 1.948552
v -0.010895 -0.82 1.948552
v -0.011786 -0.826928 1.944652
v -0.000214 -0.826928 1.944652
v -0.000214 -0.826928 1.944652
v -0.011786 -0.826928 1.944652
v -0.013566 -0.826928 1.936852
v 0.001566 -0.826928 1.936852
v 0.001566 -0.826928 1.936852
v -0.013566 -0.826928 1.936852
v -0.014456 -0.82 1.932953
v 0.002456 -0.82 1.932953
v -0.014456 -0.82 1.932953
v -0.029693 -0.82 1.94029
v -0.027199 -0.813072 1.943418
v -0.013566 -0.813072 1.936852
v -0.013566 -0.813072 1.936852
v -0.027199 -0.813072 1.943418
v -0.022211 -0.813072 1.949672
v -0.011786 -0.813072 1.944652
v -0.011786 -0.813072 1.944652
v -0.022211 -0.813072 1.949672
v -0.019717 -0.82 1.9528
v -0.010895 -0.82 1.948552
v -0.010895 -0.82 1.948552
v -0.019717 -0.82 1.9528
v -0.022211 -0.826928 1.949672
v -0.011786 -0.826928 1.944652
v -0.011786 -0.826928 1.944652
v -0.022211 -0.826928 1.949672
v -0.027199 -0.826928 1.943418
v -0.013566 -0.826928 1.936852
v -0.013566 -0.826928 1.936852
v -0.027199 -0.826928 1.943418
v -0.029693 -0.82 1.94029
v -0.014456 -0.82 1.932953
v -0.029693 -0.82 1.94029
v -0.040237 -0.82 1.953512
v -0.036633 -0.813072 1.955248
v -0.027199 -0.813072 1.943418
v -0.027199 -0.813072 1.943418
v -0.036633 -0.813072 1.955248
v -0.029425 -0.813072 1.958719
v -0.022211 -0.813072 1.949672
v -0.022211 -0.813072 1.949672
v -0.029425 -0.813072 1.958719
v -0.025821 -0.82 1.960455
v -0.019717 -0.82 1.9528
v -0.019717 -0.82 1.9528
v -0.025821 -0.82 1.960455
v -0.029425 -0.826928 1.958719
v -0.022211 -0.826928 1.949672
v -0.022211 -0.826928 1.949672
v -0.029425 -0.826928 1.958719
v -0.036633 -0.826928 1.955248
v -0.027199 -0.826928 1.943418
v -0.027199 -0.826928 1.943418
v -0.036633 -0.826928 1.955248
v -0.040237 -0.82 1.953512
v -0.029693 -0.82 1.94029
v -0.040237 -0.82 1.953512
v -0.044 -0.82 1.97
v -0.04 -0.813072 1.97
v -0.036633 -0.813072 1.955248
v -0.036633 -0.813072 1.955248
v -0.04 -0.813072 1.97
v -0.032 -0.813072 1.97
v -0.029425 -0.813072 1.958719
v -0.029425 -0.813072 1.958719
v -0.032 -0.813072 1.97
v -0.028 -0.82 1.97
v -0.025821 -0.82 1.960455
v -0.025821 -0.82 1.960455
v -0.028 -0.82 1.97
v -0.032 -0.826928 1.97
v -0.029425 -0.826928 1.958719
v -0.029425 -0.826928 1.958719
v -0.032 -0.826928 1.97
v -0.04 -0.826928 1.97
v -0.036633 -0.826928 1.955248
v -0.036633 -0.826928 1.955248
v -0.04 -0.826928 1.97
v -0.044 -0.82 1.97
v -0.040237 -0.82 1.953512
v -0.044 -0.82 1.97
v -0.040237 -0.82 1.986488
v -0.036633 -0.813072 1.984752
v -0.04 -0.813072 1.97
v -0.04 -0.813072 1.97
v -0.036633 -0.813072 1.984752
v -0.029425 -0.813072 1.981281
v -0.032 -0.813072 1.97
v -0.032 -0.813072 1.97
v -0.029425 -0.813072 1.981281
v -0.025821 -0.82 1.979545
v -0.028 -0.82 1.97
v -0.028 -0.82 1.97
v -0.025821 -0.82 1.979545
v -0.029425 -0.826928 1.981281
v -0.032 -0.826928 1.97
v -0.032 -0.826928 1.97
v -0.029425 -0.826928 1.981281
v -0.036633 -0.826928 1.984752
v -0.04 -0.826928 1.97
v -0.04 -0.826928 1.97
v -0.036633 -0.826928 1.984752
v -0.040237 -0.82 1.986488
v -0.044 -0.82 1.97
v -0.040237 -0.82 1.986488
v -0.029693 -0.82 1.99971
v -0.027199 -0.813072 1.996582
v -0.036633 -0.813072 1.984752
v -0.036633 -0.813072 1.984752
v -0.027199 -0.813072 1.996582
v -0.022211 -0.813072 1.990328
v -0.029425 -0.813072 1.981281
v -0.029425 -0.813072 1.981281
v -0.022211 -0.813072 1.990328
v -0.019717 -0.82 1.9872
v -0.025821 -0.82 1.979545
v -0.025821 -0.82 1.979545
v -0.019717 -0.82 1.9872
v -0.022211 -0.826928 1.990328
v -0.029425 -0.826928 1.981281
v -0.029425 -0.826928 1.981281
v -0.022211 -0.826928 1.990328
v -0.027199 -0.826928 1.996582
v -0.036633 -0.826928 1.984752
v -0.036633 -0.826928 1.984752
v -0.027199 -0.826928 1.996582
v -0.029693 -0.82 1.99971
v -0.040237 -0.82 1.986488
v -0.029693 -0.82 1.99971
v -0.014456 -0.82 2.007047
v -0.013566 -0.813072 2.003148
v -0.027199 -0.813072 1.996582
v -0.027199 -0.813072 1.996582
v -0.013566 -0.813072 2.003148
v -0.011786 -0.813072 1.995348
v -0.022211 -0.813072 1.990328
v -0.022211 -0.813072 1.990328
v -0.011786 -0.813072 1.995348
v -0.010895 -0.82 1.991448
v -0.019717 -0.82 1.9872
v -0.019717 -0.82 1.9872
v -0.010895 -0.82 1.991448
v -0.011786 -0.826928 1.995348
v -0.022211 -0.826928 1.990328
v -0.022211 -0.826928 1.990328
v -0.011786 -0.826928 1.995348
v -0.013566 -0.826928 2.003148
v -0.027199 -0.826928 1.996582
v -0.027199 -0.826928 1.996582
v -0.013566 -0.826928 2.003148
v -0.014456 -0.82 2.007047
v -0.029693 -0.82 1.99971
v -0.014456 -0.82 2.007047
v 0.002456 -0.82 2.007047
v 0.001566 -0.813072 2.003148
v -0.013566 -0.813072 2.003148
v -0.013566 -0.813072 2.003148
v 0.001566 -0.813072 2.003148
v -0.000214 -0.813072 1.995348
v -0.011786 -0.813072 1.995348
v -0.011786 -0.813072 1.995348
v -0.000214 -0.813072 1.995348
v -0.001105 -0.82 1.991448
v -0.010895 -0.82 1.991448
v -0.010895 -0.82 1.991448
v -0.001105 -0.82 1.991448
v -0.000214 -0.826928 1.995348
v -0.011786 -0.826928 1.995348
v -0.011786 -0.826928 1.995348
v -0.000214 -0.826928 1.995348
v 0.001566 -0.826928 2.003148
v -0.013566 -0.826928 2.003148
v -0.013566 -0.826928 2.003148
v 0.001566 -0.826928 2.003148
v 0.002456 -0.82 2.007047
v -0.014456 -0.82 2.007047
v 0.002456 -0.82 2.007047
v 0.017693 -0.82 1.99971
v 0.015199 -0.813072 1.996582
v 0.001566 -0.813072 2.003148
v 0.001566 -0.813072 2.003148
v 0.015199 -0.813072 1.996582
v 0.010211 -0.813072 1.990328
v -0.000214 -0.813072 1.995348
v -0.000214 -0.813072 1.995348
v 0.010211 -0.813072 1.990328
v 0.007717 -0.82 1.9872
v -0.001105 -0.82 1.991448
v -0.001105 -0.82 1.991448
v 0.007717 -0.82 1.9872
v 0.010211 -0.826928 1.990328
v -0.000214 -0.826928 1.995348
v -0.000214 -0.826928 1.995348
v 0.010211 -0.826928 1.990328
v 0.015199 -0.826928 1.996582
v 0.001566 -0.826928 2.003148
v 0.001566 -0.826928 2.003148
v 0.015199 -0.826928 1.996582
v 0.017693 -0.82 1.99971
v 0.002456 -0.82 2.007047
v 0.017693 -0.82 1.99971
v 0.028237 -0.82 1.986488
v 0.024633 -0.813072 1.984752
v 0.015199 -0.813072 1.996582
v 0.015199 -0.813072 1.996582
v 0.024633 -0.813072 1.984752
v 0.017425 -0.813072 1.981281
v 0.010211 -0.813072 1.990328
v 0.010211 -0.813072 1.990328
v 0.017425 -0.813072 1.981281
v 0.013821 -0.82 1.979545
v 0.007717 -0.82 1.9872
v 0.007717 -0.82 1.9872
v 0.013821 -0.82 1.979545
v 0.017425 -0.826928 1.981281
v 0.010211 -0.826928 1.990328
v 0.010211 -0.826928 1.990328
v 0.017425 -0.826928 1.981281
v 0.024633 -0.826928 1.984752
v 0.015199 -0.826928 1.996582
v 0.015199 -0.826928 1.996582
v 0.024633 -0.826928 1.984752
v 0.028237 -0.82 1.986488
v 0.017693 -0.82 1.99971
v 0.028237 -0.82 1.986488
v 0.032 -0.82 1.97
v 0.028 -0.813072 1.97
v 0.024633 -0.813072 1.984752
v 0.024633 -0.813072 1.984752
v 0.028 -0.813072 1.97
v 0.02 -0.813072 1.97
v 0.017425 -0.813072 1.981281
v 0.017425 -0.813072 1.981281
v 0.02 -0.813072 1.97
v 0.016 -0.82 1.97
v 0.013821 -0.82 1.979545
v 0.013821 -0.82 1.979545
v 0.016 -0.82 1.97
v 0.02 -0.826928 1.97
v 0.017425 -0.826928 1.981281
v 0.017425 -0.826928 1.981281
v 0.02 -0.826928 1.97
v 0.028 -0.826928 1.97
v 0.024633 -0.826928 1.984752
v 0.024633 -0.826928 1.984752
v 0.028 -0.826928 1.97
v 0.032 -0.82 1.97
v 0.028237 -0.82 1.986488
v -0.006 -0.858 1.922
v -0.006 -0.854237 1.905512
v 0.000928 -0.850633 1.907248
v 0.000928 -0.854 1.922
v 0.000928 -0.854 1.922
v 0.000928 -0.850633 1.907248
v 0.000928 -0.843425 1.910719
v 0.000928 -0.846 1.922
v 0.000928 -0.846 1.922
v 0.000928 -0.843425 1.910719
v -0.006 -0.839821 1.912455
v -0.006 -0.842 1.922
v -0.006 -0.842 1.922
v -0.006 -0.839821 1.912455
v -0.012928 -0.843425 1.910719
v -0.012928 -0.846 1.922
v -0.012928 -0.846 1.922
v -0.012928 -0.843425 1.910719
v -0.012928 -0.850633 1.907248
v -0.012928 -0.854 1.922
v -0.012928 -0.854 1.922
v -0.012928 -0.850633 1.907248
v -0.006 -0.854237 1.905512
v -0.006 -0.858 1.922
v -0.006 -0.854237 1.905512
v -0.006 -0.843693 1.89229
v 0.000928 -0.841199 1.895418
v 0.000928 -0.850633 1.907248
v 0.000928 -0.850633 1.907248
v 0.000928 -0.841199 1.895418
v 0.000928 -0.836211 1.901672
v 0.000928 -0.843425 1.910719
v 0.000928 -0.843425 1.910719
v 0.000928 -0.836211 1.901672
v -0.006 -0.833717 1.9048
v -0.006 -0.839821 1.912455
v -0.006 -0.839821 1.912455
v -0.006 -0.833717 1.9048
v -0.012928 -0.836211 1.901672
v -0.012928 -0.843425 1.910719
v -0.012928 -0.843425 1.910719
v -0.012928 -0.836211 1.901672
v -0.012928 -0.841199 1.895418
v -0.012928 -0.850633 1.907248
v -0.012928 -0.850633 1.907248
v -0.012928 -0.841199 1.895418
v -0.006 -0.843693 1.89229
v -0.006 -0.854237 1.905512
v -0.006 -0.843693 1.89229
v -0.006 -0.828456 1.884953
v 0.000928 -0.827566 1.888852
v 0.000928 -0.841199 1.895418
v 0.000928 -0.841199 1.895418
v 0.000928 -0.827566 1.888852
v 0.000928 -0.825786 1.896652
v 0.000928 -0.836211 1.901672
v 0.000928 -0.836211 1.901672
v 0.000928 -0.825786 1.896652
v -0.006 -0.824895 1.900552
v -0.006 -0.833717 1.9048
v -0.006 -0.833717 1.9048
v -0.006 -0.824895 1.900552
v -0.012928 -0.825786 1.896652
v -0.012928 -0.836211 1.901672
v -0.012928 -0.836211 1.901672
v -0.012928 -0.825786 1.896652
v -0.012928 -0.827566 1.888852
v -0.012928 -0.841199 1.895418
v -0.012928 -0.841199 1.895418
v -0.012928 -0.827566 1.888852
v -0.006 -0.828456 1.884953
v -0.006 -0.843693 1.89229
v -0.006 -0.828456 1.884953
v -0.006 -0.811544 1.884953
v 0.000928 -0.812434 1.888852
v 0.000928 -0.827566 1.888852
v 0.000928 -0.827566 1.888852
v 0.000928 -0.812434 1.888852
v 0.000928 -0.814214 1.896652
v 0.000928 -0.825786 1.896652
v 0.000928 -0.825786 1.896652
v 0.000928 -0.814214 1.896652
v -0.006 -0.815105 1.900552
v -0.006 -0.824895 1.900552
v -0.006 -0.824895 1.900552
v -0.006 -0.815105 1.900552
v -0.012928 -0.814214 1.896652
v -0.012928 -0.825786 1.896652
v -0.012928 -0.825786 1.896652
v -0.012928 -0.814214 1.896652
v -0.012928 -0.812434 1.888852
v -0.012928 -0.827566 1.888852
v -0.012928 -0.827566 1.888852
v -0.012928 -0.812434 1.888852
v -0.006 -0.811544 1.884953
v -0.006 -0.828456 1.884953
v -0.006 -0.811544 1.884953
v -0.006 -0.796307 1.89229
v 0.000928 -0.798801 1.895418
v 0.000928 -0.812434 1.888852
v 0.000928 -0.812434 1.888852
v 0.000928 -0.798801 1.895418
v 0.000928 -0.803789 1.901672
v 0.000928 -0.814214 1.896652
v 0.000928 -0.814214 1.896652
v 0.000928 -0.803789 1.901672
v -0.006 -0.806283 1.9048
v -0.006 -0.815105 1.900552
v -0.006 -0.815105 1.900552
v -0.006 -0.806283 1.9048
v -0.012928 -0.803789 1.901672
v -0.012928 -0.814214 1.896652
v -0.012928 -0.814214 1.896652
v -0.012928 -0.803789 1.901672
v -0.012928 -0.798801 1.895418
v -0.012928 -0.812434 1.888852
v -0.012928 -0.812434 1.888852
v -0.012928 -0.798801 1.895418
v -0.006 -0.796307 1.89229
v -0.006 -0.811544 1.884953
v -0.006 -0.796307 1.89229
v -0.006 -0.785763 1.905512
v 0.000928 -0.789367 1.907248
v 0.000928 -0.798801 1.895418
v 0.000928 -0.798801 1.895418
v 0.000928 -0.789367 1.907248
v 0.000928 -0.796575 1.910719
v 0.000928 -0.803789 1.901672
v 0.000928 -0.803789 1.901672
v 0.000928 -0.796575 1.910719
v -0.006 -0.800179 1.912455
v -0.006 -0.806283 1.9048
v -0.006 -0.806283 1.9048
v -0.006 -0.800179 1.912455
v -0.012928 -0.796575 1.910719
v -0.012928 -0.803789 1.901672
v -0.012928 -0.803789 1.901672
v -0.012928 -0.796575 1.910719
v -0.012928 -0.789367 1.907248
v -0.012928 -0.798801 1.895418
v -0.012928 -0.798801 1.895418
v -0.012928 -0.789367 1.907248
v -0.006 -0.785763 1.905512
v -0.006 -0.796307 1.89229
v -0.006 -0.785763 1.905512
v -0.006 -0.782 1.922
v 0.000928 -0.786 1.922
v 0.000928 -0.789367 1.907248
v 0.000928 -0.789367 1.907248
v 0.000928 -0.786 1.922
v 0.000928 -0.794 1.922
v 0.000928 -0.796575 1.910719
v 0.000928 -0.796575 1.910719
v 0.000928 -0.794 1.922
v -0.006 -0.798 1.922
v -0.006 -0.800179 1.912455
v -0.006 -0.800179 1.912455
v -0.006 -0.798 1.922
v -0.012928 -0.794 1.922
v -0.012928 -0.796575 1.910719
v -0.012928 -0.796575 1.910719
v -0.012928 -0.794 1.922
v -0.012928 -0.786 1.922
v -0.012928 -0.789367 1.907248
v -0.012928 -0.789367 1.907248
v -0.012928 -0.786 1.922
v -0.006 -0.782 1.922
v -0.006 -0.785763 1.905512
v -0.006 -0.782 1.922
v -0.006 -0.785763 1.938488
v 0.000928 -0.789367 1.936752
v 0.000928 -0.786 1.922
v 0.000928 -0.786 1.922
v 0.000928 -0.789367 1.936752
v 0.000928 -0.796575 1.933281
v 0.000928 -0.794 1.922
v 0.000928 -0.794 1.922
v 0.000928 -0.796575 1.933281
v -0.006 -0.800179 1.931545
v -0.006 -0.798 1.922
v -0.006 -0.798 1.922
v -0.006 -0.800179 1.931545
v -0.012928 -0.796575 1.933281
v -0.012928 -0.794 1.922
v -0.012928 -0.794 1.922
v -0.012928 -0.796575 1.933281
v -0.012928 -0.789367 1.936752
v -0.012928 -0.786 1.922
v -0.012928 -0.786 1.922
v -0.012928 -0.789367 1.936752
v -0.006 -0.785763 1.938488
v -0.006 -0.782 1.922
v -0.006 -0.785763 1.938488
v -0.006 -0.796307 1.95171
v 0.000928 -0.798801 1.948582
v 0.000928 -0.789367 1.936752
v 0.000928 -0.789367 1.936752
v 0.000928 -0.798801 1.948582
v 0.000928 -0.803789 1.942328
v 0.000928 -0.796575 1.933281
v 0.000928 -0.796575 1.933281
v 0.000928 -0.803789 1.942328
v -0.006 -0.806283 1.9392
v -0.006 -0.800179 1.931545
v -0.006 -0.800179 1.931545
v -0.006 -0.806283 1.9392
v -0.012928 -0.803789 1.942328
v -0.012928 -0.796575 1.933281
v -0.012928 -0.796575 1.933281
v -0.012928 -0.803789 1.942328
v -0.012928 -0.798801 1.948582
v -0.012928 -0.789367 1.936752
v -0.012928 -0.789367 1.936752
v -0.012928 -0.798801 1.948582
v -0.006 -0.796307 1.95171
v -0.006 -0.785763 1.938488
v -0.006 -0.796307 1.95171
v -0.006 -0.811544 1.959047
v 0.000928 -0.812434 1.955148
v 0.000928 -0.798801 1.948582
v 0.000928 -0.798801 1.948582
v 0.000928 -0.812434 1.955148
v 0.000928 -0.814214 1.947348
v 0.000928 -0.803789 1.942328
v 0.000928 -0.803789 1.942328
v 0.000928 -0.814214 1.947348
v -0.006 -0.815105 1.943448
v -0.006 -0.806283 1.9392
v -0.006 -0.806283 1.9392
v -0.006 -0.815105 1.943448
v -0.012928 -0.814214 1.947348
v -0.012928 -0.803789 1.942328
v -0.012928 -0.803789 1.942328
v -0.012928 -0.814214 1.947348
v -0.012928 -0.812434 1.955148
v -0.012928 -0.798801 1.948582
v -0.012928 -0.798801 1.948582
v -0.012928 -0.812434 1.955148
v -0.006 -0.811544 1.959047
v -0.006 -0.796307 1.95171
v -0.006 -0.811544 1.959047
v -0.006 -0.828456 1.959047
v 0.000928 -0.827566 1.955148
v 0.000928 -0.812434 1.955148
v 0.000928 -0.812434 1.955148
v 0.000928 -0.827566 1.955148
v 0.000928 -0.825786 1.947348
v 0.000928 -0.814214 1.947348
v 0.000928 -0.814214 1.947348
v 0.000928 -0.825786 1.947348
v -0.006 -0.824895 1.943448
v -0.006 -0.815105 1.943448
v -0.006 -0.815105 1.943448
v -0.006 -0.824895 1.943448
v -0.012928 -0.825786 1.947348
v -0.012928 -0.814214 1.947348
v -0.012928 -0.814214 1.947348
v -0.012928 -0.825786 1.947348
v -0.012928 -0.827566 1.955148
v -0.012928 -0.812434 1.955148
v -0.012928 -0.812434 1.955148
v -0.012928 -0.827566 1.955148
v -0.006 -0.828456 1.959047
v -0.006 -0.811544 1.959047
v -0.006 -0.828456 1.959047
v -0.006 -0.843693 1.95171
v 0.000928 -0.841199 1.948582
v 0.000928 -0.827566 1.955148
v 0.000928 -0.827566 1.955148
v 0.000928 -0.841199 1.948582
v 0.000928 -0.836211 1.942328
v 0.000928 -0.825786 1.947348
v 0.000928 -0.825786 1.947348
v 0.000928 -0.836211 1.942328
v -0.006 -0.833717 1.9392
v -0.006 -0.824895 1.943448
v -0.006 -0.824895 1.943448
v -0.006 -0.833717 1.9392
v -0.012928 -0.836211 1.942328
v -0.012928 -0.825786 1.947348
v -0.012928 -0.825786 1.947348
v -0.012928 -0.836211 1.942328
v -0.012928 -0.841199 1.948582
v -0.012928 -0.827566 1.955148
v -0.012928 -0.827566 1.955148
v -0.012928 -0.841199 1.948582
v -0.006 -0.843693 1.95171
v -0.006 -0.828456 1.959047
v -0.006 -0.843693 1.95171
v -0.006 -0.854237 1.938488
v 0.000928 -0.850633 1.936752
v 0.000928 -0.841199 1.948582
v 0.000928 -0.841199 1.948582
v 0.000928 -0.850633 1.936752
v 0.000928 -0.843425 1.933281
v 0.000928 -0.836211 1.942328
v 0.000928 -0.836211 1.942328
v 0.000928 -0.843425 1.933281
v -0.006 -0.839821 1.931545
v -0.006 -0.833717 1.9392
v -0.006 -0.833717 1.9392
v -0.006 -0.839821 1.931545
v -0.012928 -0.843425 1.933281
v -0.012928 -0.836211 1.942328
v -0.012928 -0.836211 1.942328
v -0.012928 -0.843425 1.933281
v -0.012928 -0.850633 1.936752
v -0.012928 -0.841199 1.948582
v -0.012928 -0.841199 1.948582
v -0.012928 -0.850633 1.936752
v -0.006 -0.854237 1.938488
v -0.006 -0.843693 1.95171
v -0.006 -0.854237 1.938488
v -0.006 -0.858 1.922
v 0.000928 -0.854 1.922
v 0.000928 -0.850633 1.936752
v 0.000928 -0.850633 1.936752
v 0.000928 -0.854 1.922
v 0.000928 -0.846 1.922
v 0.000928 -0.843425 1.933281
v 0.000928 -0.843425 1.933281
v 0.000928 -0.846 1.922
v -0.006 -0.842 1.922
v -0.006 -0.839821 1.931545
v -0.006 -0.839821 1.931545
v -0.006 -0.842 1.922
v -0.012928 -0.846 1.922
v -0.012928 -0.843425 1.933281
v -0.012928 -0.843425 1.933281
v -0.012928 -0.846 1.922
v -0.012928 -0.854 1.922
v -0.012928 -0.850633 1.936752
v -0.012928 -0.850633 1.936752
v -0.012928 -0.854 1.922
v -0.006 -0.858 1.922
v -0.006 -0.854237 1.938488
v 0.032 -0.82 1.874
v 0.028237 -0.82 1.857512
v 0.024633 -0.813072 1.859248
v 0.028 -0.813072 1.874
v 0.028 -0.813072 1.874
v 0.024633 -0.813072 1.859248
v 0.017425 -0.813072 1.862719
v 0.02 -0.813072 1.874
v 0.02 -0.813072 1.874
v 0.017425 -0.813072 1.862719
v 0.013821 -0.82 1.864455
v 0.016 -0.82 1.874
v 0.016 -0.82 1.874
v 0.013821 -0.82 1.864455
v 0.017425 -0.826928 1.862719
v 0.02 -0.826928 1.874
v 0.02 -0.826928 1.874
v 0.017425 -0.826928 1.862719
v 0.024633 -0.826928 1.859248
v 0.028 -0.826928 1.874
v 0.028 -0.826928 1.874
v 0.024633 -0.826928 1.859248
v 0.028237 -0.82 1.857512
v 0.032 -0.82 1.874
v 0.028237 -0.82 1.857512
v 0.017693 -0.82 1.84429
v 0.015199 -0.813072 1.847418
v 0.024633 -0.813072 1.859248
v 0.024633 -0.813072 1.859248
v 0.015199 -0.813072 1.847418
v 0.010211 -0.813072 1.853672
v 0.017425 -0.813072 1.862719
v 0.017425 -0.813072 1.862719
v 0.010211 -0.813072 1.853672
v 0.007717 -0.82 1.8568
v 0.013821 -0.82 1.864455
v 0.013821 -0.82 1.864455
v 0.007717 -0.82 1.8568
v 0.010211 -0.826928 1.853672
v 0.017425 -0.826928 1.862719
v 0.017425 -0.826928 1.862719
v 0.010211 -0.826928 1.853672
v 0.015199 -0.826928 1.847418
v 0.024633 -0.826928 1.859248
v 0.024633 -0.826928 1.859248
v 0.015199 -0.826928 1.847418
v 0.017693 -0.82 1.84429
v 0.028237 -0.82 1.857512
v 0.017693 -0.82 1.84429
v 0.002456 -0.82 1.836953
v 0.001566 -0.813072 1.840852
v 0.015199 -0.813072 1.847418
v 0.015199 -0.813072 1.847418
v 0.001566 -0.813072 1.840852
v -0.000214 -0.813072 1.848652
v 0.010211 -0.813072 1.853672
v 0.010211 -0.813072 1.853672
v -0.000214 -0.813072 1.848652
v -0.001105 -0.82 1.852552
v 0.007717 -0.82 1.8568
v 0.007717 -0.82 1.8568
v -0.001105 -0.82 1.852552
v -0.000214 -0.826928 1.848652
v 0.010211 -0.826928 1.853672
v 0.010211 -0.826928 1.853672
v -0.000214 -0.826928 1.848652
v 0.001566 -0.826928 1.840852
v 0.015199 -0.826928 1.847418
v 0.015199 -0.826928 1.847418
v 0.001566 -0.826928 1.840852
v 0.002456 -0.82 1.836953
v 0.017693 -0.82 1.84429
v 0.002456 -0.82 1.836953
v -0.014456 -0.82 1.836953
v -0.013566 -0.813072 1.840852
v 0.001566 -0.813072 1.840852
v 0.001566 -0.813072 1.840852
v -0.013566 -0.813072 1.840852
v -0.011786 -0.813072 1.848652
v -0.000214 -0.813072 1.848652
v -0.000214 -0.813072 1.848652
v -0.011786 -0.813072 1.848652
v -0.010895 -0.82 1.852552
v -0.001105 -0.82 1.852552
v -0.001105 -0.82 1.852552
v -0.010895 -0.82 1.852552
v -0.011786 -0.826928 1.848652
v -0.000214 -0.826928 1.848652
v -0.000214 -0.826928 1.848652
v -0.011786 -0.826928 1.848652
v -0.013566 -0.826928 1.840852
v 0.001566 -0.826928 1.840852
v 0.001566 -0.826928 1.840852
v -0.013566 -0.826928 1.840852
v -0.014456 -0.82 1.836953
v 0.002456 -0.82 1.836953
v -0.014456 -0.82 1.836953
v -0.029693 -0.82 1.84429
v -0.027199 -0.813072 1.847418
v -0.013566 -0.813072 1.840852
v -0.013566 -0.813072 1.840852
v -0.027199 -0.813072 1.847418
v -0.022211 -0.813072 1.853672
v -0.011786 -0.813072 1.848652
v -0.011786 -0.813072 1.848652
v -0.022211 -0.813072 1.853672
v -0.019717 -0.82 1.8568
v -0.010895 -0.82 1.852552
v -0.010895 -0.82 1.852552
v -0.019717 -0.82 1.8568
v -0.022211 -0.826928 1.853672
v -0.011786 -0.826928 1.848652
v -0.011786 -0.826928 1.848652
v -0.022211 -0.826928 1.853672
v -0.027199 -0.826928 1.847418
v -0.013566 -0.826928 1.840852
v -0.013566 -0.826928 1.840852
v -0.027199 -0.826928 1.847418
v -0.029693 -0.82 1.84429
v -0.014456 -0.82 1.836953
v -0.029693 -0.82 1.84429
v -0.040237 -0.82 1.857512
v -0.036633 -0.813072 1.859248
v -0.027199 -0.813072 1.847418
v -0.027199 -0.813072 1.847418
v -0.036633 -0.813072 1.859248
v -0.029425 -0.813072 1.862719
v -0.022211 -0.813072 1.853672
v -0.022211 -0.813072 1.853672
v -0.029425 -0.813072 1.862719
v -0.025821 -0.82 1.864455
v -0.019717 -0.82 1.8568
v -0.019717 -0.82 1.8568
v -0.025821 -0.82 1.864455
v -0.029425 -0.826928 1.862719
v -0.022211 -0.826928 1.853672
v -0.022211 -0.826928 1.853672
v -0.029425 -0.826928 1.862719
v -0.036633 -0.826928 1.859248
v -0.027199 -0.826928 1.847418
v -0.027199 -0.826928 1.847418
v -0.036633 -0.826928 1.859248
v -0.040237 -0.82 1.857512
v -0.029693 -0.82 1.84429
v -0.040237 -0.82 1.857512
v -0.044 -0.82 1.874
v -0.04 -0.813072 1.874
v -0.036633 -0.813072 1.859248
v -0.036633 -0.813072 1.859248
v -0.04 -0.813072 1.874
v -0.032 -0.813072 1.874
v -0.029425 -0.813072 1.862719
v -0.029425 -0.813072 1.862719
v -0.032 -0.813072 1.874
v -0.028 -0.82 1.874
v -0.025821 -0.82 1.864455
v -0.025821 -0.82 1.864455
v -0.028 -0.82 1.874
v -0.032 -0.826928 1.874
v -0.029425 -0.826928 1.862719
v -0.029425 -0.826928 1.862719
v -0.032 -0.826928 1.874
v -0.04 -0.826928 1.874
v -0.036633 -0.826928 1.859248
v -0.036633 -0.826928 1.859248
v -0.04 -0.826928 1.874
v -0.044 -0.82 1.874
v -0.040237 -0.82 1.857512
v -0.044 -0.82 1.874
v -0.040237 -0.82 1.890488
v -0.036633 -0.813072 1.888752
v -0.04 -0.813072 1.874
v -0.04 -0.813072 1.874
v -0.036633 -0.813072 1.888752
v -0.029425 -0.813072 1.885281
v -0.032 -0.813072 1.874
v -0.032 -0.813072 1.874
v -0.029425 -0.813072 1.885281
v -0.025821 -0.82 1.883545
v -0.028 -0.82 1.874
v -0.028 -0.82 1.874
v -0.025821 -0.82 1.883545
v -0.029425 -0.826928 1.885281
v -0.032 -0.826928 1.874
v -0.032 -0.826928 1.874
v -0.029425 -0.826928 1.885281
v -0.036633 -0.826928 1.888752
v -0.04 -0.826928 1.874
v -0.04 -0.826928 1.874
v -0.036633 -0.826928 1.888752
v -0.040237 -0.82 1.890488
v -0.044 -0.82 1.874
v -0.040237 -0.82 1.890488
v -0.029693 -0.82 1.90371
v -0.027199 -0.813072 1.900582
v -0.036633 -0.813072 1.888752
v -0.036633 -0.813072 1.888752
v -0.027199 -0.813072 1.900582
v -0.022211 -0.813072 1.894328
v -0.029425 -0.813072 1.885281
v -0.029425 -0.813072 1.885281
v -0.022211 -0.813072 1.894328
v -0.019717 -0.82 1.8912
v -0.025821 -0.82 1.883545
v -0.025821 -0.82 1.883545
v -0.019717 -0.82 1.8912
v -0.022211 -0.826928 1.894328
v -0.029425 -0.826928 1.885281
v -0.029425 -0.826928 1.885281
v -0.022211 -0.826928 1.894328
v -0.027199 -0.826928 1.900582
v -0.036633 -0.826928 1.888752
v -0.036633 -0.826928 1.888752
v -0.027199 -0.826928 1.900582
v -0.029693 -0.82 1.90371
v -0.040237 -0.82 1.890488
v -0.029693 -0.82 1.90371
v -0.014456 -0.82 1.911047
v -0.013566 -0.813072 1.907148
v -0.027199 -0.813072 1.900582
v -0.027199 -0.813072 1.900582
v -0.013566 -0.813072 1.907148
v -0.011786 -0.813072 1.899348
v -0.022211 -0.813072 1.894328
v -0.022211 -0.813072 1.894328
v -0.011786 -0.813072 1.899348
v -0.010895 -0.82 1.895448
v -0.019717 -0.82 1.8912
v -0.019717 -0.82 1.8912
v -0.010895 -0.82 1.895448
v -0.011786 -0.826928 1.899348
v -0.022211 -0.826928 1.894328
v -0.022211 -0.826928 1.894328
v -0.011786 -0.826928 1.899348
v -0.013566 -0.826928 1.907148
v -0.027199 -0.826928 1.900582
v -0.027199 -0.826928 1.900582
v -0.013566 -0.826928 1.907148
v -0.014456 -0.82 1.911047
v -0.029693 -0.82 1.90371
v -0.014456 -0.82 1.911047
v 0.002456 -0.82 1.911047
v 0.001566 -0.813072 1.907148
v -0.013566 -0.813072 1.907148
v -0.013566 -0.813072 1.907148
v 0.001566 -0.813072 1.907148
v -0.000214 -0.813072 1.899348
v -0.011786 -0.813072 1.899348
v -0.011786 -0.813072 1.899348
v -0.000214 -0.813072 1.899348
v -0.001105 -0.82 1.895448
v -0.010895 -0.82 1.895448
v -0.010895 -0.82 1.895448
v -0.001105 -0.82 1.895448
v -0.000214 -0.826928 1.899348
v -0.011786 -0.826928 1.899348
v -0.011786 -0.826928 1.899348
v -0.000214 -0.826928 1.899348
v 0.001566 -0.826928 1.907148
v -0.013566 -0.826928 1.907148
v -0.013566 -0.826928 1.907148
v 0.001566 -0.826928 1.907148
v 0.002456 -0.82 1.911047
v -0.014456 -0.82 1.911047
v 0.002456 -0.82 1.911047
v 0.017693 -0.82 1.90371
v 0.015199 -0.813072 1.900582
v 0.001566 -0.813072 1.907148
v 0.001566 -0.813072 1.907148
v 0.015199 -0.813072 1.900582
v 0.010211 -0.813072 1.894328
v -0.000214 -0.813072 1.899348
v -0.000214 -0.813072 1.899348
v 0.010211 -0.813072 1.894328
v 0.007717 -0.82 1.8912
v -0.001105 -0.82 1.895448
v -0.001105 -0.82 1.895448
v 0.007717 -0.82 1.8912
v 0.010211 -0.826928 1.894328
v -0.000214 -0.826928 1.899348
v -0.000214 -0.826928 1.899348
v 0.010211 -0.826928 1.894328
v 0.015199 -0.826928 1.900582
v 0.001566 -0.826928 1.907148
v 0.001566 -0.826928 1.907148
v 0.015199 -0.826928 1.900582
v 0.017693 -0.82 1.90371
v 0.002456 -0.82 1.911047
v 0.017693 -0.82 1.90371
v 0.028237 -0.82 1.890488
v 0.024633 -0.813072 1.888752
v 0.015199 -0.813072 1.900582
v 0.015199 -0.813072 1.900582
v 0.024633 -0.813072 1.888752
v 0.017425 -0.813072 1.885281
v 0.010211 -0.813072 1.894328
v 0.010211 -0.813072 1.894328
v 0.017425 -0.813072 1.885281
v 0.013821 -0.82 1.883545
v 0.007717 -0.82 1.8912
v 0.007717 -0.82 1.8912
v 0.013821 -0.82 1.883545
v 0.017425 -0.826928 1.885281
v 0.010211 -0.826928 1.894328
v 0.010211 -0.826928 1.894328
v 0.017425 -0.826928 1.885281
v 0.024633 -0.826928 1.888752
v 0.015199 -0.826928 1.900582
v 0.015199 -0.826928 1.900582
v 0.024633 -0.826928 1.888752
v 0.028237 -0.82 1.890488
v 0.017693 -0.82 1.90371
v 0.028237 -0.82 1.890488
v 0.032 -0.82 1.874
v 0.028 -0.813072 1.874
v 0.024633 -0.813072 1.888752
v 0.024633 -0.813072 1.888752
v 0.028 -0.813072 1.874
v 0.02 -0.813072 1.874
v 0.017425 -0.813072 1.885281
v 0.017425 -0.813072 1.885281
v 0.02 -0.813072 1.874
v 0.016 -0.82 1.874
v 0.013821 -0.82 1.883545
v 0.013821 -0.82 1.883545
v 0.016 -0.82 1.874
v 0.02 -0.826928 1.874
v 0.017425 -0.826928 1.885281
v 0.017425 -0.826928 1.885281
v 0.02 -0.826928 1.874
v 0.028 -0.826928 1.874
v 0.024633 -0.826928 1.888752
v 0.024633 -0.826928 1.888752
v 0.028 -0.826928 1.874
v 0.032 -0.82 1.874
v 0.028237 -0.82 1.890488
v 0.041 -0.82 1.82
v 0.037422 -0.82 1.802014
v 0.033265 -0.812206 1.803736
v 0.0365 -0.812206 1.82
v 0.0365 -0.812206 1.82
v 0.033265 -0.812206 1.803736
v 0.02495 -0.812206 1.80718
v 0.0275 -0.812206 1.82
v 0.0275 -0.812206 1.82
v 0.02495 -0.812206 1.80718
v 0.020793 -0.82 1.808902
v 0.023 -0.82 1.82
v 0.023 -0.82 1.82
v 0.020793 -0.82 1.808902
v 0.02495 -0.827794 1.80718
v 0.0275 -0.827794 1.82
v 0.0275 -0.827794 1.82
v 0.02495 -0.827794 1.80718
v 0.033265 -0.827794 1.803736
v 0.0365 -0.827794 1.82
v 0.0365 -0.827794 1.82
v 0.033265 -0.827794 1.803736
v 0.037422 -0.82 1.802014
v 0.041 -0.82 1.82
v 0.037422 -0.82 1.802014
v 0.027234 -0.82 1.786766
v 0.024052 -0.812206 1.789948
v 0.033265 -0.812206 1.803736
v 0.033265 -0.812206 1.803736
v 0.024052 -0.812206 1.789948
v 0.017688 -0.812206 1.796312
v 0.02495 -0.812206 1.80718
v 0.02495 -0.812206 1.80718
v 0.017688 -0.812206 1.796312
v 0.014506 -0.82 1.799494
v 0.020793 -0.82 1.808902
v 0.020793 -0.82 1.808902
v 0.014506 -0.82 1.799494
v 0.017688 -0.827794 1.796312
v 0.02495 -0.827794 1.80718
v 0.02495 -0.827794 1.80718
v 0.017688 -0.827794 1.796312
v 0.024052 -0.827794 1.789948
v 0.033265 -0.827794 1.803736
v 0.033265 -0.827794 1.803736
v 0.024052 -0.827794 1.789948
v 0.027234 -0.82 1.786766
v 0.037422 -0.82 1.802014
v 0.027234 -0.82 1.786766
v 0.011986 -0.82 1.776578
v 0.010264 -0.812206 1.780735
v 0.024052 -0.812206 1.789948
v 0.024052 -0.812206 1.789948
v 0.010264 -0.812206 1.780735
v 0.00682 -0.812206 1.78905
v 0.017688 -0.812206 1.796312
v 0.017688 -0.812206 1.796312
v 0.00682 -0.812206 1.78905
v 0.005098 -0.82 1.793207
v 0.014506 -0.82 1.799494
v 0.014506 -0.82 1.799494
v 0.005098 -0.82 1.793207
v 0.00682 -0.827794 1.78905
v 0.017688 -0.827794 1.796312
v 0.017688 -0.827794 1.796312
v 0.00682 -0.827794 1.78905
v 0.010264 -0.827794 1.780735
v 0.024052 -0.827794 1.789948
v 0.024052 -0.827794 1.789948
v 0.010264 -0.827794 1.780735
v 0.011986 -0.82 1.776578
v 0.027234 -0.82 1.786766
v 0.011986 -0.82 1.776578
v -0.006 -0.82 1.773
v -0.006 -0.812206 1.7775
v 0.010264 -0.812206 1.780735
v 0.010264 -0.812206 1.780735
v -0.006 -0.812206 1.7775
v -0.006 -0.812206 1.7865
v 0.00682 -0.812206 1.78905
v 0.00682 -0.812206 1.78905
v -0.006 -0.812206 1.7865
v -0.006 -0.82 1.791
v 0.005098 -0.82 1.793207
v 0.005098 -0.82 1.793207
v -0.006 -0.82 1.791
v -0.006 -0.827794 1.7865
v 0.00682 -0.827794 1.78905
v 0.00682 -0.827794 1.78905
v -0.006 -0.827794 1.7865
v -0.006 -0.827794 1.7775
v 0.010264 -0.827794 1.780735
v 0.010264 -0.827794 1.780735
v -0.006 -0.827794 1.7775
v -0.006 -0.82 1.773
v 0.011986 -0.82 1.776578
v -0.006 -0.82 1.773
v -0.023986 -0.82 1.776578
v -0.022264 -0.812206 1.780735
v -0.006 -0.812206 1.7775
v -0.006 -0.812206 1.7775
v -0.022264 -0.812206 1.780735
v -0.01882 -0.812206 1.78905
v -0.006 -0.812206 1.7865
v -0.006 -0.812206 1.7865
v -0.01882 -0.812206 1.78905
v -0.017098 -0.82 1.793207
v -0.006 -0.82 1.791
v -0.006 -0.82 1.791
v -0.017098 -0.82 1.793207
v -0.01882 -0.827794 1.78905
v -0.006 -0.827794 1.7865
v -0.006 -0.827794 1.7865
v -0.01882 -0.827794 1.78905
v -0.022264 -0.827794 1.780735
v -0.006 -0.827794 1.7775
v -0.006 -0.827794 1.7775
v -0.022264 -0.827794 1.780735
v -0.023986 -0.82 1.776578
v -0.006 -0.82 1.773
v -0.023986 -0.82 1.776578
v -0.039234 -0.82 1.786766
v -0.036052 -0.812206 1.789948
v -0.022264 -0.812206 1.780735
v -0.022264 -0.812206 1.780735
v -0.036052 -0.812206 1.789948
v -0.029688 -0.812206 1.796312
v -0.01882 -0.812206 1.78905
v -0.01882 -0.812206 1.78905
v -0.029688 -0.812206 1.796312
v -0.026506 -0.82 1.799494
v -0.017098 -0.82 1.793207
v -0.017098 -0.82 1.793207
v -0.026506 -0.82 1.799494
v -0.029688 -0.827794 1.796312
v -0.01882 -0.827794 1.78905
v -0.01882 -0.827794 1.78905
v -0.029688 -0.827794 1.796312
v -0.036052 -0.827794 1.789948
v -0.022264 -0.827794 1.780735
v -0.022264 -0.827794 1.780735
v -0.036052 -0.827794 1.789948
v -0.039234 -0.82 1.786766
v -0.023986 -0.82 1.776578
v -0.039234 -0.82 1.786766
v -0.049422 -0.82 1.802014
v -0.045265 -0.812206 1.803736
v -0.036052 -0.812206 1.789948
v -0.036052 -0.812206 1.789948
v -0.045265 -0.812206 1.803736
v -0.03695 -0.812206 1.80718
v -0.029688 -0.812206 1.796312
v -0.029688 -0.812206 1.796312
v -0.03695 -0.812206 1.80718
v -0.032793 -0.82 1.808902
v -0.026506 -0.82 1.799494
v -0.026506 -0.82 1.799494
v -0.032793 -0.82 1.808902
v -0.03695 -0.827794 1.80718
v -0.029688 -0.827794 1.796312
v -0.029688 -0.827794 1.796312
v -0.03695 -0.827794 1.80718
v -0.045265 -0.827794 1.803736
v -0.036052 -0.827794 1.789948
v -0.036052 -0.827794 1.789948
v -0.045265 -0.827794 1.803736
v -0.049422 -0.82 1.802014
v -0.039234 -0.82 1.786766
v -0.049422 -0.82 1.802014
v -0.053 -0.82 1.82
v -0.0485 -0.812206 1.82
v -0.045265 -0.812206 1.803736
v -0.045265 -0.812206 1.803736
v -0.0485 -0.812206 1.82
v -0.0395 -0.812206 1.82
v -0.03695 -0.812206 1.80718
v -0.03695 -0.812206 1.80718
v -0.0395 -0.812206 1.82
v -0.035 -0.82 1.82
v -0.032793 -0.82 1.808902
v -0.032793 -0.82 1.808902
v -0.035 -0.82 1.82
v -0.0395 -0.827794 1.82
v -0.03695 -0.827794 1.80718
v -0.03695 -0.827794 1.80718
v -0.0395 -0.827794 1.82
v -0.0485 -0.827794 1.82
v -0.045265 -0.827794 1.803736
v -0.045265 -0.827794 1.803736
v -0.0485 -0.827794 1.82
v -0.053 -0.82 1.82
v -0.049422 -0.82 1.802014
v -0.053 -0.82 1.82
v -0.049422 -0.82 1.837986
v -0.045265 -0.812206 1.836264
v -0.0485 -0.812206 1.82
v -0.0485 -0.812206 1.82
v -0.045265 -0.812206 1.836264
v -0.03695 -0.812206 1.83282
v -0.0395 -0.812206 1.82
v -0.0395 -0.812206 1.82
v -0.03695 -0.812206 1.83282
v -0.032793 -0.82 1.831098
v -0.035 -0.82 1.82
v -0.035 -0.82 1.82
v -0.032793 -0.82 1.831098
v -0.03695 -0.827794 1.83282
v -0.0395 -0.827794 1.82
v -0.0395 -0.827794 1.82
v -0.03695 -0.827794 1.83282
v -0.045265 -0.827794 1.836264
v -0.0485 -0.827794 1.82
v -0.0485 -0.827794 1.82
v -0.045265 -0.827794 1.836264
v -0.049422 -0.82 1.837986
v -0.053 -0.82 1.82
v -0.049422 -0.82 1.837986
v -0.039234 -0.82 1.853234
v -0.036052 -0.812206 1.850052
v -0.045265 -0.812206 1.836264
v -0.045265 -0.812206 1.836264
v -0.036052 -0.812206 1.850052
v -0.029688 -0.812206 1.843688
v -0.03695 -0.812206 1.83282
v -0.03695 -0.812206 1.83282
v -0.029688 -0.812206 1.843688
v -0.026506 -0.82 1.840506
v -0.032793 -0.82 1.831098
v -0.032793 -0.82 1.831098
v -0.026506 -0.82 1.840506
v -0.029688 -0.827794 1.843688
v -0.03695 -0.827794 1.83282
v -0.03695 -0.827794 1.83282
v -0.029688 -0.827794 1.843688
v -0.036052 -0.827794 1.850052
v -0.045265 -0.827794 1.836264
v -0.045265 -0.827794 1.836264
v -0.036052 -0.827794 1.850052
v -0.039234 -0.82 1.853234
v -0.049422 -0.82 1.837986
v -0.039234 -0.82 1.853234
v -0.023986 -0.82 1.863422
v -0.022264 -0.812206 1.859265
v -0.036052 -0.812206 1.850052
v -0.036052 -0.812206 1.850052
v -0.022264 -0.812206 1.859265
v -0.01882 -0.812206 1.85095
v -0.029688 -0.812206 1.843688
v -0.029688 -0.812206 1.843688
v -0.01882 -0.812206 1.85095
v -0.017098 -0.82 1.846793
v -0.026506 -0.82 1.840506
v -0.026506 -0.82 1.840506
v -0.017098 -0.82 1.846793
v -0.01882 -0.827794 1.85095
v -0.029688 -0.827794 1.843688
v -0.029688 -0.827794 1.843688
v -0.01882 -0.827794 1.85095
v -0.022264 -0.827794 1.859265
v -0.036052 -0.827794 1.850052
v -0.036052 -0.827794 1.850052
v -0.022264 -0.827794 1.859265
v -0.023986 -0.82 1.863422
v -0.039234 -0.82 1.853234
v -0.023986 -0.82 1.863422
v -0.006 -0.82 1.867
v -0.006 -0.812206 1.8625
v -0.022264 -0.812206 1.859265
v -0.022264 -0.812206 1.859265
v -0.006 -0.812206 1.8625
v -0.006 -0.812206 1.8535
v -0.01882 -0.812206 1.85095
v -0.01882 -0.812206 1.85095
v -0.006 -0.812206 1.8535
v -0.006 -0.82 1.849
v -0.017098 -0.82 1.846793
v -0.017098 -0.82 1.846793
v -0.006 -0.82 1.849
v -0.006 -0.827794 1.8535
v -0.01882 -0.827794 1.85095
v -0.01882 -0.827794 1.85095
v -0.006 -0.827794 1.8535
v -0.006 -0.827794 1.8625
v -0.022264 -0.827794 1.859265
v -0.022264 -0.827794 1.859265
v -0.006 -0.827794 1.8625
v -0.006 -0.82 1.867
v -0.023986 -0.82 1.863422
v -0.006 -0.82 1.867
v 0.011986 -0.82 1.863422
v 0.010264 -0.812206 1.859265
v -0.006 -0.812206 1.8625
v -0.006 -0.812206 1.8625
v 0.010264 -0.812206 1.859265
v 0.00682 -0.812206 1.85095
v -0.006 -0.812206 1.8535
v -0.006 -0.812206 1.8535
v 0.00682 -0.812206 1.85095
v 0.005098 -0.82 1.846793
v -0.006 -0.82 1.849
v -0.006 -0.82 1.849
v 0.005098 -0.82 1.846793
v 0.00682 -0.827794 1.85095
v -0.006 -0.827794 1.8535
v -0.006 -0.827794 1.8535
v 0.00682 -0.827794 1.85095
v 0.010264 -0.827794 1.859265
v -0.006 -0.827794 1.8625
v -0.006 -0.827794 1.8625
v 0.010264 -0.827794 1.859265
v 0.011986 -0.82 1.863422
v -0.006 -0.82 1.867
v 0.011986 -0.82 1.863422
v 0.027234 -0.82 1.853234
v 0.024052 -0.812206 1.850052
v 0.010264 -0.812206 1.859265
v 0.010264 -0.812206 1.859265
v 0.024052 -0.812206 1.850052
v 0.017688 -0.812206 1.843688
v 0.00682 -0.812206 1.85095
v 0.00682 -0.812206 1.85095
v 0.017688 -0.812206 1.843688
v 0.014506 -0.82 1.840506
v 0.005098 -0.82 1.846793
v 0.005098 -0.82 1.846793
v 0.014506 -0.82 1.840506
v 0.017688 -0.827794 1.843688
v 0.00682 -0.827794 1.85095
v 0.00682 -0.827794 1.85095
v 0.017688 -0.827794 1.843688
v 0.024052 -0.827794 1.850052
v 0.010264 -0.827794 1.859265
v 0.010264 -0.827794 1.859265
v 0.024052 -0.827794 1.850052
v 0.027234 -0.82 1.853234
v 0.011986 -0.82 1.863422
v 0.027234 -0.82 1.853234
v 0.037422 -0.82 1.837986
v 0.033265 -0.812206 1.836264
v 0.024052 -0.812206 1.850052
v 0.024052 -0.812206 1.850052
v 0.033265 -0.812206 1.836264
v 0.02495 -0.812206 1.83282
v 0.017688 -0.812206 1.843688
v 0.017688 -0.812206 1.843688
v 0.02495 -0.812206 1.83282
v 0.020793 -0.82 1.831098
v 0.014506 -0.82 1.840506
v 0.014506 -0.82 1.840506
v 0.020793 -0.82 1.831098
v 0.02495 -0.827794 1.83282
v 0.017688 -0.827794 1.843688
v 0.017688 -0.827794 1.843688
v 0.02495 -0.827794 1.83282
v 0.033265 -0.827794 1.836264
v 0.024052 -0.827794 1.850052
v 0.024052 -0.827794 1.850052
v 0.033265 -0.827794 1.836264
v 0.037422 -0.82 1.837986
v 0.027234 -0.82 1.853234
v 0.037422 -0.82 1.837986
v 0.041 -0.82 1.82
v 0.0365 -0.812206 1.82
v 0.033265 -0.812206 1.836264
v 0.033265 -0.812206 1.836264
v 0.0365 -0.812206 1.82
v 0.0275 -0.812206 1.82
v 0.02495 -0.812206 1.83282
v 0.02495 -0.812206 1.83282
v 0.0275 -0.812206 1.82
v 0.023 -0.82 1.82
v 0.020793 -0.82 1.831098
v 0.020793 -0.82 1.831098
v 0.023 -0.82 1.82
v 0.0275 -0.827794 1.82
v 0.02495 -0.827794 1.83282
v 0.02495 -0.827794 1.83282
v 0.0275 -0.827794 1.82
v 0.0365 -0.827794 1.82
v 0.033265 -0.827794 1.836264
v 0.033265 -0.827794 1.836264
v 0.0365 -0.827794 1.82
v 0.041 -0.82 1.82
v 0.037422 -0.82 1.837986
v -0.066 -0.8375 1.7875
v -0.066 -0.8025 1.7875
v -0.066 -0.8025 1.7425
v -0.066 -0.8375 1.7425
v 0.054 -0.8375 1.7425
v 0.054 -0.8025 1.7425
v 0.054 -0.8025 1.7875
v 0.054 -0.8375 1.7875
v -0.056 -0.8475 1.7425
v 0.044 -0.8475 1.7425
v 0.044 -0.8475 1.7875
v -0.056 -0.8475 1.7875
v -0.056 -0.7925 1.7875
v 0.044 -0.7925 1.7875
v 0.044 -0.7925 1.7425
v -0.056 -0.7925 1.7425
v -0.056 -0.8025 1.7325
v 0.044 -0.8025 1.7325
v 0.044 -0.8375 1.7325
v -0.056 -0.8375 1.7325
v -0.056 -0.8375 1.7975
v 0.044 -0.8375 1.7975
v 0.044 -0.8025 1.7975
v -0.056 -0.8025 1.7975
v -0.066 -0.8375 1.7425
v -0.056 -0.8475 1.7425
v -0.056 -0.8475 1.7875
v -0.066 -0.8375 1.7875
v -0.066 -0.8025 1.7875
v -0.056 -0.7925 1.7875
v -0.056 -0.7925 1.7425
v -0.066 -0.8025 1.7425
v 0.054 -0.8375 1.7875
v 0.044 -0.8475 1.7875
v 0.044 -0.8475 1.7425
v 0.054 -0.8375 1.7425
v 0.054 -0.8025 1.7425
v 0.044 -0.7925 1.7425
v 0.044 -0.7925 1.7875
v 0.054 -0.8025 1.7875
v -0.066 -0.8025 1.7425
v -0.056 -0.8025 1.7325
v -0.056 -0.8375 1.7325
v -0.066 -0.8375 1.7425
v -0.066 -0.8375 1.7875
v -0.056 -0.8375 1.7975
v -0.056 -0.8025 1.7975
v -0.066 -0.8025 1.7875
v 0.054 -0.8375 1.7425
v 0.044 -0.8375 1.7325
v 0.044 -0.8025 1.7325
v 0.054 -0.8025 1.7425
v 0.054 -0.8025 1.7875
v 0.044 -0.8025 1.7975
v 0.044 -0.8375 1.7975
v 0.054 -0.8375 1.7875
v -0.056 -0.8475 1.7425
v -0.056 -0.8375 1.7325
v 0.044 -0.8375 1.7325
v 0.044 -0.8475 1.7425
v 0.044 -0.8475 1.7875
v 0.044 -0.8375 1.7975
v -0.056 -0.8375 1.7975
v -0.056 -0.8475 1.7875
v 0.044 -0.7925 1.7425
v 0.044 -0.8025 1.7325
v -0.056 -0.8025 1.7325
v -0.056 -0.7925 1.7425
v -0.056 -0.7925 1.7875
v -0.056 -0.8025 1.7975
v 0.044 -0.8025 1.7975
v 0.044 -0.7925 1.7875
v -0.056 -0.8375 1.7325
v -0.056 -0.8475 1.7425
v -0.066 -0.8375 1.7425
v -0.066 -0.8375 1.7875
v -0.056 -0.8475 1.7875
v -0.056 -0.8375 1.7975
v -0.066 -0.8025 1.7425
v -0.056 -0.7925 1.7425
v -0.056 -0.8025 1.7325
v -0.056 -0.8025 1.7975
v -0.056 -0.7925 1.7875
v -0.066 -0.8025 1.7875
v 0.054 -0.8375 1.7425
v 0.044 -0.8475 1.7425
v 0.044 -0.8375 1.7325
v 0.044 -0.8375 1.7975
v 0.044 -0.8475 1.7875
v 0.054 -0.8375 1.7875
v 0.044 -0.8025 1.7325
v 0.044 -0.7925 1.7425
v 0.054 -0.8025 1.7425
v 0.054 -0.8025 1.7875
v 0.044 -0.7925 1.7875
v 0.044 -0.8025 1.7975
v -0.236 -0.82605 1.89505
v -0.236 -0.81395 1.89505
v -0.236 -0.81395 1.28495
v -0.236 -0.82605 1.28495
v 0.224 -0.82605 1.28495
v 0.224 -0.81395 1.28495
v 0.224 -0.81395 1.89505
v 0.224 -0.82605 1.89505
v -0.23105 -0.831 1.28495
v 0.21905 -0.831 1.28495
v 0.21905 -0.831 1.89505
v -0.23105 -0.831 1.89505
v -0.23105 -0.809 1.89505
v 0.21905 -0.809 1.89505
v 0.21905 -0.809 1.28495
v -0.23105 -0.809 1.28495
v -0.23105 -0.81395 1.28
v 0.21905 -0.81395 1.28
v 0.21905 -0.82605 1.28
v -0.23105 -0.82605 1.28
v -0.23105 -0.82605 1.9
v 0.21905 -0.82605 1.9
v 0.21905 -0.81395 1.9
v -0.23105 -0.81395 1.9
v -0.236 -0.82605 1.28495
v -0.23105 -0.831 1.28495
v -0.23105 -0.831 1.89505
v -0.236 -0.82605 1.89505
v -0.236 -0.81395 1.89505
v -0.23105 -0.809 1.89505
v -0.23105 -0.809 1.28495
v -0.236 -0.81395 1.28495
v 0.224 -0.82605 1.89505
v 0.21905 -0.831 1.89505
v 0.21905 -0.831 1.28495
v 0.224 -0.82605 1.28495
v 0.224 -0.81395 1.28495
v 0.21905 -0.809 1.28495
v 0.21905 -0.809 1.89505
v 0.224 -0.81395 1.89505
v -0.236 -0.81395 1.28495
v -0.23105 -0.81395 1.28
v -0.23105 -0.82605 1.28
v -0.236 -0.82605 1.28495
v -0.236 -0.82605 1.89505
v -0.23105 -0.82605 1.9
v -0.23105 -0.81395 1.9
v -0.236 -0.81395 1.89505
v 0.224 -0.82605 1.28495
v 0.21905 -0.82605 1.28
v 0.21905 -0.81395 1.28
v 0.224 -0.81395 1.28495
v 0.224 -0.81395 1.89505
v 0.21905 -0.81395 1.9
v 0.21905 -0.82605 1.9
v 0.224 -0.82605 1.89505
v -0.23105 -0.831 1.28495
v -0.23105 -0.82605 1.28
v 0.21905 -0.82605 1.28
v 0.21905 -0.831 1.28495
v 0.21905 -0.831 1.89505
v 0.21905 -0.82605 1.9
v -0.23105 -0.82605 1.9
v -0.23105 -0.831 1.89505
v 0.21905 -0.809 1.28495
v 0.21905 -0.81395 1.28
v -0.23105 -0.81395 1.28
v -0.23105 -0.809 1.28495
v -0.23105 -0.809 1.89505
v -0.23105 -0.81395 1.9
v 0.21905 -0.81395 1.9
v 0.21905 -0.809 1.89505
v -0.23105 -0.82605 1.28
v -0.23105 -0.831 1.28495
v -0.236 -0.82605 1.28495
v -0.236 -0.82605 1.89505
v -0.23105 -0.831 1.89505
v -0.23105 -0.82605 1.9
v -0.236 -0.81395 1.28495
v -0.23105 -0.809 1.28495
v -0.23105 -0.81395 1.28
v -0.23105 -0.81395 1.9
v -0.23105 -0.809 1.89505
v -0.236 -0.81395 1.89505
v 0.224 -0.82605 1.28495
v 0.21905 -0.831 1.28495
v 0.21905 -0.82605 1.28
v 0.21905 -0.82605 1.9
v 0.21905 -0.831 1.89505
v 0.224 -0.82605 1.89505
v 0.21905 -0.81395 1.28
v 0.21905 -0.809 1.28495
v 0.224 -0.81395 1.28495
v 0.224 -0.81395 1.89505
v 0.21905 -0.809 1.89505
v 0.21905 -0.81395 1.9
v -0.176 -0.835475 1.865475
v -0.176 -0.830525 1.865475
v -0.176 -0.830525 1.824525
v -0.176 -0.835475 1.824525
v 0.164 -0.835475 1.824525
v 0.164 -0.830525 1.824525
v 0.164 -0.830525 1.865475
v 0.164 -0.835475 1.865475
v -0.173975 -0.8375 1.824525
v 0.161975 -0.8375 1.824525
v 0.161975 -0.8375 1.865475
v -0.173975 -0.8375 1.865475
v -0.173975 -0.8285 1.865475
v 0.161975 -0.8285 1.865475
v 0.161975 -0.8285 1.824525
v -0.173975 -0.8285 1.824525
v -0.173975 -0.830525 1.8225
v 0.161975 -0.830525 1.8225
v 0.161975 -0.835475 1.8225
v -0.173975 -0.835475 1.8225
v -0.173975 -0.835475 1.8675
v 0.161975 -0.835475 1.8675
v 0.161975 -0.830525 1.8675
v -0.173975 -0.830525 1.8675
v -0.176 -0.835475 1.824525
v -0.173975 -0.8375 1.824525
v -0.173975 -0.8375 1.865475
v -0.176 -0.835475 1.865475
v -0.176 -0.830525 1.865475
v -0.173975 -0.8285 1.865475
v -0.173975 -0.8285 1.824525
v -0.176 -0.830525 1.824525
v 0.164 -0.835475 1.865475
v 0.161975 -0.8375 1.865475
v 0.161975 -0.8375 1.824525
v 0.164 -0.835475 1.824525
v 0.164 -0.830525 1.824525
v 0.161975 -0.8285 1.824525
v 0.161975 -0.8285 1.865475
v 0.164 -0.830525 1.865475
v -0.176 -0.830525 1.824525
v -0.173975 -0.830525 1.8225
v -0.173975 -0.835475 1.8225
v -0.176 -0.835475 1.824525
v -0.176 -0.835475 1.865475
v -0.173975 -0.835475 1.8675
v -0.173975 -0.830525 1.8675
v -0.176 -0.830525 1.865475
v 0.164 -0.835475 1.824525
v 0.161975 -0.835475 1.8225
v 0.161975 -0.830525 1.8225
v 0.164 -0.830525 1.824525
v 0.164 -0.830525 1.865475
v 0.161975 -0.830525 1.8675
v 0.161975 -0.835475 1.8675
v 0.164 -0.835475 1.865475
v -0.173975 -0.8375 1.824525
v -0.173975 -0.835475 1.8225
v 0.161975 -0.835475 1.8225
v 0.161975 -0.8375 1.824525
v 0.161975 -0.8375 1.865475
v 0.161975 -0.835475 1.8675
v -0.173975 -0.835475 1.8675
v -0.173975 -0.8375 1.865475
v 0.161975 -0.8285 1.824525
v 0.161975 -0.830525 1.8225
v -0.173975 -0.830525 1.8225
v -0.173975 -0.8285 1.824525
v -0.173975 -0.8285 1.865475
v -0.173975 -0.830525 1.8675
v 0.161975 -0.830525 1.8675
v 0.161975 -0.8285 1.865475
v -0.173975 -0.835475 1.8225
v -0.173975 -0.8375 1.824525
v -0.176 -0.835475 1.824525
v -0.176 -0.835475 1.865475
v -0.173975 -0.8375 1.865475
v -0.173975 -0.835475 1.8675
v -0.176 -0.830525 1.824525
v -0.173975 -0.8285 1.824525
v -0.173975 -0.830525 1.8225
v -0.173975 -0.830525 1.8675
v -0.173975 -0.8285 1.865475
v -0.176 -0.830525 1.865475
v 0.164 -0.835475 1.824525
v 0.161975 -0.8375 1.824525
v 0.161975 -0.835475 1.8225
v 0.161975 -0.835475 1.8675
v 0.161975 -0.8375 1.865475
v 0.164 -0.835475 1.865475
v 0.161975 -0.830525 1.8225
v 0.161975 -0.8285 1.824525
v 0.164 -0.830525 1.824525
v 0.164 -0.830525 1.865475
v 0.161975 -0.8285 1.865475
v 0.161975 -0.830525 1.8675
v -0.1585 -0.836475 1.787975
v -0.1585 -0.831525 1.787975
v -0.1585 -0.831525 1.432025
v -0.1585 -0.836475 1.432025
v -0.1335 -0.836475 1.432025
v -0.1335 -0.831525 1.432025
v -0.1335 -0.831525 1.787975
v -0.1335 -0.836475 1.787975
v -0.156475 -0.8385 1.432025
v -0.135525 -0.8385 1.432025
v -0.135525 -0.8385 1.787975
v -0.156475 -0.8385 1.787975
v -0.156475 -0.8295 1.787975
v -0.135525 -0.8295 1.787975
v -0.135525 -0.8295 1.432025
v -0.156475 -0.8295 1.432025
v -0.156475 -0.831525 1.43
v -0.135525 -0.831525 1.43
v -0.135525 -0.836475 1.43
v -0.156475 -0.836475 1.43
v -0.156475 -0.836475 1.79
v -0.135525 -0.836475 1.79
v -0.135525 -0.831525 1.79
v -0.156475 -0.831525 1.79
v -0.1585 -0.836475 1.432025
v -0.156475 -0.8385 1.432025
v -0.156475 -0.8385 1.787975
v -0.1585 -0.836475 1.787975
v -0.1585 -0.831525 1.787975
v -0.156475 -0.8295 1.787975
v -0.156475 -0.8295 1.432025
v -0.1585 -0.831525 1.432025
v -0.1335 -0.836475 1.787975
v -0.135525 -0.8385 1.787975
v -0.135525 -0.8385 1.432025
v -0.1335 -0.836475 1.432025
v -0.1335 -0.831525 1.432025
v -0.135525 -0.8295 1.432025
v -0.135525 -0.8295 1.787975
v -0.1335 -0.831525 1.787975
v -0.1585 -0.831525 1.432025
v -0.156475 -0.831525 1.43
v -0.156475 -0.836475 1.43
v -0.1585 -0.836475 1.432025
v -0.1585 -0.836475 1.787975
v -0.156475 -0.836475 1.79
v -0.156475 -0.831525 1.79
v -0.1585 -0.831525 1.787975
v -0.1335 -0.836475 1.432025
v -0.135525 -0.836475 1.43
v -0.135525 -0.831525 1.43
v -0.1335 -0.831525 1.432025
v -0.1335 -0.831525 1.787975
v -0.135525 -0.831525 1.79
v -0.135525 -0.836475 1.79
v -0.1335 -0.836475 1.787975
v -0.156475 -0.8385 1.432025
v -0.156475 -0.836475 1.43
v -0.135525 -0.836475 1.43
v -0.135525 -0.8385 1.432025
v -0.135525 -0.8385 1.787975
v -0.135525 -0.836475 1.79
v -0.156475 -0.836475 1.79
v -0.156475 -0.8385 1.787975
v -0.135525 -0.8295 1.432025
v -0.135525 -0.831525 1.43
v -0.156475 -0.831525 1.43
v -0.156475 -0.8295 1.432025
v -0.156475 -0.8295 1.787975
v -0.156475 -0.831525 1.79
v -0.135525 -0.831525 1.79
v -0.135525 -0.8295 1.787975
v -0.156475 -0.836475 1.43
v -0.156475 -0.8385 1.432025
v -0.1585 -0.836475 1.432025
v -0.1585 -0.836475 1.787975
v -0.156475 -0.8385 1.787975
v -0.156475 -0.836475 1.79
v -0.1585 -0.831525 1.432025
v -0.156475 -0.8295 1.432025
v -0.156475 -0.831525 1.43
v -0.156475 -0.831525 1.79
v -0.156475 -0.8295 1.787975
v -0.1585 -0.831525 1.787975
v -0.1335 -0.836475 1.432025
v -0.135525 -0.8385 1.432025
v -0.135525 -0.836475 1.43
v -0.135525 -0.836475 1.79
v -0.135525 -0.8385 1.787975
v -0.1335 -0.836475 1.787975
v -0.135525 -0.831525 1.43
v -0.135525 -0.8295 1.432025
v -0.1335 -0.831525 1.432025
v -0.1335 -0.831525 1.787975
v -0.135525 -0.8295 1.787975
v -0.135525 -0.831525 1.79
v 0.113 -0.836475 1.717975
v 0.113 -0.831525 1.717975
v 0.113 -0.831525 1.422025
v 0.113 -0.836475 1.422025
v 0.135 -0.836475 1.422025
v 0.135 -0.831525 1.422025
v 0.135 -0.831525 1.717975
v 0.135 -0.836475 1.717975
v 0.115025 -0.8385 1.422025
v 0.132975 -0.8385 1.422025
v 0.132975 -0.8385 1.717975
v 0.115025 -0.8385 1.717975
v 0.115025 -0.8295 1.717975
v 0.132975 -0.8295 1.717975
v 0.132975 -0.8295 1.422025
v 0.115025 -0.8295 1.422025
v 0.115025 -0.831525 1.42
v 0.132975 -0.831525 1.42
v 0.132975 -0.836475 1.42
v 0.115025 -0.836475 1.42
v 0.115025 -0.836475 1.72
v 0.132975 -0.836475 1.72
v 0.132975 -0.831525 1.72
v 0.115025 -0.831525 1.72
v 0.113 -0.836475 1.422025
v 0.115025 -0.8385 1.422025
v 0.115025 -0.8385 1.717975
v 0.113 -0.836475 1.717975
v 0.113 -0.831525 1.717975
v 0.115025 -0.8295 1.717975
v 0.115025 -0.8295 1.422025
v 0.113 -0.831525 1.422025
v 0.135 -0.836475 1.717975
v 0.132975 -0.8385 1.717975
v 0.132975 -0.8385 1.422025
v 0.135 -0.836475 1.422025
v 0.135 -0.831525 1.422025
v 0.132975 -0.8295 1.422025
v 0.132975 -0.8295 1.717975
v 0.135 -0.831525 1.717975
v 0.113 -0.831525 1.422025
v 0.115025 -0.831525 1.42
v 0.115025 -0.836475 1.42
v 0.113 -0.836475 1.422025
v 0.113 -0.836475 1.717975
v 0.115025 -0.836475 1.72
v 0.115025 -0.831525 1.72
v 0.113 -0.831525 1.717975
v 0.135 -0.836475 1.422025
v 0.132975 -0.836475 1.42
v 0.132975 -0.831525 1.42
v 0.135 -0.831525 1.422025
v 0.135 -0.831525 1.717975
v 0.132975 -0.831525 1.72
v 0.132975 -0.836475 1.72
v 0.135 -0.836475 1.717975
v 0.115025 -0.8385 1.422025
v 0.115025 -0.836475 1.42
v 0.132975 -0.836475 1.42
v 0.132975 -0.8385 1.422025
v 0.132975 -0.8385 1.717975
v 0.132975 -0.836475 1.72
v 0.115025 -0.836475 1.72
v 0.115025 -0.8385 1.717975
v 0.132975 -0.8295 1.422025
v 0.132975 -0.831525 1.42
v 0.115025 -0.831525 1.42
v 0.115025 -0.8295 1.422025
v 0.115025 -0.8295 1.717975
v 0.115025 -0.831525 1.72
v 0.132975 -0.831525 1.72
v 0.132975 -0.8295 1.717975
v 0.115025 -0.836475 1.42
v 0.115025 -0.8385 1.422025
v 0.113 -0.836475 1.422025
v 0.113 -0.836475 1.717975
v 0.115025 -0.8385 1.717975
v 0.115025 -0.836475 1.72
v 0.113 -0.831525 1.422025
v 0.115025 -0.8295 1.422025
v 0.115025 -0.831525 1.42
v 0.115025 -0.831525 1.72
v 0.115025 -0.8295 1.717975
v 0.113 -0.831525 1.717975
v 0.135 -0.836475 1.422025
v 0.132975 -0.8385 1.422025
v 0.132975 -0.836475 1.42
v 0.132975 -0.836475 1.72
v 0.132975 -0.8385 1.717975
v 0.135 -0.836475 1.717975
v 0.132975 -0.831525 1.42
v 0.132975 -0.8295 1.422025
v 0.135 -0.831525 1.422025
v 0.135 -0.831525 1.717975
v 0.132975 -0.8295 1.717975
v 0.132975 -0.831525 1.72
v -0.161 -0.836475 1.468975
v -0.161 -0.831525 1.468975
v -0.161 -0.831525 1.451025
v -0.161 -0.836475 1.451025
v 0.149 -0.836475 1.451025
v 0.149 -0.831525 1.451025
v 0.149 -0.831525 1.468975
v 0.149 -0.836475 1.468975
v -0.158975 -0.8385 1.451025
v 0.146975 -0.8385 1.451025
v 0.146975 -0.8385 1.468975
v -0.158975 -0.8385 1.468975
v -0.158975 -0.8295 1.468975
v 0.146975 -0.8295 1.468975
v 0.146975 -0.8295 1.451025
v -0.158975 -0.8295 1.451025
v -0.158975 -0.831525 1.449
v 0.146975 -0.831525 1.449
v 0.146975 -0.836475 1.449
v -0.158975 -0.836475 1.449
v -0.158975 -0.836475 1.471
v 0.146975 -0.836475 1.471
v 0.146975 -0.831525 1.471
v -0.158975 -0.831525 1.471
v -0.161 -0.836475 1.451025
v -0.158975 -0.8385 1.451025
v -0.158975 -0.8385 1.468975
v -0.161 -0.836475 1.468975
v -0.161 -0.831525 1.468975
v -0.158975 -0.8295 1.468975
v -0.158975 -0.8295 1.451025
v -0.161 -0.831525 1.451025
v 0.149 -0.836475 1.468975
v 0.146975 -0.8385 1.468975
v 0.146975 -0.8385 1.451025
v 0.149 -0.836475 1.451025
v 0.149 -0.831525 1.451025
v 0.146975 -0.8295 1.451025
v 0.146975 -0.8295 1.468975
v 0.149 -0.831525 1.468975
v -0.161 -0.831525 1.451025
v -0.158975 -0.831525 1.449
v -0.158975 -0.836475 1.449
v -0.161 -0.836475 1.451025
v -0.161 -0.836475 1.468975
v -0.158975 -0.836475 1.471
v -0.158975 -0.831525 1.471
v -0.161 -0.831525 1.468975
v 0.149 -0.836475 1.451025
v 0.146975 -0.836475 1.449
v 0.146975 -0.831525 1.449
v 0.149 -0.831525 1.451025
v 0.149 -0.831525 1.468975
v 0.146975 -0.831525 1.471
v 0.146975 -0.836475 1.471
v 0.149 -0.836475 1.468975
v -0.158975 -0.8385 1.451025
v -0.158975 -0.836475 1.449
v 0.146975 -0.836475 1.449
v 0.146975 -0.8385 1.451025
v 0.146975 -0.8385 1.468975
v 0.146975 -0.836475 1.471
v -0.158975 -0.836475 1.471
v -0.158975 -0.8385 1.468975
v 0.146975 -0.8295 1.451025
v 0.146975 -0.831525 1.449
v -0.158975 -0.831525 1.449
v -0.158975 -0.8295 1.451025
v -0.158975 -0.8295 1.468975
v -0.158975 -0.831525 1.471
v 0.146975 -0.831525 1.471
v 0.146975 -0.8295 1.468975
v -0.158975 -0.836475 1.449
v -0.158975 -0.8385 1.451025
v -0.161 -0.836475 1.451025
v -0.161 -0.836475 1.468975
v -0.158975 -0.8385 1.468975
v -0.158975 -0.836475 1.471
v -0.161 -0.831525 1.451025
v -0.158975 -0.8295 1.451025
v -0.158975 -0.831525 1.449
v -0.158975 -0.831525 1.471
v -0.158975 -0.8295 1.468975
v -0.161 -0.831525 1.468975
v 0.149 -0.836475 1.451025
v 0.146975 -0.8385 1.451025
v 0.146975 -0.836475 1.449
v 0.146975 -0.836475 1.471
v 0.146975 -0.8385 1.468975
v 0.149 -0.836475 1.468975
v 0.146975 -0.831525 1.449
v 0.146975 -0.8295 1.451025
v 0.149 -0.831525 1.451025
v 0.149 -0.831525 1.468975
v 0.146975 -0.8295 1.468975
v 0.146975 -0.831525 1.471
v -0.148 -0.844 1.84
v -0.149783 -0.844 1.83219
v -0.149783 -0.832 1.83219
v -0.148 -0.832 1.84
v -0.149783 -0.844 1.83219
v -0.154777 -0.844 1.825927
v -0.154777 -0.832 1.825927
v -0.149783 -0.832 1.83219
v -0.154777 -0.844 1.825927
v -0.161995 -0.844 1.822451
v -0.161995 -0.832 1.822451
v -0.154777 -0.832 1.825927
v -0.161995 -0.844 1.822451
v -0.170005 -0.844 1.822451
v -0.170005 -0.832 1.822451
v -0.161995 -0.832 1.822451
v -0.170005 -0.844 1.822451
v -0.177223 -0.844 1.825927
v -0.177223 -0.832 1.825927
v -0.170005 -0.832 1.822451
v -0.177223 -0.844 1.825927
v -0.182217 -0.844 1.83219
v -0.182217 -0.832 1.83219
v -0.177223 -0.832 1.825927
v -0.182217 -0.844 1.83219
v -0.184 -0.844 1.84
v -0.184 -0.832 1.84
v -0.182217 -0.832 1.83219
v -0.184 -0.844 1.84
v -0.182217 -0.844 1.84781
v -0.182217 -0.832 1.84781
v -0.184 -0.832 1.84
v -0.182217 -0.844 1.84781
v -0.177223 -0.844 1.854073
v -0.177223 -0.832 1.854073
v -0.182217 -0.832 1.84781
v -0.177223 -0.844 1.854073
v -0.170005 -0.844 1.857549
v -0.170005 -0.832 1.857549
v -0.177223 -0.832 1.854073
v -0.170005 -0.844 1.857549
v -0.161995 -0.844 1.857549
v -0.161995 -0.832 1.857549
v -0.170005 -0.832 1.857549
v -0.161995 -0.844 1.857549
v -0.154777 -0.844 1.854073
v -0.154777 -0.832 1.854073
v -0.161995 -0.832 1.857549
v -0.154777 -0.844 1.854073
v -0.149783 -0.844 1.84781
v -0.149783 -0.832 1.84781
v -0.154777 -0.832 1.854073
v -0.149783 -0.844 1.84781
v -0.148 -0.844 1.84
v -0.148 -0.832 1.84
v -0.149783 -0.832 1.84781
v -0.148 -0.844 1.84
v -0.149783 -0.844 1.83219
v -0.154777 -0.844 1.825927
v -0.161995 -0.844 1.822451
v -0.170005 -0.844 1.822451
v -0.177223 -0.844 1.825927
v -0.182217 -0.844 1.83219
v -0.184 -0.844 1.84
v -0.182217 -0.844 1.84781
v -0.177223 -0.844 1.854073
v -0.170005 -0.844 1.857549
v -0.161995 -0.844 1.857549
v -0.154777 -0.844 1.854073
v -0.149783 -0.844 1.84781
v -0.149783 -0.832 1.84781
v -0.154777 -0.832 1.854073
v -0.161995 -0.832 1.857549
v -0.170005 -0.832 1.857549
v -0.177223 -0.832 1.854073
v -0.182217 -0.832 1.84781
v -0.184 -0.832 1.84
v -0.182217 -0.832 1.83219
v -0.177223 -0.832 1.825927
v -0.170005 -0.832 1.822451
v -0.161995 -0.832 1.822451
v -0.154777 -0.832 1.825927
v -0.149783 -0.832 1.83219
v -0.148 -0.832 1.84
v 0.172 -0.844 1.84
v 0.170217 -0.844 1.83219
v 0.170217 -0.832 1.83219
v 0.172 -0.832 1.84
v 0.170217 -0.844 1.83219
v 0.165223 -0.844 1.825927
v 0.165223 -0.832 1.825927
v 0.170217 -0.832 1.83219
v 0.165223 -0.844 1.825927
v 0.158005 -0.844 1.822451
v 0.158005 -0.832 1.822451
v 0.165223 -0.832 1.825927
v 0.158005 -0.844 1.822451
v 0.149995 -0.844 1.822451
v 0.149995 -0.832 1.822451
v 0.158005 -0.832 1.822451
v 0.149995 -0.844 1.822451
v 0.142777 -0.844 1.825927
v 0.142777 -0.832 1.825927
v 0.149995 -0.832 1.822451
v 0.142777 -0.844 1.825927
v 0.137783 -0.844 1.83219
v 0.137783 -0.832 1.83219
v 0.142777 -0.832 1.825927
v 0.137783 -0.844 1.83219
v 0.136 -0.844 1.84
v 0.136 -0.832 1.84
v 0.137783 -0.832 1.83219
v 0.136 -0.844 1.84
v 0.137783 -0.844 1.84781
v 0.137783 -0.832 1.84781
v 0.136 -0.832 1.84
v 0.137783 -0.844 1.84781
v 0.142777 -0.844 1.854073
v 0.142777 -0.832 1.854073
v 0.137783 -0.832 1.84781
v 0.142777 -0.844 1.854073
v 0.149995 -0.844 1.857549
v 0.149995 -0.832 1.857549
v 0.142777 -0.832 1.854073
v 0.149995 -0.844 1.857549
v 0.158005 -0.844 1.857549
v 0.158005 -0.832 1.857549
v 0.149995 -0.832 1.857549
v 0.158005 -0.844 1.857549
v 0.165223 -0.844 1.854073
v 0.165223 -0.832 1.854073
v 0.158005 -0.832 1.857549
v 0.165223 -0.844 1.854073
v 0.170217 -0.844 1.84781
v 0.170217 -0.832 1.84781
v 0.165223 -0.832 1.854073
v 0.170217 -0.844 1.84781
v 0.172 -0.844 1.84
v 0.172 -0.832 1.84
v 0.170217 -0.832 1.84781
v 0.172 -0.844 1.84
v 0.170217 -0.844 1.83219
v 0.165223 -0.844 1.825927
v 0.158005 -0.844 1.822451
v 0.149995 -0.844 1.822451
v 0.142777 -0.844 1.825927
v 0.137783 -0.844 1.83219
v 0.136 -0.844 1.84
v 0.137783 -0.844 1.84781
v 0.142777 -0.844 1.854073
v 0.149995 -0.844 1.857549
v 0.158005 -0.844 1.857549
v 0.165223 -0.844 1.854073
v 0.170217 -0.844 1.84781
v 0.170217 -0.832 1.84781
v 0.165223 -0.832 1.854073
v 0.158005 -0.832 1.857549
v 0.149995 -0.832 1.857549
v 0.142777 -0.832 1.854073
v 0.137783 -0.832 1.84781
v 0.136 -0.832 1.84
v 0.137783 -0.832 1.83219
v 0.142777 -0.832 1.825927
v 0.149995 -0.832 1.822451
v 0.158005 -0.832 1.822451
v 0.165223 -0.832 1.825927
v 0.170217 -0.832 1.83219
v 0.172 -0.832 1.84
v -0.018 -0.82 1.14
v -0.016392 -0.826 1.14
v -0.016392 -0.826 1.3
v -0.018 -0.82 1.3
v -0.016392 -0.826 1.14
v -0.012 -0.830392 1.14
v -0.012 -0.830392 1.3
v -0.016392 -0.826 1.3
v -0.012 -0.830392 1.14
v -0.006 -0.832 1.14
v -0.006 -0.832 1.3
v -0.012 -0.830392 1.3
v -0.006 -0.832 1.14
v 0 -0.830392 1.14
v 0 -0.830392 1.3
v -0.006 -0.832 1.3
v 0 -0.830392 1.14
v 0.004392 -0.826 1.14
v 0.004392 -0.826 1.3
v 0 -0.830392 1.3
v 0.004392 -0.826 1.14
v 0.006 -0.82 1.14
v 0.006 -0.82 1.3
v 0.004392 -0.826 1.3
v 0.006 -0.82 1.14
v 0.004392 -0.814 1.14
v 0.004392 -0.814 1.3
v 0.006 -0.82 1.3
v 0.004392 -0.814 1.14
v 0 -0.809608 1.14
v 0 -0.809608 1.3
v 0.004392 -0.814 1.3
v 0 -0.809608 1.14
v -0.006 -0.808 1.14
v -0.006 -0.808 1.3
v 0 -0.809608 1.3
v -0.006 -0.808 1.14
v -0.012 -0.809608 1.14
v -0.012 -0.809608 1.3
v -0.006 -0.808 1.3
v -0.012 -0.809608 1.14
v -0.016392 -0.814 1.14
v -0.016392 -0.814 1.3
v -0.012 -0.809608 1.3
v -0.016392 -0.814 1.14
v -0.018 -0.82 1.14
v -0.018 -0.82 1.3
v -0.016392 -0.814 1.3
v -0.018 -0.82 1.14
v -0.016392 -0.826 1.14
v -0.012 -0.830392 1.14
v -0.006 -0.832 1.14
v 0 -0.830392 1.14
v 0.004392 -0.826 1.14
v 0.006 -0.82 1.14
v 0.004392 -0.814 1.14
v 0 -0.809608 1.14
v -0.006 -0.808 1.14
v -0.012 -0.809608 1.14
v -0.016392 -0.814 1.14
v -0.018 -0.82 1.3
v -0.016392 -0.826 1.3
v -0.012 -0.830392 1.3
v -0.006 -0.832 1.3
v 0 -0.830392 1.3
v 0.004392 -0.826 1.3
v 0.006 -0.82 1.3
v 0.004392 -0.814 1.3
v 0 -0.809608 1.3
v -0.006 -0.808 1.3
v -0.012 -0.809608 1.3
v -0.016392 -0.814 1.3
v 0.038 -0.670909 1.976
v 0.034237 -0.670909 1.959512
v 0.030633 -0.663981 1.961248
v 0.034 -0.663981 1.976
v 0.034 -0.663981 1.976
v 0.030633 -0.663981 1.961248
v 0.023425 -0.663981 1.964719
v 0.026 -0.663981 1.976
v 0.026 -0.663981 1.976
v 0.023425 -0.663981 1.964719
v 0.019821 -0.670909 1.966455
v 0.022 -0.670909 1.976
v 0.022 -0.670909 1.976
v 0.019821 -0.670909 1.966455
v 0.023425 -0.677837 1.964719
v 0.026 -0.677837 1.976
v 0.026 -0.677837 1.976
v 0.023425 -0.677837 1.964719
v 0.030633 -0.677837 1.961248
v 0.034 -0.677837 1.976
v 0.034 -0.677837 1.976
v 0.030633 -0.677837 1.961248
v 0.034237 -0.670909 1.959512
v 0.038 -0.670909 1.976
v 0.034237 -0.670909 1.959512
v 0.023693 -0.670909 1.94629
v 0.021199 -0.663981 1.949418
v 0.030633 -0.663981 1.961248
v 0.030633 -0.663981 1.961248
v 0.021199 -0.663981 1.949418
v 0.016211 -0.663981 1.955672
v 0.023425 -0.663981 1.964719
v 0.023425 -0.663981 1.964719
v 0.016211 -0.663981 1.955672
v 0.013717 -0.670909 1.9588
v 0.019821 -0.670909 1.966455
v 0.019821 -0.670909 1.966455
v 0.013717 -0.670909 1.9588
v 0.016211 -0.677837 1.955672
v 0.023425 -0.677837 1.964719
v 0.023425 -0.677837 1.964719
v 0.016211 -0.677837 1.955672
v 0.021199 -0.677837 1.949418
v 0.030633 -0.677837 1.961248
v 0.030633 -0.677837 1.961248
v 0.021199 -0.677837 1.949418
v 0.023693 -0.670909 1.94629
v 0.034237 -0.670909 1.959512
v 0.023693 -0.670909 1.94629
v 0.008456 -0.670909 1.938953
v 0.007566 -0.663981 1.942852
v 0.021199 -0.663981 1.949418
v 0.021199 -0.663981 1.949418
v 0.007566 -0.663981 1.942852
v 0.005786 -0.663981 1.950652
v 0.016211 -0.663981 1.955672
v 0.016211 -0.663981 1.955672
v 0.005786 -0.663981 1.950652
v 0.004895 -0.670909 1.954552
v 0.013717 -0.670909 1.9588
v 0.013717 -0.670909 1.9588
v 0.004895 -0.670909 1.954552
v 0.005786 -0.677837 1.950652
v 0.016211 -0.677837 1.955672
v 0.016211 -0.677837 1.955672
v 0.005786 -0.677837 1.950652
v 0.007566 -0.677837 1.942852
v 0.021199 -0.677837 1.949418
v 0.021199 -0.677837 1.949418
v 0.007566 -0.677837 1.942852
v 0.008456 -0.670909 1.938953
v 0.023693 -0.670909 1.94629
v 0.008456 -0.670909 1.938953
v -0.008456 -0.670909 1.938953
v -0.007566 -0.663981 1.942852
v 0.007566 -0.663981 1.942852
v 0.007566 -0.663981 1.942852
v -0.007566 -0.663981 1.942852
v -0.005786 -0.663981 1.950652
v 0.005786 -0.663981 1.950652
v 0.005786 -0.663981 1.950652
v -0.005786 -0.663981 1.950652
v -0.004895 -0.670909 1.954552
v 0.004895 -0.670909 1.954552
v 0.004895 -0.670909 1.954552
v -0.004895 -0.670909 1.954552
v -0.005786 -0.677837 1.950652
v 0.005786 -0.677837 1.950652
v 0.005786 -0.677837 1.950652
v -0.005786 -0.677837 1.950652
v -0.007566 -0.677837 1.942852
v 0.007566 -0.677837 1.942852
v 0.007566 -0.677837 1.942852
v -0.007566 -0.677837 1.942852
v -0.008456 -0.670909 1.938953
v 0.008456 -0.670909 1.938953
v -0.008456 -0.670909 1.938953
v -0.023693 -0.670909 1.94629
v -0.021199 -0.663981 1.949418
v -0.007566 -0.663981 1.942852
v -0.007566 -0.663981 1.942852
v -0.021199 -0.663981 1.949418
v -0.016211 -0.663981 1.955672
v -0.005786 -0.663981 1.950652
v -0.005786 -0.663981 1.950652
v -0.016211 -0.663981 1.955672
v -0.013717 -0.670909 1.9588
v -0.004895 -0.670909 1.954552
v -0.004895 -0.670909 1.954552
v -0.013717 -0.670909 1.9588
v -0.016211 -0.677837 1.955672
v -0.005786 -0.677837 1.950652
v -0.005786 -0.677837 1.950652
v -0.016211 -0.677837 1.955672
v -0.021199 -0.677837 1.949418
v -0.007566 -0.677837 1.942852
v -0.007566 -0.677837 1.942852
v -0.021199 -0.677837 1.949418
v -0.023693 -0.670909 1.94629
v -0.008456 -0.670909 1.938953
v -0.023693 -0.670909 1.94629
v -0.034237 -0.670909 1.959512
v -0.030633 -0.663981 1.961248
v -0.021199 -0.663981 1.949418
v -0.021199 -0.663981 1.949418
v -0.030633 -0.663981 1.961248
v -0.023425 -0.663981 1.964719
v -0.016211 -0.663981 1.955672
v -0.016211 -0.663981 1.955672
v -0.023425 -0.663981 1.964719
v -0.019821 -0.670909 1.966455
v -0.013717 -0.670909 1.9588
v -0.013717 -0.670909 1.9588
v -0.019821 -0.670909 1.966455
v -0.023425 -0.677837 1.964719
v -0.016211 -0.677837 1.955672
v -0.016211 -0.677837 1.955672
v -0.023425 -0.677837 1.964719
v -0.030633 -0.677837 1.961248
v -0.021199 -0.677837 1.949418
v -0.021199 -0.677837 1.949418
v -0.030633 -0.677837 1.961248
v -0.034237 -0.670909 1.959512
v -0.023693 -0.670909 1.94629
v -0.034237 -0.670909 1.959512
v -0.038 -0.670909 1.976
v -0.034 -0.663981 1.976
v -0.030633 -0.663981 1.961248
v -0.030633 -0.663981 1.961248
v -0.034 -0.663981 1.976
v -0.026 -0.663981 1.976
v -0.023425 -0.663981 1.964719
v -0.023425 -0.663981 1.964719
v -0.026 -0.663981 1.976
v -0.022 -0.670909 1.976
v -0.019821 -0.670909 1.966455
v -0.019821 -0.670909 1.966455
v -0.022 -0.670909 1.976
v -0.026 -0.677837 1.976
v -0.023425 -0.677837 1.964719
v -0.023425 -0.677837 1.964719
v -0.026 -0.677837 1.976
v -0.034 -0.677837 1.976
v -0.030633 -0.677837 1.961248
v -0.030633 -0.677837 1.961248
v -0.034 -0.677837 1.976
v -0.038 -0.670909 1.976
v -0.034237 -0.670909 1.959512
v -0.038 -0.670909 1.976
v -0.034237 -0.670909 1.992488
v -0.030633 -0.663981 1.990752
v -0.034 -0.663981 1.976
v -0.034 -0.663981 1.976
v -0.030633 -0.663981 1.990752
v -0.023425 -0.663981 1.987281
v -0.026 -0.663981 1.976
v -0.026 -0.663981 1.976
v -0.023425 -0.663981 1.987281
v -0.019821 -0.670909 1.985545
v -0.022 -0.670909 1.976
v -0.022 -0.670909 1.976
v -0.019821 -0.670909 1.985545
v -0.023425 -0.677837 1.987281
v -0.026 -0.677837 1.976
v -0.026 -0.677837 1.976
v -0.023425 -0.677837 1.987281
v -0.030633 -0.677837 1.990752
v -0.034 -0.677837 1.976
v -0.034 -0.677837 1.976
v -0.030633 -0.677837 1.990752
v -0.034237 -0.670909 1.992488
v -0.038 -0.670909 1.976
v -0.034237 -0.670909 1.992488
v -0.023693 -0.670909 2.00571
v -0.021199 -0.663981 2.002582
v -0.030633 -0.663981 1.990752
v -0.030633 -0.663981 1.990752
v -0.021199 -0.663981 2.002582
v -0.016211 -0.663981 1.996328
v -0.023425 -0.663981 1.987281
v -0.023425 -0.663981 1.987281
v -0.016211 -0.663981 1.996328
v -0.013717 -0.670909 1.9932
v -0.019821 -0.670909 1.985545
v -0.019821 -0.670909 1.985545
v -0.013717 -0.670909 1.9932
v -0.016211 -0.677837 1.996328
v -0.023425 -0.677837 1.987281
v -0.023425 -0.677837 1.987281
v -0.016211 -0.677837 1.996328
v -0.021199 -0.677837 2.002582
v -0.030633 -0.677837 1.990752
v -0.030633 -0.677837 1.990752
v -0.021199 -0.677837 2.002582
v -0.023693 -0.670909 2.00571
v -0.034237 -0.670909 1.992488
v -0.023693 -0.670909 2.00571
v -0.008456 -0.670909 2.013047
v -0.007566 -0.663981 2.009148
v -0.021199 -0.663981 2.002582
v -0.021199 -0.663981 2.002582
v -0.007566 -0.663981 2.009148
v -0.005786 -0.663981 2.001348
v -0.016211 -0.663981 1.996328
v -0.016211 -0.663981 1.996328
v -0.005786 -0.663981 2.001348
v -0.004895 -0.670909 1.997448
v -0.013717 -0.670909 1.9932
v -0.013717 -0.670909 1.9932
v -0.004895 -0.670909 1.997448
v -0.005786 -0.677837 2.001348
v -0.016211 -0.677837 1.996328
v -0.016211 -0.677837 1.996328
v -0.005786 -0.677837 2.001348
v -0.007566 -0.677837 2.009148
v -0.021199 -0.677837 2.002582
v -0.021199 -0.677837 2.002582
v -0.007566 -0.677837 2.009148
v -0.008456 -0.670909 2.013047
v -0.023693 -0.670909 2.00571
v -0.008456 -0.670909 2.013047
v 0.008456 -0.670909 2.013047
v 0.007566 -0.663981 2.009148
v -0.007566 -0.663981 2.009148
v -0.007566 -0.663981 2.009148
v 0.007566 -0.663981 2.009148
v 0.005786 -0.663981 2.001348
v -0.005786 -0.663981 2.001348
v -0.005786 -0.663981 2.001348
v 0.005786 -0.663981 2.001348
v 0.004895 -0.670909 1.997448
v -0.004895 -0.670909 1.997448
v -0.004895 -0.670909 1.997448
v 0.004895 -0.670909 1.997448
v 0.005786 -0.677837 2.001348
v -0.005786 -0.677837 2.001348
v -0.005786 -0.677837 2.001348
v 0.005786 -0.677837 2.001348
v 0.007566 -0.677837 2.009148
v -0.007566 -0.677837 2.009148
v -0.007566 -0.677837 2.009148
v 0.007566 -0.677837 2.009148
v 0.008456 -0.670909 2.013047
v -0.008456 -0.670909 2.013047
v 0.008456 -0.670909 2.013047
v 0.023693 -0.670909 2.00571
v 0.021199 -0.663981 2.002582
v 0.007566 -0.663981 2.009148
v 0.007566 -0.663981 2.009148
v 0.021199 -0.663981 2.002582
v 0.016211 -0.663981 1.996328
v 0.005786 -0.663981 2.001348
v 0.005786 -0.663981 2.001348
v 0.016211 -0.663981 1.996328
v 0.013717 -0.670909 1.9932
v 0.004895 -0.670909 1.997448
v 0.004895 -0.670909 1.997448
v 0.013717 -0.670909 1.9932
v 0.016211 -0.677837 1.996328
v 0.005786 -0.677837 2.001348
v 0.005786 -0.677837 2.001348
v 0.016211 -0.677837 1.996328
v 0.021199 -0.677837 2.002582
v 0.007566 -0.677837 2.009148
v 0.007566 -0.677837 2.009148
v 0.021199 -0.677837 2.002582
v 0.023693 -0.670909 2.00571
v 0.008456 -0.670909 2.013047
v 0.023693 -0.670909 2.00571
v 0.034237 -0.670909 1.992488
v 0.030633 -0.663981 1.990752
v 0.021199 -0.663981 2.002582
v 0.021199 -0.663981 2.002582
v 0.030633 -0.663981 1.990752
v 0.023425 -0.663981 1.987281
v 0.016211 -0.663981 1.996328
v 0.016211 -0.663981 1.996328
v 0.023425 -0.663981 1.987281
v 0.019821 -0.670909 1.985545
v 0.013717 -0.670909 1.9932
v 0.013717 -0.670909 1.9932
v 0.019821 -0.670909 1.985545
v 0.023425 -0.677837 1.987281
v 0.016211 -0.677837 1.996328
v 0.016211 -0.677837 1.996328
v 0.023425 -0.677837 1.987281
v 0.030633 -0.677837 1.990752
v 0.021199 -0.677837 2.002582
v 0.021199 -0.677837 2.002582
v 0.030633 -0.677837 1.990752
v 0.034237 -0.670909 1.992488
v 0.023693 -0.670909 2.00571
v 0.034237 -0.670909 1.992488
v 0.038 -0.670909 1.976
v 0.034 -0.663981 1.976
v 0.030633 -0.663981 1.990752
v 0.030633 -0.663981 1.990752
v 0.034 -0.663981 1.976
v 0.026 -0.663981 1.976
v 0.023425 -0.663981 1.987281
v 0.023425 -0.663981 1.987281
v 0.026 -0.663981 1.976
v 0.022 -0.670909 1.976
v 0.019821 -0.670909 1.985545
v 0.019821 -0.670909 1.985545
v 0.022 -0.670909 1.976
v 0.026 -0.677837 1.976
v 0.023425 -0.677837 1.987281
v 0.023425 -0.677837 1.987281
v 0.026 -0.677837 1.976
v 0.034 -0.677837 1.976
v 0.030633 -0.677837 1.990752
v 0.030633 -0.677837 1.990752
v 0.034 -0.677837 1.976
v 0.038 -0.670909 1.976
v 0.034237 -0.670909 1.992488
v 0 -0.708909 1.928
v 0 -0.705146 1.911512
v 0.006928 -0.701542 1.913248
v 0.006928 -0.704909 1.928
v 0.006928 -0.704909 1.928
v 0.006928 -0.701542 1.913248
v 0.006928 -0.694334 1.916719
v 0.006928 -0.696909 1.928
v 0.006928 -0.696909 1.928
v 0.006928 -0.694334 1.916719
v 0 -0.69073 1.918455
v 0 -0.692909 1.928
v 0 -0.692909 1.928
v 0 -0.69073 1.918455
v -0.006928 -0.694334 1.916719
v -0.006928 -0.696909 1.928
v -0.006928 -0.696909 1.928
v -0.006928 -0.694334 1.916719
v -0.006928 -0.701542 1.913248
v -0.006928 -0.704909 1.928
v -0.006928 -0.704909 1.928
v -0.006928 -0.701542 1.913248
v 0 -0.705146 1.911512
v 0 -0.708909 1.928
v 0 -0.705146 1.911512
v 0 -0.694602 1.89829
v 0.006928 -0.692108 1.901418
v 0.006928 -0.701542 1.913248
v 0.006928 -0.701542 1.913248
v 0.006928 -0.692108 1.901418
v 0.006928 -0.68712 1.907672
v 0.006928 -0.694334 1.916719
v 0.006928 -0.694334 1.916719
v 0.006928 -0.68712 1.907672
v 0 -0.684626 1.9108
v 0 -0.69073 1.918455
v 0 -0.69073 1.918455
v 0 -0.684626 1.9108
v -0.006928 -0.68712 1.907672
v -0.006928 -0.694334 1.916719
v -0.006928 -0.694334 1.916719
v -0.006928 -0.68712 1.907672
v -0.006928 -0.692108 1.901418
v -0.006928 -0.701542 1.913248
v -0.006928 -0.701542 1.913248
v -0.006928 -0.692108 1.901418
v 0 -0.694602 1.89829
v 0 -0.705146 1.911512
v 0 -0.694602 1.89829
v 0 -0.679365 1.890953
v 0.006928 -0.678475 1.894852
v 0.006928 -0.692108 1.901418
v 0.006928 -0.692108 1.901418
v 0.006928 -0.678475 1.894852
v 0.006928 -0.676695 1.902652
v 0.006928 -0.68712 1.907672
v 0.006928 -0.68712 1.907672
v 0.006928 -0.676695 1.902652
v 0 -0.675805 1.906552
v 0 -0.684626 1.9108
v 0 -0.684626 1.9108
v 0 -0.675805 1.906552
v -0.006928 -0.676695 1.902652
v -0.006928 -0.68712 1.907672
v -0.006928 -0.68712 1.907672
v -0.006928 -0.676695 1.902652
v -0.006928 -0.678475 1.894852
v -0.006928 -0.692108 1.901418
v -0.006928 -0.692108 1.901418
v -0.006928 -0.678475 1.894852
v 0 -0.679365 1.890953
v 0 -0.694602 1.89829
v 0 -0.679365 1.890953
v 0 -0.662453 1.890953
v 0.006928 -0.663343 1.894852
v 0.006928 -0.678475 1.894852
v 0.006928 -0.678475 1.894852
v 0.006928 -0.663343 1.894852
v 0.006928 -0.665124 1.902652
v 0.006928 -0.676695 1.902652
v 0.006928 -0.676695 1.902652
v 0.006928 -0.665124 1.902652
v 0 -0.666014 1.906552
v 0 -0.675805 1.906552
v 0 -0.675805 1.906552
v 0 -0.666014 1.906552
v -0.006928 -0.665124 1.902652
v -0.006928 -0.676695 1.902652
v -0.006928 -0.676695 1.902652
v -0.006928 -0.665124 1.902652
v -0.006928 -0.663343 1.894852
v -0.006928 -0.678475 1.894852
v -0.006928 -0.678475 1.894852
v -0.006928 -0.663343 1.894852
v 0 -0.662453 1.890953
v 0 -0.679365 1.890953
v 0 -0.662453 1.890953
v 0 -0.647216 1.89829
v 0.006928 -0.64971 1.901418
v 0.006928 -0.663343 1.894852
v 0.006928 -0.663343 1.894852
v 0.006928 -0.64971 1.901418
v 0.006928 -0.654698 1.907672
v 0.006928 -0.665124 1.902652
v 0.006928 -0.665124 1.902652
v 0.006928 -0.654698 1.907672
v 0 -0.657192 1.9108
v 0 -0.666014 1.906552
v 0 -0.666014 1.906552
v 0 -0.657192 1.9108
v -0.006928 -0.654698 1.907672
v -0.006928 -0.665124 1.902652
v -0.006928 -0.665124 1.902652
v -0.006928 -0.654698 1.907672
v -0.006928 -0.64971 1.901418
v -0.006928 -0.663343 1.894852
v -0.006928 -0.663343 1.894852
v -0.006928 -0.64971 1.901418
v 0 -0.647216 1.89829
v 0 -0.662453 1.890953
v 0 -0.647216 1.89829
v 0 -0.636672 1.911512
v 0.006928 -0.640276 1.913248
v 0.006928 -0.64971 1.901418
v 0.006928 -0.64971 1.901418
v 0.006928 -0.640276 1.913248
v 0.006928 -0.647484 1.916719
v 0.006928 -0.654698 1.907672
v 0.006928 -0.654698 1.907672
v 0.006928 -0.647484 1.916719
v 0 -0.651088 1.918455
v 0 -0.657192 1.9108
v 0 -0.657192 1.9108
v 0 -0.651088 1.918455
v -0.006928 -0.647484 1.916719
v -0.006928 -0.654698 1.907672
v -0.006928 -0.654698 1.907672
v -0.006928 -0.647484 1.916719
v -0.006928 -0.640276 1.913248
v -0.006928 -0.64971 1.901418
v -0.006928 -0.64971 1.901418
v -0.006928 -0.640276 1.913248
v 0 -0.636672 1.911512
v 0 -0.647216 1.89829
v 0 -0.636672 1.911512
v 0 -0.632909 1.928
v 0.006928 -0.636909 1.928
v 0.006928 -0.640276 1.913248
v 0.006928 -0.640276 1.913248
v 0.006928 -0.636909 1.928
v 0.006928 -0.644909 1.928
v 0.006928 -0.647484 1.916719
v 0.006928 -0.647484 1.916719
v 0.006928 -0.644909 1.928
v 0 -0.648909 1.928
v 0 -0.651088 1.918455
v 0 -0.651088 1.918455
v 0 -0.648909 1.928
v -0.006928 -0.644909 1.928
v -0.006928 -0.647484 1.916719
v -0.006928 -0.647484 1.916719
v -0.006928 -0.644909 1.928
v -0.006928 -0.636909 1.928
v -0.006928 -0.640276 1.913248
v -0.006928 -0.640276 1.913248
v -0.006928 -0.636909 1.928
v 0 -0.632909 1.928
v 0 -0.636672 1.911512
v 0 -0.632909 1.928
v 0 -0.636672 1.944488
v 0.006928 -0.640276 1.942752
v 0.006928 -0.636909 1.928
v 0.006928 -0.636909 1.928
v 0.006928 -0.640276 1.942752
v 0.006928 -0.647484 1.939281
v 0.006928 -0.644909 1.928
v 0.006928 -0.644909 1.928
v 0.006928 -0.647484 1.939281
v 0 -0.651088 1.937545
v 0 -0.648909 1.928
v 0 -0.648909 1.928
v 0 -0.651088 1.937545
v -0.006928 -0.647484 1.939281
v -0.006928 -0.644909 1.928
v -0.006928 -0.644909 1.928
v -0.006928 -0.647484 1.939281
v -0.006928 -0.640276 1.942752
v -0.006928 -0.636909 1.928
v -0.006928 -0.636909 1.928
v -0.006928 -0.640276 1.942752
v 0 -0.636672 1.944488
v 0 -0.632909 1.928
v 0 -0.636672 1.944488
v 0 -0.647216 1.95771
v 0.006928 -0.64971 1.954582
v 0.006928 -0.640276 1.942752
v 0.006928 -0.640276 1.942752
v 0.006928 -0.64971 1.954582
v 0.006928 -0.654698 1.948328
v 0.006928 -0.647484 1.939281
v 0.006928 -0.647484 1.939281
v 0.006928 -0.654698 1.948328
v 0 -0.657192 1.9452
v 0 -0.651088 1.937545
v 0 -0.651088 1.937545
v 0 -0.657192 1.9452
v -0.006928 -0.654698 1.948328
v -0.006928 -0.647484 1.939281
v -0.006928 -0.647484 1.939281
v -0.006928 -0.654698 1.948328
v -0.006928 -0.64971 1.954582
v -0.006928 -0.640276 1.942752
v -0.006928 -0.640276 1.942752
v -0.006928 -0.64971 1.954582
v 0 -0.647216 1.95771
v 0 -0.636672 1.944488
v 0 -0.647216 1.95771
v 0 -0.662453 1.965047
v 0.006928 -0.663343 1.961148
v 0.006928 -0.64971 1.954582
v 0.006928 -0.64971 1.954582
v 0.006928 -0.663343 1.961148
v 0.006928 -0.665124 1.953348
v 0.006928 -0.654698 1.948328
v 0.006928 -0.654698 1.948328
v 0.006928 -0.665124 1.953348
v 0 -0.666014 1.949448
v 0 -0.657192 1.9452
v 0 -0.657192 1.9452
v 0 -0.666014 1.949448
v -0.006928 -0.665124 1.953348
v -0.006928 -0.654698 1.948328
v -0.006928 -0.654698 1.948328
v -0.006928 -0.665124 1.953348
v -0.006928 -0.663343 1.961148
v -0.006928 -0.64971 1.954582
v -0.006928 -0.64971 1.954582
v -0.006928 -0.663343 1.961148
v 0 -0.662453 1.965047
v 0 -0.647216 1.95771
v 0 -0.662453 1.965047
v 0 -0.679365 1.965047
v 0.006928 -0.678475 1.961148
v 0.006928 -0.663343 1.961148
v 0.006928 -0.663343 1.961148
v 0.006928 -0.678475 1.961148
v 0.006928 -0.676695 1.953348
v 0.006928 -0.665124 1.953348
v 0.006928 -0.665124 1.953348
v 0.006928 -0.676695 1.953348
v 0 -0.675805 1.949448
v 0 -0.666014 1.949448
v 0 -0.666014 1.949448
v 0 -0.675805 1.949448
v -0.006928 -0.676695 1.953348
v -0.006928 -0.665124 1.953348
v -0.006928 -0.665124 1.953348
v -0.006928 -0.676695 1.953348
v -0.006928 -0.678475 1.961148
v -0.006928 -0.663343 1.961148
v -0.006928 -0.663343 1.961148
v -0.006928 -0.678475 1.961148
v 0 -0.679365 1.965047
v 0 -0.662453 1.965047
v 0 -0.679365 1.965047
v 0 -0.694602 1.95771
v 0.006928 -0.692108 1.954582
v 0.006928 -0.678475 1.961148
v 0.006928 -0.678475 1.961148
v 0.006928 -0.692108 1.954582
v 0.006928 -0.68712 1.948328
v 0.006928 -0.676695 1.953348
v 0.006928 -0.676695 1.953348
v 0.006928 -0.68712 1.948328
v 0 -0.684626 1.9452
v 0 -0.675805 1.949448
v 0 -0.675805 1.949448
v 0 -0.684626 1.9452
v -0.006928 -0.68712 1.948328
v -0.006928 -0.676695 1.953348
v -0.006928 -0.676695 1.953348
v -0.006928 -0.68712 1.948328
v -0.006928 -0.692108 1.954582
v -0.006928 -0.678475 1.961148
v -0.006928 -0.678475 1.961148
v -0.006928 -0.692108 1.954582
v 0 -0.694602 1.95771
v 0 -0.679365 1.965047
v 0 -0.694602 1.95771
v 0 -0.705146 1.944488
v 0.006928 -0.701542 1.942752
v 0.006928 -0.692108 1.954582
v 0.006928 -0.692108 1.954582
v 0.006928 -0.701542 1.942752
v 0.006928 -0.694334 1.939281
v 0.006928 -0.68712 1.948328
v 0.006928 -0.68712 1.948328
v 0.006928 -0.694334 1.939281
v 0 -0.69073 1.937545
v 0 -0.684626 1.9452
v 0 -0.684626 1.9452
v 0 -0.69073 1.937545
v -0.006928 -0.694334 1.939281
v -0.006928 -0.68712 1.948328
v -0.006928 -0.68712 1.948328
v -0.006928 -0.694334 1.939281
v -0.006928 -0.701542 1.942752
v -0.006928 -0.692108 1.954582
v -0.006928 -0.692108 1.954582
v -0.006928 -0.701542 1.942752
v 0 -0.705146 1.944488
v 0 -0.694602 1.95771
v 0 -0.705146 1.944488
v 0 -0.708909 1.928
v 0.006928 -0.704909 1.928
v 0.006928 -0.701542 1.942752
v 0.006928 -0.701542 1.942752
v 0.006928 -0.704909 1.928
v 0.006928 -0.696909 1.928
v 0.006928 -0.694334 1.939281
v 0.006928 -0.694334 1.939281
v 0.006928 -0.696909 1.928
v 0 -0.692909 1.928
v 0 -0.69073 1.937545
v 0 -0.69073 1.937545
v 0 -0.692909 1.928
v -0.006928 -0.696909 1.928
v -0.006928 -0.694334 1.939281
v -0.006928 -0.694334 1.939281
v -0.006928 -0.696909 1.928
v -0.006928 -0.704909 1.928
v -0.006928 -0.701542 1.942752
v -0.006928 -0.701542 1.942752
v -0.006928 -0.704909 1.928
v 0 -0.708909 1.928
v 0 -0.705146 1.944488
v 0.038 -0.670909 1.88
v 0.034237 -0.670909 1.863512
v 0.030633 -0.663981 1.865248
v 0.034 -0.663981 1.88
v 0.034 -0.663981 1.88
v 0.030633 -0.663981 1.865248
v 0.023425 -0.663981 1.868719
v 0.026 -0.663981 1.88
v 0.026 -0.663981 1.88
v 0.023425 -0.663981 1.868719
v 0.019821 -0.670909 1.870455
v 0.022 -0.670909 1.88
v 0.022 -0.670909 1.88
v 0.019821 -0.670909 1.870455
v 0.023425 -0.677837 1.868719
v 0.026 -0.677837 1.88
v 0.026 -0.677837 1.88
v 0.023425 -0.677837 1.868719
v 0.030633 -0.677837 1.865248
v 0.034 -0.677837 1.88
v 0.034 -0.677837 1.88
v 0.030633 -0.677837 1.865248
v 0.034237 -0.670909 1.863512
v 0.038 -0.670909 1.88
v 0.034237 -0.670909 1.863512
v 0.023693 -0.670909 1.85029
v 0.021199 -0.663981 1.853418
v 0.030633 -0.663981 1.865248
v 0.030633 -0.663981 1.865248
v 0.021199 -0.663981 1.853418
v 0.016211 -0.663981 1.859672
v 0.023425 -0.663981 1.868719
v 0.023425 -0.663981 1.868719
v 0.016211 -0.663981 1.859672
v 0.013717 -0.670909 1.8628
v 0.019821 -0.670909 1.870455
v 0.019821 -0.670909 1.870455
v 0.013717 -0.670909 1.8628
v 0.016211 -0.677837 1.859672
v 0.023425 -0.677837 1.868719
v 0.023425 -0.677837 1.868719
v 0.016211 -0.677837 1.859672
v 0.021199 -0.677837 1.853418
v 0.030633 -0.677837 1.865248
v 0.030633 -0.677837 1.865248
v 0.021199 -0.677837 1.853418
v 0.023693 -0.670909 1.85029
v 0.034237 -0.670909 1.863512
v 0.023693 -0.670909 1.85029
v 0.008456 -0.670909 1.842953
v 0.007566 -0.663981 1.846852
v 0.021199 -0.663981 1.853418
v 0.021199 -0.663981 1.853418
v 0.007566 -0.663981 1.846852
v 0.005786 -0.663981 1.854652
v 0.016211 -0.663981 1.859672
v 0.016211 -0.663981 1.859672
v 0.005786 -0.663981 1.854652
v 0.004895 -0.670909 1.858552
v 0.013717 -0.670909 1.8628
v 0.013717 -0.670909 1.8628
v 0.004895 -0.670909 1.858552
v 0.005786 -0.677837 1.854652
v 0.016211 -0.677837 1.859672
v 0.016211 -0.677837 1.859672
v 0.005786 -0.677837 1.854652
v 0.007566 -0.677837 1.846852
v 0.021199 -0.677837 1.853418
v 0.021199 -0.677837 1.853418
v 0.007566 -0.677837 1.846852
v 0.008456 -0.670909 1.842953
v 0.023693 -0.670909 1.85029
v 0.008456 -0.670909 1.842953
v -0.008456 -0.670909 1.842953
v -0.007566 -0.663981 1.846852
v 0.007566 -0.663981 1.846852
v 0.007566 -0.663981 1.846852
v -0.007566 -0.663981 1.846852
v -0.005786 -0.663981 1.854652
v 0.005786 -0.663981 1.854652
v 0.005786 -0.663981 1.854652
v -0.005786 -0.663981 1.854652
v -0.004895 -0.670909 1.858552
v 0.004895 -0.670909 1.858552
v 0.004895 -0.670909 1.858552
v -0.004895 -0.670909 1.858552
v -0.005786 -0.677837 1.854652
v 0.005786 -0.677837 1.854652
v 0.005786 -0.677837 1.854652
v -0.005786 -0.677837 1.854652
v -0.007566 -0.677837 1.846852
v 0.007566 -0.677837 1.846852
v 0.007566 -0.677837 1.846852
v -0.007566 -0.677837 1.846852
v -0.008456 -0.670909 1.842953
v 0.008456 -0.670909 1.842953
v -0.008456 -0.670909 1.842953
v -0.023693 -0.670909 1.85029
v -0.021199 -0.663981 1.853418
v -0.007566 -0.663981 1.846852
v -0.007566 -0.663981 1.846852
v -0.021199 -0.663981 1.853418
v -0.016211 -0.663981 1.859672
v -0.005786 -0.663981 1.854652
v -0.005786 -0.663981 1.854652
v -0.016211 -0.663981 1.859672
v -0.013717 -0.670909 1.8628
v -0.004895 -0.670909 1.858552
v -0.004895 -0.670909 1.858552
v -0.013717 -0.670909 1.8628
v -0.016211 -0.677837 1.859672
v -0.005786 -0.677837 1.854652
v -0.005786 -0.677837 1.854652
v -0.016211 -0.677837 1.859672
v -0.021199 -0.677837 1.853418
v -0.007566 -0.677837 1.846852
v -0.007566 -0.677837 1.846852
v -0.021199 -0.677837 1.853418
v -0.023693 -0.670909 1.85029
v -0.008456 -0.670909 1.842953
v -0.023693 -0.670909 1.85029
v -0.034237 -0.670909 1.863512
v -0.030633 -0.663981 1.865248
v -0.021199 -0.663981 1.853418
v -0.021199 -0.663981 1.853418
v -0.030633 -0.663981 1.865248
v -0.023425 -0.663981 1.868719
v -0.016211 -0.663981 1.859672
v -0.016211 -0.663981 1.859672
v -0.023425 -0.663981 1.868719
v -0.019821 -0.670909 1.870455
v -0.013717 -0.670909 1.8628
v -0.013717 -0.670909 1.8628
v -0.019821 -0.670909 1.870455
v -0.023425 -0.677837 1.868719
v -0.016211 -0.677837 1.859672
v -0.016211 -0.677837 1.859672
v -0.023425 -0.677837 1.868719
v -0.030633 -0.677837 1.865248
v -0.021199 -0.677837 1.853418
v -0.021199 -0.677837 1.853418
v -0.030633 -0.677837 1.865248
v -0.034237 -0.670909 1.863512
v -0.023693 -0.670909 1.85029
v -0.034237 -0.670909 1.863512
v -0.038 -0.670909 1.88
v -0.034 -0.663981 1.88
v -0.030633 -0.663981 1.865248
v -0.030633 -0.663981 1.865248
v -0.034 -0.663981 1.88
v -0.026 -0.663981 1.88
v -0.023425 -0.663981 1.868719
v -0.023425 -0.663981 1.868719
v -0.026 -0.663981 1.88
v -0.022 -0.670909 1.88
v -0.019821 -0.670909 1.870455
v -0.019821 -0.670909 1.870455
v -0.022 -0.670909 1.88
v -0.026 -0.677837 1.88
v -0.023425 -0.677837 1.868719
v -0.023425 -0.677837 1.868719
v -0.026 -0.677837 1.88
v -0.034 -0.677837 1.88
v -0.030633 -0.677837 1.865248
v -0.030633 -0.677837 1.865248
v -0.034 -0.677837 1.88
v -0.038 -0.670909 1.88
v -0.034237 -0.670909 1.863512
v -0.038 -0.670909 1.88
v -0.034237 -0.670909 1.896488
v -0.030633 -0.663981 1.894752
v -0.034 -0.663981 1.88
v -0.034 -0.663981 1.88
v -0.030633 -0.663981 1.894752
v -0.023425 -0.663981 1.891281
v -0.026 -0.663981 1.88
v -0.026 -0.663981 1.88
v -0.023425 -0.663981 1.891281
v -0.019821 -0.670909 1.889545
v -0.022 -0.670909 1.88
v -0.022 -0.670909 1.88
v -0.019821 -0.670909 1.889545
v -0.023425 -0.677837 1.891281
v -0.026 -0.677837 1.88
v -0.026 -0.677837 1.88
v -0.023425 -0.677837 1.891281
v -0.030633 -0.677837 1.894752
v -0.034 -0.677837 1.88
v -0.034 -0.677837 1.88
v -0.030633 -0.677837 1.894752
v -0.034237 -0.670909 1.896488
v -0.038 -0.670909 1.88
v -0.034237 -0.670909 1.896488
v -0.023693 -0.670909 1.90971
v -0.021199 -0.663981 1.906582
v -0.030633 -0.663981 1.894752
v -0.030633 -0.663981 1.894752
v -0.021199 -0.663981 1.906582
v -0.016211 -0.663981 1.900328
v -0.023425 -0.663981 1.891281
v -0.023425 -0.663981 1.891281
v -0.016211 -0.663981 1.900328
v -0.013717 -0.670909 1.8972
v -0.019821 -0.670909 1.889545
v -0.019821 -0.670909 1.889545
v -0.013717 -0.670909 1.8972
v -0.016211 -0.677837 1.900328
v -0.023425 -0.677837 1.891281
v -0.023425 -0.677837 1.891281
v -0.016211 -0.677837 1.900328
v -0.021199 -0.677837 1.906582
v -0.030633 -0.677837 1.894752
v -0.030633 -0.677837 1.894752
v -0.021199 -0.677837 1.906582
v -0.023693 -0.670909 1.90971
v -0.034237 -0.670909 1.896488
v -0.023693 -0.670909 1.90971
v -0.008456 -0.670909 1.917047
v -0.007566 -0.663981 1.913148
v -0.021199 -0.663981 1.906582
v -0.021199 -0.663981 1.906582
v -0.007566 -0.663981 1.913148
v -0.005786 -0.663981 1.905348
v -0.016211 -0.663981 1.900328
v -0.016211 -0.663981 1.900328
v -0.005786 -0.663981 1.905348
v -0.004895 -0.670909 1.901448
v -0.013717 -0.670909 1.8972
v -0.013717 -0.670909 1.8972
v -0.004895 -0.670909 1.901448
v -0.005786 -0.677837 1.905348
v -0.016211 -0.677837 1.900328
v -0.016211 -0.677837 1.900328
v -0.005786 -0.677837 1.905348
v -0.007566 -0.677837 1.913148
v -0.021199 -0.677837 1.906582
v -0.021199 -0.677837 1.906582
v -0.007566 -0.677837 1.913148
v -0.008456 -0.670909 1.917047
v -0.023693 -0.670909 1.90971
v -0.008456 -0.670909 1.917047
v 0.008456 -0.670909 1.917047
v 0.007566 -0.663981 1.913148
v -0.007566 -0.663981 1.913148
v -0.007566 -0.663981 1.913148
v 0.007566 -0.663981 1.913148
v 0.005786 -0.663981 1.905348
v -0.005786 -0.663981 1.905348
v -0.005786 -0.663981 1.905348
v 0.005786 -0.663981 1.905348
v 0.004895 -0.670909 1.901448
v -0.004895 -0.670909 1.901448
v -0.004895 -0.670909 1.901448
v 0.004895 -0.670909 1.901448
v 0.005786 -0.677837 1.905348
v -0.005786 -0.677837 1.905348
v -0.005786 -0.677837 1.905348
v 0.005786 -0.677837 1.905348
v 0.007566 -0.677837 1.913148
v -0.007566 -0.677837 1.913148
v -0.007566 -0.677837 1.913148
v 0.007566 -0.677837 1.913148
v 0.008456 -0.670909 1.917047
v -0.008456 -0.670909 1.917047
v 0.008456 -0.670909 1.917047
v 0.023693 -0.670909 1.90971
v 0.021199 -0.663981 1.906582
v 0.007566 -0.663981 1.913148
v 0.007566 -0.663981 1.913148
v 0.021199 -0.663981 1.906582
v 0.016211 -0.663981 1.900328
v 0.005786 -0.663981 1.905348
v 0.005786 -0.663981 1.905348
v 0.016211 -0.663981 1.900328
v 0.013717 -0.670909 1.8972
v 0.004895 -0.670909 1.901448
v 0.004895 -0.670909 1.901448
v 0.013717 -0.670909 1.8972
v 0.016211 -0.677837 1.900328
v 0.005786 -0.677837 1.905348
v 0.005786 -0.677837 1.905348
v 0.016211 -0.677837 1.900328
v 0.021199 -0.677837 1.906582
v 0.007566 -0.677837 1.913148
v 0.007566 -0.677837 1.913148
v 0.021199 -0.677837 1.906582
v 0.023693 -0.670909 1.90971
v 0.008456 -0.670909 1.917047
v 0.023693 -0.670909 1.90971
v 0.034237 -0.670909 1.896488
v 0.030633 -0.663981 1.894752
v 0.021199 -0.663981 1.906582
v 0.021199 -0.663981 1.906582
v 0.030633 -0.663981 1.894752
v 0.023425 -0.663981 1.891281
v 0.016211 -0.663981 1.900328
v 0.016211 -0.663981 1.900328
v 0.023425 -0.663981 1.891281
v 0.019821 -0.670909 1.889545
v 0.013717 -0.670909 1.8972
v 0.013717 -0.670909 1.8972
v 0.019821 -0.670909 1.889545
v 0.023425 -0.677837 1.891281
v 0.016211 -0.677837 1.900328
v 0.016211 -0.677837 1.900328
v 0.023425 -0.677837 1.891281
v 0.030633 -0.677837 1.894752
v 0.021199 -0.677837 1.906582
v 0.021199 -0.677837 1.906582
v 0.030633 -0.677837 1.894752
v 0.034237 -0.670909 1.896488
v 0.023693 -0.670909 1.90971
v 0.034237 -0.670909 1.896488
v 0.038 -0.670909 1.88
v 0.034 -0.663981 1.88
v 0.030633 -0.663981 1.894752
v 0.030633 -0.663981 1.894752
v 0.034 -0.663981 1.88
v 0.026 -0.663981 1.88
v 0.023425 -0.663981 1.891281
v 0.023425 -0.663981 1.891281
v 0.026 -0.663981 1.88
v 0.022 -0.670909 1.88
v 0.019821 -0.670909 1.889545
v 0.019821 -0.670909 1.889545
v 0.022 -0.670909 1.88
v 0.026 -0.677837 1.88
v 0.023425 -0.677837 1.891281
v 0.023425 -0.677837 1.891281
v 0.026 -0.677837 1.88
v 0.034 -0.677837 1.88
v 0.030633 -0.677837 1.894752
v 0.030633 -0.677837 1.894752
v 0.034 -0.677837 1.88
v 0.038 -0.670909 1.88
v 0.034237 -0.670909 1.896488
v 0.047 -0.670909 1.826
v 0.043422 -0.670909 1.808014
v 0.039265 -0.663115 1.809736
v 0.0425 -0.663115 1.826
v 0.0425 -0.663115 1.826
v 0.039265 -0.663115 1.809736
v 0.03095 -0.663115 1.81318
v 0.0335 -0.663115 1.826
v 0.0335 -0.663115 1.826
v 0.03095 -0.663115 1.81318
v 0.026793 -0.670909 1.814902
v 0.029 -0.670909 1.826
v 0.029 -0.670909 1.826
v 0.026793 -0.670909 1.814902
v 0.03095 -0.678703 1.81318
v 0.0335 -0.678703 1.826
v 0.0335 -0.678703 1.826
v 0.03095 -0.678703 1.81318
v 0.039265 -0.678703 1.809736
v 0.0425 -0.678703 1.826
v 0.0425 -0.678703 1.826
v 0.039265 -0.678703 1.809736
v 0.043422 -0.670909 1.808014
v 0.047 -0.670909 1.826
v 0.043422 -0.670909 1.808014
v 0.033234 -0.670909 1.792766
v 0.030052 -0.663115 1.795948
v 0.039265 -0.663115 1.809736
v 0.039265 -0.663115 1.809736
v 0.030052 -0.663115 1.795948
v 0.023688 -0.663115 1.802312
v 0.03095 -0.663115 1.81318
v 0.03095 -0.663115 1.81318
v 0.023688 -0.663115 1.802312
v 0.020506 -0.670909 1.805494
v 0.026793 -0.670909 1.814902
v 0.026793 -0.670909 1.814902
v 0.020506 -0.670909 1.805494
v 0.023688 -0.678703 1.802312
v 0.03095 -0.678703 1.81318
v 0.03095 -0.678703 1.81318
v 0.023688 -0.678703 1.802312
v 0.030052 -0.678703 1.795948
v 0.039265 -0.678703 1.809736
v 0.039265 -0.678703 1.809736
v 0.030052 -0.678703 1.795948
v 0.033234 -0.670909 1.792766
v 0.043422 -0.670909 1.808014
v 0.033234 -0.670909 1.792766
v 0.017986 -0.670909 1.782578
v 0.016264 -0.663115 1.786735
v 0.030052 -0.663115 1.795948
v 0.030052 -0.663115 1.795948
v 0.016264 -0.663115 1.786735
v 0.01282 -0.663115 1.79505
v 0.023688 -0.663115 1.802312
v 0.023688 -0.663115 1.802312
v 0.01282 -0.663115 1.79505
v 0.011098 -0.670909 1.799207
v 0.020506 -0.670909 1.805494
v 0.020506 -0.670909 1.805494
v 0.011098 -0.670909 1.799207
v 0.01282 -0.678703 1.79505
v 0.023688 -0.678703 1.802312
v 0.023688 -0.678703 1.802312
v 0.01282 -0.678703 1.79505
v 0.016264 -0.678703 1.786735
v 0.030052 -0.678703 1.795948
v 0.030052 -0.678703 1.795948
v 0.016264 -0.678703 1.786735
v 0.017986 -0.670909 1.782578
v 0.033234 -0.670909 1.792766
v 0.017986 -0.670909 1.782578
v 0 -0.670909 1.779
v 0 -0.663115 1.7835
v 0.016264 -0.663115 1.786735
v 0.016264 -0.663115 1.786735
v 0 -0.663115 1.7835
v 0 -0.663115 1.7925
v 0.01282 -0.663115 1.79505
v 0.01282 -0.663115 1.79505
v 0 -0.663115 1.7925
v 0 -0.670909 1.797
v 0.011098 -0.670909 1.799207
v 0.011098 -0.670909 1.799207
v 0 -0.670909 1.797
v 0 -0.678703 1.7925
v 0.01282 -0.678703 1.79505
v 0.01282 -0.678703 1.79505
v 0 -0.678703 1.7925
v 0 -0.678703 1.7835
v 0.016264 -0.678703 1.786735
v 0.016264 -0.678703 1.786735
v 0 -0.678703 1.7835
v 0 -0.670909 1.779
v 0.017986 -0.670909 1.782578
v 0 -0.670909 1.779
v -0.017986 -0.670909 1.782578
v -0.016264 -0.663115 1.786735
v 0 -0.663115 1.7835
v 0 -0.663115 1.7835
v -0.016264 -0.663115 1.786735
v -0.01282 -0.663115 1.79505
v 0 -0.663115 1.7925
v 0 -0.663115 1.7925
v -0.01282 -0.663115 1.79505
v -0.011098 -0.670909 1.799207
v 0 -0.670909 1.797
v 0 -0.670909 1.797
v -0.011098 -0.670909 1.799207
v -0.01282 -0.678703 1.79505
v 0 -0.678703 1.7925
v 0 -0.678703 1.7925
v -0.01282 -0.678703 1.79505
v -0.016264 -0.678703 1.786735
v 0 -0.678703 1.7835
v 0 -0.678703 1.7835
v -0.016264 -0.678703 1.786735
v -0.017986 -0.670909 1.782578
v 0 -0.670909 1.779
v -0.017986 -0.670909 1.782578
v -0.033234 -0.670909 1.792766
v -0.030052 -0.663115 1.795948
v -0.016264 -0.663115 1.786735
v -0.016264 -0.663115 1.786735
v -0.030052 -0.663115 1.795948
v -0.023688 -0.663115 1.802312
v -0.01282 -0.663115 1.79505
v -0.01282 -0.663115 1.79505
v -0.023688 -0.663115 1.802312
v -0.020506 -0.670909 1.805494
v -0.011098 -0.670909 1.799207
v -0.011098 -0.670909 1.799207
v -0.020506 -0.670909 1.805494
v -0.023688 -0.678703 1.802312
v -0.01282 -0.678703 1.79505
v -0.01282 -0.678703 1.79505
v -0.023688 -0.678703 1.802312
v -0.030052 -0.678703 1.795948
v -0.016264 -0.678703 1.786735
v -0.016264 -0.678703 1.786735
v -0.030052 -0.678703 1.795948
v -0.033234 -0.670909 1.792766
v -0.017986 -0.670909 1.782578
v -0.033234 -0.670909 1.792766
v -0.043422 -0.670909 1.808014
v -0.039265 -0.663115 1.809736
v -0.030052 -0.663115 1.795948
v -0.030052 -0.663115 1.795948
v -0.039265 -0.663115 1.809736
v -0.03095 -0.663115 1.81318
v -0.023688 -0.663115 1.802312
v -0.023688 -0.663115 1.802312
v -0.03095 -0.663115 1.81318
v -0.026793 -0.670909 1.814902
v -0.020506 -0.670909 1.805494
v -0.020506 -0.670909 1.805494
v -0.026793 -0.670909 1.814902
v -0.03095 -0.678703 1.81318
v -0.023688 -0.678703 1.802312
v -0.023688 -0.678703 1.802312
v -0.03095 -0.678703 1.81318
v -0.039265 -0.678703 1.809736
v -0.030052 -0.678703 1.795948
v -0.030052 -0.678703 1.795948
v -0.039265 -0.678703 1.809736
v -0.043422 -0.670909 1.808014
v -0.033234 -0.670909 1.792766
v -0.043422 -0.670909 1.808014
v -0.047 -0.670909 1.826
v -0.0425 -0.663115 1.826
v -0.039265 -0.663115 1.809736
v -0.039265 -0.663115 1.809736
v -0.0425 -0.663115 1.826
v -0.0335 -0.663115 1.826
v -0.03095 -0.663115 1.81318
v -0.03095 -0.663115 1.81318
v -0.0335 -0.663115 1.826
v -0.029 -0.670909 1.826
v -0.026793 -0.670909 1.814902
v -0.026793 -0.670909 1.814902
v -0.029 -0.670909 1.826
v -0.0335 -0.678703 1.826
v -0.03095 -0.678703 1.81318
v -0.03095 -0.678703 1.81318
v -0.0335 -0.678703 1.826
v -0.0425 -0.678703 1.826
v -0.039265 -0.678703 1.809736
v -0.039265 -0.678703 1.809736
v -0.0425 -0.678703 1.826
v -0.047 -0.670909 1.826
v -0.043422 -0.670909 1.808014
v -0.047 -0.670909 1.826
v -0.043422 -0.670909 1.843986
v -0.039265 -0.663115 1.842264
v -0.0425 -0.663115 1.826
v -0.0425 -0.663115 1.826
v -0.039265 -0.663115 1.842264
v -0.03095 -0.663115 1.83882
v -0.0335 -0.663115 1.826
v -0.0335 -0.663115 1.826
v -0.03095 -0.663115 1.83882
v -0.026793 -0.670909 1.837098
v -0.029 -0.670909 1.826
v -0.029 -0.670909 1.826
v -0.026793 -0.670909 1.837098
v -0.03095 -0.678703 1.83882
v -0.0335 -0.678703 1.826
v -0.0335 -0.678703 1.826
v -0.03095 -0.678703 1.83882
v -0.039265 -0.678703 1.842264
v -0.0425 -0.678703 1.826
v -0.0425 -0.678703 1.826
v -0.039265 -0.678703 1.842264
v -0.043422 -0.670909 1.843986
v -0.047 -0.670909 1.826
v -0.043422 -0.670909 1.843986
v -0.033234 -0.670909 1.859234
v -0.030052 -0.663115 1.856052
v -0.039265 -0.663115 1.842264
v -0.039265 -0.663115 1.842264
v -0.030052 -0.663115 1.856052
v -0.023688 -0.663115 1.849688
v -0.03095 -0.663115 1.83882
v -0.03095 -0.663115 1.83882
v -0.023688 -0.663115 1.849688
v -0.020506 -0.670909 1.846506
v -0.026793 -0.670909 1.837098
v -0.026793 -0.670909 1.837098
v -0.020506 -0.670909 1.846506
v -0.023688 -0.678703 1.849688
v -0.03095 -0.678703 1.83882
v -0.03095 -0.678703 1.83882
v -0.023688 -0.678703 1.849688
v -0.030052 -0.678703 1.856052
v -0.039265 -0.678703 1.842264
v -0.039265 -0.678703 1.842264
v -0.030052 -0.678703 1.856052
v -0.033234 -0.670909 1.859234
v -0.043422 -0.670909 1.843986
v -0.033234 -0.670909 1.859234
v -0.017986 -0.670909 1.869422
v -0.016264 -0.663115 1.865265
v -0.030052 -0.663115 1.856052
v -0.030052 -0.663115 1.856052
v -0.016264 -0.663115 1.865265
v -0.01282 -0.663115 1.85695
v -0.023688 -0.663115 1.849688
v -0.023688 -0.663115 1.849688
v -0.01282 -0.663115 1.85695
v -0.011098 -0.670909 1.852793
v -0.020506 -0.670909 1.846506
v -0.020506 -0.670909 1.846506
v -0.011098 -0.670909 1.852793
v -0.01282 -0.678703 1.85695
v -0.023688 -0.678703 1.849688
v -0.023688 -0.678703 1.849688
v -0.01282 -0.678703 1.85695
v -0.016264 -0.678703 1.865265
v -0.030052 -0.678703 1.856052
v -0.030052 -0.678703 1.856052
v -0.016264 -0.678703 1.865265
v -0.017986 -0.670909 1.869422
v -0.033234 -0.670909 1.859234
v -0.017986 -0.670909 1.869422
v 0 -0.670909 1.873
v 0 -0.663115 1.8685
v -0.016264 -0.663115 1.865265
v -0.016264 -0.663115 1.865265
v 0 -0.663115 1.8685
v 0 -0.663115 1.8595
v -0.01282 -0.663115 1.85695
v -0.01282 -0.663115 1.85695
v 0 -0.663115 1.8595
v 0 -0.670909 1.855
v -0.011098 -0.670909 1.852793
v -0.011098 -0.670909 1.852793
v 0 -0.670909 1.855
v 0 -0.678703 1.8595
v -0.01282 -0.678703 1.85695
v -0.01282 -0.678703 1.85695
v 0 -0.678703 1.8595
v 0 -0.678703 1.8685
v -0.016264 -0.678703 1.865265
v -0.016264 -0.678703 1.865265
v 0 -0.678703 1.8685
v 0 -0.670909 1.873
v -0.017986 -0.670909 1.869422
v 0 -0.670909 1.873
v 0.017986 -0.670909 1.869422
v 0.016264 -0.663115 1.865265
v 0 -0.663115 1.8685
v 0 -0.663115 1.8685
v 0.016264 -0.663115 1.865265
v 0.01282 -0.663115 1.85695
v 0 -0.663115 1.8595
v 0 -0.663115 1.8595
v 0.01282 -0.663115 1.85695
v 0.011098 -0.670909 1.852793
v 0 -0.670909 1.855
v 0 -0.670909 1.855
v 0.011098 -0.670909 1.852793
v 0.01282 -0.678703 1.85695
v 0 -0.678703 1.8595
v 0 -0.678703 1.8595
v 0.01282 -0.678703 1.85695
v 0.016264 -0.678703 1.865265
v 0 -0.678703 1.8685
v 0 -0.678703 1.8685
v 0.016264 -0.678703 1.865265
v 0.017986 -0.670909 1.869422
v 0 -0.670909 1.873
v 0.017986 -0.670909 1.869422
v 0.033234 -0.670909 1.859234
v 0.030052 -0.663115 1.856052
v 0.016264 -0.663115 1.865265
v 0.016264 -0.663115 1.865265
v 0.030052 -0.663115 1.856052
v 0.023688 -0.663115 1.849688
v 0.01282 -0.663115 1.85695
v 0.01282 -0.663115 1.85695
v 0.023688 -0.663115 1.849688
v 0.020506 -0.670909 1.846506
v 0.011098 -0.670909 1.852793
v 0.011098 -0.670909 1.852793
v 0.020506 -0.670909 1.846506
v 0.023688 -0.678703 1.849688
v 0.01282 -0.678703 1.85695
v 0.01282 -0.678703 1.85695
v 0.023688 -0.678703 1.849688
v 0.030052 -0.678703 1.856052
v 0.016264 -0.678703 1.865265
v 0.016264 -0.678703 1.865265
v 0.030052 -0.678703 1.856052
v 0.033234 -0.670909 1.859234
v 0.017986 -0.670909 1.869422
v 0.033234 -0.670909 1.859234
v 0.043422 -0.670909 1.843986
v 0.039265 -0.663115 1.842264
v 0.030052 -0.663115 1.856052
v 0.030052 -0.663115 1.856052
v 0.039265 -0.663115 1.842264
v 0.03095 -0.663115 1.83882
v 0.023688 -0.663115 1.849688
v 0.023688 -0.663115 1.849688
v 0.03095 -0.663115 1.83882
v 0.026793 -0.670909 1.837098
v 0.020506 -0.670909 1.846506
v 0.020506 -0.670909 1.846506
v 0.026793 -0.670909 1.837098
v 0.03095 -0.678703 1.83882
v 0.023688 -0.678703 1.849688
v 0.023688 -0.678703 1.849688
v 0.03095 -0.678703 1.83882
v 0.039265 -0.678703 1.842264
v 0.030052 -0.678703 1.856052
v 0.030052 -0.678703 1.856052
v 0.039265 -0.678703 1.842264
v 0.043422 -0.670909 1.843986
v 0.033234 -0.670909 1.859234
v 0.043422 -0.670909 1.843986
v 0.047 -0.670909 1.826
v 0.0425 -0.663115 1.826
v 0.039265 -0.663115 1.842264
v 0.039265 -0.663115 1.842264
v 0.0425 -0.663115 1.826
v 0.0335 -0.663115 1.826
v 0.03095 -0.663115 1.83882
v 0.03095 -0.663115 1.83882
v 0.0335 -0.663115 1.826
v 0.029 -0.670909 1.826
v 0.026793 -0.670909 1.837098
v 0.026793 -0.670909 1.837098
v 0.029 -0.670909 1.826
v 0.0335 -0.678703 1.826
v 0.03095 -0.678703 1.83882
v 0.03095 -0.678703 1.83882
v 0.0335 -0.678703 1.826
v 0.0425 -0.678703 1.826
v 0.039265 -0.678703 1.842264
v 0.039265 -0.678703 1.842264
v 0.0425 -0.678703 1.826
v 0.047 -0.670909 1.826
v 0.043422 -0.670909 1.843986
v -0.06 -0.688409 1.7935
v -0.06 -0.653409 1.7935
v -0.06 -0.653409 1.7485
v -0.06 -0.688409 1.7485
v 0.06 -0.688409 1.7485
v 0.06 -0.653409 1.7485
v 0.06 -0.653409 1.7935
v 0.06 -0.688409 1.7935
v -0.05 -0.698409 1.7485
v 0.05 -0.698409 1.7485
v 0.05 -0.698409 1.7935
v -0.05 -0.698409 1.7935
v -0.05 -0.643409 1.7935
v 0.05 -0.643409 1.7935
v 0.05 -0.643409 1.7485
v -0.05 -0.643409 1.7485
v -0.05 -0.653409 1.7385
v 0.05 -0.653409 1.7385
v 0.05 -0.688409 1.7385
v -0.05 -0.688409 1.7385
v -0.05 -0.688409 1.8035
v 0.05 -0.688409 1.8035
v 0.05 -0.653409 1.8035
v -0.05 -0.653409 1.8035
v -0.06 -0.688409 1.7485
v -0.05 -0.698409 1.7485
v -0.05 -0.698409 1.7935
v -0.06 -0.688409 1.7935
v -0.06 -0.653409 1.7935
v -0.05 -0.643409 1.7935
v -0.05 -0.643409 1.7485
v -0.06 -0.653409 1.7485
v 0.06 -0.688409 1.7935
v 0.05 -0.698409 1.7935
v 0.05 -0.698409 1.7485
v 0.06 -0.688409 1.7485
v 0.06 -0.653409 1.7485
v 0.05 -0.643409 1.7485
v 0.05 -0.643409 1.7935
v 0.06 -0.653409 1.7935
v -0.06 -0.653409 1.7485
v -0.05 -0.653409 1.7385
v -0.05 -0.688409 1.7385
v -0.06 -0.688409 1.7485
v -0.06 -0.688409 1.7935
v -0.05 -0.688409 1.8035
v -0.05 -0.653409 1.8035
v -0.06 -0.653409 1.7935
v 0.06 -0.688409 1.7485
v 0.05 -0.688409 1.7385
v 0.05 -0.653409 1.7385
v 0.06 -0.653409 1.7485
v 0.06 -0.653409 1.7935
v 0.05 -0.653409 1.8035
v 0.05 -0.688409 1.8035
v 0.06 -0.688409 1.7935
v -0.05 -0.698409 1.7485
v -0.05 -0.688409 1.7385
v 0.05 -0.688409 1.7385
v 0.05 -0.698409 1.7485
v 0.05 -0.698409 1.7935
v 0.05 -0.688409 1.8035
v -0.05 -0.688409 1.8035
v -0.05 -0.698409 1.7935
v 0.05 -0.643409 1.7485
v 0.05 -0.653409 1.7385
v -0.05 -0.653409 1.7385
v -0.05 -0.643409 1.7485
v -0.05 -0.643409 1.7935
v -0.05 -0.653409 1.8035
v 0.05 -0.653409 1.8035
v 0.05 -0.643409 1.7935
v -0.05 -0.688409 1.7385
v -0.05 -0.698409 1.7485
v -0.06 -0.688409 1.7485
v -0.06 -0.688409 1.7935
v -0.05 -0.698409 1.7935
v -0.05 -0.688409 1.8035
v -0.06 -0.653409 1.7485
v -0.05 -0.643409 1.7485
v -0.05 -0.653409 1.7385
v -0.05 -0.653409 1.8035
v -0.05 -0.643409 1.7935
v -0.06 -0.653409 1.7935
v 0.06 -0.688409 1.7485
v 0.05 -0.698409 1.7485
v 0.05 -0.688409 1.7385
v 0.05 -0.688409 1.8035
v 0.05 -0.698409 1.7935
v 0.06 -0.688409 1.7935
v 0.05 -0.653409 1.7385
v 0.05 -0.643409 1.7485
v 0.06 -0.653409 1.7485
v 0.06 -0.653409 1.7935
v 0.05 -0.643409 1.7935
v 0.05 -0.653409 1.8035
v -0.23 -0.676959 1.90105
v -0.23 -0.664859 1.90105
v -0.23 -0.664859 1.29095
v -0.23 -0.676959 1.29095
v 0.23 -0.676959 1.29095
v 0.23 -0.664859 1.29095
v 0.23 -0.664859 1.90105
v 0.23 -0.676959 1.90105
v -0.22505 -0.681909 1.29095
v 0.22505 -0.681909 1.29095
v 0.22505 -0.681909 1.90105
v -0.22505 -0.681909 1.90105
v -0.22505 -0.659909 1.90105
v 0.22505 -0.659909 1.90105
v 0.22505 -0.659909 1.29095
v -0.22505 -0.659909 1.29095
v -0.22505 -0.664859 1.286
v 0.22505 -0.664859 1.286
v 0.22505 -0.676959 1.286
v -0.22505 -0.676959 1.286
v -0.22505 -0.676959 1.906
v 0.22505 -0.676959 1.906
v 0.22505 -0.664859 1.906
v -0.22505 -0.664859 1.906
v -0.23 -0.676959 1.29095
v -0.22505 -0.681909 1.29095
v -0.22505 -0.681909 1.90105
v -0.23 -0.676959 1.90105
v -0.23 -0.664859 1.90105
v -0.22505 -0.659909 1.90105
v -0.22505 -0.659909 1.29095
v -0.23 -0.664859 1.29095
v 0.23 -0.676959 1.90105
v 0.22505 -0.681909 1.90105
v 0.22505 -0.681909 1.29095
v 0.23 -0.676959 1.29095
v 0.23 -0.664859 1.29095
v 0.22505 -0.659909 1.29095
v 0.22505 -0.659909 1.90105
v 0.23 -0.664859 1.90105
v -0.23 -0.664859 1.29095
v -0.22505 -0.664859 1.286
v -0.22505 -0.676959 1.286
v -0.23 -0.676959 1.29095
v -0.23 -0.676959 1.90105
v -0.22505 -0.676959 1.906
v -0.22505 -0.664859 1.906
v -0.23 -0.664859 1.90105
v 0.23 -0.676959 1.29095
v 0.22505 -0.676959 1.286
v 0.22505 -0.664859 1.286
v 0.23 -0.664859 1.29095
v 0.23 -0.664859 1.90105
v 0.22505 -0.664859 1.906
v 0.22505 -0.676959 1.906
v 0.23 -0.676959 1.90105
v -0.22505 -0.681909 1.29095
v -0.22505 -0.676959 1.286
v 0.22505 -0.676959 1.286
v 0.22505 -0.681909 1.29095
v 0.22505 -0.681909 1.90105
v 0.22505 -0.676959 1.906
v -0.22505 -0.676959 1.906
v -0.22505 -0.681909 1.90105
v 0.22505 -0.659909 1.29095
v 0.22505 -0.664859 1.286
v -0.22505 -0.664859 1.286
v -0.22505 -0.659909 1.29095
v -0.22505 -0.659909 1.90105
v -0.22505 -0.664859 1.906
v 0.22505 -0.664859 1.906
v 0.22505 -0.659909 1.90105
v -0.22505 -0.676959 1.286
v -0.22505 -0.681909 1.29095
v -0.23 -0.676959 1.29095
v -0.23 -0.676959 1.90105
v -0.22505 -0.681909 1.90105
v -0.22505 -0.676959 1.906
v -0.23 -0.664859 1.29095
v -0.22505 -0.659909 1.29095
v -0.22505 -0.664859 1.286
v -0.22505 -0.664859 1.906
v -0.22505 -0.659909 1.90105
v -0.23 -0.664859 1.90105
v 0.23 -0.676959 1.29095
v 0.22505 -0.681909 1.29095
v 0.22505 -0.676959 1.286
v 0.22505 -0.676959 1.906
v 0.22505 -0.681909 1.90105
v 0.23 -0.676959 1.90105
v 0.22505 -0.664859 1.286
v 0.22505 -0.659909 1.29095
v 0.23 -0.664859 1.29095
v 0.23 -0.664859 1.90105
v 0.22505 -0.659909 1.90105
v 0.22505 -0.664859 1.906
v -0.17 -0.686384 1.871475
v -0.17 -0.681434 1.871475
v -0.17 -0.681434 1.830525
v -0.17 -0.686384 1.830525
v 0.17 -0.686384 1.830525
v 0.17 -0.681434 1.830525
v 0.17 -0.681434 1.871475
v 0.17 -0.686384 1.871475
v -0.167975 -0.688409 1.830525
v 0.167975 -0.688409 1.830525
v 0.167975 -0.688409 1.871475
v -0.167975 -0.688409 1.871475
v -0.167975 -0.679409 1.871475
v 0.167975 -0.679409 1.871475
v 0.167975 -0.679409 1.830525
v -0.167975 -0.679409 1.830525
v -0.167975 -0.681434 1.8285
v 0.167975 -0.681434 1.8285
v 0.167975 -0.686384 1.8285
v -0.167975 -0.686384 1.8285
v -0.167975 -0.686384 1.8735
v 0.167975 -0.686384 1.8735
v 0.167975 -0.681434 1.8735
v -0.167975 -0.681434 1.8735
v -0.17 -0.686384 1.830525
v -0.167975 -0.688409 1.830525
v -0.167975 -0.688409 1.871475
v -0.17 -0.686384 1.871475
v -0.17 -0.681434 1.871475
v -0.167975 -0.679409 1.871475
v -0.167975 -0.679409 1.830525
v -0.17 -0.681434 1.830525
v 0.17 -0.686384 1.871475
v 0.167975 -0.688409 1.871475
v 0.167975 -0.688409 1.830525
v 0.17 -0.686384 1.830525
v 0.17 -0.681434 1.830525
v 0.167975 -0.679409 1.830525
v 0.167975 -0.679409 1.871475
v 0.17 -0.681434 1.871475
v -0.17 -0.681434 1.830525
v -0.167975 -0.681434 1.8285
v -0.167975 -0.686384 1.8285
v -0.17 -0.686384 1.830525
v -0.17 -0.686384 1.871475
v -0.167975 -0.686384 1.8735
v -0.167975 -0.681434 1.8735
v -0.17 -0.681434 1.871475
v 0.17 -0.686384 1.830525
v 0.167975 -0.686384 1.8285
v 0.167975 -0.681434 1.8285
v 0.17 -0.681434 1.830525
v 0.17 -0.681434 1.871475
v 0.167975 -0.681434 1.8735
v 0.167975 -0.686384 1.8735
v 0.17 -0.686384 1.871475
v -0.167975 -0.688409 1.830525
v -0.167975 -0.686384 1.8285
v 0.167975 -0.686384 1.8285
v 0.167975 -0.688409 1.830525
v 0.167975 -0.688409 1.871475
v 0.167975 -0.686384 1.8735
v -0.167975 -0.686384 1.8735
v -0.167975 -0.688409 1.871475
v 0.167975 -0.679409 1.830525
v 0.167975 -0.681434 1.8285
v -0.167975 -0.681434 1.8285
v -0.167975 -0.679409 1.830525
v -0.167975 -0.679409 1.871475
v -0.167975 -0.681434 1.8735
v 0.167975 -0.681434 1.8735
v 0.167975 -0.679409 1.871475
v -0.167975 -0.686384 1.8285
v -0.167975 -0.688409 1.830525
v -0.17 -0.686384 1.830525
v -0.17 -0.686384 1.871475
v -0.167975 -0.688409 1.871475
v -0.167975 -0.686384 1.8735
v -0.17 -0.681434 1.830525
v -0.167975 -0.679409 1.830525
v -0.167975 -0.681434 1.8285
v -0.167975 -0.681434 1.8735
v -0.167975 -0.679409 1.871475
v -0.17 -0.681434 1.871475
v 0.17 -0.686384 1.830525
v 0.167975 -0.688409 1.830525
v 0.167975 -0.686384 1.8285
v 0.167975 -0.686384 1.8735
v 0.167975 -0.688409 1.871475
v 0.17 -0.686384 1.871475
v 0.167975 -0.681434 1.8285
v 0.167975 -0.679409 1.830525
v 0.17 -0.681434 1.830525
v 0.17 -0.681434 1.871475
v 0.167975 -0.679409 1.871475
v 0.167975 -0.681434 1.8735
v -0.1525 -0.687384 1.793975
v -0.1525 -0.682434 1.793975
v -0.1525 -0.682434 1.438025
v -0.1525 -0.687384 1.438025
v -0.1275 -0.687384 1.438025
v -0.1275 -0.682434 1.438025
v -0.1275 -0.682434 1.793975
v -0.1275 -0.687384 1.793975
v -0.150475 -0.689409 1.438025
v -0.129525 -0.689409 1.438025
v -0.129525 -0.689409 1.793975
v -0.150475 -0.689409 1.793975
v -0.150475 -0.680409 1.793975
v -0.129525 -0.680409 1.793975
v -0.129525 -0.680409 1.438025
v -0.150475 -0.680409 1.438025
v -0.150475 -0.682434 1.436
v -0.129525 -0.682434 1.436
v -0.129525 -0.687384 1.436
v -0.150475 -0.687384 1.436
v -0.150475 -0.687384 1.796
v -0.129525 -0.687384 1.796
v -0.129525 -0.682434 1.796
v -0.150475 -0.682434 1.796
v -0.1525 -0.687384 1.438025
v -0.150475 -0.689409 1.438025
v -0.150475 -0.689409 1.793975
v -0.1525 -0.687384 1.793975
v -0.1525 -0.682434 1.793975
v -0.150475 -0.680409 1.793975
v -0.150475 -0.680409 1.438025
v -0.1525 -0.682434 1.438025
v -0.1275 -0.687384 1.793975
v -0.129525 -0.689409 1.793975
v -0.129525 -0.689409 1.438025
v -0.1275 -0.687384 1.438025
v -0.1275 -0.682434 1.438025
v -0.129525 -0.680409 1.438025
v -0.129525 -0.680409 1.793975
v -0.1275 -0.682434 1.793975
v -0.1525 -0.682434 1.438025
v -0.150475 -0.682434 1.436
v -0.150475 -0.687384 1.436
v -0.1525 -0.687384 1.438025
v -0.1525 -0.687384 1.793975
v -0.150475 -0.687384 1.796
v -0.150475 -0.682434 1.796
v -0.1525 -0.682434 1.793975
v -0.1275 -0.687384 1.438025
v -0.129525 -0.687384 1.436
v -0.129525 -0.682434 1.436
v -0.1275 -0.682434 1.438025
v -0.1275 -0.682434 1.793975
v -0.129525 -0.682434 1.796
v -0.129525 -0.687384 1.796
v -0.1275 -0.687384 1.793975
v -0.150475 -0.689409 1.438025
v -0.150475 -0.687384 1.436
v -0.129525 -0.687384 1.436
v -0.129525 -0.689409 1.438025
v -0.129525 -0.689409 1.793975
v -0.129525 -0.687384 1.796
v -0.150475 -0.687384 1.796
v -0.150475 -0.689409 1.793975
v -0.129525 -0.680409 1.438025
v -0.129525 -0.682434 1.436
v -0.150475 -0.682434 1.436
v -0.150475 -0.680409 1.438025
v -0.150475 -0.680409 1.793975
v -0.150475 -0.682434 1.796
v -0.129525 -0.682434 1.796
v -0.129525 -0.680409 1.793975
v -0.150475 -0.687384 1.436
v -0.150475 -0.689409 1.438025
v -0.1525 -0.687384 1.438025
v -0.1525 -0.687384 1.793975
v -0.150475 -0.689409 1.793975
v -0.150475 -0.687384 1.796
v -0.1525 -0.682434 1.438025
v -0.150475 -0.680409 1.438025
v -0.150475 -0.682434 1.436
v -0.150475 -0.682434 1.796
v -0.150475 -0.680409 1.793975
v -0.1525 -0.682434 1.793975
v -0.1275 -0.687384 1.438025
v -0.129525 -0.689409 1.438025
v -0.129525 -0.687384 1.436
v -0.129525 -0.687384 1.796
v -0.129525 -0.689409 1.793975
v -0.1275 -0.687384 1.793975
v -0.129525 -0.682434 1.436
v -0.129525 -0.680409 1.438025
v -0.1275 -0.682434 1.438025
v -0.1275 -0.682434 1.793975
v -0.129525 -0.680409 1.793975
v -0.129525 -0.682434 1.796
v 0.119 -0.687384 1.723975
v 0.119 -0.682434 1.723975
v 0.119 -0.682434 1.428025
v 0.119 -0.687384 1.428025
v 0.141 -0.687384 1.428025
v 0.141 -0.682434 1.428025
v 0.141 -0.682434 1.723975
v 0.141 -0.687384 1.723975
v 0.121025 -0.689409 1.428025
v 0.138975 -0.689409 1.428025
v 0.138975 -0.689409 1.723975
v 0.121025 -0.689409 1.723975
v 0.121025 -0.680409 1.723975
v 0.138975 -0.680409 1.723975
v 0.138975 -0.680409 1.428025
v 0.121025 -0.680409 1.428025
v 0.121025 -0.682434 1.426
v 0.138975 -0.682434 1.426
v 0.138975 -0.687384 1.426
v 0.121025 -0.687384 1.426
v 0.121025 -0.687384 1.726
v 0.138975 -0.687384 1.726
v 0.138975 -0.682434 1.726
v 0.121025 -0.682434 1.726
v 0.119 -0.687384 1.428025
v 0.121025 -0.689409 1.428025
v 0.121025 -0.689409 1.723975
v 0.119 -0.687384 1.723975
v 0.119 -0.682434 1.723975
v 0.121025 -0.680409 1.723975
v 0.121025 -0.680409 1.428025
v 0.119 -0.682434 1.428025
v 0.141 -0.687384 1.723975
v 0.138975 -0.689409 1.723975
v 0.138975 -0.689409 1.428025
v 0.141 -0.687384 1.428025
v 0.141 -0.682434 1.428025
v 0.138975 -0.680409 1.428025
v 0.138975 -0.680409 1.723975
v 0.141 -0.682434 1.723975
v 0.119 -0.682434 1.428025
v 0.121025 -0.682434 1.426
v 0.121025 -0.687384 1.426
v 0.119 -0.687384 1.428025
v 0.119 -0.687384 1.723975
v 0.121025 -0.687384 1.726
v 0.121025 -0.682434 1.726
v 0.119 -0.682434 1.723975
v 0.141 -0.687384 1.428025
v 0.138975 -0.687384 1.426
v 0.138975 -0.682434 1.426
v 0.141 -0.682434 1.428025
v 0.141 -0.682434 1.723975
v 0.138975 -0.682434 1.726
v 0.138975 -0.687384 1.726
v 0.141 -0.687384 1.723975
v 0.121025 -0.689409 1.428025
v 0.121025 -0.687384 1.426
v 0.138975 -0.687384 1.426
v 0.138975 -0.689409 1.428025
v 0.138975 -0.689409 1.723975
v 0.138975 -0.687384 1.726
v 0.121025 -0.687384 1.726
v 0.121025 -0.689409 1.723975
v 0.138975 -0.680409 1.428025
v 0.138975 -0.682434 1.426
v 0.121025 -0.682434 1.426
v 0.121025 -0.680409 1.428025
v 0.121025 -0.680409 1.723975
v 0.121025 -0.682434 1.726
v 0.138975 -0.682434 1.726
v 0.138975 -0.680409 1.723975
v 0.121025 -0.687384 1.426
v 0.121025 -0.689409 1.428025
v 0.119 -0.687384 1.428025
v 0.119 -0.687384 1.723975
v 0.121025 -0.689409 1.723975
v 0.121025 -0.687384 1.726
v 0.119 -0.682434 1.428025
v 0.121025 -0.680409 1.428025
v 0.121025 -0.682434 1.426
v 0.121025 -0.682434 1.726
v 0.121025 -0.680409 1.723975
v 0.119 -0.682434 1.723975
v 0.141 -0.687384 1.428025
v 0.138975 -0.689409 1.428025
v 0.138975 -0.687384 1.426
v 0.138975 -0.687384 1.726
v 0.138975 -0.689409 1.723975
v 0.141 -0.687384 1.723975
v 0.138975 -0.682434 1.426
v 0.138975 -0.680409 1.428025
v 0.141 -0.682434 1.428025
v 0.141 -0.682434 1.723975
v 0.138975 -0.680409 1.723975
v 0.138975 -0.682434 1.726
v -0.155 -0.687384 1.474975
v -0.155 -0.682434 1.474975
v -0.155 -0.682434 1.457025
v -0.155 -0.687384 1.457025
v 0.155 -0.687384 1.457025
v 0.155 -0.682434 1.457025
v 0.155 -0.682434 1.474975
v 0.155 -0.687384 1.474975
v -0.152975 -0.689409 1.457025
v 0.152975 -0.689409 1.457025
v 0.152975 -0.689409 1.474975
v -0.152975 -0.689409 1.474975
v -0.152975 -0.680409 1.474975
v 0.152975 -0.680409 1.474975
v 0.152975 -0.680409 1.457025
v -0.152975 -0.680409 1.457025
v -0.152975 -0.682434 1.455
v 0.152975 -0.682434 1.455
v 0.152975 -0.687384 1.455
v -0.152975 -0.687384 1.455
v -0.152975 -0.687384 1.477
v 0.152975 -0.687384 1.477
v 0.152975 -0.682434 1.477
v -0.152975 -0.682434 1.477
v -0.155 -0.687384 1.457025
v -0.152975 -0.689409 1.457025
v -0.152975 -0.689409 1.474975
v -0.155 -0.687384 1.474975
v -0.155 -0.682434 1.474975
v -0.152975 -0.680409 1.474975
v -0.152975 -0.680409 1.457025
v -0.155 -0.682434 1.457025
v 0.155 -0.687384 1.474975
v 0.152975 -0.689409 1.474975
v 0.152975 -0.689409 1.457025
v 0.155 -0.687384 1.457025
v 0.155 -0.682434 1.457025
v 0.152975 -0.680409 1.457025
v 0.152975 -0.680409 1.474975
v 0.155 -0.682434 1.474975
v -0.155 -0.682434 1.457025
v -0.152975 -0.682434 1.455
v -0.152975 -0.687384 1.455
v -0.155 -0.687384 1.457025
v -0.155 -0.687384 1.474975
v -0.152975 -0.687384 1.477
v -0.152975 -0.682434 1.477
v -0.155 -0.682434 1.474975
v 0.155 -0.687384 1.457025
v 0.152975 -0.687384 1.455
v 0.152975 -0.682434 1.455
v 0.155 -0.682434 1.457025
v 0.155 -0.682434 1.474975
v 0.152975 -0.682434 1.477
v 0.152975 -0.687384 1.477
v 0.155 -0.687384 1.474975
v -0.152975 -0.689409 1.457025
v -0.152975 -0.687384 1.455
v 0.152975 -0.687384 1.455
v 0.152975 -0.689409 1.457025
v 0.152975 -0.689409 1.474975
v 0.152975 -0.687384 1.477
v -0.152975 -0.687384 1.477
v -0.152975 -0.689409 1.474975
v 0.152975 -0.680409 1.457025
v 0.152975 -0.682434 1.455
v -0.152975 -0.682434 1.455
v -0.152975 -0.680409 1.457025
v -0.152975 -0.680409 1.474975
v -0.152975 -0.682434 1.477
v 0.152975 -0.682434 1.477
v 0.152975 -0.680409 1.474975
v -0.152975 -0.687384 1.455
v -0.152975 -0.689409 1.457025
v -0.155 -0.687384 1.457025
v -0.155 -0.687384 1.474975
v -0.152975 -0.689409 1.474975
v -0.152975 -0.687384 1.477
v -0.155 -0.682434 1.457025
v -0.152975 -0.680409 1.457025
v -0.152975 -0.682434 1.455
v -0.152975 -0.682434 1.477
v -0.152975 -0.680409 1.474975
v -0.155 -0.682434 1.474975
v 0.155 -0.687384 1.457025
v 0.152975 -0.689409 1.457025
v 0.152975 -0.687384 1.455
v 0.152975 -0.687384 1.477
v 0.152975 -0.689409 1.474975
v 0.155 -0.687384 1.474975
v 0.152975 -0.682434 1.455
v 0.152975 -0.680409 1.457025
v 0.155 -0.682434 1.457025
v 0.155 -0.682434 1.474975
v 0.152975 -0.680409 1.474975
v 0.152975 -0.682434 1.477
v -0.142 -0.694909 1.846
v -0.143783 -0.694909 1.83819
v -0.143783 -0.682909 1.83819
v -0.142 -0.682909 1.846
v -0.143783 -0.694909 1.83819
v -0.148777 -0.694909 1.831927
v -0.148777 -0.682909 1.831927
v -0.143783 -0.682909 1.83819
v -0.148777 -0.694909 1.831927
v -0.155995 -0.694909 1.828451
v -0.155995 -0.682909 1.828451
v -0.148777 -0.682909 1.831927
v -0.155995 -0.694909 1.828451
v -0.164005 -0.694909 1.828451
v -0.164005 -0.682909 1.828451
v -0.155995 -0.682909 1.828451
v -0.164005 -0.694909 1.828451
v -0.171223 -0.694909 1.831927
v -0.171223 -0.682909 1.831927
v -0.164005 -0.682909 1.828451
v -0.171223 -0.694909 1.831927
v -0.176217 -0.694909 1.83819
v -0.176217 -0.682909 1.83819
v -0.171223 -0.682909 1.831927
v -0.176217 -0.694909 1.83819
v -0.178 -0.694909 1.846
v -0.178 -0.682909 1.846
v -0.176217 -0.682909 1.83819
v -0.178 -0.694909 1.846
v -0.176217 -0.694909 1.85381
v -0.176217 -0.682909 1.85381
v -0.178 -0.682909 1.846
v -0.176217 -0.694909 1.85381
v -0.171223 -0.694909 1.860073
v -0.171223 -0.682909 1.860073
v -0.176217 -0.682909 1.85381
v -0.171223 -0.694909 1.860073
v -0.164005 -0.694909 1.863549
v -0.164005 -0.682909 1.863549
v -0.171223 -0.682909 1.860073
v -0.164005 -0.694909 1.863549
v -0.155995 -0.694909 1.863549
v -0.155995 -0.682909 1.863549
v -0.164005 -0.682909 1.863549
v -0.155995 -0.694909 1.863549
v -0.148777 -0.694909 1.860073
v -0.148777 -0.682909 1.860073
v -0.155995 -0.682909 1.863549
v -0.148777 -0.694909 1.860073
v -0.143783 -0.694909 1.85381
v -0.143783 -0.682909 1.85381
v -0.148777 -0.682909 1.860073
v -0.143783 -0.694909 1.85381
v -0.142 -0.694909 1.846
v -0.142 -0.682909 1.846
v -0.143783 -0.682909 1.85381
v -0.142 -0.694909 1.846
v -0.143783 -0.694909 1.83819
v -0.148777 -0.694909 1.831927
v -0.155995 -0.694909 1.828451
v -0.164005 -0.694909 1.828451
v -0.171223 -0.694909 1.831927
v -0.176217 -0.694909 1.83819
v -0.178 -0.694909 1.846
v -0.176217 -0.694909 1.85381
v -0.171223 -0.694909 1.860073
v -0.164005 -0.694909 1.863549
v -0.155995 -0.694909 1.863549
v -0.148777 -0.694909 1.860073
v -0.143783 -0.694909 1.85381
v -0.142 -0.682909 1.846
v -0.143783 -0.682909 1.83819
v -0.148777 -0.682909 1.831927
v -0.155995 -0.682909 1.828451
v -0.164005 -0.682909 1.828451
v -0.171223 -0.682909 1.831927
v -0.176217 -0.682909 1.83819
v -0.178 -0.682909 1.846
v -0.176217 -0.682909 1.85381
v -0.171223 -0.682909 1.860073
v -0.164005 -0.682909 1.863549
v -0.155995 -0.682909 1.863549
v -0.148777 -0.682909 1.860073
v -0.143783 -0.682909 1.85381
v 0.178 -0.694909 1.846
v 0.176217 -0.694909 1.83819
v 0.176217 -0.682909 1.83819
v 0.178 -0.682909 1.846
v 0.176217 -0.694909 1.83819
v 0.171223 -0.694909 1.831927
v 0.171223 -0.682909 1.831927
v 0.176217 -0.682909 1.83819
v 0.171223 -0.694909 1.831927
v 0.164005 -0.694909 1.828451
v 0.164005 -0.682909 1.828451
v 0.171223 -0.682909 1.831927
v 0.164005 -0.694909 1.828451
v 0.155995 -0.694909 1.828451
v 0.155995 -0.682909 1.828451
v 0.164005 -0.682909 1.828451
v 0.155995 -0.694909 1.828451
v 0.148777 -0.694909 1.831927
v 0.148777 -0.682909 1.831927
v 0.155995 -0.682909 1.828451
v 0.148777 -0.694909 1.831927
v 0.143783 -0.694909 1.83819
v 0.143783 -0.682909 1.83819
v 0.148777 -0.682909 1.831927
v 0.143783 -0.694909 1.83819
v 0.142 -0.694909 1.846
v 0.142 -0.682909 1.846
v 0.143783 -0.682909 1.83819
v 0.142 -0.694909 1.846
v 0.143783 -0.694909 1.85381
v 0.143783 -0.682909 1.85381
v 0.142 -0.682909 1.846
v 0.143783 -0.694909 1.85381
v 0.148777 -0.694909 1.860073
v 0.148777 -0.682909 1.860073
v 0.143783 -0.682909 1.85381
v 0.148777 -0.694909 1.860073
v 0.155995 -0.694909 1.863549
v 0.155995 -0.682909 1.863549
v 0.148777 -0.682909 1.860073
v 0.155995 -0.694909 1.863549
v 0.164005 -0.694909 1.863549
v 0.164005 -0.682909 1.863549
v 0.155995 -0.682909 1.863549
v 0.164005 -0.694909 1.863549
v 0.171223 -0.694909 1.860073
v 0.171223 -0.682909 1.860073
v 0.164005 -0.682909 1.863549
v 0.171223 -0.694909 1.860073
v 0.176217 -0.694909 1.85381
v 0.176217 -0.682909 1.85381
v 0.171223 -0.682909 1.860073
v 0.176217 -0.694909 1.85381
v 0.178 -0.694909 1.846
v 0.178 -0.682909 1.846
v 0.176217 -0.682909 1.85381
v 0.178 -0.694909 1.846
v 0.176217 -0.694909 1.83819
v 0.171223 -0.694909 1.831927
v 0.164005 -0.694909 1.828451
v 0.155995 -0.694909 1.828451
v 0.148777 -0.694909 1.831927
v 0.143783 -0.694909 1.83819
v 0.142 -0.694909 1.846
v 0.143783 -0.694909 1.85381
v 0.148777 -0.694909 1.860073
v 0.155995 -0.694909 1.863549
v 0.164005 -0.694909 1.863549
v 0.171223 -0.694909 1.860073
v 0.176217 -0.694909 1.85381
v 0.178 -0.682909 1.846
v 0.176217 -0.682909 1.83819
v 0.171223 -0.682909 1.831927
v 0.164005 -0.682909 1.828451
v 0.155995 -0.682909 1.828451
v 0.148777 -0.682909 1.831927
v 0.143783 -0.682909 1.83819
v 0.142 -0.682909 1.846
v 0.143783 -0.682909 1.85381
v 0.148777 -0.682909 1.860073
v 0.155995 -0.682909 1.863549
v 0.164005 -0.682909 1.863549
v 0.171223 -0.682909 1.860073
v 0.176217 -0.682909 1.85381
v -0.012 -0.670909 1.146
v -0.010392 -0.676909 1.146
v -0.010392 -0.676909 1.306
v -0.012 -0.670909 1.306
v -0.010392 -0.676909 1.146
v -0.006 -0.681301 1.146
v -0.006 -0.681301 1.306
v -0.010392 -0.676909 1.306
v -0.006 -0.681301 1.146
v 0 -0.682909 1.146
v 0 -0.682909 1.306
v -0.006 -0.681301 1.306
v 0 -0.682909 1.146
v 0.006 -0.681301 1.146
v 0.006 -0.681301 1.306
v 0 -0.682909 1.306
v 0.006 -0.681301 1.146
v 0.010392 -0.676909 1.146
v 0.010392 -0.676909 1.306
v 0.006 -0.681301 1.306
v 0.010392 -0.676909 1.146
v 0.012 -0.670909 1.146
v 0.012 -0.670909 1.306
v 0.010392 -0.676909 1.306
v 0.012 -0.670909 1.146
v 0.010392 -0.664909 1.146
v 0.010392 -0.664909 1.306
v 0.012 -0.670909 1.306
v 0.010392 -0.664909 1.146
v 0.006 -0.660517 1.146
v 0.006 -0.660517 1.306
v 0.010392 -0.664909 1.306
v 0.006 -0.660517 1.146
v 0 -0.658909 1.146
v 0 -0.658909 1.306
v 0.006 -0.660517 1.306
v 0 -0.658909 1.146
v -0.006 -0.660517 1.146
v -0.006 -0.660517 1.306
v 0 -0.658909 1.306
v -0.006 -0.660517 1.146
v -0.010392 -0.664909 1.146
v -0.010392 -0.664909 1.306
v -0.006 -0.660517 1.306
v -0.010392 -0.664909 1.146
v -0.012 -0.670909 1.146
v -0.012 -0.670909 1.306
v -0.010392 -0.664909 1.306
v -0.012 -0.670909 1.146
v -0.010392 -0.676909 1.146
v -0.006 -0.681301 1.146
v 0 -0.682909 1.146
v 0.006 -0.681301 1.146
v 0.010392 -0.676909 1.146
v 0.012 -0.670909 1.146
v 0.010392 -0.664909 1.146
v 0.006 -0.660517 1.146
v 0 -0.658909 1.146
v -0.006 -0.660517 1.146
v -0.010392 -0.664909 1.146
v -0.012 -0.670909 1.306
v -0.010392 -0.676909 1.306
v -0.006 -0.681301 1.306
v 0 -0.682909 1.306
v 0.006 -0.681301 1.306
v 0.010392 -0.676909 1.306
v 0.012 -0.670909 1.306
v 0.010392 -0.664909 1.306
v 0.006 -0.660517 1.306
v 0 -0.658909 1.306
v -0.006 -0.660517 1.306
v -0.010392 -0.664909 1.306
v 0.044 -0.521818 1.97
v 0.040237 -0.521818 1.953512
v 0.036633 -0.51489 1.955248
v 0.04 -0.51489 1.97
v 0.04 -0.51489 1.97
v 0.036633 -0.51489 1.955248
v 0.029425 -0.51489 1.958719
v 0.032 -0.51489 1.97
v 0.032 -0.51489 1.97
v 0.029425 -0.51489 1.958719
v 0.025821 -0.521818 1.960455
v 0.028 -0.521818 1.97
v 0.028 -0.521818 1.97
v 0.025821 -0.521818 1.960455
v 0.029425 -0.528746 1.958719
v 0.032 -0.528746 1.97
v 0.032 -0.528746 1.97
v 0.029425 -0.528746 1.958719
v 0.036633 -0.528746 1.955248
v 0.04 -0.528746 1.97
v 0.04 -0.528746 1.97
v 0.036633 -0.528746 1.955248
v 0.040237 -0.521818 1.953512
v 0.044 -0.521818 1.97
v 0.040237 -0.521818 1.953512
v 0.029693 -0.521818 1.94029
v 0.027199 -0.51489 1.943418
v 0.036633 -0.51489 1.955248
v 0.036633 -0.51489 1.955248
v 0.027199 -0.51489 1.943418
v 0.022211 -0.51489 1.949672
v 0.029425 -0.51489 1.958719
v 0.029425 -0.51489 1.958719
v 0.022211 -0.51489 1.949672
v 0.019717 -0.521818 1.9528
v 0.025821 -0.521818 1.960455
v 0.025821 -0.521818 1.960455
v 0.019717 -0.521818 1.9528
v 0.022211 -0.528746 1.949672
v 0.029425 -0.528746 1.958719
v 0.029425 -0.528746 1.958719
v 0.022211 -0.528746 1.949672
v 0.027199 -0.528746 1.943418
v 0.036633 -0.528746 1.955248
v 0.036633 -0.528746 1.955248
v 0.027199 -0.528746 1.943418
v 0.029693 -0.521818 1.94029
v 0.040237 -0.521818 1.953512
v 0.029693 -0.521818 1.94029
v 0.014456 -0.521818 1.932953
v 0.013566 -0.51489 1.936852
v 0.027199 -0.51489 1.943418
v 0.027199 -0.51489 1.943418
v 0.013566 -0.51489 1.936852
v 0.011786 -0.51489 1.944652
v 0.022211 -0.51489 1.949672
v 0.022211 -0.51489 1.949672
v 0.011786 -0.51489 1.944652
v 0.010895 -0.521818 1.948552
v 0.019717 -0.521818 1.9528
v 0.019717 -0.521818 1.9528
v 0.010895 -0.521818 1.948552
v 0.011786 -0.528746 1.944652
v 0.022211 -0.528746 1.949672
v 0.022211 -0.528746 1.949672
v 0.011786 -0.528746 1.944652
v 0.013566 -0.528746 1.936852
v 0.027199 -0.528746 1.943418
v 0.027199 -0.528746 1.943418
v 0.013566 -0.528746 1.936852
v 0.014456 -0.521818 1.932953
v 0.029693 -0.521818 1.94029
v 0.014456 -0.521818 1.932953
v -0.002456 -0.521818 1.932953
v -0.001566 -0.51489 1.936852
v 0.013566 -0.51489 1.936852
v 0.013566 -0.51489 1.936852
v -0.001566 -0.51489 1.936852
v 0.000214 -0.51489 1.944652
v 0.011786 -0.51489 1.944652
v 0.011786 -0.51489 1.944652
v 0.000214 -0.51489 1.944652
v 0.001105 -0.521818 1.948552
v 0.010895 -0.521818 1.948552
v 0.010895 -0.521818 1.948552
v 0.001105 -0.521818 1.948552
v 0.000214 -0.528746 1.944652
v 0.011786 -0.528746 1.944652
v 0.011786 -0.528746 1.944652
v 0.000214 -0.528746 1.944652
v -0.001566 -0.528746 1.936852
v 0.013566 -0.528746 1.936852
v 0.013566 -0.528746 1.936852
v -0.001566 -0.528746 1.936852
v -0.002456 -0.521818 1.932953
v 0.014456 -0.521818 1.932953
v -0.002456 -0.521818 1.932953
v -0.017693 -0.521818 1.94029
v -0.015199 -0.51489 1.943418
v -0.001566 -0.51489 1.936852
v -0.001566 -0.51489 1.936852
v -0.015199 -0.51489 1.943418
v -0.010211 -0.51489 1.949672
v 0.000214 -0.51489 1.944652
v 0.000214 -0.51489 1.944652
v -0.010211 -0.51489 1.949672
v -0.007717 -0.521818 1.9528
v 0.001105 -0.521818 1.948552
v 0.001105 -0.521818 1.948552
v -0.007717 -0.521818 1.9528
v -0.010211 -0.528746 1.949672
v 0.000214 -0.528746 1.944652
v 0.000214 -0.528746 1.944652
v -0.010211 -0.528746 1.949672
v -0.015199 -0.528746 1.943418
v -0.001566 -0.528746 1.936852
v -0.001566 -0.528746 1.936852
v -0.015199 -0.528746 1.943418
v -0.017693 -0.521818 1.94029
v -0.002456 -0.521818 1.932953
v -0.017693 -0.521818 1.94029
v -0.028237 -0.521818 1.953512
v -0.024633 -0.51489 1.955248
v -0.015199 -0.51489 1.943418
v -0.015199 -0.51489 1.943418
v -0.024633 -0.51489 1.955248
v -0.017425 -0.51489 1.958719
v -0.010211 -0.51489 1.949672
v -0.010211 -0.51489 1.949672
v -0.017425 -0.51489 1.958719
v -0.013821 -0.521818 1.960455
v -0.007717 -0.521818 1.9528
v -0.007717 -0.521818 1.9528
v -0.013821 -0.521818 1.960455
v -0.017425 -0.528746 1.958719
v -0.010211 -0.528746 1.949672
v -0.010211 -0.528746 1.949672
v -0.017425 -0.528746 1.958719
v -0.024633 -0.528746 1.955248
v -0.015199 -0.528746 1.943418
v -0.015199 -0.528746 1.943418
v -0.024633 -0.528746 1.955248
v -0.028237 -0.521818 1.953512
v -0.017693 -0.521818 1.94029
v -0.028237 -0.521818 1.953512
v -0.032 -0.521818 1.97
v -0.028 -0.51489 1.97
v -0.024633 -0.51489 1.955248
v -0.024633 -0.51489 1.955248
v -0.028 -0.51489 1.97
v -0.02 -0.51489 1.97
v -0.017425 -0.51489 1.958719
v -0.017425 -0.51489 1.958719
v -0.02 -0.51489 1.97
v -0.016 -0.521818 1.97
v -0.013821 -0.521818 1.960455
v -0.013821 -0.521818 1.960455
v -0.016 -0.521818 1.97
v -0.02 -0.528746 1.97
v -0.017425 -0.528746 1.958719
v -0.017425 -0.528746 1.958719
v -0.02 -0.528746 1.97
v -0.028 -0.528746 1.97
v -0.024633 -0.528746 1.955248
v -0.024633 -0.528746 1.955248
v -0.028 -0.528746 1.97
v -0.032 -0.521818 1.97
v -0.028237 -0.521818 1.953512
v -0.032 -0.521818 1.97
v -0.028237 -0.521818 1.986488
v -0.024633 -0.51489 1.984752
v -0.028 -0.51489 1.97
v -0.028 -0.51489 1.97
v -0.024633 -0.51489 1.984752
v -0.017425 -0.51489 1.981281
v -0.02 -0.51489 1.97
v -0.02 -0.51489 1.97
v -0.017425 -0.51489 1.981281
v -0.013821 -0.521818 1.979545
v -0.016 -0.521818 1.97
v -0.016 -0.521818 1.97
v -0.013821 -0.521818 1.979545
v -0.017425 -0.528746 1.981281
v -0.02 -0.528746 1.97
v -0.02 -0.528746 1.97
v -0.017425 -0.528746 1.981281
v -0.024633 -0.528746 1.984752
v -0.028 -0.528746 1.97
v -0.028 -0.528746 1.97
v -0.024633 -0.528746 1.984752
v -0.028237 -0.521818 1.986488
v -0.032 -0.521818 1.97
v -0.028237 -0.521818 1.986488
v -0.017693 -0.521818 1.99971
v -0.015199 -0.51489 1.996582
v -0.024633 -0.51489 1.984752
v -0.024633 -0.51489 1.984752
v -0.015199 -0.51489 1.996582
v -0.010211 -0.51489 1.990328
v -0.017425 -0.51489 1.981281
v -0.017425 -0.51489 1.981281
v -0.010211 -0.51489 1.990328
v -0.007717 -0.521818 1.9872
v -0.013821 -0.521818 1.979545
v -0.013821 -0.521818 1.979545
v -0.007717 -0.521818 1.9872
v -0.010211 -0.528746 1.990328
v -0.017425 -0.528746 1.981281
v -0.017425 -0.528746 1.981281
v -0.010211 -0.528746 1.990328
v -0.015199 -0.528746 1.996582
v -0.024633 -0.528746 1.984752
v -0.024633 -0.528746 1.984752
v -0.015199 -0.528746 1.996582
v -0.017693 -0.521818 1.99971
v -0.028237 -0.521818 1.986488
v -0.017693 -0.521818 1.99971
v -0.002456 -0.521818 2.007047
v -0.001566 -0.51489 2.003148
v -0.015199 -0.51489 1.996582
v -0.015199 -0.51489 1.996582
v -0.001566 -0.51489 2.003148
v 0.000214 -0.51489 1.995348
v -0.010211 -0.51489 1.990328
v -0.010211 -0.51489 1.990328
v 0.000214 -0.51489 1.995348
v 0.001105 -0.521818 1.991448
v -0.007717 -0.521818 1.9872
v -0.007717 -0.521818 1.9872
v 0.001105 -0.521818 1.991448
v 0.000214 -0.528746 1.995348
v -0.010211 -0.528746 1.990328
v -0.010211 -0.528746 1.990328
v 0.000214 -0.528746 1.995348
v -0.001566 -0.528746 2.003148
v -0.015199 -0.528746 1.996582
v -0.015199 -0.528746 1.996582
v -0.001566 -0.528746 2.003148
v -0.002456 -0.521818 2.007047
v -0.017693 -0.521818 1.99971
v -0.002456 -0.521818 2.007047
v 0.014456 -0.521818 2.007047
v 0.013566 -0.51489 2.003148
v -0.001566 -0.51489 2.003148
v -0.001566 -0.51489 2.003148
v 0.013566 -0.51489 2.003148
v 0.011786 -0.51489 1.995348
v 0.000214 -0.51489 1.995348
v 0.000214 -0.51489 1.995348
v 0.011786 -0.51489 1.995348
v 0.010895 -0.521818 1.991448
v 0.001105 -0.521818 1.991448
v 0.001105 -0.521818 1.991448
v 0.010895 -0.521818 1.991448
v 0.011786 -0.528746 1.995348
v 0.000214 -0.528746 1.995348
v 0.000214 -0.528746 1.995348
v 0.011786 -0.528746 1.995348
v 0.013566 -0.528746 2.003148
v -0.001566 -0.528746 2.003148
v -0.001566 -0.528746 2.003148
v 0.013566 -0.528746 2.003148
v 0.014456 -0.521818 2.007047
v -0.002456 -0.521818 2.007047
v 0.014456 -0.521818 2.007047
v 0.029693 -0.521818 1.99971
v 0.027199 -0.51489 1.996582
v 0.013566 -0.51489 2.003148
v 0.013566 -0.51489 2.003148
v 0.027199 -0.51489 1.996582
v 0.022211 -0.51489 1.990328
v 0.011786 -0.51489 1.995348
v 0.011786 -0.51489 1.995348
v 0.022211 -0.51489 1.990328
v 0.019717 -0.521818 1.9872
v 0.010895 -0.521818 1.991448
v 0.010895 -0.521818 1.991448
v 0.019717 -0.521818 1.9872
v 0.022211 -0.528746 1.990328
v 0.011786 -0.528746 1.995348
v 0.011786 -0.528746 1.995348
v 0.022211 -0.528746 1.990328
v 0.027199 -0.528746 1.996582
v 0.013566 -0.528746 2.003148
v 0.013566 -0.528746 2.003148
v 0.027199 -0.528746 1.996582
v 0.029693 -0.521818 1.99971
v 0.014456 -0.521818 2.007047
v 0.029693 -0.521818 1.99971
v 0.040237 -0.521818 1.986488
v 0.036633 -0.51489 1.984752
v 0.027199 -0.51489 1.996582
v 0.027199 -0.51489 1.996582
v 0.036633 -0.51489 1.984752
v 0.029425 -0.51489 1.981281
v 0.022211 -0.51489 1.990328
v 0.022211 -0.51489 1.990328
v 0.029425 -0.51489 1.981281
v 0.025821 -0.521818 1.979545
v 0.019717 -0.521818 1.9872
v 0.019717 -0.521818 1.9872
v 0.025821 -0.521818 1.979545
v 0.029425 -0.528746 1.981281
v 0.022211 -0.528746 1.990328
v 0.022211 -0.528746 1.990328
v 0.029425 -0.528746 1.981281
v 0.036633 -0.528746 1.984752
v 0.027199 -0.528746 1.996582
v 0.027199 -0.528746 1.996582
v 0.036633 -0.528746 1.984752
v 0.040237 -0.521818 1.986488
v 0.029693 -0.521818 1.99971
v 0.040237 -0.521818 1.986488
v 0.044 -0.521818 1.97
v 0.04 -0.51489 1.97
v 0.036633 -0.51489 1.984752
v 0.036633 -0.51489 1.984752
v 0.04 -0.51489 1.97
v 0.032 -0.51489 1.97
v 0.029425 -0.51489 1.981281
v 0.029425 -0.51489 1.981281
v 0.032 -0.51489 1.97
v 0.028 -0.521818 1.97
v 0.025821 -0.521818 1.979545
v 0.025821 -0.521818 1.979545
v 0.028 -0.521818 1.97
v 0.032 -0.528746 1.97
v 0.029425 -0.528746 1.981281
v 0.029425 -0.528746 1.981281
v 0.032 -0.528746 1.97
v 0.04 -0.528746 1.97
v 0.036633 -0.528746 1.984752
v 0.036633 -0.528746 1.984752
v 0.04 -0.528746 1.97
v 0.044 -0.521818 1.97
v 0.040237 -0.521818 1.986488
v 0.006 -0.559818 1.922
v 0.006 -0.556055 1.905512
v 0.012928 -0.552451 1.907248
v 0.012928 -0.555818 1.922
v 0.012928 -0.555818 1.922
v 0.012928 -0.552451 1.907248
v 0.012928 -0.545243 1.910719
v 0.012928 -0.547818 1.922
v 0.012928 -0.547818 1.922
v 0.012928 -0.545243 1.910719
v 0.006 -0.541639 1.912455
v 0.006 -0.543818 1.922
v 0.006 -0.543818 1.922
v 0.006 -0.541639 1.912455
v -0.000928 -0.545243 1.910719
v -0.000928 -0.547818 1.922
v -0.000928 -0.547818 1.922
v -0.000928 -0.545243 1.910719
v -0.000928 -0.552451 1.907248
v -0.000928 -0.555818 1.922
v -0.000928 -0.555818 1.922
v -0.000928 -0.552451 1.907248
v 0.006 -0.556055 1.905512
v 0.006 -0.559818 1.922
v 0.006 -0.556055 1.905512
v 0.006 -0.545511 1.89229
v 0.012928 -0.543017 1.895418
v 0.012928 -0.552451 1.907248
v 0.012928 -0.552451 1.907248
v 0.012928 -0.543017 1.895418
v 0.012928 -0.538029 1.901672
v 0.012928 -0.545243 1.910719
v 0.012928 -0.545243 1.910719
v 0.012928 -0.538029 1.901672
v 0.006 -0.535535 1.9048
v 0.006 -0.541639 1.912455
v 0.006 -0.541639 1.912455
v 0.006 -0.535535 1.9048
v -0.000928 -0.538029 1.901672
v -0.000928 -0.545243 1.910719
v -0.000928 -0.545243 1.910719
v -0.000928 -0.538029 1.901672
v -0.000928 -0.543017 1.895418
v -0.000928 -0.552451 1.907248
v -0.000928 -0.552451 1.907248
v -0.000928 -0.543017 1.895418
v 0.006 -0.545511 1.89229
v 0.006 -0.556055 1.905512
v 0.006 -0.545511 1.89229
v 0.006 -0.530274 1.884953
v 0.012928 -0.529384 1.888852
v 0.012928 -0.543017 1.895418
v 0.012928 -0.543017 1.895418
v 0.012928 -0.529384 1.888852
v 0.012928 -0.527604 1.896652
v 0.012928 -0.538029 1.901672
v 0.012928 -0.538029 1.901672
v 0.012928 -0.527604 1.896652
v 0.006 -0.526714 1.900552
v 0.006 -0.535535 1.9048
v 0.006 -0.535535 1.9048
v 0.006 -0.526714 1.900552
v -0.000928 -0.527604 1.896652
v -0.000928 -0.538029 1.901672
v -0.000928 -0.538029 1.901672
v -0.000928 -0.527604 1.896652
v -0.000928 -0.529384 1.888852
v -0.000928 -0.543017 1.895418
v -0.000928 -0.543017 1.895418
v -0.000928 -0.529384 1.888852
v 0.006 -0.530274 1.884953
v 0.006 -0.545511 1.89229
v 0.006 -0.530274 1.884953
v 0.006 -0.513362 1.884953
v 0.012928 -0.514252 1.888852
v 0.012928 -0.529384 1.888852
v 0.012928 -0.529384 1.888852
v 0.012928 -0.514252 1.888852
v 0.012928 -0.516033 1.896652
v 0.012928 -0.527604 1.896652
v 0.012928 -0.527604 1.896652
v 0.012928 -0.516033 1.896652
v 0.006 -0.516923 1.900552
v 0.006 -0.526714 1.900552
v 0.006 -0.526714 1.900552
v 0.006 -0.516923 1.900552
v -0.000928 -0.516033 1.896652
v -0.000928 -0.527604 1.896652
v -0.000928 -0.527604 1.896652
v -0.000928 -0.516033 1.896652
v -0.000928 -0.514252 1.888852
v -0.000928 -0.529384 1.888852
v -0.000928 -0.529384 1.888852
v -0.000928 -0.514252 1.888852
v 0.006 -0.513362 1.884953
v 0.006 -0.530274 1.884953
v 0.006 -0.513362 1.884953
v 0.006 -0.498126 1.89229
v 0.012928 -0.50062 1.895418
v 0.012928 -0.514252 1.888852
v 0.012928 -0.514252 1.888852
v 0.012928 -0.50062 1.895418
v 0.012928 -0.505607 1.901672
v 0.012928 -0.516033 1.896652
v 0.012928 -0.516033 1.896652
v 0.012928 -0.505607 1.901672
v 0.006 -0.508101 1.9048
v 0.006 -0.516923 1.900552
v 0.006 -0.516923 1.900552
v 0.006 -0.508101 1.9048
v -0.000928 -0.505607 1.901672
v -0.000928 -0.516033 1.896652
v -0.000928 -0.516033 1.896652
v -0.000928 -0.505607 1.901672
v -0.000928 -0.50062 1.895418
v -0.000928 -0.514252 1.888852
v -0.000928 -0.514252 1.888852
v -0.000928 -0.50062 1.895418
v 0.006 -0.498126 1.89229
v 0.006 -0.513362 1.884953
v 0.006 -0.498126 1.89229
v 0.006 -0.487581 1.905512
v 0.012928 -0.491185 1.907248
v 0.012928 -0.50062 1.895418
v 0.012928 -0.50062 1.895418
v 0.012928 -0.491185 1.907248
v 0.012928 -0.498393 1.910719
v 0.012928 -0.505607 1.901672
v 0.012928 -0.505607 1.901672
v 0.012928 -0.498393 1.910719
v 0.006 -0.501997 1.912455
v 0.006 -0.508101 1.9048
v 0.006 -0.508101 1.9048
v 0.006 -0.501997 1.912455
v -0.000928 -0.498393 1.910719
v -0.000928 -0.505607 1.901672
v -0.000928 -0.505607 1.901672
v -0.000928 -0.498393 1.910719
v -0.000928 -0.491185 1.907248
v -0.000928 -0.50062 1.895418
v -0.000928 -0.50062 1.895418
v -0.000928 -0.491185 1.907248
v 0.006 -0.487581 1.905512
v 0.006 -0.498126 1.89229
v 0.006 -0.487581 1.905512
v 0.006 -0.483818 1.922
v 0.012928 -0.487818 1.922
v 0.012928 -0.491185 1.907248
v 0.012928 -0.491185 1.907248
v 0.012928 -0.487818 1.922
v 0.012928 -0.495818 1.922
v 0.012928 -0.498393 1.910719
v 0.012928 -0.498393 1.910719
v 0.012928 -0.495818 1.922
v 0.006 -0.499818 1.922
v 0.006 -0.501997 1.912455
v 0.006 -0.501997 1.912455
v 0.006 -0.499818 1.922
v -0.000928 -0.495818 1.922
v -0.000928 -0.498393 1.910719
v -0.000928 -0.498393 1.910719
v -0.000928 -0.495818 1.922
v -0.000928 -0.487818 1.922
v -0.000928 -0.491185 1.907248
v -0.000928 -0.491185 1.907248
v -0.000928 -0.487818 1.922
v 0.006 -0.483818 1.922
v 0.006 -0.487581 1.905512
v 0.006 -0.483818 1.922
v 0.006 -0.487581 1.938488
v 0.012928 -0.491185 1.936752
v 0.012928 -0.487818 1.922
v 0.012928 -0.487818 1.922
v 0.012928 -0.491185 1.936752
v 0.012928 -0.498393 1.933281
v 0.012928 -0.495818 1.922
v 0.012928 -0.495818 1.922
v 0.012928 -0.498393 1.933281
v 0.006 -0.501997 1.931545
v 0.006 -0.499818 1.922
v 0.006 -0.499818 1.922
v 0.006 -0.501997 1.931545
v -0.000928 -0.498393 1.933281
v -0.000928 -0.495818 1.922
v -0.000928 -0.495818 1.922
v -0.000928 -0.498393 1.933281
v -0.000928 -0.491185 1.936752
v -0.000928 -0.487818 1.922
v -0.000928 -0.487818 1.922
v -0.000928 -0.491185 1.936752
v 0.006 -0.487581 1.938488
v 0.006 -0.483818 1.922
v 0.006 -0.487581 1.938488
v 0.006 -0.498126 1.95171
v 0.012928 -0.50062 1.948582
v 0.012928 -0.491185 1.936752
v 0.012928 -0.491185 1.936752
v 0.012928 -0.50062 1.948582
v 0.012928 -0.505607 1.942328
v 0.012928 -0.498393 1.933281
v 0.012928 -0.498393 1.933281
v 0.012928 -0.505607 1.942328
v 0.006 -0.508101 1.9392
v 0.006 -0.501997 1.931545
v 0.006 -0.501997 1.931545
v 0.006 -0.508101 1.9392
v -0.000928 -0.505607 1.942328
v -0.000928 -0.498393 1.933281
v -0.000928 -0.498393 1.933281
v -0.000928 -0.505607 1.942328
v -0.000928 -0.50062 1.948582
v -0.000928 -0.491185 1.936752
v -0.000928 -0.491185 1.936752
v -0.000928 -0.50062 1.948582
v 0.006 -0.498126 1.95171
v 0.006 -0.487581 1.938488
v 0.006 -0.498126 1.95171
v 0.006 -0.513362 1.959047
v 0.012928 -0.514252 1.955148
v 0.012928 -0.50062 1.948582
v 0.012928 -0.50062 1.948582
v 0.012928 -0.514252 1.955148
v 0.012928 -0.516033 1.947348
v 0.012928 -0.505607 1.942328
v 0.012928 -0.505607 1.942328
v 0.012928 -0.516033 1.947348
v 0.006 -0.516923 1.943448
v 0.006 -0.508101 1.9392
v 0.006 -0.508101 1.9392
v 0.006 -0.516923 1.943448
v -0.000928 -0.516033 1.947348
v -0.000928 -0.505607 1.942328
v -0.000928 -0.505607 1.942328
v -0.000928 -0.516033 1.947348
v -0.000928 -0.514252 1.955148
v -0.000928 -0.50062 1.948582
v -0.000928 -0.50062 1.948582
v -0.000928 -0.514252 1.955148
v 0.006 -0.513362 1.959047
v 0.006 -0.498126 1.95171
v 0.006 -0.513362 1.959047
v 0.006 -0.530274 1.959047
v 0.012928 -0.529384 1.955148
v 0.012928 -0.514252 1.955148
v 0.012928 -0.514252 1.955148
v 0.012928 -0.529384 1.955148
v 0.012928 -0.527604 1.947348
v 0.012928 -0.516033 1.947348
v 0.012928 -0.516033 1.947348
v 0.012928 -0.527604 1.947348
v 0.006 -0.526714 1.943448
v 0.006 -0.516923 1.943448
v 0.006 -0.516923 1.943448
v 0.006 -0.526714 1.943448
v -0.000928 -0.527604 1.947348
v -0.000928 -0.516033 1.947348
v -0.000928 -0.516033 1.947348
v -0.000928 -0.527604 1.947348
v -0.000928 -0.529384 1.955148
v -0.000928 -0.514252 1.955148
v -0.000928 -0.514252 1.955148
v -0.000928 -0.529384 1.955148
v 0.006 -0.530274 1.959047
v 0.006 -0.513362 1.959047
v 0.006 -0.530274 1.959047
v 0.006 -0.545511 1.95171
v 0.012928 -0.543017 1.948582
v 0.012928 -0.529384 1.955148
v 0.012928 -0.529384 1.955148
v 0.012928 -0.543017 1.948582
v 0.012928 -0.538029 1.942328
v 0.012928 -0.527604 1.947348
v 0.012928 -0.527604 1.947348
v 0.012928 -0.538029 1.942328
v 0.006 -0.535535 1.9392
v 0.006 -0.526714 1.943448
v 0.006 -0.526714 1.943448
v 0.006 -0.535535 1.9392
v -0.000928 -0.538029 1.942328
v -0.000928 -0.527604 1.947348
v -0.000928 -0.527604 1.947348
v -0.000928 -0.538029 1.942328
v -0.000928 -0.543017 1.948582
v -0.000928 -0.529384 1.955148
v -0.000928 -0.529384 1.955148
v -0.000928 -0.543017 1.948582
v 0.006 -0.545511 1.95171
v 0.006 -0.530274 1.959047
v 0.006 -0.545511 1.95171
v 0.006 -0.556055 1.938488
v 0.012928 -0.552451 1.936752
v 0.012928 -0.543017 1.948582
v 0.012928 -0.543017 1.948582
v 0.012928 -0.552451 1.936752
v 0.012928 -0.545243 1.933281
v 0.012928 -0.538029 1.942328
v 0.012928 -0.538029 1.942328
v 0.012928 -0.545243 1.933281
v 0.006 -0.541639 1.931545
v 0.006 -0.535535 1.9392
v 0.006 -0.535535 1.9392
v 0.006 -0.541639 1.931545
v -0.000928 -0.545243 1.933281
v -0.000928 -0.538029 1.942328
v -0.000928 -0.538029 1.942328
v -0.000928 -0.545243 1.933281
v -0.000928 -0.552451 1.936752
v -0.000928 -0.543017 1.948582
v -0.000928 -0.543017 1.948582
v -0.000928 -0.552451 1.936752
v 0.006 -0.556055 1.938488
v 0.006 -0.545511 1.95171
v 0.006 -0.556055 1.938488
v 0.006 -0.559818 1.922
v 0.012928 -0.555818 1.922
v 0.012928 -0.552451 1.936752
v 0.012928 -0.552451 1.936752
v 0.012928 -0.555818 1.922
v 0.012928 -0.547818 1.922
v 0.012928 -0.545243 1.933281
v 0.012928 -0.545243 1.933281
v 0.012928 -0.547818 1.922
v 0.006 -0.543818 1.922
v 0.006 -0.541639 1.931545
v 0.006 -0.541639 1.931545
v 0.006 -0.543818 1.922
v -0.000928 -0.547818 1.922
v -0.000928 -0.545243 1.933281
v -0.000928 -0.545243 1.933281
v -0.000928 -0.547818 1.922
v -0.000928 -0.555818 1.922
v -0.000928 -0.552451 1.936752
v -0.000928 -0.552451 1.936752
v -0.000928 -0.555818 1.922
v 0.006 -0.559818 1.922
v 0.006 -0.556055 1.938488
v 0.044 -0.521818 1.874
v 0.040237 -0.521818 1.857512
v 0.036633 -0.51489 1.859248
v 0.04 -0.51489 1.874
v 0.04 -0.51489 1.874
v 0.036633 -0.51489 1.859248
v 0.029425 -0.51489 1.862719
v 0.032 -0.51489 1.874
v 0.032 -0.51489 1.874
v 0.029425 -0.51489 1.862719
v 0.025821 -0.521818 1.864455
v 0.028 -0.521818 1.874
v 0.028 -0.521818 1.874
v 0.025821 -0.521818 1.864455
v 0.029425 -0.528746 1.862719
v 0.032 -0.528746 1.874
v 0.032 -0.528746 1.874
v 0.029425 -0.528746 1.862719
v 0.036633 -0.528746 1.859248
v 0.04 -0.528746 1.874
v 0.04 -0.528746 1.874
v 0.036633 -0.528746 1.859248
v 0.040237 -0.521818 1.857512
v 0.044 -0.521818 1.874
v 0.040237 -0.521818 1.857512
v 0.029693 -0.521818 1.84429
v 0.027199 -0.51489 1.847418
v 0.036633 -0.51489 1.859248
v 0.036633 -0.51489 1.859248
v 0.027199 -0.51489 1.847418
v 0.022211 -0.51489 1.853672
v 0.029425 -0.51489 1.862719
v 0.029425 -0.51489 1.862719
v 0.022211 -0.51489 1.853672
v 0.019717 -0.521818 1.8568
v 0.025821 -0.521818 1.864455
v 0.025821 -0.521818 1.864455
v 0.019717 -0.521818 1.8568
v 0.022211 -0.528746 1.853672
v 0.029425 -0.528746 1.862719
v 0.029425 -0.528746 1.862719
v 0.022211 -0.528746 1.853672
v 0.027199 -0.528746 1.847418
v 0.036633 -0.528746 1.859248
v 0.036633 -0.528746 1.859248
v 0.027199 -0.528746 1.847418
v 0.029693 -0.521818 1.84429
v 0.040237 -0.521818 1.857512
v 0.029693 -0.521818 1.84429
v 0.014456 -0.521818 1.836953
v 0.013566 -0.51489 1.840852
v 0.027199 -0.51489 1.847418
v 0.027199 -0.51489 1.847418
v 0.013566 -0.51489 1.840852
v 0.011786 -0.51489 1.848652
v 0.022211 -0.51489 1.853672
v 0.022211 -0.51489 1.853672
v 0.011786 -0.51489 1.848652
v 0.010895 -0.521818 1.852552
v 0.019717 -0.521818 1.8568
v 0.019717 -0.521818 1.8568
v 0.010895 -0.521818 1.852552
v 0.011786 -0.528746 1.848652
v 0.022211 -0.528746 1.853672
v 0.022211 -0.528746 1.853672
v 0.011786 -0.528746 1.848652
v 0.013566 -0.528746 1.840852
v 0.027199 -0.528746 1.847418
v 0.027199 -0.528746 1.847418
v 0.013566 -0.528746 1.840852
v 0.014456 -0.521818 1.836953
v 0.029693 -0.521818 1.84429
v 0.014456 -0.521818 1.836953
v -0.002456 -0.521818 1.836953
v -0.001566 -0.51489 1.840852
v 0.013566 -0.51489 1.840852
v 0.013566 -0.51489 1.840852
v -0.001566 -0.51489 1.840852
v 0.000214 -0.51489 1.848652
v 0.011786 -0.51489 1.848652
v 0.011786 -0.51489 1.848652
v 0.000214 -0.51489 1.848652
v 0.001105 -0.521818 1.852552
v 0.010895 -0.521818 1.852552
v 0.010895 -0.521818 1.852552
v 0.001105 -0.521818 1.852552
v 0.000214 -0.528746 1.848652
v 0.011786 -0.528746 1.848652
v 0.011786 -0.528746 1.848652
v 0.000214 -0.528746 1.848652
v -0.001566 -0.528746 1.840852
v 0.013566 -0.528746 1.840852
v 0.013566 -0.528746 1.840852
v -0.001566 -0.528746 1.840852
v -0.002456 -0.521818 1.836953
v 0.014456 -0.521818 1.836953
v -0.002456 -0.521818 1.836953
v -0.017693 -0.521818 1.84429
v -0.015199 -0.51489 1.847418
v -0.001566 -0.51489 1.840852
v -0.001566 -0.51489 1.840852
v -0.015199 -0.51489 1.847418
v -0.010211 -0.51489 1.853672
v 0.000214 -0.51489 1.848652
v 0.000214 -0.51489 1.848652
v -0.010211 -0.51489 1.853672
v -0.007717 -0.521818 1.8568
v 0.001105 -0.521818 1.852552
v 0.001105 -0.521818 1.852552
v -0.007717 -0.521818 1.8568
v -0.010211 -0.528746 1.853672
v 0.000214 -0.528746 1.848652
v 0.000214 -0.528746 1.848652
v -0.010211 -0.528746 1.853672
v -0.015199 -0.528746 1.847418
v -0.001566 -0.528746 1.840852
v -0.001566 -0.528746 1.840852
v -0.015199 -0.528746 1.847418
v -0.017693 -0.521818 1.84429
v -0.002456 -0.521818 1.836953
v -0.017693 -0.521818 1.84429
v -0.028237 -0.521818 1.857512
v -0.024633 -0.51489 1.859248
v -0.015199 -0.51489 1.847418
v -0.015199 -0.51489 1.847418
v -0.024633 -0.51489 1.859248
v -0.017425 -0.51489 1.862719
v -0.010211 -0.51489 1.853672
v -0.010211 -0.51489 1.853672
v -0.017425 -0.51489 1.862719
v -0.013821 -0.521818 1.864455
v -0.007717 -0.521818 1.8568
v -0.007717 -0.521818 1.8568
v -0.013821 -0.521818 1.864455
v -0.017425 -0.528746 1.862719
v -0.010211 -0.528746 1.853672
v -0.010211 -0.528746 1.853672
v -0.017425 -0.528746 1.862719
v -0.024633 -0.528746 1.859248
v -0.015199 -0.528746 1.847418
v -0.015199 -0.528746 1.847418
v -0.024633 -0.528746 1.859248
v -0.028237 -0.521818 1.857512
v -0.017693 -0.521818 1.84429
v -0.028237 -0.521818 1.857512
v -0.032 -0.521818 1.874
v -0.028 -0.51489 1.874
v -0.024633 -0.51489 1.859248
v -0.024633 -0.51489 1.859248
v -0.028 -0.51489 1.874
v -0.02 -0.51489 1.874
v -0.017425 -0.51489 1.862719
v -0.017425 -0.51489 1.862719
v -0.02 -0.51489 1.874
v -0.016 -0.521818 1.874
v -0.013821 -0.521818 1.864455
v -0.013821 -0.521818 1.864455
v -0.016 -0.521818 1.874
v -0.02 -0.528746 1.874
v -0.017425 -0.528746 1.862719
v -0.017425 -0.528746 1.862719
v -0.02 -0.528746 1.874
v -0.028 -0.528746 1.874
v -0.024633 -0.528746 1.859248
v -0.024633 -0.528746 1.859248
v -0.028 -0.528746 1.874
v -0.032 -0.521818 1.874
v -0.028237 -0.521818 1.857512
v -0.032 -0.521818 1.874
v -0.028237 -0.521818 1.890488
v -0.024633 -0.51489 1.888752
v -0.028 -0.51489 1.874
v -0.028 -0.51489 1.874
v -0.024633 -0.51489 1.888752
v -0.017425 -0.51489 1.885281
v -0.02 -0.51489 1.874
v -0.02 -0.51489 1.874
v -0.017425 -0.51489 1.885281
v -0.013821 -0.521818 1.883545
v -0.016 -0.521818 1.874
v -0.016 -0.521818 1.874
v -0.013821 -0.521818 1.883545
v -0.017425 -0.528746 1.885281
v -0.02 -0.528746 1.874
v -0.02 -0.528746 1.874
v -0.017425 -0.528746 1.885281
v -0.024633 -0.528746 1.888752
v -0.028 -0.528746 1.874
v -0.028 -0.528746 1.874
v -0.024633 -0.528746 1.888752
v -0.028237 -0.521818 1.890488
v -0.032 -0.521818 1.874
v -0.028237 -0.521818 1.890488
v -0.017693 -0.521818 1.90371
v -0.015199 -0.51489 1.900582
v -0.024633 -0.51489 1.888752
v -0.024633 -0.51489 1.888752
v -0.015199 -0.51489 1.900582
v -0.010211 -0.51489 1.894328
v -0.017425 -0.51489 1.885281
v -0.017425 -0.51489 1.885281
v -0.010211 -0.51489 1.894328
v -0.007717 -0.521818 1.8912
v -0.013821 -0.521818 1.883545
v -0.013821 -0.521818 1.883545
v -0.007717 -0.521818 1.8912
v -0.010211 -0.528746 1.894328
v -0.017425 -0.528746 1.885281
v -0.017425 -0.528746 1.885281
v -0.010211 -0.528746 1.894328
v -0.015199 -0.528746 1.900582
v -0.024633 -0.528746 1.888752
v -0.024633 -0.528746 1.888752
v -0.015199 -0.528746 1.900582
v -0.017693 -0.521818 1.90371
v -0.028237 -0.521818 1.890488
v -0.017693 -0.521818 1.90371
v -0.002456 -0.521818 1.911047
v -0.001566 -0.51489 1.907148
v -0.015199 -0.51489 1.900582
v -0.015199 -0.51489 1.900582
v -0.001566 -0.51489 1.907148
v 0.000214 -0.51489 1.899348
v -0.010211 -0.51489 1.894328
v -0.010211 -0.51489 1.894328
v 0.000214 -0.51489 1.899348
v 0.001105 -0.521818 1.895448
v -0.007717 -0.521818 1.8912
v -0.007717 -0.521818 1.8912
v 0.001105 -0.521818 1.895448
v 0.000214 -0.528746 1.899348
v -0.010211 -0.528746 1.894328
v -0.010211 -0.528746 1.894328
v 0.000214 -0.528746 1.899348
v -0.001566 -0.528746 1.907148
v -0.015199 -0.528746 1.900582
v -0.015199 -0.528746 1.900582
v -0.001566 -0.528746 1.907148
v -0.002456 -0.521818 1.911047
v -0.017693 -0.521818 1.90371
v -0.002456 -0.521818 1.911047
v 0.014456 -0.521818 1.911047
v 0.013566 -0.51489 1.907148
v -0.001566 -0.51489 1.907148
v -0.001566 -0.51489 1.907148
v 0.013566 -0.51489 1.907148
v 0.011786 -0.51489 1.899348
v 0.000214 -0.51489 1.899348
v 0.000214 -0.51489 1.899348
v 0.011786 -0.51489 1.899348
v 0.010895 -0.521818 1.895448
v 0.001105 -0.521818 1.895448
v 0.001105 -0.521818 1.895448
v 0.010895 -0.521818 1.895448
v 0.011786 -0.528746 1.899348
v 0.000214 -0.528746 1.899348
v 0.000214 -0.528746 1.899348
v 0.011786 -0.528746 1.899348
v 0.013566 -0.528746 1.907148
v -0.001566 -0.528746 1.907148
v -0.001566 -0.528746 1.907148
v 0.013566 -0.528746 1.907148
v 0.014456 -0.521818 1.911047
v -0.002456 -0.521818 1.911047
v 0.014456 -0.521818 1.911047
v 0.029693 -0.521818 1.90371
v 0.027199 -0.51489 1.900582
v 0.013566 -0.51489 1.907148
v 0.013566 -0.51489 1.907148
v 0.027199 -0.51489 1.900582
v 0.022211 -0.51489 1.894328
v 0.011786 -0.51489 1.899348
v 0.011786 -0.51489 1.899348
v 0.022211 -0.51489 1.894328
v 0.019717 -0.521818 1.8912
v 0.010895 -0.521818 1.895448
v 0.010895 -0.521818 1.895448
v 0.019717 -0.521818 1.8912
v 0.022211 -0.528746 1.894328
v 0.011786 -0.528746 1.899348
v 0.011786 -0.528746 1.899348
v 0.022211 -0.528746 1.894328
v 0.027199 -0.528746 1.900582
v 0.013566 -0.528746 1.907148
v 0.013566 -0.528746 1.907148
v 0.027199 -0.528746 1.900582
v 0.029693 -0.521818 1.90371
v 0.014456 -0.521818 1.911047
v 0.029693 -0.521818 1.90371
v 0.040237 -0.521818 1.890488
v 0.036633 -0.51489 1.888752
v 0.027199 -0.51489 1.900582
v 0.027199 -0.51489 1.900582
v 0.036633 -0.51489 1.888752
v 0.029425 -0.51489 1.885281
v 0.022211 -0.51489 1.894328
v 0.022211 -0.51489 1.894328
v 0.029425 -0.51489 1.885281
v 0.025821 -0.521818 1.883545
v 0.019717 -0.521818 1.8912
v 0.019717 -0.521818 1.8912
v 0.025821 -0.521818 1.883545
v 0.029425 -0.528746 1.885281
v 0.022211 -0.528746 1.894328
v 0.022211 -0.528746 1.894328
v 0.029425 -0.528746 1.885281
v 0.036633 -0.528746 1.888752
v 0.027199 -0.528746 1.900582
v 0.027199 -0.528746 1.900582
v 0.036633 -0.528746 1.888752
v 0.040237 -0.521818 1.890488
v 0.029693 -0.521818 1.90371
v 0.040237 -0.521818 1.890488
v 0.044 -0.521818 1.874
v 0.04 -0.51489 1.874
v 0.036633 -0.51489 1.888752
v 0.036633 -0.51489 1.888752
v 0.04 -0.51489 1.874
v 0.032 -0.51489 1.874
v 0.029425 -0.51489 1.885281
v 0.029425 -0.51489 1.885281
v 0.032 -0.51489 1.874
v 0.028 -0.521818 1.874
v 0.025821 -0.521818 1.883545
v 0.025821 -0.521818 1.883545
v 0.028 -0.521818 1.874
v 0.032 -0.528746 1.874
v 0.029425 -0.528746 1.885281
v 0.029425 -0.528746 1.885281
v 0.032 -0.528746 1.874
v 0.04 -0.528746 1.874
v 0.036633 -0.528746 1.888752
v 0.036633 -0.528746 1.888752
v 0.04 -0.528746 1.874
v 0.044 -0.521818 1.874
v 0.040237 -0.521818 1.890488
v 0.053 -0.521818 1.82
v 0.049422 -0.521818 1.802014
v 0.045265 -0.514024 1.803736
v 0.0485 -0.514024 1.82
v 0.0485 -0.514024 1.82
v 0.045265 -0.514024 1.803736
v 0.03695 -0.514024 1.80718
v 0.0395 -0.514024 1.82
v 0.0395 -0.514024 1.82
v 0.03695 -0.514024 1.80718
v 0.032793 -0.521818 1.808902
v 0.035 -0.521818 1.82
v 0.035 -0.521818 1.82
v 0.032793 -0.521818 1.808902
v 0.03695 -0.529612 1.80718
v 0.0395 -0.529612 1.82
v 0.0395 -0.529612 1.82
v 0.03695 -0.529612 1.80718
v 0.045265 -0.529612 1.803736
v 0.0485 -0.529612 1.82
v 0.0485 -0.529612 1.82
v 0.045265 -0.529612 1.803736
v 0.049422 -0.521818 1.802014
v 0.053 -0.521818 1.82
v 0.049422 -0.521818 1.802014
v 0.039234 -0.521818 1.786766
v 0.036052 -0.514024 1.789948
v 0.045265 -0.514024 1.803736
v 0.045265 -0.514024 1.803736
v 0.036052 -0.514024 1.789948
v 0.029688 -0.514024 1.796312
v 0.03695 -0.514024 1.80718
v 0.03695 -0.514024 1.80718
v 0.029688 -0.514024 1.796312
v 0.026506 -0.521818 1.799494
v 0.032793 -0.521818 1.808902
v 0.032793 -0.521818 1.808902
v 0.026506 -0.521818 1.799494
v 0.029688 -0.529612 1.796312
v 0.03695 -0.529612 1.80718
v 0.03695 -0.529612 1.80718
v 0.029688 -0.529612 1.796312
v 0.036052 -0.529612 1.789948
v 0.045265 -0.529612 1.803736
v 0.045265 -0.529612 1.803736
v 0.036052 -0.529612 1.789948
v 0.039234 -0.521818 1.786766
v 0.049422 -0.521818 1.802014
v 0.039234 -0.521818 1.786766
v 0.023986 -0.521818 1.776578
v 0.022264 -0.514024 1.780735
v 0.036052 -0.514024 1.789948
v 0.036052 -0.514024 1.789948
v 0.022264 -0.514024 1.780735
v 0.01882 -0.514024 1.78905
v 0.029688 -0.514024 1.796312
v 0.029688 -0.514024 1.796312
v 0.01882 -0.514024 1.78905
v 0.017098 -0.521818 1.793207
v 0.026506 -0.521818 1.799494
v 0.026506 -0.521818 1.799494
v 0.017098 -0.521818 1.793207
v 0.01882 -0.529612 1.78905
v 0.029688 -0.529612 1.796312
v 0.029688 -0.529612 1.796312
v 0.01882 -0.529612 1.78905
v 0.022264 -0.529612 1.780735
v 0.036052 -0.529612 1.789948
v 0.036052 -0.529612 1.789948
v 0.022264 -0.529612 1.780735
v 0.023986 -0.521818 1.776578
v 0.039234 -0.521818 1.786766
v 0.023986 -0.521818 1.776578
v 0.006 -0.521818 1.773
v 0.006 -0.514024 1.7775
v 0.022264 -0.514024 1.780735
v 0.022264 -0.514024 1.780735
v 0.006 -0.514024 1.7775
v 0.006 -0.514024 1.7865
v 0.01882 -0.514024 1.78905
v 0.01882 -0.514024 1.78905
v 0.006 -0.514024 1.7865
v 0.006 -0.521818 1.791
v 0.017098 -0.521818 1.793207
v 0.017098 -0.521818 1.793207
v 0.006 -0.521818 1.791
v 0.006 -0.529612 1.7865
v 0.01882 -0.529612 1.78905
v 0.01882 -0.529612 1.78905
v 0.006 -0.529612 1.7865
v 0.006 -0.529612 1.7775
v 0.022264 -0.529612 1.780735
v 0.022264 -0.529612 1.780735
v 0.006 -0.529612 1.7775
v 0.006 -0.521818 1.773
v 0.023986 -0.521818 1.776578
v 0.006 -0.521818 1.773
v -0.011986 -0.521818 1.776578
v -0.010264 -0.514024 1.780735
v 0.006 -0.514024 1.7775
v 0.006 -0.514024 1.7775
v -0.010264 -0.514024 1.780735
v -0.00682 -0.514024 1.78905
v 0.006 -0.514024 1.7865
v 0.006 -0.514024 1.7865
v -0.00682 -0.514024 1.78905
v -0.005098 -0.521818 1.793207
v 0.006 -0.521818 1.791
v 0.006 -0.521818 1.791
v -0.005098 -0.521818 1.793207
v -0.00682 -0.529612 1.78905
v 0.006 -0.529612 1.7865
v 0.006 -0.529612 1.7865
v -0.00682 -0.529612 1.78905
v -0.010264 -0.529612 1.780735
v 0.006 -0.529612 1.7775
v 0.006 -0.529612 1.7775
v -0.010264 -0.529612 1.780735
v -0.011986 -0.521818 1.776578
v 0.006 -0.521818 1.773
v -0.011986 -0.521818 1.776578
v -0.027234 -0.521818 1.786766
v -0.024052 -0.514024 1.789948
v -0.010264 -0.514024 1.780735
v -0.010264 -0.514024 1.780735
v -0.024052 -0.514024 1.789948
v -0.017688 -0.514024 1.796312
v -0.00682 -0.514024 1.78905
v -0.00682 -0.514024 1.78905
v -0.017688 -0.514024 1.796312
v -0.014506 -0.521818 1.799494
v -0.005098 -0.521818 1.793207
v -0.005098 -0.521818 1.793207
v -0.014506 -0.521818 1.799494
v -0.017688 -0.529612 1.796312
v -0.00682 -0.529612 1.78905
v -0.00682 -0.529612 1.78905
v -0.017688 -0.529612 1.796312
v -0.024052 -0.529612 1.789948
v -0.010264 -0.529612 1.780735
v -0.010264 -0.529612 1.780735
v -0.024052 -0.529612 1.789948
v -0.027234 -0.521818 1.786766
v -0.011986 -0.521818 1.776578
v -0.027234 -0.521818 1.786766
v -0.037422 -0.521818 1.802014
v -0.033265 -0.514024 1.803736
v -0.024052 -0.514024 1.789948
v -0.024052 -0.514024 1.789948
v -0.033265 -0.514024 1.803736
v -0.02495 -0.514024 1.80718
v -0.017688 -0.514024 1.796312
v -0.017688 -0.514024 1.796312
v -0.02495 -0.514024 1.80718
v -0.020793 -0.521818 1.808902
v -0.014506 -0.521818 1.799494
v -0.014506 -0.521818 1.799494
v -0.020793 -0.521818 1.808902
v -0.02495 -0.529612 1.80718
v -0.017688 -0.529612 1.796312
v -0.017688 -0.529612 1.796312
v -0.02495 -0.529612 1.80718
v -0.033265 -0.529612 1.803736
v -0.024052 -0.529612 1.789948
v -0.024052 -0.529612 1.789948
v -0.033265 -0.529612 1.803736
v -0.037422 -0.521818 1.802014
v -0.027234 -0.521818 1.786766
v -0.037422 -0.521818 1.802014
v -0.041 -0.521818 1.82
v -0.0365 -0.514024 1.82
v -0.033265 -0.514024 1.803736
v -0.033265 -0.514024 1.803736
v -0.0365 -0.514024 1.82
v -0.0275 -0.514024 1.82
v -0.02495 -0.514024 1.80718
v -0.02495 -0.514024 1.80718
v -0.0275 -0.514024 1.82
v -0.023 -0.521818 1.82
v -0.020793 -0.521818 1.808902
v -0.020793 -0.521818 1.808902
v -0.023 -0.521818 1.82
v -0.0275 -0.529612 1.82
v -0.02495 -0.529612 1.80718
v -0.02495 -0.529612 1.80718
v -0.0275 -0.529612 1.82
v -0.0365 -0.529612 1.82
v -0.033265 -0.529612 1.803736
v -0.033265 -0.529612 1.803736
v -0.0365 -0.529612 1.82
v -0.041 -0.521818 1.82
v -0.037422 -0.521818 1.802014
v -0.041 -0.521818 1.82
v -0.037422 -0.521818 1.837986
v -0.033265 -0.514024 1.836264
v -0.0365 -0.514024 1.82
v -0.0365 -0.514024 1.82
v -0.033265 -0.514024 1.836264
v -0.02495 -0.514024 1.83282
v -0.0275 -0.514024 1.82
v -0.0275 -0.514024 1.82
v -0.02495 -0.514024 1.83282
v -0.020793 -0.521818 1.831098
v -0.023 -0.521818 1.82
v -0.023 -0.521818 1.82
v -0.020793 -0.521818 1.831098
v -0.02495 -0.529612 1.83282
v -0.0275 -0.529612 1.82
v -0.0275 -0.529612 1.82
v -0.02495 -0.529612 1.83282
v -0.033265 -0.529612 1.836264
v -0.0365 -0.529612 1.82
v -0.0365 -0.529612 1.82
v -0.033265 -0.529612 1.836264
v -0.037422 -0.521818 1.837986
v -0.041 -0.521818 1.82
v -0.037422 -0.521818 1.837986
v -0.027234 -0.521818 1.853234
v -0.024052 -0.514024 1.850052
v -0.033265 -0.514024 1.836264
v -0.033265 -0.514024 1.836264
v -0.024052 -0.514024 1.850052
v -0.017688 -0.514024 1.843688
v -0.02495 -0.514024 1.83282
v -0.02495 -0.514024 1.83282
v -0.017688 -0.514024 1.843688
v -0.014506 -0.521818 1.840506
v -0.020793 -0.521818 1.831098
v -0.020793 -0.521818 1.831098
v -0.014506 -0.521818 1.840506
v -0.017688 -0.529612 1.843688
v -0.02495 -0.529612 1.83282
v -0.02495 -0.529612 1.83282
v -0.017688 -0.529612 1.843688
v -0.024052 -0.529612 1.850052
v -0.033265 -0.529612 1.836264
v -0.033265 -0.529612 1.836264
v -0.024052 -0.529612 1.850052
v -0.027234 -0.521818 1.853234
v -0.037422 -0.521818 1.837986
v -0.027234 -0.521818 1.853234
v -0.011986 -0.521818 1.863422
v -0.010264 -0.514024 1.859265
v -0.024052 -0.514024 1.850052
v -0.024052 -0.514024 1.850052
v -0.010264 -0.514024 1.859265
v -0.00682 -0.514024 1.85095
v -0.017688 -0.514024 1.843688
v -0.017688 -0.514024 1.843688
v -0.00682 -0.514024 1.85095
v -0.005098 -0.521818 1.846793
v -0.014506 -0.521818 1.840506
v -0.014506 -0.521818 1.840506
v -0.005098 -0.521818 1.846793
v -0.00682 -0.529612 1.85095
v -0.017688 -0.529612 1.843688
v -0.017688 -0.529612 1.843688
v -0.00682 -0.529612 1.85095
v -0.010264 -0.529612 1.859265
v -0.024052 -0.529612 1.850052
v -0.024052 -0.529612 1.850052
v -0.010264 -0.529612 1.859265
v -0.011986 -0.521818 1.863422
v -0.027234 -0.521818 1.853234
v -0.011986 -0.521818 1.863422
v 0.006 -0.521818 1.867
v 0.006 -0.514024 1.8625
v -0.010264 -0.514024 1.859265
v -0.010264 -0.514024 1.859265
v 0.006 -0.514024 1.8625
v 0.006 -0.514024 1.8535
v -0.00682 -0.514024 1.85095
v -0.00682 -0.514024 1.85095
v 0.006 -0.514024 1.8535
v 0.006 -0.521818 1.849
v -0.005098 -0.521818 1.846793
v -0.005098 -0.521818 1.846793
v 0.006 -0.521818 1.849
v 0.006 -0.529612 1.8535
v -0.00682 -0.529612 1.85095
v -0.00682 -0.529612 1.85095
v 0.006 -0.529612 1.8535
v 0.006 -0.529612 1.8625
v -0.010264 -0.529612 1.859265
v -0.010264 -0.529612 1.859265
v 0.006 -0.529612 1.8625
v 0.006 -0.521818 1.867
v -0.011986 -0.521818 1.863422
v 0.006 -0.521818 1.867
v 0.023986 -0.521818 1.863422
v 0.022264 -0.514024 1.859265
v 0.006 -0.514024 1.8625
v 0.006 -0.514024 1.8625
v 0.022264 -0.514024 1.859265
v 0.01882 -0.514024 1.85095
v 0.006 -0.514024 1.8535
v 0.006 -0.514024 1.8535
v 0.01882 -0.514024 1.85095
v 0.017098 -0.521818 1.846793
v 0.006 -0.521818 1.849
v 0.006 -0.521818 1.849
v 0.017098 -0.521818 1.846793
v 0.01882 -0.529612 1.85095
v 0.006 -0.529612 1.8535
v 0.006 -0.529612 1.8535
v 0.01882 -0.529612 1.85095
v 0.022264 -0.529612 1.859265
v 0.006 -0.529612 1.8625
v 0.006 -0.529612 1.8625
v 0.022264 -0.529612 1.859265
v 0.023986 -0.521818 1.863422
v 0.006 -0.521818 1.867
v 0.023986 -0.521818 1.863422
v 0.039234 -0.521818 1.853234
v 0.036052 -0.514024 1.850052
v 0.022264 -0.514024 1.859265
v 0.022264 -0.514024 1.859265
v 0.036052 -0.514024 1.850052
v 0.029688 -0.514024 1.843688
v 0.01882 -0.514024 1.85095
v 0.01882 -0.514024 1.85095
v 0.029688 -0.514024 1.843688
v 0.026506 -0.521818 1.840506
v 0.017098 -0.521818 1.846793
v 0.017098 -0.521818 1.846793
v 0.026506 -0.521818 1.840506
v 0.029688 -0.529612 1.843688
v 0.01882 -0.529612 1.85095
v 0.01882 -0.529612 1.85095
v 0.029688 -0.529612 1.843688
v 0.036052 -0.529612 1.850052
v 0.022264 -0.529612 1.859265
v 0.022264 -0.529612 1.859265
v 0.036052 -0.529612 1.850052
v 0.039234 -0.521818 1.853234
v 0.023986 -0.521818 1.863422
v 0.039234 -0.521818 1.853234
v 0.049422 -0.521818 1.837986
v 0.045265 -0.514024 1.836264
v 0.036052 -0.514024 1.850052
v 0.036052 -0.514024 1.850052
v 0.045265 -0.514024 1.836264
v 0.03695 -0.514024 1.83282
v 0.029688 -0.514024 1.843688
v 0.029688 -0.514024 1.843688
v 0.03695 -0.514024 1.83282
v 0.032793 -0.521818 1.831098
v 0.026506 -0.521818 1.840506
v 0.026506 -0.521818 1.840506
v 0.032793 -0.521818 1.831098
v 0.03695 -0.529612 1.83282
v 0.029688 -0.529612 1.843688
v 0.029688 -0.529612 1.843688
v 0.03695 -0.529612 1.83282
v 0.045265 -0.529612 1.836264
v 0.036052 -0.529612 1.850052
v 0.036052 -0.529612 1.850052
v 0.045265 -0.529612 1.836264
v 0.049422 -0.521818 1.837986
v 0.039234 -0.521818 1.853234
v 0.049422 -0.521818 1.837986
v 0.053 -0.521818 1.82
v 0.0485 -0.514024 1.82
v 0.045265 -0.514024 1.836264
v 0.045265 -0.514024 1.836264
v 0.0485 -0.514024 1.82
v 0.0395 -0.514024 1.82
v 0.03695 -0.514024 1.83282
v 0.03695 -0.514024 1.83282
v 0.0395 -0.514024 1.82
v 0.035 -0.521818 1.82
v 0.032793 -0.521818 1.831098
v 0.032793 -0.521818 1.831098
v 0.035 -0.521818 1.82
v 0.0395 -0.529612 1.82
v 0.03695 -0.529612 1.83282
v 0.03695 -0.529612 1.83282
v 0.0395 -0.529612 1.82
v 0.0485 -0.529612 1.82
v 0.045265 -0.529612 1.836264
v 0.045265 -0.529612 1.836264
v 0.0485 -0.529612 1.82
v 0.053 -0.521818 1.82
v 0.049422 -0.521818 1.837986
v -0.054 -0.539318 1.7875
v -0.054 -0.504318 1.7875
v -0.054 -0.504318 1.7425
v -0.054 -0.539318 1.7425
v 0.066 -0.539318 1.7425
v 0.066 -0.504318 1.7425
v 0.066 -0.504318 1.7875
v 0.066 -0.539318 1.7875
v -0.044 -0.549318 1.7425
v 0.056 -0.549318 1.7425
v 0.056 -0.549318 1.7875
v -0.044 -0.549318 1.7875
v -0.044 -0.494318 1.7875
v 0.056 -0.494318 1.7875
v 0.056 -0.494318 1.7425
v -0.044 -0.494318 1.7425
v -0.044 -0.504318 1.7325
v 0.056 -0.504318 1.7325
v 0.056 -0.539318 1.7325
v -0.044 -0.539318 1.7325
v -0.044 -0.539318 1.7975
v 0.056 -0.539318 1.7975
v 0.056 -0.504318 1.7975
v -0.044 -0.504318 1.7975
v -0.054 -0.539318 1.7425
v -0.044 -0.549318 1.7425
v -0.044 -0.549318 1.7875
v -0.054 -0.539318 1.7875
v -0.054 -0.504318 1.7875
v -0.044 -0.494318 1.7875
v -0.044 -0.494318 1.7425
v -0.054 -0.504318 1.7425
v 0.066 -0.539318 1.7875
v 0.056 -0.549318 1.7875
v 0.056 -0.549318 1.7425
v 0.066 -0.539318 1.7425
v 0.066 -0.504318 1.7425
v 0.056 -0.494318 1.7425
v 0.056 -0.494318 1.7875
v 0.066 -0.504318 1.7875
v -0.054 -0.504318 1.7425
v -0.044 -0.504318 1.7325
v -0.044 -0.539318 1.7325
v -0.054 -0.539318 1.7425
v -0.054 -0.539318 1.7875
v -0.044 -0.539318 1.7975
v -0.044 -0.504318 1.7975
v -0.054 -0.504318 1.7875
v 0.066 -0.539318 1.7425
v 0.056 -0.539318 1.7325
v 0.056 -0.504318 1.7325
v 0.066 -0.504318 1.7425
v 0.066 -0.504318 1.7875
v 0.056 -0.504318 1.7975
v 0.056 -0.539318 1.7975
v 0.066 -0.539318 1.7875
v -0.044 -0.549318 1.7425
v -0.044 -0.539318 1.7325
v 0.056 -0.539318 1.7325
v 0.056 -0.549318 1.7425
v 0.056 -0.549318 1.7875
v 0.056 -0.539318 1.7975
v -0.044 -0.539318 1.7975
v -0.044 -0.549318 1.7875
v 0.056 -0.494318 1.7425
v 0.056 -0.504318 1.7325
v -0.044 -0.504318 1.7325
v -0.044 -0.494318 1.7425
v -0.044 -0.494318 1.7875
v -0.044 -0.504318 1.7975
v 0.056 -0.504318 1.7975
v 0.056 -0.494318 1.7875
v -0.044 -0.539318 1.7325
v -0.044 -0.549318 1.7425
v -0.054 -0.539318 1.7425
v -0.054 -0.539318 1.7875
v -0.044 -0.549318 1.7875
v -0.044 -0.539318 1.7975
v -0.054 -0.504318 1.7425
v -0.044 -0.494318 1.7425
v -0.044 -0.504318 1.7325
v -0.044 -0.504318 1.7975
v -0.044 -0.494318 1.7875
v -0.054 -0.504318 1.7875
v 0.066 -0.539318 1.7425
v 0.056 -0.549318 1.7425
v 0.056 -0.539318 1.7325
v 0.056 -0.539318 1.7975
v 0.056 -0.549318 1.7875
v 0.066 -0.539318 1.7875
v 0.056 -0.504318 1.7325
v 0.056 -0.494318 1.7425
v 0.066 -0.504318 1.7425
v 0.066 -0.504318 1.7875
v 0.056 -0.494318 1.7875
v 0.056 -0.504318 1.7975
v -0.224 -0.527868 1.89505
v -0.224 -0.515768 1.89505
v -0.224 -0.515768 1.28495
v -0.224 -0.527868 1.28495
v 0.236 -0.527868 1.28495
v 0.236 -0.515768 1.28495
v 0.236 -0.515768 1.89505
v 0.236 -0.527868 1.89505
v -0.21905 -0.532818 1.28495
v 0.23105 -0.532818 1.28495
v 0.23105 -0.532818 1.89505
v -0.21905 -0.532818 1.89505
v -0.21905 -0.510818 1.89505
v 0.23105 -0.510818 1.89505
v 0.23105 -0.510818 1.28495
v -0.21905 -0.510818 1.28495
v -0.21905 -0.515768 1.28
v 0.23105 -0.515768 1.28
v 0.23105 -0.527868 1.28
v -0.21905 -0.527868 1.28
v -0.21905 -0.527868 1.9
v 0.23105 -0.527868 1.9
v 0.23105 -0.515768 1.9
v -0.21905 -0.515768 1.9
v -0.224 -0.527868 1.28495
v -0.21905 -0.532818 1.28495
v -0.21905 -0.532818 1.89505
v -0.224 -0.527868 1.89505
v -0.224 -0.515768 1.89505
v -0.21905 -0.510818 1.89505
v -0.21905 -0.510818 1.28495
v -0.224 -0.515768 1.28495
v 0.236 -0.527868 1.89505
v 0.23105 -0.532818 1.89505
v 0.23105 -0.532818 1.28495
v 0.236 -0.527868 1.28495
v 0.236 -0.515768 1.28495
v 0.23105 -0.510818 1.28495
v 0.23105 -0.510818 1.89505
v 0.236 -0.515768 1.89505
v -0.224 -0.515768 1.28495
v -0.21905 -0.515768 1.28
v -0.21905 -0.527868 1.28
v -0.224 -0.527868 1.28495
v -0.224 -0.527868 1.89505
v -0.21905 -0.527868 1.9
v -0.21905 -0.515768 1.9
v -0.224 -0.515768 1.89505
v 0.236 -0.527868 1.28495
v 0.23105 -0.527868 1.28
v 0.23105 -0.515768 1.28
v 0.236 -0.515768 1.28495
v 0.236 -0.515768 1.89505
v 0.23105 -0.515768 1.9
v 0.23105 -0.527868 1.9
v 0.236 -0.527868 1.89505
v -0.21905 -0.532818 1.28495
v -0.21905 -0.527868 1.28
v 0.23105 -0.527868 1.28
v 0.23105 -0.532818 1.28495
v 0.23105 -0.532818 1.89505
v 0.23105 -0.527868 1.9
v -0.21905 -0.527868 1.9
v -0.21905 -0.532818 1.89505
v 0.23105 -0.510818 1.28495
v 0.23105 -0.515768 1.28
v -0.21905 -0.515768 1.28
v -0.21905 -0.510818 1.28495
v -0.21905 -0.510818 1.89505
v -0.21905 -0.515768 1.9
v 0.23105 -0.515768 1.9
v 0.23105 -0.510818 1.89505
v -0.21905 -0.527868 1.28
v -0.21905 -0.532818 1.28495
v -0.224 -0.527868 1.28495
v -0.224 -0.527868 1.89505
v -0.21905 -0.532818 1.89505
v -0.21905 -0.527868 1.9
v -0.224 -0.515768 1.28495
v -0.21905 -0.510818 1.28495
v -0.21905 -0.515768 1.28
v -0.21905 -0.515768 1.9
v -0.21905 -0.510818 1.89505
v -0.224 -0.515768 1.89505
v 0.236 -0.527868 1.28495
v 0.23105 -0.532818 1.28495
v 0.23105 -0.527868 1.28
v 0.23105 -0.527868 1.9
v 0.23105 -0.532818 1.89505
v 0.236 -0.527868 1.89505
v 0.23105 -0.515768 1.28
v 0.23105 -0.510818 1.28495
v 0.236 -0.515768 1.28495
v 0.236 -0.515768 1.89505
v 0.23105 -0.510818 1.89505
v 0.23105 -0.515768 1.9
v -0.164 -0.537293 1.865475
v -0.164 -0.532343 1.865475
v -0.164 -0.532343 1.824525
v -0.164 -0.537293 1.824525
v 0.176 -0.537293 1.824525
v 0.176 -0.532343 1.824525
v 0.176 -0.532343 1.865475
v 0.176 -0.537293 1.865475
v -0.161975 -0.539318 1.824525
v 0.173975 -0.539318 1.824525
v 0.173975 -0.539318 1.865475
v -0.161975 -0.539318 1.865475
v -0.161975 -0.530318 1.865475
v 0.173975 -0.530318 1.865475
v 0.173975 -0.530318 1.824525
v -0.161975 -0.530318 1.824525
v -0.161975 -0.532343 1.8225
v 0.173975 -0.532343 1.8225
v 0.173975 -0.537293 1.8225
v -0.161975 -0.537293 1.8225
v -0.161975 -0.537293 1.8675
v 0.173975 -0.537293 1.8675
v 0.173975 -0.532343 1.8675
v -0.161975 -0.532343 1.8675
v -0.164 -0.537293 1.824525
v -0.161975 -0.539318 1.824525
v -0.161975 -0.539318 1.865475
v -0.164 -0.537293 1.865475
v -0.164 -0.532343 1.865475
v -0.161975 -0.530318 1.865475
v -0.161975 -0.530318 1.824525
v -0.164 -0.532343 1.824525
v 0.176 -0.537293 1.865475
v 0.173975 -0.539318 1.865475
v 0.173975 -0.539318 1.824525
v 0.176 -0.537293 1.824525
v 0.176 -0.532343 1.824525
v 0.173975 -0.530318 1.824525
v 0.173975 -0.530318 1.865475
v 0.176 -0.532343 1.865475
v -0.164 -0.532343 1.824525
v -0.161975 -0.532343 1.8225
v -0.161975 -0.537293 1.8225
v -0.164 -0.537293 1.824525
v -0.164 -0.537293 1.865475
v -0.161975 -0.537293 1.8675
v -0.161975 -0.532343 1.8675
v -0.164 -0.532343 1.865475
v 0.176 -0.537293 1.824525
v 0.173975 -0.537293 1.8225
v 0.173975 -0.532343 1.8225
v 0.176 -0.532343 1.824525
v 0.176 -0.532343 1.865475
v 0.173975 -0.532343 1.8675
v 0.173975 -0.537293 1.8675
v 0.176 -0.537293 1.865475
v -0.161975 -0.539318 1.824525
v -0.161975 -0.537293 1.8225
v 0.173975 -0.537293 1.8225
v 0.173975 -0.539318 1.824525
v 0.173975 -0.539318 1.865475
v 0.173975 -0.537293 1.8675
v -0.161975 -0.537293 1.8675
v -0.161975 -0.539318 1.865475
v 0.173975 -0.530318 1.824525
v 0.173975 -0.532343 1.8225
v -0.161975 -0.532343 1.8225
v -0.161975 -0.530318 1.824525
v -0.161975 -0.530318 1.865475
v -0.161975 -0.532343 1.8675
v 0.173975 -0.532343 1.8675
v 0.173975 -0.530318 1.865475
v -0.161975 -0.537293 1.8225
v -0.161975 -0.539318 1.824525
v -0.164 -0.537293 1.824525
v -0.164 -0.537293 1.865475
v -0.161975 -0.539318 1.865475
v -0.161975 -0.537293 1.8675
v -0.164 -0.532343 1.824525
v -0.161975 -0.530318 1.824525
v -0.161975 -0.532343 1.8225
v -0.161975 -0.532343 1.8675
v -0.161975 -0.530318 1.865475
v -0.164 -0.532343 1.865475
v 0.176 -0.537293 1.824525
v 0.173975 -0.539318 1.824525
v 0.173975 -0.537293 1.8225
v 0.173975 -0.537293 1.8675
v 0.173975 -0.539318 1.865475
v 0.176 -0.537293 1.865475
v 0.173975 -0.532343 1.8225
v 0.173975 -0.530318 1.824525
v 0.176 -0.532343 1.824525
v 0.176 -0.532343 1.865475
v 0.173975 -0.530318 1.865475
v 0.173975 -0.532343 1.8675
v -0.1465 -0.538293 1.787975
v -0.1465 -0.533343 1.787975
v -0.1465 -0.533343 1.432025
v -0.1465 -0.538293 1.432025
v -0.1215 -0.538293 1.432025
v -0.1215 -0.533343 1.432025
v -0.1215 -0.533343 1.787975
v -0.1215 -0.538293 1.787975
v -0.144475 -0.540318 1.432025
v -0.123525 -0.540318 1.432025
v -0.123525 -0.540318 1.787975
v -0.144475 -0.540318 1.787975
v -0.144475 -0.531318 1.787975
v -0.123525 -0.531318 1.787975
v -0.123525 -0.531318 1.432025
v -0.144475 -0.531318 1.432025
v -0.144475 -0.533343 1.43
v -0.123525 -0.533343 1.43
v -0.123525 -0.538293 1.43
v -0.144475 -0.538293 1.43
v -0.144475 -0.538293 1.79
v -0.123525 -0.538293 1.79
v -0.123525 -0.533343 1.79
v -0.144475 -0.533343 1.79
v -0.1465 -0.538293 1.432025
v -0.144475 -0.540318 1.432025
v -0.144475 -0.540318 1.787975
v -0.1465 -0.538293 1.787975
v -0.1465 -0.533343 1.787975
v -0.144475 -0.531318 1.787975
v -0.144475 -0.531318 1.432025
v -0.1465 -0.533343 1.432025
v -0.1215 -0.538293 1.787975
v -0.123525 -0.540318 1.787975
v -0.123525 -0.540318 1.432025
v -0.1215 -0.538293 1.432025
v -0.1215 -0.533343 1.432025
v -0.123525 -0.531318 1.432025
v -0.123525 -0.531318 1.787975
v -0.1215 -0.533343 1.787975
v -0.1465 -0.533343 1.432025
v -0.144475 -0.533343 1.43
v -0.144475 -0.538293 1.43
v -0.1465 -0.538293 1.432025
v -0.1465 -0.538293 1.787975
v -0.144475 -0.538293 1.79
v -0.144475 -0.533343 1.79
v -0.1465 -0.533343 1.787975
v -0.1215 -0.538293 1.432025
v -0.123525 -0.538293 1.43
v -0.123525 -0.533343 1.43
v -0.1215 -0.533343 1.432025
v -0.1215 -0.533343 1.787975
v -0.123525 -0.533343 1.79
v -0.123525 -0.538293 1.79
v -0.1215 -0.538293 1.787975
v -0.144475 -0.540318 1.432025
v -0.144475 -0.538293 1.43
v -0.123525 -0.538293 1.43
v -0.123525 -0.540318 1.432025
v -0.123525 -0.540318 1.787975
v -0.123525 -0.538293 1.79
v -0.144475 -0.538293 1.79
v -0.144475 -0.540318 1.787975
v -0.123525 -0.531318 1.432025
v -0.123525 -0.533343 1.43
v -0.144475 -0.533343 1.43
v -0.144475 -0.531318 1.432025
v -0.144475 -0.531318 1.787975
v -0.144475 -0.533343 1.79
v -0.123525 -0.533343 1.79
v -0.123525 -0.531318 1.787975
v -0.144475 -0.538293 1.43
v -0.144475 -0.540318 1.432025
v -0.1465 -0.538293 1.432025
v -0.1465 -0.538293 1.787975
v -0.144475 -0.540318 1.787975
v -0.144475 -0.538293 1.79
v -0.1465 -0.533343 1.432025
v -0.144475 -0.531318 1.432025
v -0.144475 -0.533343 1.43
v -0.144475 -0.533343 1.79
v -0.144475 -0.531318 1.787975
v -0.1465 -0.533343 1.787975
v -0.1215 -0.538293 1.432025
v -0.123525 -0.540318 1.432025
v -0.123525 -0.538293 1.43
v -0.123525 -0.538293 1.79
v -0.123525 -0.540318 1.787975
v -0.1215 -0.538293 1.787975
v -0.123525 -0.533343 1.43
v -0.123525 -0.531318 1.432025
v -0.1215 -0.533343 1.432025
v -0.1215 -0.533343 1.787975
v -0.123525 -0.531318 1.787975
v -0.123525 -0.533343 1.79
v 0.125 -0.538293 1.717975
v 0.125 -0.533343 1.717975
v 0.125 -0.533343 1.422025
v 0.125 -0.538293 1.422025
v 0.147 -0.538293 1.422025
v 0.147 -0.533343 1.422025
v 0.147 -0.533343 1.717975
v 0.147 -0.538293 1.717975
v 0.127025 -0.540318 1.422025
v 0.144975 -0.540318 1.422025
v 0.144975 -0.540318 1.717975
v 0.127025 -0.540318 1.717975
v 0.127025 -0.531318 1.717975
v 0.144975 -0.531318 1.717975
v 0.144975 -0.531318 1.422025
v 0.127025 -0.531318 1.422025
v 0.127025 -0.533343 1.42
v 0.144975 -0.533343 1.42
v 0.144975 -0.538293 1.42
v 0.127025 -0.538293 1.42
v 0.127025 -0.538293 1.72
v 0.144975 -0.538293 1.72
v 0.144975 -0.533343 1.72
v 0.127025 -0.533343 1.72
v 0.125 -0.538293 1.422025
v 0.127025 -0.540318 1.422025
v 0.127025 -0.540318 1.717975
v 0.125 -0.538293 1.717975
v 0.125 -0.533343 1.717975
v 0.127025 -0.531318 1.717975
v 0.127025 -0.531318 1.422025
v 0.125 -0.533343 1.422025
v 0.147 -0.538293 1.717975
v 0.144975 -0.540318 1.717975
v 0.144975 -0.540318 1.422025
v 0.147 -0.538293 1.422025
v 0.147 -0.533343 1.422025
v 0.144975 -0.531318 1.422025
v 0.144975 -0.531318 1.717975
v 0.147 -0.533343 1.717975
v 0.125 -0.533343 1.422025
v 0.127025 -0.533343 1.42
v 0.127025 -0.538293 1.42
v 0.125 -0.538293 1.422025
v 0.125 -0.538293 1.717975
v 0.127025 -0.538293 1.72
v 0.127025 -0.533343 1.72
v 0.125 -0.533343 1.717975
v 0.147 -0.538293 1.422025
v 0.144975 -0.538293 1.42
v 0.144975 -0.533343 1.42
v 0.147 -0.533343 1.422025
v 0.147 -0.533343 1.717975
v 0.144975 -0.533343 1.72
v 0.144975 -0.538293 1.72
v 0.147 -0.538293 1.717975
v 0.127025 -0.540318 1.422025
v 0.127025 -0.538293 1.42
v 0.144975 -0.538293 1.42
v 0.144975 -0.540318 1.422025
v 0.144975 -0.540318 1.717975
v 0.144975 -0.538293 1.72
v 0.127025 -0.538293 1.72
v 0.127025 -0.540318 1.717975
v 0.144975 -0.531318 1.422025
v 0.144975 -0.533343 1.42
v 0.127025 -0.533343 1.42
v 0.127025 -0.531318 1.422025
v 0.127025 -0.531318 1.717975
v 0.127025 -0.533343 1.72
v 0.144975 -0.533343 1.72
v 0.144975 -0.531318 1.717975
v 0.127025 -0.538293 1.42
v 0.127025 -0.540318 1.422025
v 0.125 -0.538293 1.422025
v 0.125 -0.538293 1.717975
v 0.127025 -0.540318 1.717975
v 0.127025 -0.538293 1.72
v 0.125 -0.533343 1.422025
v 0.127025 -0.531318 1.422025
v 0.127025 -0.533343 1.42
v 0.127025 -0.533343 1.72
v 0.127025 -0.531318 1.717975
v 0.125 -0.533343 1.717975
v 0.147 -0.538293 1.422025
v 0.144975 -0.540318 1.422025
v 0.144975 -0.538293 1.42
v 0.144975 -0.538293 1.72
v 0.144975 -0.540318 1.717975
v 0.147 -0.538293 1.717975
v 0.144975 -0.533343 1.42
v 0.144975 -0.531318 1.422025
v 0.147 -0.533343 1.422025
v 0.147 -0.533343 1.717975
v 0.144975 -0.531318 1.717975
v 0.144975 -0.533343 1.72
v -0.149 -0.538293 1.468975
v -0.149 -0.533343 1.468975
v -0.149 -0.533343 1.451025
v -0.149 -0.538293 1.451025
v 0.161 -0.538293 1.451025
v 0.161 -0.533343 1.451025
v 0.161 -0.533343 1.468975
v 0.161 -0.538293 1.468975
v -0.146975 -0.540318 1.451025
v 0.158975 -0.540318 1.451025
v 0.158975 -0.540318 1.468975
v -0.146975 -0.540318 1.468975
v -0.146975 -0.531318 1.468975
v 0.158975 -0.531318 1.468975
v 0.158975 -0.531318 1.451025
v -0.146975 -0.531318 1.451025
v -0.146975 -0.533343 1.449
v 0.158975 -0.533343 1.449
v 0.158975 -0.538293 1.449
v -0.146975 -0.538293 1.449
v -0.146975 -0.538293 1.471
v 0.158975 -0.538293 1.471
v 0.158975 -0.533343 1.471
v -0.146975 -0.533343 1.471
v -0.149 -0.538293 1.451025
v -0.146975 -0.540318 1.451025
v -0.146975 -0.540318 1.468975
v -0.149 -0.538293 1.468975
v -0.149 -0.533343 1.468975
v -0.146975 -0.531318 1.468975
v -0.146975 -0.531318 1.451025
v -0.149 -0.533343 1.451025
v 0.161 -0.538293 1.468975
v 0.158975 -0.540318 1.468975
v 0.158975 -0.540318 1.451025
v 0.161 -0.538293 1.451025
v 0.161 -0.533343 1.451025
v 0.158975 -0.531318 1.451025
v 0.158975 -0.531318 1.468975
v 0.161 -0.533343 1.468975
v -0.149 -0.533343 1.451025
v -0.146975 -0.533343 1.449
v -0.146975 -0.538293 1.449
v -0.149 -0.538293 1.451025
v -0.149 -0.538293 1.468975
v -0.146975 -0.538293 1.471
v -0.146975 -0.533343 1.471
v -0.149 -0.533343 1.468975
v 0.161 -0.538293 1.451025
v 0.158975 -0.538293 1.449
v 0.158975 -0.533343 1.449
v 0.161 -0.533343 1.451025
v 0.161 -0.533343 1.468975
v 0.158975 -0.533343 1.471
v 0.158975 -0.538293 1.471
v 0.161 -0.538293 1.468975
v -0.146975 -0.540318 1.451025
v -0.146975 -0.538293 1.449
v 0.158975 -0.538293 1.449
v 0.158975 -0.540318 1.451025
v 0.158975 -0.540318 1.468975
v 0.158975 -0.538293 1.471
v -0.146975 -0.538293 1.471
v -0.146975 -0.540318 1.468975
v 0.158975 -0.531318 1.451025
v 0.158975 -0.533343 1.449
v -0.146975 -0.533343 1.449
v -0.146975 -0.531318 1.451025
v -0.146975 -0.531318 1.468975
v -0.146975 -0.533343 1.471
v 0.158975 -0.533343 1.471
v 0.158975 -0.531318 1.468975
v -0.146975 -0.538293 1.449
v -0.146975 -0.540318 1.451025
v -0.149 -0.538293 1.451025
v -0.149 -0.538293 1.468975
v -0.146975 -0.540318 1.468975
v -0.146975 -0.538293 1.471
v -0.149 -0.533343 1.451025
v -0.146975 -0.531318 1.451025
v -0.146975 -0.533343 1.449
v -0.146975 -0.533343 1.471
v -0.146975 -0.531318 1.468975
v -0.149 -0.533343 1.468975
v 0.161 -0.538293 1.451025
v 0.158975 -0.540318 1.451025
v 0.158975 -0.538293 1.449
v 0.158975 -0.538293 1.471
v 0.158975 -0.540318 1.468975
v 0.161 -0.538293 1.468975
v 0.158975 -0.533343 1.449
v 0.158975 -0.531318 1.451025
v 0.161 -0.533343 1.451025
v 0.161 -0.533343 1.468975
v 0.158975 -0.531318 1.468975
v 0.158975 -0.533343 1.471
v -0.136 -0.545818 1.84
v -0.137783 -0.545818 1.83219
v -0.137783 -0.533818 1.83219
v -0.136 -0.533818 1.84
v -0.137783 -0.545818 1.83219
v -0.142777 -0.545818 1.825927
v -0.142777 -0.533818 1.825927
v -0.137783 -0.533818 1.83219
v -0.142777 -0.545818 1.825927
v -0.149995 -0.545818 1.822451
v -0.149995 -0.533818 1.822451
v -0.142777 -0.533818 1.825927
v -0.149995 -0.545818 1.822451
v -0.158005 -0.545818 1.822451
v -0.158005 -0.533818 1.822451
v -0.149995 -0.533818 1.822451
v -0.158005 -0.545818 1.822451
v -0.165223 -0.545818 1.825927
v -0.165223 -0.533818 1.825927
v -0.158005 -0.533818 1.822451
v -0.165223 -0.545818 1.825927
v -0.170217 -0.545818 1.83219
v -0.170217 -0.533818 1.83219
v -0.165223 -0.533818 1.825927
v -0.170217 -0.545818 1.83219
v -0.172 -0.545818 1.84
v -0.172 -0.533818 1.84
v -0.170217 -0.533818 1.83219
v -0.172 -0.545818 1.84
v -0.170217 -0.545818 1.84781
v -0.170217 -0.533818 1.84781
v -0.172 -0.533818 1.84
v -0.170217 -0.545818 1.84781
v -0.165223 -0.545818 1.854073
v -0.165223 -0.533818 1.854073
v -0.170217 -0.533818 1.84781
v -0.165223 -0.545818 1.854073
v -0.158005 -0.545818 1.857549
v -0.158005 -0.533818 1.857549
v -0.165223 -0.533818 1.854073
v -0.158005 -0.545818 1.857549
v -0.149995 -0.545818 1.857549
v -0.149995 -0.533818 1.857549
v -0.158005 -0.533818 1.857549
v -0.149995 -0.545818 1.857549
v -0.142777 -0.545818 1.854073
v -0.142777 -0.533818 1.854073
v -0.149995 -0.533818 1.857549
v -0.142777 -0.545818 1.854073
v -0.137783 -0.545818 1.84781
v -0.137783 -0.533818 1.84781
v -0.142777 -0.533818 1.854073
v -0.137783 -0.545818 1.84781
v -0.136 -0.545818 1.84
v -0.136 -0.533818 1.84
v -0.137783 -0.533818 1.84781
v -0.136 -0.545818 1.84
v -0.137783 -0.545818 1.83219
v -0.142777 -0.545818 1.825927
v -0.149995 -0.545818 1.822451
v -0.158005 -0.545818 1.822451
v -0.165223 -0.545818 1.825927
v -0.170217 -0.545818 1.83219
v -0.172 -0.545818 1.84
v -0.170217 -0.545818 1.84781
v -0.165223 -0.545818 1.854073
v -0.158005 -0.545818 1.857549
v -0.149995 -0.545818 1.857549
v -0.142777 -0.545818 1.854073
v -0.137783 -0.545818 1.84781
v -0.137783 -0.533818 1.84781
v -0.142777 -0.533818 1.854073
v -0.149995 -0.533818 1.857549
v -0.158005 -0.533818 1.857549
v -0.165223 -0.533818 1.854073
v -0.170217 -0.533818 1.84781
v -0.172 -0.533818 1.84
v -0.170217 -0.533818 1.83219
v -0.165223 -0.533818 1.825927
v -0.158005 -0.533818 1.822451
v -0.149995 -0.533818 1.822451
v -0.142777 -0.533818 1.825927
v -0.137783 -0.533818 1.83219
v -0.136 -0.533818 1.84
v 0.184 -0.545818 1.84
v 0.182217 -0.545818 1.83219
v 0.182217 -0.533818 1.83219
v 0.184 -0.533818 1.84
v 0.182217 -0.545818 1.83219
v 0.177223 -0.545818 1.825927
v 0.177223 -0.533818 1.825927
v 0.182217 -0.533818 1.83219
v 0.177223 -0.545818 1.825927
v 0.170005 -0.545818 1.822451
v 0.170005 -0.533818 1.822451
v 0.177223 -0.533818 1.825927
v 0.170005 -0.545818 1.822451
v 0.161995 -0.545818 1.822451
v 0.161995 -0.533818 1.822451
v 0.170005 -0.533818 1.822451
v 0.161995 -0.545818 1.822451
v 0.154777 -0.545818 1.825927
v 0.154777 -0.533818 1.825927
v 0.161995 -0.533818 1.822451
v 0.154777 -0.545818 1.825927
v 0.149783 -0.545818 1.83219
v 0.149783 -0.533818 1.83219
v 0.154777 -0.533818 1.825927
v 0.149783 -0.545818 1.83219
v 0.148 -0.545818 1.84
v 0.148 -0.533818 1.84
v 0.149783 -0.533818 1.83219
v 0.148 -0.545818 1.84
v 0.149783 -0.545818 1.84781
v 0.149783 -0.533818 1.84781
v 0.148 -0.533818 1.84
v 0.149783 -0.545818 1.84781
v 0.154777 -0.545818 1.854073
v 0.154777 -0.533818 1.854073
v 0.149783 -0.533818 1.84781
v 0.154777 -0.545818 1.854073
v 0.161995 -0.545818 1.857549
v 0.161995 -0.533818 1.857549
v 0.154777 -0.533818 1.854073
v 0.161995 -0.545818 1.857549
v 0.170005 -0.545818 1.857549
v 0.170005 -0.533818 1.857549
v 0.161995 -0.533818 1.857549
v 0.170005 -0.545818 1.857549
v 0.177223 -0.545818 1.854073
v 0.177223 -0.533818 1.854073
v 0.170005 -0.533818 1.857549
v 0.177223 -0.545818 1.854073
v 0.182217 -0.545818 1.84781
v 0.182217 -0.533818 1.84781
v 0.177223 -0.533818 1.854073
v 0.182217 -0.545818 1.84781
v 0.184 -0.545818 1.84
v 0.184 -0.533818 1.84
v 0.182217 -0.533818 1.84781
v 0.184 -0.545818 1.84
v 0.182217 -0.545818 1.83219
v 0.177223 -0.545818 1.825927
v 0.170005 -0.545818 1.822451
v 0.161995 -0.545818 1.822451
v 0.154777 -0.545818 1.825927
v 0.149783 -0.545818 1.83219
v 0.148 -0.545818 1.84
v 0.149783 -0.545818 1.84781
v 0.154777 -0.545818 1.854073
v 0.161995 -0.545818 1.857549
v 0.170005 -0.545818 1.857549
v 0.177223 -0.545818 1.854073
v 0.182217 -0.545818 1.84781
v 0.182217 -0.533818 1.84781
v 0.177223 -0.533818 1.854073
v 0.170005 -0.533818 1.857549
v 0.161995 -0.533818 1.857549
v 0.154777 -0.533818 1.854073
v 0.149783 -0.533818 1.84781
v 0.148 -0.533818 1.84
v 0.149783 -0.533818 1.83219
v 0.154777 -0.533818 1.825927
v 0.161995 -0.533818 1.822451
v 0.170005 -0.533818 1.822451
v 0.177223 -0.533818 1.825927
v 0.182217 -0.533818 1.83219
v 0.184 -0.533818 1.84
v -0.006 -0.521818 1.14
v -0.004392 -0.527818 1.14
v -0.004392 -0.527818 1.3
v -0.006 -0.521818 1.3
v -0.004392 -0.527818 1.14
v 0 -0.53221 1.14
v 0 -0.53221 1.3
v -0.004392 -0.527818 1.3
v 0 -0.53221 1.14
v 0.006 -0.533818 1.14
v 0.006 -0.533818 1.3
v 0 -0.53221 1.3
v 0.006 -0.533818 1.14
v 0.012 -0.53221 1.14
v 0.012 -0.53221 1.3
v 0.006 -0.533818 1.3
v 0.012 -0.53221 1.14
v 0.016392 -0.527818 1.14
v 0.016392 -0.527818 1.3
v 0.012 -0.53221 1.3
v 0.016392 -0.527818 1.14
v 0.018 -0.521818 1.14
v 0.018 -0.521818 1.3
v 0.016392 -0.527818 1.3
v 0.018 -0.521818 1.14
v 0.016392 -0.515818 1.14
v 0.016392 -0.515818 1.3
v 0.018 -0.521818 1.3
v 0.016392 -0.515818 1.14
v 0.012 -0.511426 1.14
v 0.012 -0.511426 1.3
v 0.016392 -0.515818 1.3
v 0.012 -0.511426 1.14
v 0.006 -0.509818 1.14
v 0.006 -0.509818 1.3
v 0.012 -0.511426 1.3
v 0.006 -0.509818 1.14
v 0 -0.511426 1.14
v 0 -0.511426 1.3
v 0.006 -0.509818 1.3
v 0 -0.511426 1.14
v -0.004392 -0.515818 1.14
v -0.004392 -0.515818 1.3
v 0 -0.511426 1.3
v -0.004392 -0.515818 1.14
v -0.006 -0.521818 1.14
v -0.006 -0.521818 1.3
v -0.004392 -0.515818 1.3
v -0.006 -0.521818 1.14
v -0.004392 -0.527818 1.14
v 0 -0.53221 1.14
v 0.006 -0.533818 1.14
v 0.012 -0.53221 1.14
v 0.016392 -0.527818 1.14
v 0.018 -0.521818 1.14
v 0.016392 -0.515818 1.14
v 0.012 -0.511426 1.14
v 0.006 -0.509818 1.14
v 0 -0.511426 1.14
v -0.004392 -0.515818 1.14
v -0.006 -0.521818 1.3
v -0.004392 -0.527818 1.3
v 0 -0.53221 1.3
v 0.006 -0.533818 1.3
v 0.012 -0.53221 1.3
v 0.016392 -0.527818 1.3
v 0.018 -0.521818 1.3
v 0.016392 -0.515818 1.3
v 0.012 -0.511426 1.3
v 0.006 -0.509818 1.3
v 0 -0.511426 1.3
v -0.004392 -0.515818 1.3
v 0.032 -0.372727 1.976
v 0.028237 -0.372727 1.959512
v 0.024633 -0.365799 1.961248
v 0.028 -0.365799 1.976
v 0.028 -0.365799 1.976
v 0.024633 -0.365799 1.961248
v 0.017425 -0.365799 1.964719
v 0.02 -0.365799 1.976
v 0.02 -0.365799 1.976
v 0.017425 -0.365799 1.964719
v 0.013821 -0.372727 1.966455
v 0.016 -0.372727 1.976
v 0.016 -0.372727 1.976
v 0.013821 -0.372727 1.966455
v 0.017425 -0.379655 1.964719
v 0.02 -0.379655 1.976
v 0.02 -0.379655 1.976
v 0.017425 -0.379655 1.964719
v 0.024633 -0.379655 1.961248
v 0.028 -0.379655 1.976
v 0.028 -0.379655 1.976
v 0.024633 -0.379655 1.961248
v 0.028237 -0.372727 1.959512
v 0.032 -0.372727 1.976
v 0.028237 -0.372727 1.959512
v 0.017693 -0.372727 1.94629
v 0.015199 -0.365799 1.949418
v 0.024633 -0.365799 1.961248
v 0.024633 -0.365799 1.961248
v 0.015199 -0.365799 1.949418
v 0.010211 -0.365799 1.955672
v 0.017425 -0.365799 1.964719
v 0.017425 -0.365799 1.964719
v 0.010211 -0.365799 1.955672
v 0.007717 -0.372727 1.9588
v 0.013821 -0.372727 1.966455
v 0.013821 -0.372727 1.966455
v 0.007717 -0.372727 1.9588
v 0.010211 -0.379655 1.955672
v 0.017425 -0.379655 1.964719
v 0.017425 -0.379655 1.964719
v 0.010211 -0.379655 1.955672
v 0.015199 -0.379655 1.949418
v 0.024633 -0.379655 1.961248
v 0.024633 -0.379655 1.961248
v 0.015199 -0.379655 1.949418
v 0.017693 -0.372727 1.94629
v 0.028237 -0.372727 1.959512
v 0.017693 -0.372727 1.94629
v 0.002456 -0.372727 1.938953
v 0.001566 -0.365799 1.942852
v 0.015199 -0.365799 1.949418
v 0.015199 -0.365799 1.949418
v 0.001566 -0.365799 1.942852
v -0.000214 -0.365799 1.950652
v 0.010211 -0.365799 1.955672
v 0.010211 -0.365799 1.955672
v -0.000214 -0.365799 1.950652
v -0.001105 -0.372727 1.954552
v 0.007717 -0.372727 1.9588
v 0.007717 -0.372727 1.9588
v -0.001105 -0.372727 1.954552
v -0.000214 -0.379655 1.950652
v 0.010211 -0.379655 1.955672
v 0.010211 -0.379655 1.955672
v -0.000214 -0.379655 1.950652
v 0.001566 -0.379655 1.942852
v 0.015199 -0.379655 1.949418
v 0.015199 -0.379655 1.949418
v 0.001566 -0.379655 1.942852
v 0.002456 -0.372727 1.938953
v 0.017693 -0.372727 1.94629
v 0.002456 -0.372727 1.938953
v -0.014456 -0.372727 1.938953
v -0.013566 -0.365799 1.942852
v 0.001566 -0.365799 1.942852
v 0.001566 -0.365799 1.942852
v -0.013566 -0.365799 1.942852
v -0.011786 -0.365799 1.950652
v -0.000214 -0.365799 1.950652
v -0.000214 -0.365799 1.950652
v -0.011786 -0.365799 1.950652
v -0.010895 -0.372727 1.954552
v -0.001105 -0.372727 1.954552
v -0.001105 -0.372727 1.954552
v -0.010895 -0.372727 1.954552
v -0.011786 -0.379655 1.950652
v -0.000214 -0.379655 1.950652
v -0.000214 -0.379655 1.950652
v -0.011786 -0.379655 1.950652
v -0.013566 -0.379655 1.942852
v 0.001566 -0.379655 1.942852
v 0.001566 -0.379655 1.942852
v -0.013566 -0.379655 1.942852
v -0.014456 -0.372727 1.938953
v 0.002456 -0.372727 1.938953
v -0.014456 -0.372727 1.938953
v -0.029693 -0.372727 1.94629
v -0.027199 -0.365799 1.949418
v -0.013566 -0.365799 1.942852
v -0.013566 -0.365799 1.942852
v -0.027199 -0.365799 1.949418
v -0.022211 -0.365799 1.955672
v -0.011786 -0.365799 1.950652
v -0.011786 -0.365799 1.950652
v -0.022211 -0.365799 1.955672
v -0.019717 -0.372727 1.9588
v -0.010895 -0.372727 1.954552
v -0.010895 -0.372727 1.954552
v -0.019717 -0.372727 1.9588
v -0.022211 -0.379655 1.955672
v -0.011786 -0.379655 1.950652
v -0.011786 -0.379655 1.950652
v -0.022211 -0.379655 1.955672
v -0.027199 -0.379655 1.949418
v -0.013566 -0.379655 1.942852
v -0.013566 -0.379655 1.942852
v -0.027199 -0.379655 1.949418
v -0.029693 -0.372727 1.94629
v -0.014456 -0.372727 1.938953
v -0.029693 -0.372727 1.94629
v -0.040237 -0.372727 1.959512
v -0.036633 -0.365799 1.961248
v -0.027199 -0.365799 1.949418
v -0.027199 -0.365799 1.949418
v -0.036633 -0.365799 1.961248
v -0.029425 -0.365799 1.964719
v -0.022211 -0.365799 1.955672
v -0.022211 -0.365799 1.955672
v -0.029425 -0.365799 1.964719
v -0.025821 -0.372727 1.966455
v -0.019717 -0.372727 1.9588
v -0.019717 -0.372727 1.9588
v -0.025821 -0.372727 1.966455
v -0.029425 -0.379655 1.964719
v -0.022211 -0.379655 1.955672
v -0.022211 -0.379655 1.955672
v -0.029425 -0.379655 1.964719
v -0.036633 -0.379655 1.961248
v -0.027199 -0.379655 1.949418
v -0.027199 -0.379655 1.949418
v -0.036633 -0.379655 1.961248
v -0.040237 -0.372727 1.959512
v -0.029693 -0.372727 1.94629
v -0.040237 -0.372727 1.959512
v -0.044 -0.372727 1.976
v -0.04 -0.365799 1.976
v -0.036633 -0.365799 1.961248
v -0.036633 -0.365799 1.961248
v -0.04 -0.365799 1.976
v -0.032 -0.365799 1.976
v -0.029425 -0.365799 1.964719
v -0.029425 -0.365799 1.964719
v -0.032 -0.365799 1.976
v -0.028 -0.372727 1.976
v -0.025821 -0.372727 1.966455
v -0.025821 -0.372727 1.966455
v -0.028 -0.372727 1.976
v -0.032 -0.379655 1.976
v -0.029425 -0.379655 1.964719
v -0.029425 -0.379655 1.964719
v -0.032 -0.379655 1.976
v -0.04 -0.379655 1.976
v -0.036633 -0.379655 1.961248
v -0.036633 -0.379655 1.961248
v -0.04 -0.379655 1.976
v -0.044 -0.372727 1.976
v -0.040237 -0.372727 1.959512
v -0.044 -0.372727 1.976
v -0.040237 -0.372727 1.992488
v -0.036633 -0.365799 1.990752
v -0.04 -0.365799 1.976
v -0.04 -0.365799 1.976
v -0.036633 -0.365799 1.990752
v -0.029425 -0.365799 1.987281
v -0.032 -0.365799 1.976
v -0.032 -0.365799 1.976
v -0.029425 -0.365799 1.987281
v -0.025821 -0.372727 1.985545
v -0.028 -0.372727 1.976
v -0.028 -0.372727 1.976
v -0.025821 -0.372727 1.985545
v -0.029425 -0.379655 1.987281
v -0.032 -0.379655 1.976
v -0.032 -0.379655 1.976
v -0.029425 -0.379655 1.987281
v -0.036633 -0.379655 1.990752
v -0.04 -0.379655 1.976
v -0.04 -0.379655 1.976
v -0.036633 -0.379655 1.990752
v -0.040237 -0.372727 1.992488
v -0.044 -0.372727 1.976
v -0.040237 -0.372727 1.992488
v -0.029693 -0.372727 2.00571
v -0.027199 -0.365799 2.002582
v -0.036633 -0.365799 1.990752
v -0.036633 -0.365799 1.990752
v -0.027199 -0.365799 2.002582
v -0.022211 -0.365799 1.996328
v -0.029425 -0.365799 1.987281
v -0.029425 -0.365799 1.987281
v -0.022211 -0.365799 1.996328
v -0.019717 -0.372727 1.9932
v -0.025821 -0.372727 1.985545
v -0.025821 -0.372727 1.985545
v -0.019717 -0.372727 1.9932
v -0.022211 -0.379655 1.996328
v -0.029425 -0.379655 1.987281
v -0.029425 -0.379655 1.987281
v -0.022211 -0.379655 1.996328
v -0.027199 -0.379655 2.002582
v -0.036633 -0.379655 1.990752
v -0.036633 -0.379655 1.990752
v -0.027199 -0.379655 2.002582
v -0.029693 -0.372727 2.00571
v -0.040237 -0.372727 1.992488
v -0.029693 -0.372727 2.00571
v -0.014456 -0.372727 2.013047
v -0.013566 -0.365799 2.009148
v -0.027199 -0.365799 2.002582
v -0.027199 -0.365799 2.002582
v -0.013566 -0.365799 2.009148
v -0.011786 -0.365799 2.001348
v -0.022211 -0.365799 1.996328
v -0.022211 -0.365799 1.996328
v -0.011786 -0.365799 2.001348
v -0.010895 -0.372727 1.997448
v -0.019717 -0.372727 1.9932
v -0.019717 -0.372727 1.9932
v -0.010895 -0.372727 1.997448
v -0.011786 -0.379655 2.001348
v -0.022211 -0.379655 1.996328
v -0.022211 -0.379655 1.996328
v -0.011786 -0.379655 2.001348
v -0.013566 -0.379655 2.009148
v -0.027199 -0.379655 2.002582
v -0.027199 -0.379655 2.002582
v -0.013566 -0.379655 2.009148
v -0.014456 -0.372727 2.013047
v -0.029693 -0.372727 2.00571
v -0.014456 -0.372727 2.013047
v 0.002456 -0.372727 2.013047
v 0.001566 -0.365799 2.009148
v -0.013566 -0.365799 2.009148
v -0.013566 -0.365799 2.009148
v 0.001566 -0.365799 2.009148
v -0.000214 -0.365799 2.001348
v -0.011786 -0.365799 2.001348
v -0.011786 -0.365799 2.001348
v -0.000214 -0.365799 2.001348
v -0.001105 -0.372727 1.997448
v -0.010895 -0.372727 1.997448
v -0.010895 -0.372727 1.997448
v -0.001105 -0.372727 1.997448
v -0.000214 -0.379655 2.001348
v -0.011786 -0.379655 2.001348
v -0.011786 -0.379655 2.001348
v -0.000214 -0.379655 2.001348
v 0.001566 -0.379655 2.009148
v -0.013566 -0.379655 2.009148
v -0.013566 -0.379655 2.009148
v 0.001566 -0.379655 2.009148
v 0.002456 -0.372727 2.013047
v -0.014456 -0.372727 2.013047
v 0.002456 -0.372727 2.013047
v 0.017693 -0.372727 2.00571
v 0.015199 -0.365799 2.002582
v 0.001566 -0.365799 2.009148
v 0.001566 -0.365799 2.009148
v 0.015199 -0.365799 2.002582
v 0.010211 -0.365799 1.996328
v -0.000214 -0.365799 2.001348
v -0.000214 -0.365799 2.001348
v 0.010211 -0.365799 1.996328
v 0.007717 -0.372727 1.9932
v -0.001105 -0.372727 1.997448
v -0.001105 -0.372727 1.997448
v 0.007717 -0.372727 1.9932
v 0.010211 -0.379655 1.996328
v -0.000214 -0.379655 2.001348
v -0.000214 -0.379655 2.001348
v 0.010211 -0.379655 1.996328
v 0.015199 -0.379655 2.002582
v 0.001566 -0.379655 2.009148
v 0.001566 -0.379655 2.009148
v 0.015199 -0.379655 2.002582
v 0.017693 -0.372727 2.00571
v 0.002456 -0.372727 2.013047
v 0.017693 -0.372727 2.00571
v 0.028237 -0.372727 1.992488
v 0.024633 -0.365799 1.990752
v 0.015199 -0.365799 2.002582
v 0.015199 -0.365799 2.002582
v 0.024633 -0.365799 1.990752
v 0.017425 -0.365799 1.987281
v 0.010211 -0.365799 1.996328
v 0.010211 -0.365799 1.996328
v 0.017425 -0.365799 1.987281
v 0.013821 -0.372727 1.985545
v 0.007717 -0.372727 1.9932
v 0.007717 -0.372727 1.9932
v 0.013821 -0.372727 1.985545
v 0.017425 -0.379655 1.987281
v 0.010211 -0.379655 1.996328
v 0.010211 -0.379655 1.996328
v 0.017425 -0.379655 1.987281
v 0.024633 -0.379655 1.990752
v 0.015199 -0.379655 2.002582
v 0.015199 -0.379655 2.002582
v 0.024633 -0.379655 1.990752
v 0.028237 -0.372727 1.992488
v 0.017693 -0.372727 2.00571
v 0.028237 -0.372727 1.992488
v 0.032 -0.372727 1.976
v 0.028 -0.365799 1.976
v 0.024633 -0.365799 1.990752
v 0.024633 -0.365799 1.990752
v 0.028 -0.365799 1.976
v 0.02 -0.365799 1.976
v 0.017425 -0.365799 1.987281
v 0.017425 -0.365799 1.987281
v 0.02 -0.365799 1.976
v 0.016 -0.372727 1.976
v 0.013821 -0.372727 1.985545
v 0.013821 -0.372727 1.985545
v 0.016 -0.372727 1.976
v 0.02 -0.379655 1.976
v 0.017425 -0.379655 1.987281
v 0.017425 -0.379655 1.987281
v 0.02 -0.379655 1.976
v 0.028 -0.379655 1.976
v 0.024633 -0.379655 1.990752
v 0.024633 -0.379655 1.990752
v 0.028 -0.379655 1.976
v 0.032 -0.372727 1.976
v 0.028237 -0.372727 1.992488
v -0.006 -0.410727 1.928
v -0.006 -0.406964 1.911512
v 0.000928 -0.40336 1.913248
v 0.000928 -0.406727 1.928
v 0.000928 -0.406727 1.928
v 0.000928 -0.40336 1.913248
v 0.000928 -0.396152 1.916719
v 0.000928 -0.398727 1.928
v 0.000928 -0.398727 1.928
v 0.000928 -0.396152 1.916719
v -0.006 -0.392549 1.918455
v -0.006 -0.394727 1.928
v -0.006 -0.394727 1.928
v -0.006 -0.392549 1.918455
v -0.012928 -0.396152 1.916719
v -0.012928 -0.398727 1.928
v -0.012928 -0.398727 1.928
v -0.012928 -0.396152 1.916719
v -0.012928 -0.40336 1.913248
v -0.012928 -0.406727 1.928
v -0.012928 -0.406727 1.928
v -0.012928 -0.40336 1.913248
v -0.006 -0.406964 1.911512
v -0.006 -0.410727 1.928
v -0.006 -0.406964 1.911512
v -0.006 -0.39642 1.89829
v 0.000928 -0.393926 1.901418
v 0.000928 -0.40336 1.913248
v 0.000928 -0.40336 1.913248
v 0.000928 -0.393926 1.901418
v 0.000928 -0.388938 1.907672
v 0.000928 -0.396152 1.916719
v 0.000928 -0.396152 1.916719
v 0.000928 -0.388938 1.907672
v -0.006 -0.386444 1.9108
v -0.006 -0.392549 1.918455
v -0.006 -0.392549 1.918455
v -0.006 -0.386444 1.9108
v -0.012928 -0.388938 1.907672
v -0.012928 -0.396152 1.916719
v -0.012928 -0.396152 1.916719
v -0.012928 -0.388938 1.907672
v -0.012928 -0.393926 1.901418
v -0.012928 -0.40336 1.913248
v -0.012928 -0.40336 1.913248
v -0.012928 -0.393926 1.901418
v -0.006 -0.39642 1.89829
v -0.006 -0.406964 1.911512
v -0.006 -0.39642 1.89829
v -0.006 -0.381183 1.890953
v 0.000928 -0.380293 1.894852
v 0.000928 -0.393926 1.901418
v 0.000928 -0.393926 1.901418
v 0.000928 -0.380293 1.894852
v 0.000928 -0.378513 1.902652
v 0.000928 -0.388938 1.907672
v 0.000928 -0.388938 1.907672
v 0.000928 -0.378513 1.902652
v -0.006 -0.377623 1.906552
v -0.006 -0.386444 1.9108
v -0.006 -0.386444 1.9108
v -0.006 -0.377623 1.906552
v -0.012928 -0.378513 1.902652
v -0.012928 -0.388938 1.907672
v -0.012928 -0.388938 1.907672
v -0.012928 -0.378513 1.902652
v -0.012928 -0.380293 1.894852
v -0.012928 -0.393926 1.901418
v -0.012928 -0.393926 1.901418
v -0.012928 -0.380293 1.894852
v -0.006 -0.381183 1.890953
v -0.006 -0.39642 1.89829
v -0.006 -0.381183 1.890953
v -0.006 -0.364271 1.890953
v 0.000928 -0.365162 1.894852
v 0.000928 -0.380293 1.894852
v 0.000928 -0.380293 1.894852
v 0.000928 -0.365162 1.894852
v 0.000928 -0.366942 1.902652
v 0.000928 -0.378513 1.902652
v 0.000928 -0.378513 1.902652
v 0.000928 -0.366942 1.902652
v -0.006 -0.367832 1.906552
v -0.006 -0.377623 1.906552
v -0.006 -0.377623 1.906552
v -0.006 -0.367832 1.906552
v -0.012928 -0.366942 1.902652
v -0.012928 -0.378513 1.902652
v -0.012928 -0.378513 1.902652
v -0.012928 -0.366942 1.902652
v -0.012928 -0.365162 1.894852
v -0.012928 -0.380293 1.894852
v -0.012928 -0.380293 1.894852
v -0.012928 -0.365162 1.894852
v -0.006 -0.364271 1.890953
v -0.006 -0.381183 1.890953
v -0.006 -0.364271 1.890953
v -0.006 -0.349035 1.89829
v 0.000928 -0.351529 1.901418
v 0.000928 -0.365162 1.894852
v 0.000928 -0.365162 1.894852
v 0.000928 -0.351529 1.901418
v 0.000928 -0.356517 1.907672
v 0.000928 -0.366942 1.902652
v 0.000928 -0.366942 1.902652
v 0.000928 -0.356517 1.907672
v -0.006 -0.35901 1.9108
v -0.006 -0.367832 1.906552
v -0.006 -0.367832 1.906552
v -0.006 -0.35901 1.9108
v -0.012928 -0.356517 1.907672
v -0.012928 -0.366942 1.902652
v -0.012928 -0.366942 1.902652
v -0.012928 -0.356517 1.907672
v -0.012928 -0.351529 1.901418
v -0.012928 -0.365162 1.894852
v -0.012928 -0.365162 1.894852
v -0.012928 -0.351529 1.901418
v -0.006 -0.349035 1.89829
v -0.006 -0.364271 1.890953
v -0.006 -0.349035 1.89829
v -0.006 -0.33849 1.911512
v 0.000928 -0.342094 1.913248
v 0.000928 -0.351529 1.901418
v 0.000928 -0.351529 1.901418
v 0.000928 -0.342094 1.913248
v 0.000928 -0.349302 1.916719
v 0.000928 -0.356517 1.907672
v 0.000928 -0.356517 1.907672
v 0.000928 -0.349302 1.916719
v -0.006 -0.352906 1.918455
v -0.006 -0.35901 1.9108
v -0.006 -0.35901 1.9108
v -0.006 -0.352906 1.918455
v -0.012928 -0.349302 1.916719
v -0.012928 -0.356517 1.907672
v -0.012928 -0.356517 1.907672
v -0.012928 -0.349302 1.916719
v -0.012928 -0.342094 1.913248
v -0.012928 -0.351529 1.901418
v -0.012928 -0.351529 1.901418
v -0.012928 -0.342094 1.913248
v -0.006 -0.33849 1.911512
v -0.006 -0.349035 1.89829
v -0.006 -0.33849 1.911512
v -0.006 -0.334727 1.928
v 0.000928 -0.338727 1.928
v 0.000928 -0.342094 1.913248
v 0.000928 -0.342094 1.913248
v 0.000928 -0.338727 1.928
v 0.000928 -0.346727 1.928
v 0.000928 -0.349302 1.916719
v 0.000928 -0.349302 1.916719
v 0.000928 -0.346727 1.928
v -0.006 -0.350727 1.928
v -0.006 -0.352906 1.918455
v -0.006 -0.352906 1.918455
v -0.006 -0.350727 1.928
v -0.012928 -0.346727 1.928
v -0.012928 -0.349302 1.916719
v -0.012928 -0.349302 1.916719
v -0.012928 -0.346727 1.928
v -0.012928 -0.338727 1.928
v -0.012928 -0.342094 1.913248
v -0.012928 -0.342094 1.913248
v -0.012928 -0.338727 1.928
v -0.006 -0.334727 1.928
v -0.006 -0.33849 1.911512
v -0.006 -0.334727 1.928
v -0.006 -0.33849 1.944488
v 0.000928 -0.342094 1.942752
v 0.000928 -0.338727 1.928
v 0.000928 -0.338727 1.928
v 0.000928 -0.342094 1.942752
v 0.000928 -0.349302 1.939281
v 0.000928 -0.346727 1.928
v 0.000928 -0.346727 1.928
v 0.000928 -0.349302 1.939281
v -0.006 -0.352906 1.937545
v -0.006 -0.350727 1.928
v -0.006 -0.350727 1.928
v -0.006 -0.352906 1.937545
v -0.012928 -0.349302 1.939281
v -0.012928 -0.346727 1.928
v -0.012928 -0.346727 1.928
v -0.012928 -0.349302 1.939281
v -0.012928 -0.342094 1.942752
v -0.012928 -0.338727 1.928
v -0.012928 -0.338727 1.928
v -0.012928 -0.342094 1.942752
v -0.006 -0.33849 1.944488
v -0.006 -0.334727 1.928
v -0.006 -0.33849 1.944488
v -0.006 -0.349035 1.95771
v 0.000928 -0.351529 1.954582
v 0.000928 -0.342094 1.942752
v 0.000928 -0.342094 1.942752
v 0.000928 -0.351529 1.954582
v 0.000928 -0.356517 1.948328
v 0.000928 -0.349302 1.939281
v 0.000928 -0.349302 1.939281
v 0.000928 -0.356517 1.948328
v -0.006 -0.35901 1.9452
v -0.006 -0.352906 1.937545
v -0.006 -0.352906 1.937545
v -0.006 -0.35901 1.9452
v -0.012928 -0.356517 1.948328
v -0.012928 -0.349302 1.939281
v -0.012928 -0.349302 1.939281
v -0.012928 -0.356517 1.948328
v -0.012928 -0.351529 1.954582
v -0.012928 -0.342094 1.942752
v -0.012928 -0.342094 1.942752
v -0.012928 -0.351529 1.954582
v -0.006 -0.349035 1.95771
v -0.006 -0.33849 1.944488
v -0.006 -0.349035 1.95771
v -0.006 -0.364271 1.965047
v 0.000928 -0.365162 1.961148
v 0.000928 -0.351529 1.954582
v 0.000928 -0.351529 1.954582
v 0.000928 -0.365162 1.961148
v 0.000928 -0.366942 1.953348
v 0.000928 -0.356517 1.948328
v 0.000928 -0.356517 1.948328
v 0.000928 -0.366942 1.953348
v -0.006 -0.367832 1.949448
v -0.006 -0.35901 1.9452
v -0.006 -0.35901 1.9452
v -0.006 -0.367832 1.949448
v -0.012928 -0.366942 1.953348
v -0.012928 -0.356517 1.948328
v -0.012928 -0.356517 1.948328
v -0.012928 -0.366942 1.953348
v -0.012928 -0.365162 1.961148
v -0.012928 -0.351529 1.954582
v -0.012928 -0.351529 1.954582
v -0.012928 -0.365162 1.961148
v -0.006 -0.364271 1.965047
v -0.006 -0.349035 1.95771
v -0.006 -0.364271 1.965047
v -0.006 -0.381183 1.965047
v 0.000928 -0.380293 1.961148
v 0.000928 -0.365162 1.961148
v 0.000928 -0.365162 1.961148
v 0.000928 -0.380293 1.961148
v 0.000928 -0.378513 1.953348
v 0.000928 -0.366942 1.953348
v 0.000928 -0.366942 1.953348
v 0.000928 -0.378513 1.953348
v -0.006 -0.377623 1.949448
v -0.006 -0.367832 1.949448
v -0.006 -0.367832 1.949448
v -0.006 -0.377623 1.949448
v -0.012928 -0.378513 1.953348
v -0.012928 -0.366942 1.953348
v -0.012928 -0.366942 1.953348
v -0.012928 -0.378513 1.953348
v -0.012928 -0.380293 1.961148
v -0.012928 -0.365162 1.961148
v -0.012928 -0.365162 1.961148
v -0.012928 -0.380293 1.961148
v -0.006 -0.381183 1.965047
v -0.006 -0.364271 1.965047
v -0.006 -0.381183 1.965047
v -0.006 -0.39642 1.95771
v 0.000928 -0.393926 1.954582
v 0.000928 -0.380293 1.961148
v 0.000928 -0.380293 1.961148
v 0.000928 -0.393926 1.954582
v 0.000928 -0.388938 1.948328
v 0.000928 -0.378513 1.953348
v 0.000928 -0.378513 1.953348
v 0.000928 -0.388938 1.948328
v -0.006 -0.386444 1.9452
v -0.006 -0.377623 1.949448
v -0.006 -0.377623 1.949448
v -0.006 -0.386444 1.9452
v -0.012928 -0.388938 1.948328
v -0.012928 -0.378513 1.953348
v -0.012928 -0.378513 1.953348
v -0.012928 -0.388938 1.948328
v -0.012928 -0.393926 1.954582
v -0.012928 -0.380293 1.961148
v -0.012928 -0.380293 1.961148
v -0.012928 -0.393926 1.954582
v -0.006 -0.39642 1.95771
v -0.006 -0.381183 1.965047
v -0.006 -0.39642 1.95771
v -0.006 -0.406964 1.944488
v 0.000928 -0.40336 1.942752
v 0.000928 -0.393926 1.954582
v 0.000928 -0.393926 1.954582
v 0.000928 -0.40336 1.942752
v 0.000928 -0.396152 1.939281
v 0.000928 -0.388938 1.948328
v 0.000928 -0.388938 1.948328
v 0.000928 -0.396152 1.939281
v -0.006 -0.392549 1.937545
v -0.006 -0.386444 1.9452
v -0.006 -0.386444 1.9452
v -0.006 -0.392549 1.937545
v -0.012928 -0.396152 1.939281
v -0.012928 -0.388938 1.948328
v -0.012928 -0.388938 1.948328
v -0.012928 -0.396152 1.939281
v -0.012928 -0.40336 1.942752
v -0.012928 -0.393926 1.954582
v -0.012928 -0.393926 1.954582
v -0.012928 -0.40336 1.942752
v -0.006 -0.406964 1.944488
v -0.006 -0.39642 1.95771
v -0.006 -0.406964 1.944488
v -0.006 -0.410727 1.928
v 0.000928 -0.406727 1.928
v 0.000928 -0.40336 1.942752
v 0.000928 -0.40336 1.942752
v 0.000928 -0.406727 1.928
v 0.000928 -0.398727 1.928
v 0.000928 -0.396152 1.939281
v 0.000928 -0.396152 1.939281
v 0.000928 -0.398727 1.928
v -0.006 -0.394727 1.928
v -0.006 -0.392549 1.937545
v -0.006 -0.392549 1.937545
v -0.006 -0.394727 1.928
v -0.012928 -0.398727 1.928
v -0.012928 -0.396152 1.939281
v -0.012928 -0.396152 1.939281
v -0.012928 -0.398727 1.928
v -0.012928 -0.406727 1.928
v -0.012928 -0.40336 1.942752
v -0.012928 -0.40336 1.942752
v -0.012928 -0.406727 1.928
v -0.006 -0.410727 1.928
v -0.006 -0.406964 1.944488
v 0.032 -0.372727 1.88
v 0.028237 -0.372727 1.863512
v 0.024633 -0.365799 1.865248
v 0.028 -0.365799 1.88
v 0.028 -0.365799 1.88
v 0.024633 -0.365799 1.865248
v 0.017425 -0.365799 1.868719
v 0.02 -0.365799 1.88
v 0.02 -0.365799 1.88
v 0.017425 -0.365799 1.868719
v 0.013821 -0.372727 1.870455
v 0.016 -0.372727 1.88
v 0.016 -0.372727 1.88
v 0.013821 -0.372727 1.870455
v 0.017425 -0.379655 1.868719
v 0.02 -0.379655 1.88
v 0.02 -0.379655 1.88
v 0.017425 -0.379655 1.868719
v 0.024633 -0.379655 1.865248
v 0.028 -0.379655 1.88
v 0.028 -0.379655 1.88
v 0.024633 -0.379655 1.865248
v 0.028237 -0.372727 1.863512
v 0.032 -0.372727 1.88
v 0.028237 -0.372727 1.863512
v 0.017693 -0.372727 1.85029
v 0.015199 -0.365799 1.853418
v 0.024633 -0.365799 1.865248
v 0.024633 -0.365799 1.865248
v 0.015199 -0.365799 1.853418
v 0.010211 -0.365799 1.859672
v 0.017425 -0.365799 1.868719
v 0.017425 -0.365799 1.868719
v 0.010211 -0.365799 1.859672
v 0.007717 -0.372727 1.8628
v 0.013821 -0.372727 1.870455
v 0.013821 -0.372727 1.870455
v 0.007717 -0.372727 1.8628
v 0.010211 -0.379655 1.859672
v 0.017425 -0.379655 1.868719
v 0.017425 -0.379655 1.868719
v 0.010211 -0.379655 1.859672
v 0.015199 -0.379655 1.853418
v 0.024633 -0.379655 1.865248
v 0.024633 -0.379655 1.865248
v 0.015199 -0.379655 1.853418
v 0.017693 -0.372727 1.85029
v 0.028237 -0.372727 1.863512
v 0.017693 -0.372727 1.85029
v 0.002456 -0.372727 1.842953
v 0.001566 -0.365799 1.846852
v 0.015199 -0.365799 1.853418
v 0.015199 -0.365799 1.853418
v 0.001566 -0.365799 1.846852
v -0.000214 -0.365799 1.854652
v 0.010211 -0.365799 1.859672
v 0.010211 -0.365799 1.859672
v -0.000214 -0.365799 1.854652
v -0.001105 -0.372727 1.858552
v 0.007717 -0.372727 1.8628
v 0.007717 -0.372727 1.8628
v -0.001105 -0.372727 1.858552
v -0.000214 -0.379655 1.854652
v 0.010211 -0.379655 1.859672
v 0.010211 -0.379655 1.859672
v -0.000214 -0.379655 1.854652
v 0.001566 -0.379655 1.846852
v 0.015199 -0.379655 1.853418
v 0.015199 -0.379655 1.853418
v 0.001566 -0.379655 1.846852
v 0.002456 -0.372727 1.842953
v 0.017693 -0.372727 1.85029
v 0.002456 -0.372727 1.842953
v -0.014456 -0.372727 1.842953
v -0.013566 -0.365799 1.846852
v 0.001566 -0.365799 1.846852
v 0.001566 -0.365799 1.846852
v -0.013566 -0.365799 1.846852
v -0.011786 -0.365799 1.854652
v -0.000214 -0.365799 1.854652
v -0.000214 -0.365799 1.854652
v -0.011786 -0.365799 1.854652
v -0.010895 -0.372727 1.858552
v -0.001105 -0.372727 1.858552
v -0.001105 -0.372727 1.858552
v -0.010895 -0.372727 1.858552
v -0.011786 -0.379655 1.854652
v -0.000214 -0.379655 1.854652
v -0.000214 -0.379655 1.854652
v -0.011786 -0.379655 1.854652
v -0.013566 -0.379655 1.846852
v 0.001566 -0.379655 1.846852
v 0.001566 -0.379655 1.846852
v -0.013566 -0.379655 1.846852
v -0.014456 -0.372727 1.842953
v 0.002456 -0.372727 1.842953
v -0.014456 -0.372727 1.842953
v -0.029693 -0.372727 1.85029
v -0.027199 -0.365799 1.853418
v -0.013566 -0.365799 1.846852
v -0.013566 -0.365799 1.846852
v -0.027199 -0.365799 1.853418
v -0.022211 -0.365799 1.859672
v -0.011786 -0.365799 1.854652
v -0.011786 -0.365799 1.854652
v -0.022211 -0.365799 1.859672
v -0.019717 -0.372727 1.8628
v -0.010895 -0.372727 1.858552
v -0.010895 -0.372727 1.858552
v -0.019717 -0.372727 1.8628
v -0.022211 -0.379655 1.859672
v -0.011786 -0.379655 1.854652
v -0.011786 -0.379655 1.854652
v -0.022211 -0.379655 1.859672
v -0.027199 -0.379655 1.853418
v -0.013566 -0.379655 1.846852
v -0.013566 -0.379655 1.846852
v -0.027199 -0.379655 1.853418
v -0.029693 -0.372727 1.85029
v -0.014456 -0.372727 1.842953
v -0.029693 -0.372727 1.85029
v -0.040237 -0.372727 1.863512
v -0.036633 -0.365799 1.865248
v -0.027199 -0.365799 1.853418
v -0.027199 -0.365799 1.853418
v -0.036633 -0.365799 1.865248
v -0.029425 -0.365799 1.868719
v -0.022211 -0.365799 1.859672
v -0.022211 -0.365799 1.859672
v -0.029425 -0.365799 1.868719
v -0.025821 -0.372727 1.870455
v -0.019717 -0.372727 1.8628
v -0.019717 -0.372727 1.8628
v -0.025821 -0.372727 1.870455
v -0.029425 -0.379655 1.868719
v -0.022211 -0.379655 1.859672
v -0.022211 -0.379655 1.859672
v -0.029425 -0.379655 1.868719
v -0.036633 -0.379655 1.865248
v -0.027199 -0.379655 1.853418
v -0.027199 -0.379655 1.853418
v -0.036633 -0.379655 1.865248
v -0.040237 -0.372727 1.863512
v -0.029693 -0.372727 1.85029
v -0.040237 -0.372727 1.863512
v -0.044 -0.372727 1.88
v -0.04 -0.365799 1.88
v -0.036633 -0.365799 1.865248
v -0.036633 -0.365799 1.865248
v -0.04 -0.365799 1.88
v -0.032 -0.365799 1.88
v -0.029425 -0.365799 1.868719
v -0.029425 -0.365799 1.868719
v -0.032 -0.365799 1.88
v -0.028 -0.372727 1.88
v -0.025821 -0.372727 1.870455
v -0.025821 -0.372727 1.870455
v -0.028 -0.372727 1.88
v -0.032 -0.379655 1.88
v -0.029425 -0.379655 1.868719
v -0.029425 -0.379655 1.868719
v -0.032 -0.379655 1.88
v -0.04 -0.379655 1.88
v -0.036633 -0.379655 1.865248
v -0.036633 -0.379655 1.865248
v -0.04 -0.379655 1.88
v -0.044 -0.372727 1.88
v -0.040237 -0.372727 1.863512
v -0.044 -0.372727 1.88
v -0.040237 -0.372727 1.896488
v -0.036633 -0.365799 1.894752
v -0.04 -0.365799 1.88
v -0.04 -0.365799 1.88
v -0.036633 -0.365799 1.894752
v -0.029425 -0.365799 1.891281
v -0.032 -0.365799 1.88
v -0.032 -0.365799 1.88
v -0.029425 -0.365799 1.891281
v -0.025821 -0.372727 1.889545
v -0.028 -0.372727 1.88
v -0.028 -0.372727 1.88
v -0.025821 -0.372727 1.889545
v -0.029425 -0.379655 1.891281
v -0.032 -0.379655 1.88
v -0.032 -0.379655 1.88
v -0.029425 -0.379655 1.891281
v -0.036633 -0.379655 1.894752
v -0.04 -0.379655 1.88
v -0.04 -0.379655 1.88
v -0.036633 -0.379655 1.894752
v -0.040237 -0.372727 1.896488
v -0.044 -0.372727 1.88
v -0.040237 -0.372727 1.896488
v -0.029693 -0.372727 1.90971
v -0.027199 -0.365799 1.906582
v -0.036633 -0.365799 1.894752
v -0.036633 -0.365799 1.894752
v -0.027199 -0.365799 1.906582
v -0.022211 -0.365799 1.900328
v -0.029425 -0.365799 1.891281
v -0.029425 -0.365799 1.891281
v -0.022211 -0.365799 1.900328
v -0.019717 -0.372727 1.8972
v -0.025821 -0.372727 1.889545
v -0.025821 -0.372727 1.889545
v -0.019717 -0.372727 1.8972
v -0.022211 -0.379655 1.900328
v -0.029425 -0.379655 1.891281
v -0.029425 -0.379655 1.891281
v -0.022211 -0.379655 1.900328
v -0.027199 -0.379655 1.906582
v -0.036633 -0.379655 1.894752
v -0.036633 -0.379655 1.894752
v -0.027199 -0.379655 1.906582
v -0.029693 -0.372727 1.90971
v -0.040237 -0.372727 1.896488
v -0.029693 -0.372727 1.90971
v -0.014456 -0.372727 1.917047
v -0.013566 -0.365799 1.913148
v -0.027199 -0.365799 1.906582
v -0.027199 -0.365799 1.906582
v -0.013566 -0.365799 1.913148
v -0.011786 -0.365799 1.905348
v -0.022211 -0.365799 1.900328
v -0.022211 -0.365799 1.900328
v -0.011786 -0.365799 1.905348
v -0.010895 -0.372727 1.901448
v -0.019717 -0.372727 1.8972
v -0.019717 -0.372727 1.8972
v -0.010895 -0.372727 1.901448
v -0.011786 -0.379655 1.905348
v -0.022211 -0.379655 1.900328
v -0.022211 -0.379655 1.900328
v -0.011786 -0.379655 1.905348
v -0.013566 -0.379655 1.913148
v -0.027199 -0.379655 1.906582
v -0.027199 -0.379655 1.906582
v -0.013566 -0.379655 1.913148
v -0.014456 -0.372727 1.917047
v -0.029693 -0.372727 1.90971
v -0.014456 -0.372727 1.917047
v 0.002456 -0.372727 1.917047
v 0.001566 -0.365799 1.913148
v -0.013566 -0.365799 1.913148
v -0.013566 -0.365799 1.913148
v 0.001566 -0.365799 1.913148
v -0.000214 -0.365799 1.905348
v -0.011786 -0.365799 1.905348
v -0.011786 -0.365799 1.905348
v -0.000214 -0.365799 1.905348
v -0.001105 -0.372727 1.901448
v -0.010895 -0.372727 1.901448
v -0.010895 -0.372727 1.901448
v -0.001105 -0.372727 1.901448
v -0.000214 -0.379655 1.905348
v -0.011786 -0.379655 1.905348
v -0.011786 -0.379655 1.905348
v -0.000214 -0.379655 1.905348
v 0.001566 -0.379655 1.913148
v -0.013566 -0.379655 1.913148
v -0.013566 -0.379655 1.913148
v 0.001566 -0.379655 1.913148
v 0.002456 -0.372727 1.917047
v -0.014456 -0.372727 1.917047
v 0.002456 -0.372727 1.917047
v 0.017693 -0.372727 1.90971
v 0.015199 -0.365799 1.906582
v 0.001566 -0.365799 1.913148
v 0.001566 -0.365799 1.913148
v 0.015199 -0.365799 1.906582
v 0.010211 -0.365799 1.900328
v -0.000214 -0.365799 1.905348
v -0.000214 -0.365799 1.905348
v 0.010211 -0.365799 1.900328
v 0.007717 -0.372727 1.8972
v -0.001105 -0.372727 1.901448
v -0.001105 -0.372727 1.901448
v 0.007717 -0.372727 1.8972
v 0.010211 -0.379655 1.900328
v -0.000214 -0.379655 1.905348
v -0.000214 -0.379655 1.905348
v 0.010211 -0.379655 1.900328
v 0.015199 -0.379655 1.906582
v 0.001566 -0.379655 1.913148
v 0.001566 -0.379655 1.913148
v 0.015199 -0.379655 1.906582
v 0.017693 -0.372727 1.90971
v 0.002456 -0.372727 1.917047
v 0.017693 -0.372727 1.90971
v 0.028237 -0.372727 1.896488
v 0.024633 -0.365799 1.894752
v 0.015199 -0.365799 1.906582
v 0.015199 -0.365799 1.906582
v 0.024633 -0.365799 1.894752
v 0.017425 -0.365799 1.891281
v 0.010211 -0.365799 1.900328
v 0.010211 -0.365799 1.900328
v 0.017425 -0.365799 1.891281
v 0.013821 -0.372727 1.889545
v 0.007717 -0.372727 1.8972
v 0.007717 -0.372727 1.8972
v 0.013821 -0.372727 1.889545
v 0.017425 -0.379655 1.891281
v 0.010211 -0.379655 1.900328
v 0.010211 -0.379655 1.900328
v 0.017425 -0.379655 1.891281
v 0.024633 -0.379655 1.894752
v 0.015199 -0.379655 1.906582
v 0.015199 -0.379655 1.906582
v 0.024633 -0.379655 1.894752
v 0.028237 -0.372727 1.896488
v 0.017693 -0.372727 1.90971
v 0.028237 -0.372727 1.896488
v 0.032 -0.372727 1.88
v 0.028 -0.365799 1.88
v 0.024633 -0.365799 1.894752
v 0.024633 -0.365799 1.894752
v 0.028 -0.365799 1.88
v 0.02 -0.365799 1.88
v 0.017425 -0.365799 1.891281
v 0.017425 -0.365799 1.891281
v 0.02 -0.365799 1.88
v 0.016 -0.372727 1.88
v 0.013821 -0.372727 1.889545
v 0.013821 -0.372727 1.889545
v 0.016 -0.372727 1.88
v 0.02 -0.379655 1.88
v 0.017425 -0.379655 1.891281
v 0.017425 -0.379655 1.891281
v 0.02 -0.379655 1.88
v 0.028 -0.379655 1.88
v 0.024633 -0.379655 1.894752
v 0.024633 -0.379655 1.894752
v 0.028 -0.379655 1.88
v 0.032 -0.372727 1.88
v 0.028237 -0.372727 1.896488
v 0.041 -0.372727 1.826
v 0.037422 -0.372727 1.808014
v 0.033265 -0.364933 1.809736
v 0.0365 -0.364933 1.826
v 0.0365 -0.364933 1.826
v 0.033265 -0.364933 1.809736
v 0.02495 -0.364933 1.81318
v 0.0275 -0.364933 1.826
v 0.0275 -0.364933 1.826
v 0.02495 -0.364933 1.81318
v 0.020793 -0.372727 1.814902
v 0.023 -0.372727 1.826
v 0.023 -0.372727 1.826
v 0.020793 -0.372727 1.814902
v 0.02495 -0.380522 1.81318
v 0.0275 -0.380522 1.826
v 0.0275 -0.380522 1.826
v 0.02495 -0.380522 1.81318
v 0.033265 -0.380522 1.809736
v 0.0365 -0.380522 1.826
v 0.0365 -0.380522 1.826
v 0.033265 -0.380522 1.809736
v 0.037422 -0.372727 1.808014
v 0.041 -0.372727 1.826
v 0.037422 -0.372727 1.808014
v 0.027234 -0.372727 1.792766
v 0.024052 -0.364933 1.795948
v 0.033265 -0.364933 1.809736
v 0.033265 -0.364933 1.809736
v 0.024052 -0.364933 1.795948
v 0.017688 -0.364933 1.802312
v 0.02495 -0.364933 1.81318
v 0.02495 -0.364933 1.81318
v 0.017688 -0.364933 1.802312
v 0.014506 -0.372727 1.805494
v 0.020793 -0.372727 1.814902
v 0.020793 -0.372727 1.814902
v 0.014506 -0.372727 1.805494
v 0.017688 -0.380522 1.802312
v 0.02495 -0.380522 1.81318
v 0.02495 -0.380522 1.81318
v 0.017688 -0.380522 1.802312
v 0.024052 -0.380522 1.795948
v 0.033265 -0.380522 1.809736
v 0.033265 -0.380522 1.809736
v 0.024052 -0.380522 1.795948
v 0.027234 -0.372727 1.792766
v 0.037422 -0.372727 1.808014
v 0.027234 -0.372727 1.792766
v 0.011986 -0.372727 1.782578
v 0.010264 -0.364933 1.786735
v 0.024052 -0.364933 1.795948
v 0.024052 -0.364933 1.795948
v 0.010264 -0.364933 1.786735
v 0.00682 -0.364933 1.79505
v 0.017688 -0.364933 1.802312
v 0.017688 -0.364933 1.802312
v 0.00682 -0.364933 1.79505
v 0.005098 -0.372727 1.799207
v 0.014506 -0.372727 1.805494
v 0.014506 -0.372727 1.805494
v 0.005098 -0.372727 1.799207
v 0.00682 -0.380522 1.79505
v 0.017688 -0.380522 1.802312
v 0.017688 -0.380522 1.802312
v 0.00682 -0.380522 1.79505
v 0.010264 -0.380522 1.786735
v 0.024052 -0.380522 1.795948
v 0.024052 -0.380522 1.795948
v 0.010264 -0.380522 1.786735
v 0.011986 -0.372727 1.782578
v 0.027234 -0.372727 1.792766
v 0.011986 -0.372727 1.782578
v -0.006 -0.372727 1.779
v -0.006 -0.364933 1.7835
v 0.010264 -0.364933 1.786735
v 0.010264 -0.364933 1.786735
v -0.006 -0.364933 1.7835
v -0.006 -0.364933 1.7925
v 0.00682 -0.364933 1.79505
v 0.00682 -0.364933 1.79505
v -0.006 -0.364933 1.7925
v -0.006 -0.372727 1.797
v 0.005098 -0.372727 1.799207
v 0.005098 -0.372727 1.799207
v -0.006 -0.372727 1.797
v -0.006 -0.380522 1.7925
v 0.00682 -0.380522 1.79505
v 0.00682 -0.380522 1.79505
v -0.006 -0.380522 1.7925
v -0.006 -0.380522 1.7835
v 0.010264 -0.380522 1.786735
v 0.010264 -0.380522 1.786735
v -0.006 -0.380522 1.7835
v -0.006 -0.372727 1.779
v 0.011986 -0.372727 1.782578
v -0.006 -0.372727 1.779
v -0.023986 -0.372727 1.782578
v -0.022264 -0.364933 1.786735
v -0.006 -0.364933 1.7835
v -0.006 -0.364933 1.7835
v -0.022264 -0.364933 1.786735
v -0.01882 -0.364933 1.79505
v -0.006 -0.364933 1.7925
v -0.006 -0.364933 1.7925
v -0.01882 -0.364933 1.79505
v -0.017098 -0.372727 1.799207
v -0.006 -0.372727 1.797
v -0.006 -0.372727 1.797
v -0.017098 -0.372727 1.799207
v -0.01882 -0.380522 1.79505
v -0.006 -0.380522 1.7925
v -0.006 -0.380522 1.7925
v -0.01882 -0.380522 1.79505
v -0.022264 -0.380522 1.786735
v -0.006 -0.380522 1.7835
v -0.006 -0.380522 1.7835
v -0.022264 -0.380522 1.786735
v -0.023986 -0.372727 1.782578
v -0.006 -0.372727 1.779
v -0.023986 -0.372727 1.782578
v -0.039234 -0.372727 1.792766
v -0.036052 -0.364933 1.795948
v -0.022264 -0.364933 1.786735
v -0.022264 -0.364933 1.786735
v -0.036052 -0.364933 1.795948
v -0.029688 -0.364933 1.802312
v -0.01882 -0.364933 1.79505
v -0.01882 -0.364933 1.79505
v -0.029688 -0.364933 1.802312
v -0.026506 -0.372727 1.805494
v -0.017098 -0.372727 1.799207
v -0.017098 -0.372727 1.799207
v -0.026506 -0.372727 1.805494
v -0.029688 -0.380522 1.802312
v -0.01882 -0.380522 1.79505
v -0.01882 -0.380522 1.79505
v -0.029688 -0.380522 1.802312
v -0.036052 -0.380522 1.795948
v -0.022264 -0.380522 1.786735
v -0.022264 -0.380522 1.786735
v -0.036052 -0.380522 1.795948
v -0.039234 -0.372727 1.792766
v -0.023986 -0.372727 1.782578
v -0.039234 -0.372727 1.792766
v -0.049422 -0.372727 1.808014
v -0.045265 -0.364933 1.809736
v -0.036052 -0.364933 1.795948
v -0.036052 -0.364933 1.795948
v -0.045265 -0.364933 1.809736
v -0.03695 -0.364933 1.81318
v -0.029688 -0.364933 1.802312
v -0.029688 -0.364933 1.802312
v -0.03695 -0.364933 1.81318
v -0.032793 -0.372727 1.814902
v -0.026506 -0.372727 1.805494
v -0.026506 -0.372727 1.805494
v -0.032793 -0.372727 1.814902
v -0.03695 -0.380522 1.81318
v -0.029688 -0.380522 1.802312
v -0.029688 -0.380522 1.802312
v -0.03695 -0.380522 1.81318
v -0.045265 -0.380522 1.809736
v -0.036052 -0.380522 1.795948
v -0.036052 -0.380522 1.795948
v -0.045265 -0.380522 1.809736
v -0.049422 -0.372727 1.808014
v -0.039234 -0.372727 1.792766
v -0.049422 -0.372727 1.808014
v -0.053 -0.372727 1.826
v -0.0485 -0.364933 1.826
v -0.045265 -0.364933 1.809736
v -0.045265 -0.364933 1.809736
v -0.0485 -0.364933 1.826
v -0.0395 -0.364933 1.826
v -0.03695 -0.364933 1.81318
v -0.03695 -0.364933 1.81318
v -0.0395 -0.364933 1.826
v -0.035 -0.372727 1.826
v -0.032793 -0.372727 1.814902
v -0.032793 -0.372727 1.814902
v -0.035 -0.372727 1.826
v -0.0395 -0.380522 1.826
v -0.03695 -0.380522 1.81318
v -0.03695 -0.380522 1.81318
v -0.0395 -0.380522 1.826
v -0.0485 -0.380522 1.826
v -0.045265 -0.380522 1.809736
v -0.045265 -0.380522 1.809736
v -0.0485 -0.380522 1.826
v -0.053 -0.372727 1.826
v -0.049422 -0.372727 1.808014
v -0.053 -0.372727 1.826
v -0.049422 -0.372727 1.843986
v -0.045265 -0.364933 1.842264
v -0.0485 -0.364933 1.826
v -0.0485 -0.364933 1.826
v -0.045265 -0.364933 1.842264
v -0.03695 -0.364933 1.83882
v -0.0395 -0.364933 1.826
v -0.0395 -0.364933 1.826
v -0.03695 -0.364933 1.83882
v -0.032793 -0.372727 1.837098
v -0.035 -0.372727 1.826
v -0.035 -0.372727 1.826
v -0.032793 -0.372727 1.837098
v -0.03695 -0.380522 1.83882
v -0.0395 -0.380522 1.826
v -0.0395 -0.380522 1.826
v -0.03695 -0.380522 1.83882
v -0.045265 -0.380522 1.842264
v -0.0485 -0.380522 1.826
v -0.0485 -0.380522 1.826
v -0.045265 -0.380522 1.842264
v -0.049422 -0.372727 1.843986
v -0.053 -0.372727 1.826
v -0.049422 -0.372727 1.843986
v -0.039234 -0.372727 1.859234
v -0.036052 -0.364933 1.856052
v -0.045265 -0.364933 1.842264
v -0.045265 -0.364933 1.842264
v -0.036052 -0.364933 1.856052
v -0.029688 -0.364933 1.849688
v -0.03695 -0.364933 1.83882
v -0.03695 -0.364933 1.83882
v -0.029688 -0.364933 1.849688
v -0.026506 -0.372727 1.846506
v -0.032793 -0.372727 1.837098
v -0.032793 -0.372727 1.837098
v -0.026506 -0.372727 1.846506
v -0.029688 -0.380522 1.849688
v -0.03695 -0.380522 1.83882
v -0.03695 -0.380522 1.83882
v -0.029688 -0.380522 1.849688
v -0.036052 -0.380522 1.856052
v -0.045265 -0.380522 1.842264
v -0.045265 -0.380522 1.842264
v -0.036052 -0.380522 1.856052
v -0.039234 -0.372727 1.859234
v -0.049422 -0.372727 1.843986
v -0.039234 -0.372727 1.859234
v -0.023986 -0.372727 1.869422
v -0.022264 -0.364933 1.865265
v -0.036052 -0.364933 1.856052
v -0.036052 -0.364933 1.856052
v -0.022264 -0.364933 1.865265
v -0.01882 -0.364933 1.85695
v -0.029688 -0.364933 1.849688
v -0.029688 -0.364933 1.849688
v -0.01882 -0.364933 1.85695
v -0.017098 -0.372727 1.852793
v -0.026506 -0.372727 1.846506
v -0.026506 -0.372727 1.846506
v -0.017098 -0.372727 1.852793
v -0.01882 -0.380522 1.85695
v -0.029688 -0.380522 1.849688
v -0.029688 -0.380522 1.849688
v -0.01882 -0.380522 1.85695
v -0.022264 -0.380522 1.865265
v -0.036052 -0.380522 1.856052
v -0.036052 -0.380522 1.856052
v -0.022264 -0.380522 1.865265
v -0.023986 -0.372727 1.869422
v -0.039234 -0.372727 1.859234
v -0.023986 -0.372727 1.869422
v -0.006 -0.372727 1.873
v -0.006 -0.364933 1.8685
v -0.022264 -0.364933 1.865265
v -0.022264 -0.364933 1.865265
v -0.006 -0.364933 1.8685
v -0.006 -0.364933 1.8595
v -0.01882 -0.364933 1.85695
v -0.01882 -0.364933 1.85695
v -0.006 -0.364933 1.8595
v -0.006 -0.372727 1.855
v -0.017098 -0.372727 1.852793
v -0.017098 -0.372727 1.852793
v -0.006 -0.372727 1.855
v -0.006 -0.380522 1.8595
v -0.01882 -0.380522 1.85695
v -0.01882 -0.380522 1.85695
v -0.006 -0.380522 1.8595
v -0.006 -0.380522 1.8685
v -0.022264 -0.380522 1.865265
v -0.022264 -0.380522 1.865265
v -0.006 -0.380522 1.8685
v -0.006 -0.372727 1.873
v -0.023986 -0.372727 1.869422
v -0.006 -0.372727 1.873
v 0.011986 -0.372727 1.869422
v 0.010264 -0.364933 1.865265
v -0.006 -0.364933 1.8685
v -0.006 -0.364933 1.8685
v 0.010264 -0.364933 1.865265
v 0.00682 -0.364933 1.85695
v -0.006 -0.364933 1.8595
v -0.006 -0.364933 1.8595
v 0.00682 -0.364933 1.85695
v 0.005098 -0.372727 1.852793
v -0.006 -0.372727 1.855
v -0.006 -0.372727 1.855
v 0.005098 -0.372727 1.852793
v 0.00682 -0.380522 1.85695
v -0.006 -0.380522 1.8595
v -0.006 -0.380522 1.8595
v 0.00682 -0.380522 1.85695
v 0.010264 -0.380522 1.865265
v -0.006 -0.380522 1.8685
v -0.006 -0.380522 1.8685
v 0.010264 -0.380522 1.865265
v 0.011986 -0.372727 1.869422
v -0.006 -0.372727 1.873
v 0.011986 -0.372727 1.869422
v 0.027234 -0.372727 1.859234
v 0.024052 -0.364933 1.856052
v 0.010264 -0.364933 1.865265
v 0.010264 -0.364933 1.865265
v 0.024052 -0.364933 1.856052
v 0.017688 -0.364933 1.849688
v 0.00682 -0.364933 1.85695
v 0.00682 -0.364933 1.85695
v 0.017688 -0.364933 1.849688
v 0.014506 -0.372727 1.846506
v 0.005098 -0.372727 1.852793
v 0.005098 -0.372727 1.852793
v 0.014506 -0.372727 1.846506
v 0.017688 -0.380522 1.849688
v 0.00682 -0.380522 1.85695
v 0.00682 -0.380522 1.85695
v 0.017688 -0.380522 1.849688
v 0.024052 -0.380522 1.856052
v 0.010264 -0.380522 1.865265
v 0.010264 -0.380522 1.865265
v 0.024052 -0.380522 1.856052
v 0.027234 -0.372727 1.859234
v 0.011986 -0.372727 1.869422
v 0.027234 -0.372727 1.859234
v 0.037422 -0.372727 1.843986
v 0.033265 -0.364933 1.842264
v 0.024052 -0.364933 1.856052
v 0.024052 -0.364933 1.856052
v 0.033265 -0.364933 1.842264
v 0.02495 -0.364933 1.83882
v 0.017688 -0.364933 1.849688
v 0.017688 -0.364933 1.849688
v 0.02495 -0.364933 1.83882
v 0.020793 -0.372727 1.837098
v 0.014506 -0.372727 1.846506
v 0.014506 -0.372727 1.846506
v 0.020793 -0.372727 1.837098
v 0.02495 -0.380522 1.83882
v 0.017688 -0.380522 1.849688
v 0.017688 -0.380522 1.849688
v 0.02495 -0.380522 1.83882
v 0.033265 -0.380522 1.842264
v 0.024052 -0.380522 1.856052
v 0.024052 -0.380522 1.856052
v 0.033265 -0.380522 1.842264
v 0.037422 -0.372727 1.843986
v 0.027234 -0.372727 1.859234
v 0.037422 -0.372727 1.843986
v 0.041 -0.372727 1.826
v 0.0365 -0.364933 1.826
v 0.033265 -0.364933 1.842264
v 0.033265 -0.364933 1.842264
v 0.0365 -0.364933 1.826
v 0.0275 -0.364933 1.826
v 0.02495 -0.364933 1.83882
v 0.02495 -0.364933 1.83882
v 0.0275 -0.364933 1.826
v 0.023 -0.372727 1.826
v 0.020793 -0.372727 1.837098
v 0.020793 -0.372727 1.837098
v 0.023 -0.372727 1.826
v 0.0275 -0.380522 1.826
v 0.02495 -0.380522 1.83882
v 0.02495 -0.380522 1.83882
v 0.0275 -0.380522 1.826
v 0.0365 -0.380522 1.826
v 0.033265 -0.380522 1.842264
v 0.033265 -0.380522 1.842264
v 0.0365 -0.380522 1.826
v 0.041 -0.372727 1.826
v 0.037422 -0.372727 1.843986
v -0.066 -0.390227 1.7935
v -0.066 -0.355227 1.7935
v -0.066 -0.355227 1.7485
v -0.066 -0.390227 1.7485
v 0.054 -0.390227 1.7485
v 0.054 -0.355227 1.7485
v 0.054 -0.355227 1.7935
v 0.054 -0.390227 1.7935
v -0.056 -0.400227 1.7485
v 0.044 -0.400227 1.7485
v 0.044 -0.400227 1.7935
v -0.056 -0.400227 1.7935
v -0.056 -0.345227 1.7935
v 0.044 -0.345227 1.7935
v 0.044 -0.345227 1.7485
v -0.056 -0.345227 1.7485
v -0.056 -0.355227 1.7385
v 0.044 -0.355227 1.7385
v 0.044 -0.390227 1.7385
v -0.056 -0.390227 1.7385
v -0.056 -0.390227 1.8035
v 0.044 -0.390227 1.8035
v 0.044 -0.355227 1.8035
v -0.056 -0.355227 1.8035
v -0.066 -0.390227 1.7485
v -0.056 -0.400227 1.7485
v -0.056 -0.400227 1.7935
v -0.066 -0.390227 1.7935
v -0.066 -0.355227 1.7935
v -0.056 -0.345227 1.7935
v -0.056 -0.345227 1.7485
v -0.066 -0.355227 1.7485
v 0.054 -0.390227 1.7935
v 0.044 -0.400227 1.7935
v 0.044 -0.400227 1.7485
v 0.054 -0.390227 1.7485
v 0.054 -0.355227 1.7485
v 0.044 -0.345227 1.7485
v 0.044 -0.345227 1.7935
v 0.054 -0.355227 1.7935
v -0.066 -0.355227 1.7485
v -0.056 -0.355227 1.7385
v -0.056 -0.390227 1.7385
v -0.066 -0.390227 1.7485
v -0.066 -0.390227 1.7935
v -0.056 -0.390227 1.8035
v -0.056 -0.355227 1.8035
v -0.066 -0.355227 1.7935
v 0.054 -0.390227 1.7485
v 0.044 -0.390227 1.7385
v 0.044 -0.355227 1.7385
v 0.054 -0.355227 1.7485
v 0.054 -0.355227 1.7935
v 0.044 -0.355227 1.8035
v 0.044 -0.390227 1.8035
v 0.054 -0.390227 1.7935
v -0.056 -0.400227 1.7485
v -0.056 -0.390227 1.7385
v 0.044 -0.390227 1.7385
v 0.044 -0.400227 1.7485
v 0.044 -0.400227 1.7935
v 0.044 -0.390227 1.8035
v -0.056 -0.390227 1.8035
v -0.056 -0.400227 1.7935
v 0.044 -0.345227 1.7485
v 0.044 -0.355227 1.7385
v -0.056 -0.355227 1.7385
v -0.056 -0.345227 1.7485
v -0.056 -0.345227 1.7935
v -0.056 -0.355227 1.8035
v 0.044 -0.355227 1.8035
v 0.044 -0.345227 1.7935
v -0.056 -0.390227 1.7385
v -0.056 -0.400227 1.7485
v -0.066 -0.390227 1.7485
v -0.066 -0.390227 1.7935
v -0.056 -0.400227 1.7935
v -0.056 -0.390227 1.8035
v -0.066 -0.355227 1.7485
v -0.056 -0.345227 1.7485
v -0.056 -0.355227 1.7385
v -0.056 -0.355227 1.8035
v -0.056 -0.345227 1.7935
v -0.066 -0.355227 1.7935
v 0.054 -0.390227 1.7485
v 0.044 -0.400227 1.7485
v 0.044 -0.390227 1.7385
v 0.044 -0.390227 1.8035
v 0.044 -0.400227 1.7935
v 0.054 -0.390227 1.7935
v 0.044 -0.355227 1.7385
v 0.044 -0.345227 1.7485
v 0.054 -0.355227 1.7485
v 0.054 -0.355227 1.7935
v 0.044 -0.345227 1.7935
v 0.044 -0.355227 1.8035
v -0.236 -0.378777 1.90105
v -0.236 -0.366677 1.90105
v -0.236 -0.366677 1.29095
v -0.236 -0.378777 1.29095
v 0.224 -0.378777 1.29095
v 0.224 -0.366677 1.29095
v 0.224 -0.366677 1.90105
v 0.224 -0.378777 1.90105
v -0.23105 -0.383727 1.29095
v 0.21905 -0.383727 1.29095
v 0.21905 -0.383727 1.90105
v -0.23105 -0.383727 1.90105
v -0.23105 -0.361727 1.90105
v 0.21905 -0.361727 1.90105
v 0.21905 -0.361727 1.29095
v -0.23105 -0.361727 1.29095
v -0.23105 -0.366677 1.286
v 0.21905 -0.366677 1.286
v 0.21905 -0.378777 1.286
v -0.23105 -0.378777 1.286
v -0.23105 -0.378777 1.906
v 0.21905 -0.378777 1.906
v 0.21905 -0.366677 1.906
v -0.23105 -0.366677 1.906
v -0.236 -0.378777 1.29095
v -0.23105 -0.383727 1.29095
v -0.23105 -0.383727 1.90105
v -0.236 -0.378777 1.90105
v -0.236 -0.366677 1.90105
v -0.23105 -0.361727 1.90105
v -0.23105 -0.361727 1.29095
v -0.236 -0.366677 1.29095
v 0.224 -0.378777 1.90105
v 0.21905 -0.383727 1.90105
v 0.21905 -0.383727 1.29095
v 0.224 -0.378777 1.29095
v 0.224 -0.366677 1.29095
v 0.21905 -0.361727 1.29095
v 0.21905 -0.361727 1.90105
v 0.224 -0.366677 1.90105
v -0.236 -0.366677 1.29095
v -0.23105 -0.366677 1.286
v -0.23105 -0.378777 1.286
v -0.236 -0.378777 1.29095
v -0.236 -0.378777 1.90105
v -0.23105 -0.378777 1.906
v -0.23105 -0.366677 1.906
v -0.236 -0.366677 1.90105
v 0.224 -0.378777 1.29095
v 0.21905 -0.378777 1.286
v 0.21905 -0.366677 1.286
v 0.224 -0.366677 1.29095
v 0.224 -0.366677 1.90105
v 0.21905 -0.366677 1.906
v 0.21905 -0.378777 1.906
v 0.224 -0.378777 1.90105
v -0.23105 -0.383727 1.29095
v -0.23105 -0.378777 1.286
v 0.21905 -0.378777 1.286
v 0.21905 -0.383727 1.29095
v 0.21905 -0.383727 1.90105
v 0.21905 -0.378777 1.906
v -0.23105 -0.378777 1.906
v -0.23105 -0.383727 1.90105
v 0.21905 -0.361727 1.29095
v 0.21905 -0.366677 1.286
v -0.23105 -0.366677 1.286
v -0.23105 -0.361727 1.29095
v -0.23105 -0.361727 1.90105
v -0.23105 -0.366677 1.906
v 0.21905 -0.366677 1.906
v 0.21905 -0.361727 1.90105
v -0.23105 -0.378777 1.286
v -0.23105 -0.383727 1.29095
v -0.236 -0.378777 1.29095
v -0.236 -0.378777 1.90105
v -0.23105 -0.383727 1.90105
v -0.23105 -0.378777 1.906
v -0.236 -0.366677 1.29095
v -0.23105 -0.361727 1.29095
v -0.23105 -0.366677 1.286
v -0.23105 -0.366677 1.906
v -0.23105 -0.361727 1.90105
v -0.236 -0.366677 1.90105
v 0.224 -0.378777 1.29095
v 0.21905 -0.383727 1.29095
v 0.21905 -0.378777 1.286
v 0.21905 -0.378777 1.906
v 0.21905 -0.383727 1.90105
v 0.224 -0.378777 1.90105
v 0.21905 -0.366677 1.286
v 0.21905 -0.361727 1.29095
v 0.224 -0.366677 1.29095
v 0.224 -0.366677 1.90105
v 0.21905 -0.361727 1.90105
v 0.21905 -0.366677 1.906
v -0.176 -0.388202 1.871475
v -0.176 -0.383252 1.871475
v -0.176 -0.383252 1.830525
v -0.176 -0.388202 1.830525
v 0.164 -0.388202 1.830525
v 0.164 -0.383252 1.830525
v 0.164 -0.383252 1.871475
v 0.164 -0.388202 1.871475
v -0.173975 -0.390227 1.830525
v 0.161975 -0.390227 1.830525
v 0.161975 -0.390227 1.871475
v -0.173975 -0.390227 1.871475
v -0.173975 -0.381227 1.871475
v 0.161975 -0.381227 1.871475
v 0.161975 -0.381227 1.830525
v -0.173975 -0.381227 1.830525
v -0.173975 -0.383252 1.8285
v 0.161975 -0.383252 1.8285
v 0.161975 -0.388202 1.8285
v -0.173975 -0.388202 1.8285
v -0.173975 -0.388202 1.8735
v 0.161975 -0.388202 1.8735
v 0.161975 -0.383252 1.8735
v -0.173975 -0.383252 1.8735
v -0.176 -0.388202 1.830525
v -0.173975 -0.390227 1.830525
v -0.173975 -0.390227 1.871475
v -0.176 -0.388202 1.871475
v -0.176 -0.383252 1.871475
v -0.173975 -0.381227 1.871475
v -0.173975 -0.381227 1.830525
v -0.176 -0.383252 1.830525
v 0.164 -0.388202 1.871475
v 0.161975 -0.390227 1.871475
v 0.161975 -0.390227 1.830525
v 0.164 -0.388202 1.830525
v 0.164 -0.383252 1.830525
v 0.161975 -0.381227 1.830525
v 0.161975 -0.381227 1.871475
v 0.164 -0.383252 1.871475
v -0.176 -0.383252 1.830525
v -0.173975 -0.383252 1.8285
v -0.173975 -0.388202 1.8285
v -0.176 -0.388202 1.830525
v -0.176 -0.388202 1.871475
v -0.173975 -0.388202 1.8735
v -0.173975 -0.383252 1.8735
v -0.176 -0.383252 1.871475
v 0.164 -0.388202 1.830525
v 0.161975 -0.388202 1.8285
v 0.161975 -0.383252 1.8285
v 0.164 -0.383252 1.830525
v 0.164 -0.383252 1.871475
v 0.161975 -0.383252 1.8735
v 0.161975 -0.388202 1.8735
v 0.164 -0.388202 1.871475
v -0.173975 -0.390227 1.830525
v -0.173975 -0.388202 1.8285
v 0.161975 -0.388202 1.8285
v 0.161975 -0.390227 1.830525
v 0.161975 -0.390227 1.871475
v 0.161975 -0.388202 1.8735
v -0.173975 -0.388202 1.8735
v -0.173975 -0.390227 1.871475
v 0.161975 -0.381227 1.830525
v 0.161975 -0.383252 1.8285
v -0.173975 -0.383252 1.8285
v -0.173975 -0.381227 1.830525
v -0.173975 -0.381227 1.871475
v -0.173975 -0.383252 1.8735
v 0.161975 -0.383252 1.8735
v 0.161975 -0.381227 1.871475
v -0.173975 -0.388202 1.8285
v -0.173975 -0.390227 1.830525
v -0.176 -0.388202 1.830525
v -0.176 -0.388202 1.871475
v -0.173975 -0.390227 1.871475
v -0.173975 -0.388202 1.8735
v -0.176 -0.383252 1.830525
v -0.173975 -0.381227 1.830525
v -0.173975 -0.383252 1.8285
v -0.173975 -0.383252 1.8735
v -0.173975 -0.381227 1.871475
v -0.176 -0.383252 1.871475
v 0.164 -0.388202 1.830525
v 0.161975 -0.390227 1.830525
v 0.161975 -0.388202 1.8285
v 0.161975 -0.388202 1.8735
v 0.161975 -0.390227 1.871475
v 0.164 -0.388202 1.871475
v 0.161975 -0.383252 1.8285
v 0.161975 -0.381227 1.830525
v 0.164 -0.383252 1.830525
v 0.164 -0.383252 1.871475
v 0.161975 -0.381227 1.871475
v 0.161975 -0.383252 1.8735
v -0.1585 -0.389202 1.793975
v -0.1585 -0.384252 1.793975
v -0.1585 -0.384252 1.438025
v -0.1585 -0.389202 1.438025
v -0.1335 -0.389202 1.438025
v -0.1335 -0.384252 1.438025
v -0.1335 -0.384252 1.793975
v -0.1335 -0.389202 1.793975
v -0.156475 -0.391227 1.438025
v -0.135525 -0.391227 1.438025
v -0.135525 -0.391227 1.793975
v -0.156475 -0.391227 1.793975
v -0.156475 -0.382227 1.793975
v -0.135525 -0.382227 1.793975
v -0.135525 -0.382227 1.438025
v -0.156475 -0.382227 1.438025
v -0.156475 -0.384252 1.436
v -0.135525 -0.384252 1.436
v -0.135525 -0.389202 1.436
v -0.156475 -0.389202 1.436
v -0.156475 -0.389202 1.796
v -0.135525 -0.389202 1.796
v -0.135525 -0.384252 1.796
v -0.156475 -0.384252 1.796
v -0.1585 -0.389202 1.438025
v -0.156475 -0.391227 1.438025
v -0.156475 -0.391227 1.793975
v -0.1585 -0.389202 1.793975
v -0.1585 -0.384252 1.793975
v -0.156475 -0.382227 1.793975
v -0.156475 -0.382227 1.438025
v -0.1585 -0.384252 1.438025
v -0.1335 -0.389202 1.793975
v -0.135525 -0.391227 1.793975
v -0.135525 -0.391227 1.438025
v -0.1335 -0.389202 1.438025
v -0.1335 -0.384252 1.438025
v -0.135525 -0.382227 1.438025
v -0.135525 -0.382227 1.793975
v -0.1335 -0.384252 1.793975
v -0.1585 -0.384252 1.438025
v -0.156475 -0.384252 1.436
v -0.156475 -0.389202 1.436
v -0.1585 -0.389202 1.438025
v -0.1585 -0.389202 1.793975
v -0.156475 -0.389202 1.796
v -0.156475 -0.384252 1.796
v -0.1585 -0.384252 1.793975
v -0.1335 -0.389202 1.438025
v -0.135525 -0.389202 1.436
v -0.135525 -0.384252 1.436
v -0.1335 -0.384252 1.438025
v -0.1335 -0.384252 1.793975
v -0.135525 -0.384252 1.796
v -0.135525 -0.389202 1.796
v -0.1335 -0.389202 1.793975
v -0.156475 -0.391227 1.438025
v -0.156475 -0.389202 1.436
v -0.135525 -0.389202 1.436
v -0.135525 -0.391227 1.438025
v -0.135525 -0.391227 1.793975
v -0.135525 -0.389202 1.796
v -0.156475 -0.389202 1.796
v -0.156475 -0.391227 1.793975
v -0.135525 -0.382227 1.438025
v -0.135525 -0.384252 1.436
v -0.156475 -0.384252 1.436
v -0.156475 -0.382227 1.438025
v -0.156475 -0.382227 1.793975
v -0.156475 -0.384252 1.796
v -0.135525 -0.384252 1.796
v -0.135525 -0.382227 1.793975
v -0.156475 -0.389202 1.436
v -0.156475 -0.391227 1.438025
v -0.1585 -0.389202 1.438025
v -0.1585 -0.389202 1.793975
v -0.156475 -0.391227 1.793975
v -0.156475 -0.389202 1.796
v -0.1585 -0.384252 1.438025
v -0.156475 -0.382227 1.438025
v -0.156475 -0.384252 1.436
v -0.156475 -0.384252 1.796
v -0.156475 -0.382227 1.793975
v -0.1585 -0.384252 1.793975
v -0.1335 -0.389202 1.438025
v -0.135525 -0.391227 1.438025
v -0.135525 -0.389202 1.436
v -0.135525 -0.389202 1.796
v -0.135525 -0.391227 1.793975
v -0.1335 -0.389202 1.793975
v -0.135525 -0.384252 1.436
v -0.135525 -0.382227 1.438025
v -0.1335 -0.384252 1.438025
v -0.1335 -0.384252 1.793975
v -0.135525 -0.382227 1.793975
v -0.135525 -0.384252 1.796
v 0.113 -0.389202 1.723975
v 0.113 -0.384252 1.723975
v 0.113 -0.384252 1.428025
v 0.113 -0.389202 1.428025
v 0.135 -0.389202 1.428025
v 0.135 -0.384252 1.428025
v 0.135 -0.384252 1.723975
v 0.135 -0.389202 1.723975
v 0.115025 -0.391227 1.428025
v 0.132975 -0.391227 1.428025
v 0.132975 -0.391227 1.723975
v 0.115025 -0.391227 1.723975
v 0.115025 -0.382227 1.723975
v 0.132975 -0.382227 1.723975
v 0.132975 -0.382227 1.428025
v 0.115025 -0.382227 1.428025
v 0.115025 -0.384252 1.426
v 0.132975 -0.384252 1.426
v 0.132975 -0.389202 1.426
v 0.115025 -0.389202 1.426
v 0.115025 -0.389202 1.726
v 0.132975 -0.389202 1.726
v 0.132975 -0.384252 1.726
v 0.115025 -0.384252 1.726
v 0.113 -0.389202 1.428025
v 0.115025 -0.391227 1.428025
v 0.115025 -0.391227 1.723975
v 0.113 -0.389202 1.723975
v 0.113 -0.384252 1.723975
v 0.115025 -0.382227 1.723975
v 0.115025 -0.382227 1.428025
v 0.113 -0.384252 1.428025
v 0.135 -0.389202 1.723975
v 0.132975 -0.391227 1.723975
v 0.132975 -0.391227 1.428025
v 0.135 -0.389202 1.428025
v 0.135 -0.384252 1.428025
v 0.132975 -0.382227 1.428025
v 0.132975 -0.382227 1.723975
v 0.135 -0.384252 1.723975
v 0.113 -0.384252 1.428025
v 0.115025 -0.384252 1.426
v 0.115025 -0.389202 1.426
v 0.113 -0.389202 1.428025
v 0.113 -0.389202 1.723975
v 0.115025 -0.389202 1.726
v 0.115025 -0.384252 1.726
v 0.113 -0.384252 1.723975
v 0.135 -0.389202 1.428025
v 0.132975 -0.389202 1.426
v 0.132975 -0.384252 1.426
v 0.135 -0.384252 1.428025
v 0.135 -0.384252 1.723975
v 0.132975 -0.384252 1.726
v 0.132975 -0.389202 1.726
v 0.135 -0.389202 1.723975
v 0.115025 -0.391227 1.428025
v 0.115025 -0.389202 1.426
v 0.132975 -0.389202 1.426
v 0.132975 -0.391227 1.428025
v 0.132975 -0.391227 1.723975
v 0.132975 -0.389202 1.726
v 0.115025 -0.389202 1.726
v 0.115025 -0.391227 1.723975
v 0.132975 -0.382227 1.428025
v 0.132975 -0.384252 1.426
v 0.115025 -0.384252 1.426
v 0.115025 -0.382227 1.428025
v 0.115025 -0.382227 1.723975
v 0.115025 -0.384252 1.726
v 0.132975 -0.384252 1.726
v 0.132975 -0.382227 1.723975
v 0.115025 -0.389202 1.426
v 0.115025 -0.391227 1.428025
v 0.113 -0.389202 1.428025
v 0.113 -0.389202 1.723975
v 0.115025 -0.391227 1.723975
v 0.115025 -0.389202 1.726
v 0.113 -0.384252 1.428025
v 0.115025 -0.382227 1.428025
v 0.115025 -0.384252 1.426
v 0.115025 -0.384252 1.726
v 0.115025 -0.382227 1.723975
v 0.113 -0.384252 1.723975
v 0.135 -0.389202 1.428025
v 0.132975 -0.391227 1.428025
v 0.132975 -0.389202 1.426
v 0.132975 -0.389202 1.726
v 0.132975 -0.391227 1.723975
v 0.135 -0.389202 1.723975
v 0.132975 -0.384252 1.426
v 0.132975 -0.382227 1.428025
v 0.135 -0.384252 1.428025
v 0.135 -0.384252 1.723975
v 0.132975 -0.382227 1.723975
v 0.132975 -0.384252 1.726
v -0.161 -0.389202 1.474975
v -0.161 -0.384252 1.474975
v -0.161 -0.384252 1.457025
v -0.161 -0.389202 1.457025
v 0.149 -0.389202 1.457025
v 0.149 -0.384252 1.457025
v 0.149 -0.384252 1.474975
v 0.149 -0.389202 1.474975
v -0.158975 -0.391227 1.457025
v 0.146975 -0.391227 1.457025
v 0.146975 -0.391227 1.474975
v -0.158975 -0.391227 1.474975
v -0.158975 -0.382227 1.474975
v 0.146975 -0.382227 1.474975
v 0.146975 -0.382227 1.457025
v -0.158975 -0.382227 1.457025
v -0.158975 -0.384252 1.455
v 0.146975 -0.384252 1.455
v 0.146975 -0.389202 1.455
v -0.158975 -0.389202 1.455
v -0.158975 -0.389202 1.477
v 0.146975 -0.389202 1.477
v 0.146975 -0.384252 1.477
v -0.158975 -0.384252 1.477
v -0.161 -0.389202 1.457025
v -0.158975 -0.391227 1.457025
v -0.158975 -0.391227 1.474975
v -0.161 -0.389202 1.474975
v -0.161 -0.384252 1.474975
v -0.158975 -0.382227 1.474975
v -0.158975 -0.382227 1.457025
v -0.161 -0.384252 1.457025
v 0.149 -0.389202 1.474975
v 0.146975 -0.391227 1.474975
v 0.146975 -0.391227 1.457025
v 0.149 -0.389202 1.457025
v 0.149 -0.384252 1.457025
v 0.146975 -0.382227 1.457025
v 0.146975 -0.382227 1.474975
v 0.149 -0.384252 1.474975
v -0.161 -0.384252 1.457025
v -0.158975 -0.384252 1.455
v -0.158975 -0.389202 1.455
v -0.161 -0.389202 1.457025
v -0.161 -0.389202 1.474975
v -0.158975 -0.389202 1.477
v -0.158975 -0.384252 1.477
v -0.161 -0.384252 1.474975
v 0.149 -0.389202 1.457025
v 0.146975 -0.389202 1.455
v 0.146975 -0.384252 1.455
v 0.149 -0.384252 1.457025
v 0.149 -0.384252 1.474975
v 0.146975 -0.384252 1.477
v 0.146975 -0.389202 1.477
v 0.149 -0.389202 1.474975
v -0.158975 -0.391227 1.457025
v -0.158975 -0.389202 1.455
v 0.146975 -0.389202 1.455
v 0.146975 -0.391227 1.457025
v 0.146975 -0.391227 1.474975
v 0.146975 -0.389202 1.477
v -0.158975 -0.389202 1.477
v -0.158975 -0.391227 1.474975
v 0.146975 -0.382227 1.457025
v 0.146975 -0.384252 1.455
v -0.158975 -0.384252 1.455
v -0.158975 -0.382227 1.457025
v -0.158975 -0.382227 1.474975
v -0.158975 -0.384252 1.477
v 0.146975 -0.384252 1.477
v 0.146975 -0.382227 1.474975
v -0.158975 -0.389202 1.455
v -0.158975 -0.391227 1.457025
v -0.161 -0.389202 1.457025
v -0.161 -0.389202 1.474975
v -0.158975 -0.391227 1.474975
v -0.158975 -0.389202 1.477
v -0.161 -0.384252 1.457025
v -0.158975 -0.382227 1.457025
v -0.158975 -0.384252 1.455
v -0.158975 -0.384252 1.477
v -0.158975 -0.382227 1.474975
v -0.161 -0.384252 1.474975
v 0.149 -0.389202 1.457025
v 0.146975 -0.391227 1.457025
v 0.146975 -0.389202 1.455
v 0.146975 -0.389202 1.477
v 0.146975 -0.391227 1.474975
v 0.149 -0.389202 1.474975
v 0.146975 -0.384252 1.455
v 0.146975 -0.382227 1.457025
v 0.149 -0.384252 1.457025
v 0.149 -0.384252 1.474975
v 0.146975 -0.382227 1.474975
v 0.146975 -0.384252 1.477
v -0.148 -0.396727 1.846
v -0.149783 -0.396727 1.83819
v -0.149783 -0.384727 1.83819
v -0.148 -0.384727 1.846
v -0.149783 -0.396727 1.83819
v -0.154777 -0.396727 1.831927
v -0.154777 -0.384727 1.831927
v -0.149783 -0.384727 1.83819
v -0.154777 -0.396727 1.831927
v -0.161995 -0.396727 1.828451
v -0.161995 -0.384727 1.828451
v -0.154777 -0.384727 1.831927
v -0.161995 -0.396727 1.828451
v -0.170005 -0.396727 1.828451
v -0.170005 -0.384727 1.828451
v -0.161995 -0.384727 1.828451
v -0.170005 -0.396727 1.828451
v -0.177223 -0.396727 1.831927
v -0.177223 -0.384727 1.831927
v -0.170005 -0.384727 1.828451
v -0.177223 -0.396727 1.831927
v -0.182217 -0.396727 1.83819
v -0.182217 -0.384727 1.83819
v -0.177223 -0.384727 1.831927
v -0.182217 -0.396727 1.83819
v -0.184 -0.396727 1.846
v -0.184 -0.384727 1.846
v -0.182217 -0.384727 1.83819
v -0.184 -0.396727 1.846
v -0.182217 -0.396727 1.85381
v -0.182217 -0.384727 1.85381
v -0.184 -0.384727 1.846
v -0.182217 -0.396727 1.85381
v -0.177223 -0.396727 1.860073
v -0.177223 -0.384727 1.860073
v -0.182217 -0.384727 1.85381
v -0.177223 -0.396727 1.860073
v -0.170005 -0.396727 1.863549
v -0.170005 -0.384727 1.863549
v -0.177223 -0.384727 1.860073
v -0.170005 -0.396727 1.863549
v -0.161995 -0.396727 1.863549
v -0.161995 -0.384727 1.863549
v -0.170005 -0.384727 1.863549
v -0.161995 -0.396727 1.863549
v -0.154777 -0.396727 1.860073
v -0.154777 -0.384727 1.860073
v -0.161995 -0.384727 1.863549
v -0.154777 -0.396727 1.860073
v -0.149783 -0.396727 1.85381
v -0.149783 -0.384727 1.85381
v -0.154777 -0.384727 1.860073
v -0.149783 -0.396727 1.85381
v -0.148 -0.396727 1.846
v -0.148 -0.384727 1.846
v -0.149783 -0.384727 1.85381
v -0.148 -0.396727 1.846
v -0.149783 -0.396727 1.83819
v -0.154777 -0.396727 1.831927
v -0.161995 -0.396727 1.828451
v -0.170005 -0.396727 1.828451
v -0.177223 -0.396727 1.831927
v -0.182217 -0.396727 1.83819
v -0.184 -0.396727 1.846
v -0.182217 -0.396727 1.85381
v -0.177223 -0.396727 1.860073
v -0.170005 -0.396727 1.863549
v -0.161995 -0.396727 1.863549
v -0.154777 -0.396727 1.860073
v -0.149783 -0.396727 1.85381
v -0.148 -0.384727 1.846
v -0.149783 -0.384727 1.83819
v -0.154777 -0.384727 1.831927
v -0.161995 -0.384727 1.828451
v -0.170005 -0.384727 1.828451
v -0.177223 -0.384727 1.831927
v -0.182217 -0.384727 1.83819
v -0.184 -0.384727 1.846
v -0.182217 -0.384727 1.85381
v -0.177223 -0.384727 1.860073
v -0.170005 -0.384727 1.863549
v -0.161995 -0.384727 1.863549
v -0.154777 -0.384727 1.860073
v -0.149783 -0.384727 1.85381
v 0.172 -0.396727 1.846
v 0.170217 -0.396727 1.83819
v 0.170217 -0.384727 1.83819
v 0.172 -0.384727 1.846
v 0.170217 -0.396727 1.83819
v 0.165223 -0.396727 1.831927
v 0.165223 -0.384727 1.831927
v 0.170217 -0.384727 1.83819
v 0.165223 -0.396727 1.831927
v 0.158005 -0.396727 1.828451
v 0.158005 -0.384727 1.828451
v 0.165223 -0.384727 1.831927
v 0.158005 -0.396727 1.828451
v 0.149995 -0.396727 1.828451
v 0.149995 -0.384727 1.828451
v 0.158005 -0.384727 1.828451
v 0.149995 -0.396727 1.828451
v 0.142777 -0.396727 1.831927
v 0.142777 -0.384727 1.831927
v 0.149995 -0.384727 1.828451
v 0.142777 -0.396727 1.831927
v 0.137783 -0.396727 1.83819
v 0.137783 -0.384727 1.83819
v 0.142777 -0.384727 1.831927
v 0.137783 -0.396727 1.83819
v 0.136 -0.396727 1.846
v 0.136 -0.384727 1.846
v 0.137783 -0.384727 1.83819
v 0.136 -0.396727 1.846
v 0.137783 -0.396727 1.85381
v 0.137783 -0.384727 1.85381
v 0.136 -0.384727 1.846
v 0.137783 -0.396727 1.85381
v 0.142777 -0.396727 1.860073
v 0.142777 -0.384727 1.860073
v 0.137783 -0.384727 1.85381
v 0.142777 -0.396727 1.860073
v 0.149995 -0.396727 1.863549
v 0.149995 -0.384727 1.863549
v 0.142777 -0.384727 1.860073
v 0.149995 -0.396727 1.863549
v 0.158005 -0.396727 1.863549
v 0.158005 -0.384727 1.863549
v 0.149995 -0.384727 1.863549
v 0.158005 -0.396727 1.863549
v 0.165223 -0.396727 1.860073
v 0.165223 -0.384727 1.860073
v 0.158005 -0.384727 1.863549
v 0.165223 -0.396727 1.860073
v 0.170217 -0.396727 1.85381
v 0.170217 -0.384727 1.85381
v 0.165223 -0.384727 1.860073
v 0.170217 -0.396727 1.85381
v 0.172 -0.396727 1.846
v 0.172 -0.384727 1.846
v 0.170217 -0.384727 1.85381
v 0.172 -0.396727 1.846
v 0.170217 -0.396727 1.83819
v 0.165223 -0.396727 1.831927
v 0.158005 -0.396727 1.828451
v 0.149995 -0.396727 1.828451
v 0.142777 -0.396727 1.831927
v 0.137783 -0.396727 1.83819
v 0.136 -0.396727 1.846
v 0.137783 -0.396727 1.85381
v 0.142777 -0.396727 1.860073
v 0.149995 -0.396727 1.863549
v 0.158005 -0.396727 1.863549
v 0.165223 -0.396727 1.860073
v 0.170217 -0.396727 1.85381
v 0.172 -0.384727 1.846
v 0.170217 -0.384727 1.83819
v 0.165223 -0.384727 1.831927
v 0.158005 -0.384727 1.828451
v 0.149995 -0.384727 1.828451
v 0.142777 -0.384727 1.831927
v 0.137783 -0.384727 1.83819
v 0.136 -0.384727 1.846
v 0.137783 -0.384727 1.85381
v 0.142777 -0.384727 1.860073
v 0.149995 -0.384727 1.863549
v 0.158005 -0.384727 1.863549
v 0.165223 -0.384727 1.860073
v 0.170217 -0.384727 1.85381
v -0.018 -0.372727 1.146
v -0.016392 -0.378727 1.146
v -0.016392 -0.378727 1.306
v -0.018 -0.372727 1.306
v -0.016392 -0.378727 1.146
v -0.012 -0.38312 1.146
v -0.012 -0.38312 1.306
v -0.016392 -0.378727 1.306
v -0.012 -0.38312 1.146
v -0.006 -0.384727 1.146
v -0.006 -0.384727 1.306
v -0.012 -0.38312 1.306
v -0.006 -0.384727 1.146
v 0 -0.38312 1.146
v 0 -0.38312 1.306
v -0.006 -0.384727 1.306
v 0 -0.38312 1.146
v 0.004392 -0.378727 1.146
v 0.004392 -0.378727 1.306
v 0 -0.38312 1.306
v 0.004392 -0.378727 1.146
v 0.006 -0.372727 1.146
v 0.006 -0.372727 1.306
v 0.004392 -0.378727 1.306
v 0.006 -0.372727 1.146
v 0.004392 -0.366727 1.146
v 0.004392 -0.366727 1.306
v 0.006 -0.372727 1.306
v 0.004392 -0.366727 1.146
v 0 -0.362335 1.146
v 0 -0.362335 1.306
v 0.004392 -0.366727 1.306
v 0 -0.362335 1.146
v -0.006 -0.360727 1.146
v -0.006 -0.360727 1.306
v 0 -0.362335 1.306
v -0.006 -0.360727 1.146
v -0.012 -0.362335 1.146
v -0.012 -0.362335 1.306
v -0.006 -0.360727 1.306
v -0.012 -0.362335 1.146
v -0.016392 -0.366727 1.146
v -0.016392 -0.366727 1.306
v -0.012 -0.362335 1.306
v -0.016392 -0.366727 1.146
v -0.018 -0.372727 1.146
v -0.018 -0.372727 1.306
v -0.016392 -0.366727 1.306
v -0.018 -0.372727 1.146
v -0.016392 -0.378727 1.146
v -0.012 -0.38312 1.146
v -0.006 -0.384727 1.146
v 0 -0.38312 1.146
v 0.004392 -0.378727 1.146
v 0.006 -0.372727 1.146
v 0.004392 -0.366727 1.146
v 0 -0.362335 1.146
v -0.006 -0.360727 1.146
v -0.012 -0.362335 1.146
v -0.016392 -0.366727 1.146
v -0.018 -0.372727 1.306
v -0.016392 -0.378727 1.306
v -0.012 -0.38312 1.306
v -0.006 -0.384727 1.306
v 0 -0.38312 1.306
v 0.004392 -0.378727 1.306
v 0.006 -0.372727 1.306
v 0.004392 -0.366727 1.306
v 0 -0.362335 1.306
v -0.006 -0.360727 1.306
v -0.012 -0.362335 1.306
v -0.016392 -0.366727 1.306
v 0.038 -0.223636 1.97
v 0.034237 -0.223636 1.953512
v 0.030633 -0.216708 1.955248
v 0.034 -0.216708 1.97
v 0.034 -0.216708 1.97
v 0.030633 -0.216708 1.955248
v 0.023425 -0.216708 1.958719
v 0.026 -0.216708 1.97
v 0.026 -0.216708 1.97
v 0.023425 -0.216708 1.958719
v 0.019821 -0.223636 1.960455
v 0.022 -0.223636 1.97
v 0.022 -0.223636 1.97
v 0.019821 -0.223636 1.960455
v 0.023425 -0.230565 1.958719
v 0.026 -0.230565 1.97
v 0.026 -0.230565 1.97
v 0.023425 -0.230565 1.958719
v 0.030633 -0.230565 1.955248
v 0.034 -0.230565 1.97
v 0.034 -0.230565 1.97
v 0.030633 -0.230565 1.955248
v 0.034237 -0.223636 1.953512
v 0.038 -0.223636 1.97
v 0.034237 -0.223636 1.953512
v 0.023693 -0.223636 1.94029
v 0.021199 -0.216708 1.943418
v 0.030633 -0.216708 1.955248
v 0.030633 -0.216708 1.955248
v 0.021199 -0.216708 1.943418
v 0.016211 -0.216708 1.949672
v 0.023425 -0.216708 1.958719
v 0.023425 -0.216708 1.958719
v 0.016211 -0.216708 1.949672
v 0.013717 -0.223636 1.9528
v 0.019821 -0.223636 1.960455
v 0.019821 -0.223636 1.960455
v 0.013717 -0.223636 1.9528
v 0.016211 -0.230565 1.949672
v 0.023425 -0.230565 1.958719
v 0.023425 -0.230565 1.958719
v 0.016211 -0.230565 1.949672
v 0.021199 -0.230565 1.943418
v 0.030633 -0.230565 1.955248
v 0.030633 -0.230565 1.955248
v 0.021199 -0.230565 1.943418
v 0.023693 -0.223636 1.94029
v 0.034237 -0.223636 1.953512
v 0.023693 -0.223636 1.94029
v 0.008456 -0.223636 1.932953
v 0.007566 -0.216708 1.936852
v 0.021199 -0.216708 1.943418
v 0.021199 -0.216708 1.943418
v 0.007566 -0.216708 1.936852
v 0.005786 -0.216708 1.944652
v 0.016211 -0.216708 1.949672
v 0.016211 -0.216708 1.949672
v 0.005786 -0.216708 1.944652
v 0.004895 -0.223636 1.948552
v 0.013717 -0.223636 1.9528
v 0.013717 -0.223636 1.9528
v 0.004895 -0.223636 1.948552
v 0.005786 -0.230565 1.944652
v 0.016211 -0.230565 1.949672
v 0.016211 -0.230565 1.949672
v 0.005786 -0.230565 1.944652
v 0.007566 -0.230565 1.936852
v 0.021199 -0.230565 1.943418
v 0.021199 -0.230565 1.943418
v 0.007566 -0.230565 1.936852
v 0.008456 -0.223636 1.932953
v 0.023693 -0.223636 1.94029
v 0.008456 -0.223636 1.932953
v -0.008456 -0.223636 1.932953
v -0.007566 -0.216708 1.936852
v 0.007566 -0.216708 1.936852
v 0.007566 -0.216708 1.936852
v -0.007566 -0.216708 1.936852
v -0.005786 -0.216708 1.944652
v 0.005786 -0.216708 1.944652
v 0.005786 -0.216708 1.944652
v -0.005786 -0.216708 1.944652
v -0.004895 -0.223636 1.948552
v 0.004895 -0.223636 1.948552
v 0.004895 -0.223636 1.948552
v -0.004895 -0.223636 1.948552
v -0.005786 -0.230565 1.944652
v 0.005786 -0.230565 1.944652
v 0.005786 -0.230565 1.944652
v -0.005786 -0.230565 1.944652
v -0.007566 -0.230565 1.936852
v 0.007566 -0.230565 1.936852
v 0.007566 -0.230565 1.936852
v -0.007566 -0.230565 1.936852
v -0.008456 -0.223636 1.932953
v 0.008456 -0.223636 1.932953
v -0.008456 -0.223636 1.932953
v -0.023693 -0.223636 1.94029
v -0.021199 -0.216708 1.943418
v -0.007566 -0.216708 1.936852
v -0.007566 -0.216708 1.936852
v -0.021199 -0.216708 1.943418
v -0.016211 -0.216708 1.949672
v -0.005786 -0.216708 1.944652
v -0.005786 -0.216708 1.944652
v -0.016211 -0.216708 1.949672
v -0.013717 -0.223636 1.9528
v -0.004895 -0.223636 1.948552
v -0.004895 -0.223636 1.948552
v -0.013717 -0.223636 1.9528
v -0.016211 -0.230565 1.949672
v -0.005786 -0.230565 1.944652
v -0.005786 -0.230565 1.944652
v -0.016211 -0.230565 1.949672
v -0.021199 -0.230565 1.943418
v -0.007566 -0.230565 1.936852
v -0.007566 -0.230565 1.936852
v -0.021199 -0.230565 1.943418
v -0.023693 -0.223636 1.94029
v -0.008456 -0.223636 1.932953
v -0.023693 -0.223636 1.94029
v -0.034237 -0.223636 1.953512
v -0.030633 -0.216708 1.955248
v -0.021199 -0.216708 1.943418
v -0.021199 -0.216708 1.943418
v -0.030633 -0.216708 1.955248
v -0.023425 -0.216708 1.958719
v -0.016211 -0.216708 1.949672
v -0.016211 -0.216708 1.949672
v -0.023425 -0.216708 1.958719
v -0.019821 -0.223636 1.960455
v -0.013717 -0.223636 1.9528
v -0.013717 -0.223636 1.9528
v -0.019821 -0.223636 1.960455
v -0.023425 -0.230565 1.958719
v -0.016211 -0.230565 1.949672
v -0.016211 -0.230565 1.949672
v -0.023425 -0.230565 1.958719
v -0.030633 -0.230565 1.955248
v -0.021199 -0.230565 1.943418
v -0.021199 -0.230565 1.943418
v -0.030633 -0.230565 1.955248
v -0.034237 -0.223636 1.953512
v -0.023693 -0.223636 1.94029
v -0.034237 -0.223636 1.953512
v -0.038 -0.223636 1.97
v -0.034 -0.216708 1.97
v -0.030633 -0.216708 1.955248
v -0.030633 -0.216708 1.955248
v -0.034 -0.216708 1.97
v -0.026 -0.216708 1.97
v -0.023425 -0.216708 1.958719
v -0.023425 -0.216708 1.958719
v -0.026 -0.216708 1.97
v -0.022 -0.223636 1.97
v -0.019821 -0.223636 1.960455
v -0.019821 -0.223636 1.960455
v -0.022 -0.223636 1.97
v -0.026 -0.230565 1.97
v -0.023425 -0.230565 1.958719
v -0.023425 -0.230565 1.958719
v -0.026 -0.230565 1.97
v -0.034 -0.230565 1.97
v -0.030633 -0.230565 1.955248
v -0.030633 -0.230565 1.955248
v -0.034 -0.230565 1.97
v -0.038 -0.223636 1.97
v -0.034237 -0.223636 1.953512
v -0.038 -0.223636 1.97
v -0.034237 -0.223636 1.986488
v -0.030633 -0.216708 1.984752
v -0.034 -0.216708 1.97
v -0.034 -0.216708 1.97
v -0.030633 -0.216708 1.984752
v -0.023425 -0.216708 1.981281
v -0.026 -0.216708 1.97
v -0.026 -0.216708 1.97
v -0.023425 -0.216708 1.981281
v -0.019821 -0.223636 1.979545
v -0.022 -0.223636 1.97
v -0.022 -0.223636 1.97
v -0.019821 -0.223636 1.979545
v -0.023425 -0.230565 1.981281
v -0.026 -0.230565 1.97
v -0.026 -0.230565 1.97
v -0.023425 -0.230565 1.981281
v -0.030633 -0.230565 1.984752
v -0.034 -0.230565 1.97
v -0.034 -0.230565 1.97
v -0.030633 -0.230565 1.984752
v -0.034237 -0.223636 1.986488
v -0.038 -0.223636 1.97
v -0.034237 -0.223636 1.986488
v -0.023693 -0.223636 1.99971
v -0.021199 -0.216708 1.996582
v -0.030633 -0.216708 1.984752
v -0.030633 -0.216708 1.984752
v -0.021199 -0.216708 1.996582
v -0.016211 -0.216708 1.990328
v -0.023425 -0.216708 1.981281
v -0.023425 -0.216708 1.981281
v -0.016211 -0.216708 1.990328
v -0.013717 -0.223636 1.9872
v -0.019821 -0.223636 1.979545
v -0.019821 -0.223636 1.979545
v -0.013717 -0.223636 1.9872
v -0.016211 -0.230565 1.990328
v -0.023425 -0.230565 1.981281
v -0.023425 -0.230565 1.981281
v -0.016211 -0.230565 1.990328
v -0.021199 -0.230565 1.996582
v -0.030633 -0.230565 1.984752
v -0.030633 -0.230565 1.984752
v -0.021199 -0.230565 1.996582
v -0.023693 -0.223636 1.99971
v -0.034237 -0.223636 1.986488
v -0.023693 -0.223636 1.99971
v -0.008456 -0.223636 2.007047
v -0.007566 -0.216708 2.003148
v -0.021199 -0.216708 1.996582
v -0.021199 -0.216708 1.996582
v -0.007566 -0.216708 2.003148
v -0.005786 -0.216708 1.995348
v -0.016211 -0.216708 1.990328
v -0.016211 -0.216708 1.990328
v -0.005786 -0.216708 1.995348
v -0.004895 -0.223636 1.991448
v -0.013717 -0.223636 1.9872
v -0.013717 -0.223636 1.9872
v -0.004895 -0.223636 1.991448
v -0.005786 -0.230565 1.995348
v -0.016211 -0.230565 1.990328
v -0.016211 -0.230565 1.990328
v -0.005786 -0.230565 1.995348
v -0.007566 -0.230565 2.003148
v -0.021199 -0.230565 1.996582
v -0.021199 -0.230565 1.996582
v -0.007566 -0.230565 2.003148
v -0.008456 -0.223636 2.007047
v -0.023693 -0.223636 1.99971
v -0.008456 -0.223636 2.007047
v 0.008456 -0.223636 2.007047
v 0.007566 -0.216708 2.003148
v -0.007566 -0.216708 2.003148
v -0.007566 -0.216708 2.003148
v 0.007566 -0.216708 2.003148
v 0.005786 -0.216708 1.995348
v -0.005786 -0.216708 1.995348
v -0.005786 -0.216708 1.995348
v 0.005786 -0.216708 1.995348
v 0.004895 -0.223636 1.991448
v -0.004895 -0.223636 1.991448
v -0.004895 -0.223636 1.991448
v 0.004895 -0.223636 1.991448
v 0.005786 -0.230565 1.995348
v -0.005786 -0.230565 1.995348
v -0.005786 -0.230565 1.995348
v 0.005786 -0.230565 1.995348
v 0.007566 -0.230565 2.003148
v -0.007566 -0.230565 2.003148
v -0.007566 -0.230565 2.003148
v 0.007566 -0.230565 2.003148
v 0.008456 -0.223636 2.007047
v -0.008456 -0.223636 2.007047
v 0.008456 -0.223636 2.007047
v 0.023693 -0.223636 1.99971
v 0.021199 -0.216708 1.996582
v 0.007566 -0.216708 2.003148
v 0.007566 -0.216708 2.003148
v 0.021199 -0.216708 1.996582
v 0.016211 -0.216708 1.990328
v 0.005786 -0.216708 1.995348
v 0.005786 -0.216708 1.995348
v 0.016211 -0.216708 1.990328
v 0.013717 -0.223636 1.9872
v 0.004895 -0.223636 1.991448
v 0.004895 -0.223636 1.991448
v 0.013717 -0.223636 1.9872
v 0.016211 -0.230565 1.990328
v 0.005786 -0.230565 1.995348
v 0.005786 -0.230565 1.995348
v 0.016211 -0.230565 1.990328
v 0.021199 -0.230565 1.996582
v 0.007566 -0.230565 2.003148
v 0.007566 -0.230565 2.003148
v 0.021199 -0.230565 1.996582
v 0.023693 -0.223636 1.99971
v 0.008456 -0.223636 2.007047
v 0.023693 -0.223636 1.99971
v 0.034237 -0.223636 1.986488
v 0.030633 -0.216708 1.984752
v 0.021199 -0.216708 1.996582
v 0.021199 -0.216708 1.996582
v 0.030633 -0.216708 1.984752
v 0.023425 -0.216708 1.981281
v 0.016211 -0.216708 1.990328
v 0.016211 -0.216708 1.990328
v 0.023425 -0.216708 1.981281
v 0.019821 -0.223636 1.979545
v 0.013717 -0.223636 1.9872
v 0.013717 -0.223636 1.9872
v 0.019821 -0.223636 1.979545
v 0.023425 -0.230565 1.981281
v 0.016211 -0.230565 1.990328
v 0.016211 -0.230565 1.990328
v 0.023425 -0.230565 1.981281
v 0.030633 -0.230565 1.984752
v 0.021199 -0.230565 1.996582
v 0.021199 -0.230565 1.996582
v 0.030633 -0.230565 1.984752
v 0.034237 -0.223636 1.986488
v 0.023693 -0.223636 1.99971
v 0.034237 -0.223636 1.986488
v 0.038 -0.223636 1.97
v 0.034 -0.216708 1.97
v 0.030633 -0.216708 1.984752
v 0.030633 -0.216708 1.984752
v 0.034 -0.216708 1.97
v 0.026 -0.216708 1.97
v 0.023425 -0.216708 1.981281
v 0.023425 -0.216708 1.981281
v 0.026 -0.216708 1.97
v 0.022 -0.223636 1.97
v 0.019821 -0.223636 1.979545
v 0.019821 -0.223636 1.979545
v 0.022 -0.223636 1.97
v 0.026 -0.230565 1.97
v 0.023425 -0.230565 1.981281
v 0.023425 -0.230565 1.981281
v 0.026 -0.230565 1.97
v 0.034 -0.230565 1.97
v 0.030633 -0.230565 1.984752
v 0.030633 -0.230565 1.984752
v 0.034 -0.230565 1.97
v 0.038 -0.223636 1.97
v 0.034237 -0.223636 1.986488
v 0 -0.261636 1.922
v 0 -0.257873 1.905512
v 0.006928 -0.254269 1.907248
v 0.006928 -0.257636 1.922
v 0.006928 -0.257636 1.922
v 0.006928 -0.254269 1.907248
v 0.006928 -0.247062 1.910719
v 0.006928 -0.249636 1.922
v 0.006928 -0.249636 1.922
v 0.006928 -0.247062 1.910719
v 0 -0.243458 1.912455
v 0 -0.245636 1.922
v 0 -0.245636 1.922
v 0 -0.243458 1.912455
v -0.006928 -0.247062 1.910719
v -0.006928 -0.249636 1.922
v -0.006928 -0.249636 1.922
v -0.006928 -0.247062 1.910719
v -0.006928 -0.254269 1.907248
v -0.006928 -0.257636 1.922
v -0.006928 -0.257636 1.922
v -0.006928 -0.254269 1.907248
v 0 -0.257873 1.905512
v 0 -0.261636 1.922
v 0 -0.257873 1.905512
v 0 -0.247329 1.89229
v 0.006928 -0.244835 1.895418
v 0.006928 -0.254269 1.907248
v 0.006928 -0.254269 1.907248
v 0.006928 -0.244835 1.895418
v 0.006928 -0.239847 1.901672
v 0.006928 -0.247062 1.910719
v 0.006928 -0.247062 1.910719
v 0.006928 -0.239847 1.901672
v 0 -0.237353 1.9048
v 0 -0.243458 1.912455
v 0 -0.243458 1.912455
v 0 -0.237353 1.9048
v -0.006928 -0.239847 1.901672
v -0.006928 -0.247062 1.910719
v -0.006928 -0.247062 1.910719
v -0.006928 -0.239847 1.901672
v -0.006928 -0.244835 1.895418
v -0.006928 -0.254269 1.907248
v -0.006928 -0.254269 1.907248
v -0.006928 -0.244835 1.895418
v 0 -0.247329 1.89229
v 0 -0.257873 1.905512
v 0 -0.247329 1.89229
v 0 -0.232092 1.884953
v 0.006928 -0.231202 1.888852
v 0.006928 -0.244835 1.895418
v 0.006928 -0.244835 1.895418
v 0.006928 -0.231202 1.888852
v 0.006928 -0.229422 1.896652
v 0.006928 -0.239847 1.901672
v 0.006928 -0.239847 1.901672
v 0.006928 -0.229422 1.896652
v 0 -0.228532 1.900552
v 0 -0.237353 1.9048
v 0 -0.237353 1.9048
v 0 -0.228532 1.900552
v -0.006928 -0.229422 1.896652
v -0.006928 -0.239847 1.901672
v -0.006928 -0.239847 1.901672
v -0.006928 -0.229422 1.896652
v -0.006928 -0.231202 1.888852
v -0.006928 -0.244835 1.895418
v -0.006928 -0.244835 1.895418
v -0.006928 -0.231202 1.888852
v 0 -0.232092 1.884953
v 0 -0.247329 1.89229
v 0 -0.232092 1.884953
v 0 -0.215181 1.884953
v 0.006928 -0.216071 1.888852
v 0.006928 -0.231202 1.888852
v 0.006928 -0.231202 1.888852
v 0.006928 -0.216071 1.888852
v 0.006928 -0.217851 1.896652
v 0.006928 -0.229422 1.896652
v 0.006928 -0.229422 1.896652
v 0.006928 -0.217851 1.896652
v 0 -0.218741 1.900552
v 0 -0.228532 1.900552
v 0 -0.228532 1.900552
v 0 -0.218741 1.900552
v -0.006928 -0.217851 1.896652
v -0.006928 -0.229422 1.896652
v -0.006928 -0.229422 1.896652
v -0.006928 -0.217851 1.896652
v -0.006928 -0.216071 1.888852
v -0.006928 -0.231202 1.888852
v -0.006928 -0.231202 1.888852
v -0.006928 -0.216071 1.888852
v 0 -0.215181 1.884953
v 0 -0.232092 1.884953
v 0 -0.215181 1.884953
v 0 -0.199944 1.89229
v 0.006928 -0.202438 1.895418
v 0.006928 -0.216071 1.888852
v 0.006928 -0.216071 1.888852
v 0.006928 -0.202438 1.895418
v 0.006928 -0.207426 1.901672
v 0.006928 -0.217851 1.896652
v 0.006928 -0.217851 1.896652
v 0.006928 -0.207426 1.901672
v 0 -0.20992 1.9048
v 0 -0.218741 1.900552
v 0 -0.218741 1.900552
v 0 -0.20992 1.9048
v -0.006928 -0.207426 1.901672
v -0.006928 -0.217851 1.896652
v -0.006928 -0.217851 1.896652
v -0.006928 -0.207426 1.901672
v -0.006928 -0.202438 1.895418
v -0.006928 -0.216071 1.888852
v -0.006928 -0.216071 1.888852
v -0.006928 -0.202438 1.895418
v 0 -0.199944 1.89229
v 0 -0.215181 1.884953
v 0 -0.199944 1.89229
v 0 -0.1894 1.905512
v 0.006928 -0.193003 1.907248
v 0.006928 -0.202438 1.895418
v 0.006928 -0.202438 1.895418
v 0.006928 -0.193003 1.907248
v 0.006928 -0.200211 1.910719
v 0.006928 -0.207426 1.901672
v 0.006928 -0.207426 1.901672
v 0.006928 -0.200211 1.910719
v 0 -0.203815 1.912455
v 0 -0.20992 1.9048
v 0 -0.20992 1.9048
v 0 -0.203815 1.912455
v -0.006928 -0.200211 1.910719
v -0.006928 -0.207426 1.901672
v -0.006928 -0.207426 1.901672
v -0.006928 -0.200211 1.910719
v -0.006928 -0.193003 1.907248
v -0.006928 -0.202438 1.895418
v -0.006928 -0.202438 1.895418
v -0.006928 -0.193003 1.907248
v 0 -0.1894 1.905512
v 0 -0.199944 1.89229
v 0 -0.1894 1.905512
v 0 -0.185636 1.922
v 0.006928 -0.189636 1.922
v 0.006928 -0.193003 1.907248
v 0.006928 -0.193003 1.907248
v 0.006928 -0.189636 1.922
v 0.006928 -0.197636 1.922
v 0.006928 -0.200211 1.910719
v 0.006928 -0.200211 1.910719
v 0.006928 -0.197636 1.922
v 0 -0.201636 1.922
v 0 -0.203815 1.912455
v 0 -0.203815 1.912455
v 0 -0.201636 1.922
v -0.006928 -0.197636 1.922
v -0.006928 -0.200211 1.910719
v -0.006928 -0.200211 1.910719
v -0.006928 -0.197636 1.922
v -0.006928 -0.189636 1.922
v -0.006928 -0.193003 1.907248
v -0.006928 -0.193003 1.907248
v -0.006928 -0.189636 1.922
v 0 -0.185636 1.922
v 0 -0.1894 1.905512
v 0 -0.185636 1.922
v 0 -0.1894 1.938488
v 0.006928 -0.193003 1.936752
v 0.006928 -0.189636 1.922
v 0.006928 -0.189636 1.922
v 0.006928 -0.193003 1.936752
v 0.006928 -0.200211 1.933281
v 0.006928 -0.197636 1.922
v 0.006928 -0.197636 1.922
v 0.006928 -0.200211 1.933281
v 0 -0.203815 1.931545
v 0 -0.201636 1.922
v 0 -0.201636 1.922
v 0 -0.203815 1.931545
v -0.006928 -0.200211 1.933281
v -0.006928 -0.197636 1.922
v -0.006928 -0.197636 1.922
v -0.006928 -0.200211 1.933281
v -0.006928 -0.193003 1.936752
v -0.006928 -0.189636 1.922
v -0.006928 -0.189636 1.922
v -0.006928 -0.193003 1.936752
v 0 -0.1894 1.938488
v 0 -0.185636 1.922
v 0 -0.1894 1.938488
v 0 -0.199944 1.95171
v 0.006928 -0.202438 1.948582
v 0.006928 -0.193003 1.936752
v 0.006928 -0.193003 1.936752
v 0.006928 -0.202438 1.948582
v 0.006928 -0.207426 1.942328
v 0.006928 -0.200211 1.933281
v 0.006928 -0.200211 1.933281
v 0.006928 -0.207426 1.942328
v 0 -0.20992 1.9392
v 0 -0.203815 1.931545
v 0 -0.203815 1.931545
v 0 -0.20992 1.9392
v -0.006928 -0.207426 1.942328
v -0.006928 -0.200211 1.933281
v -0.006928 -0.200211 1.933281
v -0.006928 -0.207426 1.942328
v -0.006928 -0.202438 1.948582
v -0.006928 -0.193003 1.936752
v -0.006928 -0.193003 1.936752
v -0.006928 -0.202438 1.948582
v 0 -0.199944 1.95171
v 0 -0.1894 1.938488
v 0 -0.199944 1.95171
v 0 -0.215181 1.959047
v 0.006928 -0.216071 1.955148
v 0.006928 -0.202438 1.948582
v 0.006928 -0.202438 1.948582
v 0.006928 -0.216071 1.955148
v 0.006928 -0.217851 1.947348
v 0.006928 -0.207426 1.942328
v 0.006928 -0.207426 1.942328
v 0.006928 -0.217851 1.947348
v 0 -0.218741 1.943448
v 0 -0.20992 1.9392
v 0 -0.20992 1.9392
v 0 -0.218741 1.943448
v -0.006928 -0.217851 1.947348
v -0.006928 -0.207426 1.942328
v -0.006928 -0.207426 1.942328
v -0.006928 -0.217851 1.947348
v -0.006928 -0.216071 1.955148
v -0.006928 -0.202438 1.948582
v -0.006928 -0.202438 1.948582
v -0.006928 -0.216071 1.955148
v 0 -0.215181 1.959047
v 0 -0.199944 1.95171
v 0 -0.215181 1.959047
v 0 -0.232092 1.959047
v 0.006928 -0.231202 1.955148
v 0.006928 -0.216071 1.955148
v 0.006928 -0.216071 1.955148
v 0.006928 -0.231202 1.955148
v 0.006928 -0.229422 1.947348
v 0.006928 -0.217851 1.947348
v 0.006928 -0.217851 1.947348
v 0.006928 -0.229422 1.947348
v 0 -0.228532 1.943448
v 0 -0.218741 1.943448
v 0 -0.218741 1.943448
v 0 -0.228532 1.943448
v -0.006928 -0.229422 1.947348
v -0.006928 -0.217851 1.947348
v -0.006928 -0.217851 1.947348
v -0.006928 -0.229422 1.947348
v -0.006928 -0.231202 1.955148
v -0.006928 -0.216071 1.955148
v -0.006928 -0.216071 1.955148
v -0.006928 -0.231202 1.955148
v 0 -0.232092 1.959047
v 0 -0.215181 1.959047
v 0 -0.232092 1.959047
v 0 -0.247329 1.95171
v 0.006928 -0.244835 1.948582
v 0.006928 -0.231202 1.955148
v 0.006928 -0.231202 1.955148
v 0.006928 -0.244835 1.948582
v 0.006928 -0.239847 1.942328
v 0.006928 -0.229422 1.947348
v 0.006928 -0.229422 1.947348
v 0.006928 -0.239847 1.942328
v 0 -0.237353 1.9392
v 0 -0.228532 1.943448
v 0 -0.228532 1.943448
v 0 -0.237353 1.9392
v -0.006928 -0.239847 1.942328
v -0.006928 -0.229422 1.947348
v -0.006928 -0.229422 1.947348
v -0.006928 -0.239847 1.942328
v -0.006928 -0.244835 1.948582
v -0.006928 -0.231202 1.955148
v -0.006928 -0.231202 1.955148
v -0.006928 -0.244835 1.948582
v 0 -0.247329 1.95171
v 0 -0.232092 1.959047
v 0 -0.247329 1.95171
v 0 -0.257873 1.938488
v 0.006928 -0.254269 1.936752
v 0.006928 -0.244835 1.948582
v 0.006928 -0.244835 1.948582
v 0.006928 -0.254269 1.936752
v 0.006928 -0.247062 1.933281
v 0.006928 -0.239847 1.942328
v 0.006928 -0.239847 1.942328
v 0.006928 -0.247062 1.933281
v 0 -0.243458 1.931545
v 0 -0.237353 1.9392
v 0 -0.237353 1.9392
v 0 -0.243458 1.931545
v -0.006928 -0.247062 1.933281
v -0.006928 -0.239847 1.942328
v -0.006928 -0.239847 1.942328
v -0.006928 -0.247062 1.933281
v -0.006928 -0.254269 1.936752
v -0.006928 -0.244835 1.948582
v -0.006928 -0.244835 1.948582
v -0.006928 -0.254269 1.936752
v 0 -0.257873 1.938488
v 0 -0.247329 1.95171
v 0 -0.257873 1.938488
v 0 -0.261636 1.922
v 0.006928 -0.257636 1.922
v 0.006928 -0.254269 1.936752
v 0.006928 -0.254269 1.936752
v 0.006928 -0.257636 1.922
v 0.006928 -0.249636 1.922
v 0.006928 -0.247062 1.933281
v 0.006928 -0.247062 1.933281
v 0.006928 -0.249636 1.922
v 0 -0.245636 1.922
v 0 -0.243458 1.931545
v 0 -0.243458 1.931545
v 0 -0.245636 1.922
v -0.006928 -0.249636 1.922
v -0.006928 -0.247062 1.933281
v -0.006928 -0.247062 1.933281
v -0.006928 -0.249636 1.922
v -0.006928 -0.257636 1.922
v -0.006928 -0.254269 1.936752
v -0.006928 -0.254269 1.936752
v -0.006928 -0.257636 1.922
v 0 -0.261636 1.922
v 0 -0.257873 1.938488
v 0.038 -0.223636 1.874
v 0.034237 -0.223636 1.857512
v 0.030633 -0.216708 1.859248
v 0.034 -0.216708 1.874
v 0.034 -0.216708 1.874
v 0.030633 -0.216708 1.859248
v 0.023425 -0.216708 1.862719
v 0.026 -0.216708 1.874
v 0.026 -0.216708 1.874
v 0.023425 -0.216708 1.862719
v 0.019821 -0.223636 1.864455
v 0.022 -0.223636 1.874
v 0.022 -0.223636 1.874
v 0.019821 -0.223636 1.864455
v 0.023425 -0.230565 1.862719
v 0.026 -0.230565 1.874
v 0.026 -0.230565 1.874
v 0.023425 -0.230565 1.862719
v 0.030633 -0.230565 1.859248
v 0.034 -0.230565 1.874
v 0.034 -0.230565 1.874
v 0.030633 -0.230565 1.859248
v 0.034237 -0.223636 1.857512
v 0.038 -0.223636 1.874
v 0.034237 -0.223636 1.857512
v 0.023693 -0.223636 1.84429
v 0.021199 -0.216708 1.847418
v 0.030633 -0.216708 1.859248
v 0.030633 -0.216708 1.859248
v 0.021199 -0.216708 1.847418
v 0.016211 -0.216708 1.853672
v 0.023425 -0.216708 1.862719
v 0.023425 -0.216708 1.862719
v 0.016211 -0.216708 1.853672
v 0.013717 -0.223636 1.8568
v 0.019821 -0.223636 1.864455
v 0.019821 -0.223636 1.864455
v 0.013717 -0.223636 1.8568
v 0.016211 -0.230565 1.853672
v 0.023425 -0.230565 1.862719
v 0.023425 -0.230565 1.862719
v 0.016211 -0.230565 1.853672
v 0.021199 -0.230565 1.847418
v 0.030633 -0.230565 1.859248
v 0.030633 -0.230565 1.859248
v 0.021199 -0.230565 1.847418
v 0.023693 -0.223636 1.84429
v 0.034237 -0.223636 1.857512
v 0.023693 -0.223636 1.84429
v 0.008456 -0.223636 1.836953
v 0.007566 -0.216708 1.840852
v 0.021199 -0.216708 1.847418
v 0.021199 -0.216708 1.847418
v 0.007566 -0.216708 1.840852
v 0.005786 -0.216708 1.848652
v 0.016211 -0.216708 1.853672
v 0.016211 -0.216708 1.853672
v 0.005786 -0.216708 1.848652
v 0.004895 -0.223636 1.852552
v 0.013717 -0.223636 1.8568
v 0.013717 -0.223636 1.8568
v 0.004895 -0.223636 1.852552
v 0.005786 -0.230565 1.848652
v 0.016211 -0.230565 1.853672
v 0.016211 -0.230565 1.853672
v 0.005786 -0.230565 1.848652
v 0.007566 -0.230565 1.840852
v 0.021199 -0.230565 1.847418
v 0.021199 -0.230565 1.847418
v 0.007566 -0.230565 1.840852
v 0.008456 -0.223636 1.836953
v 0.023693 -0.223636 1.84429
v 0.008456 -0.223636 1.836953
v -0.008456 -0.223636 1.836953
v -0.007566 -0.216708 1.840852
v 0.007566 -0.216708 1.840852
v 0.007566 -0.216708 1.840852
v -0.007566 -0.216708 1.840852
v -0.005786 -0.216708 1.848652
v 0.005786 -0.216708 1.848652
v 0.005786 -0.216708 1.848652
v -0.005786 -0.216708 1.848652
v -0.004895 -0.223636 1.852552
v 0.004895 -0.223636 1.852552
v 0.004895 -0.223636 1.852552
v -0.004895 -0.223636 1.852552
v -0.005786 -0.230565 1.848652
v 0.005786 -0.230565 1.848652
v 0.005786 -0.230565 1.848652
v -0.005786 -0.230565 1.848652
v -0.007566 -0.230565 1.840852
v 0.007566 -0.230565 1.840852
v 0.007566 -0.230565 1.840852
v -0.007566 -0.230565 1.840852
v -0.008456 -0.223636 1.836953
v 0.008456 -0.223636 1.836953
v -0.008456 -0.223636 1.836953
v -0.023693 -0.223636 1.84429
v -0.021199 -0.216708 1.847418
v -0.007566 -0.216708 1.840852
v -0.007566 -0.216708 1.840852
v -0.021199 -0.216708 1.847418
v -0.016211 -0.216708 1.853672
v -0.005786 -0.216708 1.848652
v -0.005786 -0.216708 1.848652
v -0.016211 -0.216708 1.853672
v -0.013717 -0.223636 1.8568
v -0.004895 -0.223636 1.852552
v -0.004895 -0.223636 1.852552
v -0.013717 -0.223636 1.8568
v -0.016211 -0.230565 1.853672
v -0.005786 -0.230565 1.848652
v -0.005786 -0.230565 1.848652
v -0.016211 -0.230565 1.853672
v -0.021199 -0.230565 1.847418
v -0.007566 -0.230565 1.840852
v -0.007566 -0.230565 1.840852
v -0.021199 -0.230565 1.847418
v -0.023693 -0.223636 1.84429
v -0.008456 -0.223636 1.836953
v -0.023693 -0.223636 1.84429
v -0.034237 -0.223636 1.857512
v -0.030633 -0.216708 1.859248
v -0.021199 -0.216708 1.847418
v -0.021199 -0.216708 1.847418
v -0.030633 -0.216708 1.859248
v -0.023425 -0.216708 1.862719
v -0.016211 -0.216708 1.853672
v -0.016211 -0.216708 1.853672
v -0.023425 -0.216708 1.862719
v -0.019821 -0.223636 1.864455
v -0.013717 -0.223636 1.8568
v -0.013717 -0.223636 1.8568
v -0.019821 -0.223636 1.864455
v -0.023425 -0.230565 1.862719
v -0.016211 -0.230565 1.853672
v -0.016211 -0.230565 1.853672
v -0.023425 -0.230565 1.862719
v -0.030633 -0.230565 1.859248
v -0.021199 -0.230565 1.847418
v -0.021199 -0.230565 1.847418
v -0.030633 -0.230565 1.859248
v -0.034237 -0.223636 1.857512
v -0.023693 -0.223636 1.84429
v -0.034237 -0.223636 1.857512
v -0.038 -0.223636 1.874
v -0.034 -0.216708 1.874
v -0.030633 -0.216708 1.859248
v -0.030633 -0.216708 1.859248
v -0.034 -0.216708 1.874
v -0.026 -0.216708 1.874
v -0.023425 -0.216708 1.862719
v -0.023425 -0.216708 1.862719
v -0.026 -0.216708 1.874
v -0.022 -0.223636 1.874
v -0.019821 -0.223636 1.864455
v -0.019821 -0.223636 1.864455
v -0.022 -0.223636 1.874
v -0.026 -0.230565 1.874
v -0.023425 -0.230565 1.862719
v -0.023425 -0.230565 1.862719
v -0.026 -0.230565 1.874
v -0.034 -0.230565 1.874
v -0.030633 -0.230565 1.859248
v -0.030633 -0.230565 1.859248
v -0.034 -0.230565 1.874
v -0.038 -0.223636 1.874
v -0.034237 -0.223636 1.857512
v -0.038 -0.223636 1.874
v -0.034237 -0.223636 1.890488
v -0.030633 -0.216708 1.888752
v -0.034 -0.216708 1.874
v -0.034 -0.216708 1.874
v -0.030633 -0.216708 1.888752
v -0.023425 -0.216708 1.885281
v -0.026 -0.216708 1.874
v -0.026 -0.216708 1.874
v -0.023425 -0.216708 1.885281
v -0.019821 -0.223636 1.883545
v -0.022 -0.223636 1.874
v -0.022 -0.223636 1.874
v -0.019821 -0.223636 1.883545
v -0.023425 -0.230565 1.885281
v -0.026 -0.230565 1.874
v -0.026 -0.230565 1.874
v -0.023425 -0.230565 1.885281
v -0.030633 -0.230565 1.888752
v -0.034 -0.230565 1.874
v -0.034 -0.230565 1.874
v -0.030633 -0.230565 1.888752
v -0.034237 -0.223636 1.890488
v -0.038 -0.223636 1.874
v -0.034237 -0.223636 1.890488
v -0.023693 -0.223636 1.90371
v -0.021199 -0.216708 1.900582
v -0.030633 -0.216708 1.888752
v -0.030633 -0.216708 1.888752
v -0.021199 -0.216708 1.900582
v -0.016211 -0.216708 1.894328
v -0.023425 -0.216708 1.885281
v -0.023425 -0.216708 1.885281
v -0.016211 -0.216708 1.894328
v -0.013717 -0.223636 1.8912
v -0.019821 -0.223636 1.883545
v -0.019821 -0.223636 1.883545
v -0.013717 -0.223636 1.8912
v -0.016211 -0.230565 1.894328
v -0.023425 -0.230565 1.885281
v -0.023425 -0.230565 1.885281
v -0.016211 -0.230565 1.894328
v -0.021199 -0.230565 1.900582
v -0.030633 -0.230565 1.888752
v -0.030633 -0.230565 1.888752
v -0.021199 -0.230565 1.900582
v -0.023693 -0.223636 1.90371
v -0.034237 -0.223636 1.890488
v -0.023693 -0.223636 1.90371
v -0.008456 -0.223636 1.911047
v -0.007566 -0.216708 1.907148
v -0.021199 -0.216708 1.900582
v -0.021199 -0.216708 1.900582
v -0.007566 -0.216708 1.907148
v -0.005786 -0.216708 1.899348
v -0.016211 -0.216708 1.894328
v -0.016211 -0.216708 1.894328
v -0.005786 -0.216708 1.899348
v -0.004895 -0.223636 1.895448
v -0.013717 -0.223636 1.8912
v -0.013717 -0.223636 1.8912
v -0.004895 -0.223636 1.895448
v -0.005786 -0.230565 1.899348
v -0.016211 -0.230565 1.894328
v -0.016211 -0.230565 1.894328
v -0.005786 -0.230565 1.899348
v -0.007566 -0.230565 1.907148
v -0.021199 -0.230565 1.900582
v -0.021199 -0.230565 1.900582
v -0.007566 -0.230565 1.907148
v -0.008456 -0.223636 1.911047
v -0.023693 -0.223636 1.90371
v -0.008456 -0.223636 1.911047
v 0.008456 -0.223636 1.911047
v 0.007566 -0.216708 1.907148
v -0.007566 -0.216708 1.907148
v -0.007566 -0.216708 1.907148
v 0.007566 -0.216708 1.907148
v 0.005786 -0.216708 1.899348
v -0.005786 -0.216708 1.899348
v -0.005786 -0.216708 1.899348
v 0.005786 -0.216708 1.899348
v 0.004895 -0.223636 1.895448
v -0.004895 -0.223636 1.895448
v -0.004895 -0.223636 1.895448
v 0.004895 -0.223636 1.895448
v 0.005786 -0.230565 1.899348
v -0.005786 -0.230565 1.899348
v -0.005786 -0.230565 1.899348
v 0.005786 -0.230565 1.899348
v 0.007566 -0.230565 1.907148
v -0.007566 -0.230565 1.907148
v -0.007566 -0.230565 1.907148
v 0.007566 -0.230565 1.907148
v 0.008456 -0.223636 1.911047
v -0.008456 -0.223636 1.911047
v 0.008456 -0.223636 1.911047
v 0.023693 -0.223636 1.90371
v 0.021199 -0.216708 1.900582
v 0.007566 -0.216708 1.907148
v 0.007566 -0.216708 1.907148
v 0.021199 -0.216708 1.900582
v 0.016211 -0.216708 1.894328
v 0.005786 -0.216708 1.899348
v 0.005786 -0.216708 1.899348
v 0.016211 -0.216708 1.894328
v 0.013717 -0.223636 1.8912
v 0.004895 -0.223636 1.895448
v 0.004895 -0.223636 1.895448
v 0.013717 -0.223636 1.8912
v 0.016211 -0.230565 1.894328
v 0.005786 -0.230565 1.899348
v 0.005786 -0.230565 1.899348
v 0.016211 -0.230565 1.894328
v 0.021199 -0.230565 1.900582
v 0.007566 -0.230565 1.907148
v 0.007566 -0.230565 1.907148
v 0.021199 -0.230565 1.900582
v 0.023693 -0.223636 1.90371
v 0.008456 -0.223636 1.911047
v 0.023693 -0.223636 1.90371
v 0.034237 -0.223636 1.890488
v 0.030633 -0.216708 1.888752
v 0.021199 -0.216708 1.900582
v 0.021199 -0.216708 1.900582
v 0.030633 -0.216708 1.888752
v 0.023425 -0.216708 1.885281
v 0.016211 -0.216708 1.894328
v 0.016211 -0.216708 1.894328
v 0.023425 -0.216708 1.885281
v 0.019821 -0.223636 1.883545
v 0.013717 -0.223636 1.8912
v 0.013717 -0.223636 1.8912
v 0.019821 -0.223636 1.883545
v 0.023425 -0.230565 1.885281
v 0.016211 -0.230565 1.894328
v 0.016211 -0.230565 1.894328
v 0.023425 -0.230565 1.885281
v 0.030633 -0.230565 1.888752
v 0.021199 -0.230565 1.900582
v 0.021199 -0.230565 1.900582
v 0.030633 -0.230565 1.888752
v 0.034237 -0.223636 1.890488
v 0.023693 -0.223636 1.90371
v 0.034237 -0.223636 1.890488
v 0.038 -0.223636 1.874
v 0.034 -0.216708 1.874
v 0.030633 -0.216708 1.888752
v 0.030633 -0.216708 1.888752
v 0.034 -0.216708 1.874
v 0.026 -0.216708 1.874
v 0.023425 -0.216708 1.885281
v 0.023425 -0.216708 1.885281
v 0.026 -0.216708 1.874
v 0.022 -0.223636 1.874
v 0.019821 -0.223636 1.883545
v 0.019821 -0.223636 1.883545
v 0.022 -0.223636 1.874
v 0.026 -0.230565 1.874
v 0.023425 -0.230565 1.885281
v 0.023425 -0.230565 1.885281
v 0.026 -0.230565 1.874
v 0.034 -0.230565 1.874
v 0.030633 -0.230565 1.888752
v 0.030633 -0.230565 1.888752
v 0.034 -0.230565 1.874
v 0.038 -0.223636 1.874
v 0.034237 -0.223636 1.890488
v 0.047 -0.223636 1.82
v 0.043422 -0.223636 1.802014
v 0.039265 -0.215842 1.803736
v 0.0425 -0.215842 1.82
v 0.0425 -0.215842 1.82
v 0.039265 -0.215842 1.803736
v 0.03095 -0.215842 1.80718
v 0.0335 -0.215842 1.82
v 0.0335 -0.215842 1.82
v 0.03095 -0.215842 1.80718
v 0.026793 -0.223636 1.808902
v 0.029 -0.223636 1.82
v 0.029 -0.223636 1.82
v 0.026793 -0.223636 1.808902
v 0.03095 -0.231431 1.80718
v 0.0335 -0.231431 1.82
v 0.0335 -0.231431 1.82
v 0.03095 -0.231431 1.80718
v 0.039265 -0.231431 1.803736
v 0.0425 -0.231431 1.82
v 0.0425 -0.231431 1.82
v 0.039265 -0.231431 1.803736
v 0.043422 -0.223636 1.802014
v 0.047 -0.223636 1.82
v 0.043422 -0.223636 1.802014
v 0.033234 -0.223636 1.786766
v 0.030052 -0.215842 1.789948
v 0.039265 -0.215842 1.803736
v 0.039265 -0.215842 1.803736
v 0.030052 -0.215842 1.789948
v 0.023688 -0.215842 1.796312
v 0.03095 -0.215842 1.80718
v 0.03095 -0.215842 1.80718
v 0.023688 -0.215842 1.796312
v 0.020506 -0.223636 1.799494
v 0.026793 -0.223636 1.808902
v 0.026793 -0.223636 1.808902
v 0.020506 -0.223636 1.799494
v 0.023688 -0.231431 1.796312
v 0.03095 -0.231431 1.80718
v 0.03095 -0.231431 1.80718
v 0.023688 -0.231431 1.796312
v 0.030052 -0.231431 1.789948
v 0.039265 -0.231431 1.803736
v 0.039265 -0.231431 1.803736
v 0.030052 -0.231431 1.789948
v 0.033234 -0.223636 1.786766
v 0.043422 -0.223636 1.802014
v 0.033234 -0.223636 1.786766
v 0.017986 -0.223636 1.776578
v 0.016264 -0.215842 1.780735
v 0.030052 -0.215842 1.789948
v 0.030052 -0.215842 1.789948
v 0.016264 -0.215842 1.780735
v 0.01282 -0.215842 1.78905
v 0.023688 -0.215842 1.796312
v 0.023688 -0.215842 1.796312
v 0.01282 -0.215842 1.78905
v 0.011098 -0.223636 1.793207
v 0.020506 -0.223636 1.799494
v 0.020506 -0.223636 1.799494
v 0.011098 -0.223636 1.793207
v 0.01282 -0.231431 1.78905
v 0.023688 -0.231431 1.796312
v 0.023688 -0.231431 1.796312
v 0.01282 -0.231431 1.78905
v 0.016264 -0.231431 1.780735
v 0.030052 -0.231431 1.789948
v 0.030052 -0.231431 1.789948
v 0.016264 -0.231431 1.780735
v 0.017986 -0.223636 1.776578
v 0.033234 -0.223636 1.786766
v 0.017986 -0.223636 1.776578
v 0 -0.223636 1.773
v 0 -0.215842 1.7775
v 0.016264 -0.215842 1.780735
v 0.016264 -0.215842 1.780735
v 0 -0.215842 1.7775
v 0 -0.215842 1.7865
v 0.01282 -0.215842 1.78905
v 0.01282 -0.215842 1.78905
v 0 -0.215842 1.7865
v 0 -0.223636 1.791
v 0.011098 -0.223636 1.793207
v 0.011098 -0.223636 1.793207
v 0 -0.223636 1.791
v 0 -0.231431 1.7865
v 0.01282 -0.231431 1.78905
v 0.01282 -0.231431 1.78905
v 0 -0.231431 1.7865
v 0 -0.231431 1.7775
v 0.016264 -0.231431 1.780735
v 0.016264 -0.231431 1.780735
v 0 -0.231431 1.7775
v 0 -0.223636 1.773
v 0.017986 -0.223636 1.776578
v 0 -0.223636 1.773
v -0.017986 -0.223636 1.776578
v -0.016264 -0.215842 1.780735
v 0 -0.215842 1.7775
v 0 -0.215842 1.7775
v -0.016264 -0.215842 1.780735
v -0.01282 -0.215842 1.78905
v 0 -0.215842 1.7865
v 0 -0.215842 1.7865
v -0.01282 -0.215842 1.78905
v -0.011098 -0.223636 1.793207
v 0 -0.223636 1.791
v 0 -0.223636 1.791
v -0.011098 -0.223636 1.793207
v -0.01282 -0.231431 1.78905
v 0 -0.231431 1.7865
v 0 -0.231431 1.7865
v -0.01282 -0.231431 1.78905
v -0.016264 -0.231431 1.780735
v 0 -0.231431 1.7775
v 0 -0.231431 1.7775
v -0.016264 -0.231431 1.780735
v -0.017986 -0.223636 1.776578
v 0 -0.223636 1.773
v -0.017986 -0.223636 1.776578
v -0.033234 -0.223636 1.786766
v -0.030052 -0.215842 1.789948
v -0.016264 -0.215842 1.780735
v -0.016264 -0.215842 1.780735
v -0.030052 -0.215842 1.789948
v -0.023688 -0.215842 1.796312
v -0.01282 -0.215842 1.78905
v -0.01282 -0.215842 1.78905
v -0.023688 -0.215842 1.796312
v -0.020506 -0.223636 1.799494
v -0.011098 -0.223636 1.793207
v -0.011098 -0.223636 1.793207
v -0.020506 -0.223636 1.799494
v -0.023688 -0.231431 1.796312
v -0.01282 -0.231431 1.78905
v -0.01282 -0.231431 1.78905
v -0.023688 -0.231431 1.796312
v -0.030052 -0.231431 1.789948
v -0.016264 -0.231431 1.780735
v -0.016264 -0.231431 1.780735
v -0.030052 -0.231431 1.789948
v -0.033234 -0.223636 1.786766
v -0.017986 -0.223636 1.776578
v -0.033234 -0.223636 1.786766
v -0.043422 -0.223636 1.802014
v -0.039265 -0.215842 1.803736
v -0.030052 -0.215842 1.789948
v -0.030052 -0.215842 1.789948
v -0.039265 -0.215842 1.803736
v -0.03095 -0.215842 1.80718
v -0.023688 -0.215842 1.796312
v -0.023688 -0.215842 1.796312
v -0.03095 -0.215842 1.80718
v -0.026793 -0.223636 1.808902
v -0.020506 -0.223636 1.799494
v -0.020506 -0.223636 1.799494
v -0.026793 -0.223636 1.808902
v -0.03095 -0.231431 1.80718
v -0.023688 -0.231431 1.796312
v -0.023688 -0.231431 1.796312
v -0.03095 -0.231431 1.80718
v -0.039265 -0.231431 1.803736
v -0.030052 -0.231431 1.789948
v -0.030052 -0.231431 1.789948
v -0.039265 -0.231431 1.803736
v -0.043422 -0.223636 1.802014
v -0.033234 -0.223636 1.786766
v -0.043422 -0.223636 1.802014
v -0.047 -0.223636 1.82
v -0.0425 -0.215842 1.82
v -0.039265 -0.215842 1.803736
v -0.039265 -0.215842 1.803736
v -0.0425 -0.215842 1.82
v -0.0335 -0.215842 1.82
v -0.03095 -0.215842 1.80718
v -0.03095 -0.215842 1.80718
v -0.0335 -0.215842 1.82
v -0.029 -0.223636 1.82
v -0.026793 -0.223636 1.808902
v -0.026793 -0.223636 1.808902
v -0.029 -0.223636 1.82
v -0.0335 -0.231431 1.82
v -0.03095 -0.231431 1.80718
v -0.03095 -0.231431 1.80718
v -0.0335 -0.231431 1.82
v -0.0425 -0.231431 1.82
v -0.039265 -0.231431 1.803736
v -0.039265 -0.231431 1.803736
v -0.0425 -0.231431 1.82
v -0.047 -0.223636 1.82
v -0.043422 -0.223636 1.802014
v -0.047 -0.223636 1.82
v -0.043422 -0.223636 1.837986
v -0.039265 -0.215842 1.836264
v -0.0425 -0.215842 1.82
v -0.0425 -0.215842 1.82
v -0.039265 -0.215842 1.836264
v -0.03095 -0.215842 1.83282
v -0.0335 -0.215842 1.82
v -0.0335 -0.215842 1.82
v -0.03095 -0.215842 1.83282
v -0.026793 -0.223636 1.831098
v -0.029 -0.223636 1.82
v -0.029 -0.223636 1.82
v -0.026793 -0.223636 1.831098
v -0.03095 -0.231431 1.83282
v -0.0335 -0.231431 1.82
v -0.0335 -0.231431 1.82
v -0.03095 -0.231431 1.83282
v -0.039265 -0.231431 1.836264
v -0.0425 -0.231431 1.82
v -0.0425 -0.231431 1.82
v -0.039265 -0.231431 1.836264
v -0.043422 -0.223636 1.837986
v -0.047 -0.223636 1.82
v -0.043422 -0.223636 1.837986
v -0.033234 -0.223636 1.853234
v -0.030052 -0.215842 1.850052
v -0.039265 -0.215842 1.836264
v -0.039265 -0.215842 1.836264
v -0.030052 -0.215842 1.850052
v -0.023688 -0.215842 1.843688
v -0.03095 -0.215842 1.83282
v -0.03095 -0.215842 1.83282
v -0.023688 -0.215842 1.843688
v -0.020506 -0.223636 1.840506
v -0.026793 -0.223636 1.831098
v -0.026793 -0.223636 1.831098
v -0.020506 -0.223636 1.840506
v -0.023688 -0.231431 1.843688
v -0.03095 -0.231431 1.83282
v -0.03095 -0.231431 1.83282
v -0.023688 -0.231431 1.843688
v -0.030052 -0.231431 1.850052
v -0.039265 -0.231431 1.836264
v -0.039265 -0.231431 1.836264
v -0.030052 -0.231431 1.850052
v -0.033234 -0.223636 1.853234
v -0.043422 -0.223636 1.837986
v -0.033234 -0.223636 1.853234
v -0.017986 -0.223636 1.863422
v -0.016264 -0.215842 1.859265
v -0.030052 -0.215842 1.850052
v -0.030052 -0.215842 1.850052
v -0.016264 -0.215842 1.859265
v -0.01282 -0.215842 1.85095
v -0.023688 -0.215842 1.843688
v -0.023688 -0.215842 1.843688
v -0.01282 -0.215842 1.85095
v -0.011098 -0.223636 1.846793
v -0.020506 -0.223636 1.840506
v -0.020506 -0.223636 1.840506
v -0.011098 -0.223636 1.846793
v -0.01282 -0.231431 1.85095
v -0.023688 -0.231431 1.843688
v -0.023688 -0.231431 1.843688
v -0.01282 -0.231431 1.85095
v -0.016264 -0.231431 1.859265
v -0.030052 -0.231431 1.850052
v -0.030052 -0.231431 1.850052
v -0.016264 -0.231431 1.859265
v -0.017986 -0.223636 1.863422
v -0.033234 -0.223636 1.853234
v -0.017986 -0.223636 1.863422
v 0 -0.223636 1.867
v 0 -0.215842 1.8625
v -0.016264 -0.215842 1.859265
v -0.016264 -0.215842 1.859265
v 0 -0.215842 1.8625
v 0 -0.215842 1.8535
v -0.01282 -0.215842 1.85095
v -0.01282 -0.215842 1.85095
v 0 -0.215842 1.8535
v 0 -0.223636 1.849
v -0.011098 -0.223636 1.846793
v -0.011098 -0.223636 1.846793
v 0 -0.223636 1.849
v 0 -0.231431 1.8535
v -0.01282 -0.231431 1.85095
v -0.01282 -0.231431 1.85095
v 0 -0.231431 1.8535
v 0 -0.231431 1.8625
v -0.016264 -0.231431 1.859265
v -0.016264 -0.231431 1.859265
v 0 -0.231431 1.8625
v 0 -0.223636 1.867
v -0.017986 -0.223636 1.863422
v 0 -0.223636 1.867
v 0.017986 -0.223636 1.863422
v 0.016264 -0.215842 1.859265
v 0 -0.215842 1.8625
v 0 -0.215842 1.8625
v 0.016264 -0.215842 1.859265
v 0.01282 -0.215842 1.85095
v 0 -0.215842 1.8535
v 0 -0.215842 1.8535
v 0.01282 -0.215842 1.85095
v 0.011098 -0.223636 1.846793
v 0 -0.223636 1.849
v 0 -0.223636 1.849
v 0.011098 -0.223636 1.846793
v 0.01282 -0.231431 1.85095
v 0 -0.231431 1.8535
v 0 -0.231431 1.8535
v 0.01282 -0.231431 1.85095
v 0.016264 -0.231431 1.859265
v 0 -0.231431 1.8625
v 0 -0.231431 1.8625
v 0.016264 -0.231431 1.859265
v 0.017986 -0.223636 1.863422
v 0 -0.223636 1.867
v 0.017986 -0.223636 1.863422
v 0.033234 -0.223636 1.853234
v 0.030052 -0.215842 1.850052
v 0.016264 -0.215842 1.859265
v 0.016264 -0.215842 1.859265
v 0.030052 -0.215842 1.850052
v 0.023688 -0.215842 1.843688
v 0.01282 -0.215842 1.85095
v 0.01282 -0.215842 1.85095
v 0.023688 -0.215842 1.843688
v 0.020506 -0.223636 1.840506
v 0.011098 -0.223636 1.846793
v 0.011098 -0.223636 1.846793
v 0.020506 -0.223636 1.840506
v 0.023688 -0.231431 1.843688
v 0.01282 -0.231431 1.85095
v 0.01282 -0.231431 1.85095
v 0.023688 -0.231431 1.843688
v 0.030052 -0.231431 1.850052
v 0.016264 -0.231431 1.859265
v 0.016264 -0.231431 1.859265
v 0.030052 -0.231431 1.850052
v 0.033234 -0.223636 1.853234
v 0.017986 -0.223636 1.863422
v 0.033234 -0.223636 1.853234
v 0.043422 -0.223636 1.837986
v 0.039265 -0.215842 1.836264
v 0.030052 -0.215842 1.850052
v 0.030052 -0.215842 1.850052
v 0.039265 -0.215842 1.836264
v 0.03095 -0.215842 1.83282
v 0.023688 -0.215842 1.843688
v 0.023688 -0.215842 1.843688
v 0.03095 -0.215842 1.83282
v 0.026793 -0.223636 1.831098
v 0.020506 -0.223636 1.840506
v 0.020506 -0.223636 1.840506
v 0.026793 -0.223636 1.831098
v 0.03095 -0.231431 1.83282
v 0.023688 -0.231431 1.843688
v 0.023688 -0.231431 1.843688
v 0.03095 -0.231431 1.83282
v 0.039265 -0.231431 1.836264
v 0.030052 -0.231431 1.850052
v 0.030052 -0.231431 1.850052
v 0.039265 -0.231431 1.836264
v 0.043422 -0.223636 1.837986
v 0.033234 -0.223636 1.853234
v 0.043422 -0.223636 1.837986
v 0.047 -0.223636 1.82
v 0.0425 -0.215842 1.82
v 0.039265 -0.215842 1.836264
v 0.039265 -0.215842 1.836264
v 0.0425 -0.215842 1.82
v 0.0335 -0.215842 1.82
v 0.03095 -0.215842 1.83282
v 0.03095 -0.215842 1.83282
v 0.0335 -0.215842 1.82
v 0.029 -0.223636 1.82
v 0.026793 -0.223636 1.831098
v 0.026793 -0.223636 1.831098
v 0.029 -0.223636 1.82
v 0.0335 -0.231431 1.82
v 0.03095 -0.231431 1.83282
v 0.03095 -0.231431 1.83282
v 0.0335 -0.231431 1.82
v 0.0425 -0.231431 1.82
v 0.039265 -0.231431 1.836264
v 0.039265 -0.231431 1.836264
v 0.0425 -0.231431 1.82
v 0.047 -0.223636 1.82
v 0.043422 -0.223636 1.837986
v -0.06 -0.241136 1.7875
v -0.06 -0.206136 1.7875
v -0.06 -0.206136 1.7425
v -0.06 -0.241136 1.7425
v 0.06 -0.241136 1.7425
v 0.06 -0.206136 1.7425
v 0.06 -0.206136 1.7875
v 0.06 -0.241136 1.7875
v -0.05 -0.251136 1.7425
v 0.05 -0.251136 1.7425
v 0.05 -0.251136 1.7875
v -0.05 -0.251136 1.7875
v -0.05 -0.196136 1.7875
v 0.05 -0.196136 1.7875
v 0.05 -0.196136 1.7425
v -0.05 -0.196136 1.7425
v -0.05 -0.206136 1.7325
v 0.05 -0.206136 1.7325
v 0.05 -0.241136 1.7325
v -0.05 -0.241136 1.7325
v -0.05 -0.241136 1.7975
v 0.05 -0.241136 1.7975
v 0.05 -0.206136 1.7975
v -0.05 -0.206136 1.7975
v -0.06 -0.241136 1.7425
v -0.05 -0.251136 1.7425
v -0.05 -0.251136 1.7875
v -0.06 -0.241136 1.7875
v -0.06 -0.206136 1.7875
v -0.05 -0.196136 1.7875
v -0.05 -0.196136 1.7425
v -0.06 -0.206136 1.7425
v 0.06 -0.241136 1.7875
v 0.05 -0.251136 1.7875
v 0.05 -0.251136 1.7425
v 0.06 -0.241136 1.7425
v 0.06 -0.206136 1.7425
v 0.05 -0.196136 1.7425
v 0.05 -0.196136 1.7875
v 0.06 -0.206136 1.7875
v -0.06 -0.206136 1.7425
v -0.05 -0.206136 1.7325
v -0.05 -0.241136 1.7325
v -0.06 -0.241136 1.7425
v -0.06 -0.241136 1.7875
v -0.05 -0.241136 1.7975
v -0.05 -0.206136 1.7975
v -0.06 -0.206136 1.7875
v 0.06 -0.241136 1.7425
v 0.05 -0.241136 1.7325
v 0.05 -0.206136 1.7325
v 0.06 -0.206136 1.7425
v 0.06 -0.206136 1.7875
v 0.05 -0.206136 1.7975
v 0.05 -0.241136 1.7975
v 0.06 -0.241136 1.7875
v -0.05 -0.251136 1.7425
v -0.05 -0.241136 1.7325
v 0.05 -0.241136 1.7325
v 0.05 -0.251136 1.7425
v 0.05 -0.251136 1.7875
v 0.05 -0.241136 1.7975
v -0.05 -0.241136 1.7975
v -0.05 -0.251136 1.7875
v 0.05 -0.196136 1.7425
v 0.05 -0.206136 1.7325
v -0.05 -0.206136 1.7325
v -0.05 -0.196136 1.7425
v -0.05 -0.196136 1.7875
v -0.05 -0.206136 1.7975
v 0.05 -0.206136 1.7975
v 0.05 -0.196136 1.7875
v -0.05 -0.241136 1.7325
v -0.05 -0.251136 1.7425
v -0.06 -0.241136 1.7425
v -0.06 -0.241136 1.7875
v -0.05 -0.251136 1.7875
v -0.05 -0.241136 1.7975
v -0.06 -0.206136 1.7425
v -0.05 -0.196136 1.7425
v -0.05 -0.206136 1.7325
v -0.05 -0.206136 1.7975
v -0.05 -0.196136 1.7875
v -0.06 -0.206136 1.7875
v 0.06 -0.241136 1.7425
v 0.05 -0.251136 1.7425
v 0.05 -0.241136 1.7325
v 0.05 -0.241136 1.7975
v 0.05 -0.251136 1.7875
v 0.06 -0.241136 1.7875
v 0.05 -0.206136 1.7325
v 0.05 -0.196136 1.7425
v 0.06 -0.206136 1.7425
v 0.06 -0.206136 1.7875
v 0.05 -0.196136 1.7875
v 0.05 -0.206136 1.7975
v -0.23 -0.229686 1.89505
v -0.23 -0.217586 1.89505
v -0.23 -0.217586 1.28495
v -0.23 -0.229686 1.28495
v 0.23 -0.229686 1.28495
v 0.23 -0.217586 1.28495
v 0.23 -0.217586 1.89505
v 0.23 -0.229686 1.89505
v -0.22505 -0.234636 1.28495
v 0.22505 -0.234636 1.28495
v 0.22505 -0.234636 1.89505
v -0.22505 -0.234636 1.89505
v -0.22505 -0.212636 1.89505
v 0.22505 -0.212636 1.89505
v 0.22505 -0.212636 1.28495
v -0.22505 -0.212636 1.28495
v -0.22505 -0.217586 1.28
v 0.22505 -0.217586 1.28
v 0.22505 -0.229686 1.28
v -0.22505 -0.229686 1.28
v -0.22505 -0.229686 1.9
v 0.22505 -0.229686 1.9
v 0.22505 -0.217586 1.9
v -0.22505 -0.217586 1.9
v -0.23 -0.229686 1.28495
v -0.22505 -0.234636 1.28495
v -0.22505 -0.234636 1.89505
v -0.23 -0.229686 1.89505
v -0.23 -0.217586 1.89505
v -0.22505 -0.212636 1.89505
v -0.22505 -0.212636 1.28495
v -0.23 -0.217586 1.28495
v 0.23 -0.229686 1.89505
v 0.22505 -0.234636 1.89505
v 0.22505 -0.234636 1.28495
v 0.23 -0.229686 1.28495
v 0.23 -0.217586 1.28495
v 0.22505 -0.212636 1.28495
v 0.22505 -0.212636 1.89505
v 0.23 -0.217586 1.89505
v -0.23 -0.217586 1.28495
v -0.22505 -0.217586 1.28
v -0.22505 -0.229686 1.28
v -0.23 -0.229686 1.28495
v -0.23 -0.229686 1.89505
v -0.22505 -0.229686 1.9
v -0.22505 -0.217586 1.9
v -0.23 -0.217586 1.89505
v 0.23 -0.229686 1.28495
v 0.22505 -0.229686 1.28
v 0.22505 -0.217586 1.28
v 0.23 -0.217586 1.28495
v 0.23 -0.217586 1.89505
v 0.22505 -0.217586 1.9
v 0.22505 -0.229686 1.9
v 0.23 -0.229686 1.89505
v -0.22505 -0.234636 1.28495
v -0.22505 -0.229686 1.28
v 0.22505 -0.229686 1.28
v 0.22505 -0.234636 1.28495
v 0.22505 -0.234636 1.89505
v 0.22505 -0.229686 1.9
v -0.22505 -0.229686 1.9
v -0.22505 -0.234636 1.89505
v 0.22505 -0.212636 1.28495
v 0.22505 -0.217586 1.28
v -0.22505 -0.217586 1.28
v -0.22505 -0.212636 1.28495
v -0.22505 -0.212636 1.89505
v -0.22505 -0.217586 1.9
v 0.22505 -0.217586 1.9
v 0.22505 -0.212636 1.89505
v -0.22505 -0.229686 1.28
v -0.22505 -0.234636 1.28495
v -0.23 -0.229686 1.28495
v -0.23 -0.229686 1.89505
v -0.22505 -0.234636 1.89505
v -0.22505 -0.229686 1.9
v -0.23 -0.217586 1.28495
v -0.22505 -0.212636 1.28495
v -0.22505 -0.217586 1.28
v -0.22505 -0.217586 1.9
v -0.22505 -0.212636 1.89505
v -0.23 -0.217586 1.89505
v 0.23 -0.229686 1.28495
v 0.22505 -0.234636 1.28495
v 0.22505 -0.229686 1.28
v 0.22505 -0.229686 1.9
v 0.22505 -0.234636 1.89505
v 0.23 -0.229686 1.89505
v 0.22505 -0.217586 1.28
v 0.22505 -0.212636 1.28495
v 0.23 -0.217586 1.28495
v 0.23 -0.217586 1.89505
v 0.22505 -0.212636 1.89505
v 0.22505 -0.217586 1.9
v -0.17 -0.239111 1.865475
v -0.17 -0.234161 1.865475
v -0.17 -0.234161 1.824525
v -0.17 -0.239111 1.824525
v 0.17 -0.239111 1.824525
v 0.17 -0.234161 1.824525
v 0.17 -0.234161 1.865475
v 0.17 -0.239111 1.865475
v -0.167975 -0.241136 1.824525
v 0.167975 -0.241136 1.824525
v 0.167975 -0.241136 1.865475
v -0.167975 -0.241136 1.865475
v -0.167975 -0.232136 1.865475
v 0.167975 -0.232136 1.865475
v 0.167975 -0.232136 1.824525
v -0.167975 -0.232136 1.824525
v -0.167975 -0.234161 1.8225
v 0.167975 -0.234161 1.8225
v 0.167975 -0.239111 1.8225
v -0.167975 -0.239111 1.8225
v -0.167975 -0.239111 1.8675
v 0.167975 -0.239111 1.8675
v 0.167975 -0.234161 1.8675
v -0.167975 -0.234161 1.8675
v -0.17 -0.239111 1.824525
v -0.167975 -0.241136 1.824525
v -0.167975 -0.241136 1.865475
v -0.17 -0.239111 1.865475
v -0.17 -0.234161 1.865475
v -0.167975 -0.232136 1.865475
v -0.167975 -0.232136 1.824525
v -0.17 -0.234161 1.824525
v 0.17 -0.239111 1.865475
v 0.167975 -0.241136 1.865475
v 0.167975 -0.241136 1.824525
v 0.17 -0.239111 1.824525
v 0.17 -0.234161 1.824525
v 0.167975 -0.232136 1.824525
v 0.167975 -0.232136 1.865475
v 0.17 -0.234161 1.865475
v -0.17 -0.234161 1.824525
v -0.167975 -0.234161 1.8225
v -0.167975 -0.239111 1.8225
v -0.17 -0.239111 1.824525
v -0.17 -0.239111 1.865475
v -0.167975 -0.239111 1.8675
v -0.167975 -0.234161 1.8675
v -0.17 -0.234161 1.865475
v 0.17 -0.239111 1.824525
v 0.167975 -0.239111 1.8225
v 0.167975 -0.234161 1.8225
v 0.17 -0.234161 1.824525
v 0.17 -0.234161 1.865475
v 0.167975 -0.234161 1.8675
v 0.167975 -0.239111 1.8675
v 0.17 -0.239111 1.865475
v -0.167975 -0.241136 1.824525
v -0.167975 -0.239111 1.8225
v 0.167975 -0.239111 1.8225
v 0.167975 -0.241136 1.824525
v 0.167975 -0.241136 1.865475
v 0.167975 -0.239111 1.8675
v -0.167975 -0.239111 1.8675
v -0.167975 -0.241136 1.865475
v 0.167975 -0.232136 1.824525
v 0.167975 -0.234161 1.8225
v -0.167975 -0.234161 1.8225
v -0.167975 -0.232136 1.824525
v -0.167975 -0.232136 1.865475
v -0.167975 -0.234161 1.8675
v 0.167975 -0.234161 1.8675
v 0.167975 -0.232136 1.865475
v -0.167975 -0.239111 1.8225
v -0.167975 -0.241136 1.824525
v -0.17 -0.239111 1.824525
v -0.17 -0.239111 1.865475
v -0.167975 -0.241136 1.865475
v -0.167975 -0.239111 1.8675
v -0.17 -0.234161 1.824525
v -0.167975 -0.232136 1.824525
v -0.167975 -0.234161 1.8225
v -0.167975 -0.234161 1.8675
v -0.167975 -0.232136 1.865475
v -0.17 -0.234161 1.865475
v 0.17 -0.239111 1.824525
v 0.167975 -0.241136 1.824525
v 0.167975 -0.239111 1.8225
v 0.167975 -0.239111 1.8675
v 0.167975 -0.241136 1.865475
v 0.17 -0.239111 1.865475
v 0.167975 -0.234161 1.8225
v 0.167975 -0.232136 1.824525
v 0.17 -0.234161 1.824525
v 0.17 -0.234161 1.865475
v 0.167975 -0.232136 1.865475
v 0.167975 -0.234161 1.8675
v -0.1525 -0.240111 1.787975
v -0.1525 -0.235161 1.787975
v -0.1525 -0.235161 1.432025
v -0.1525 -0.240111 1.432025
v -0.1275 -0.240111 1.432025
v -0.1275 -0.235161 1.432025
v -0.1275 -0.235161 1.787975
v -0.1275 -0.240111 1.787975
v -0.150475 -0.242136 1.432025
v -0.129525 -0.242136 1.432025
v -0.129525 -0.242136 1.787975
v -0.150475 -0.242136 1.787975
v -0.150475 -0.233136 1.787975
v -0.129525 -0.233136 1.787975
v -0.129525 -0.233136 1.432025
v -0.150475 -0.233136 1.432025
v -0.150475 -0.235161 1.43
v -0.129525 -0.235161 1.43
v -0.129525 -0.240111 1.43
v -0.150475 -0.240111 1.43
v -0.150475 -0.240111 1.79
v -0.129525 -0.240111 1.79
v -0.129525 -0.235161 1.79
v -0.150475 -0.235161 1.79
v -0.1525 -0.240111 1.432025
v -0.150475 -0.242136 1.432025
v -0.150475 -0.242136 1.787975
v -0.1525 -0.240111 1.787975
v -0.1525 -0.235161 1.787975
v -0.150475 -0.233136 1.787975
v -0.150475 -0.233136 1.432025
v -0.1525 -0.235161 1.432025
v -0.1275 -0.240111 1.787975
v -0.129525 -0.242136 1.787975
v -0.129525 -0.242136 1.432025
v -0.1275 -0.240111 1.432025
v -0.1275 -0.235161 1.432025
v -0.129525 -0.233136 1.432025
v -0.129525 -0.233136 1.787975
v -0.1275 -0.235161 1.787975
v -0.1525 -0.235161 1.432025
v -0.150475 -0.235161 1.43
v -0.150475 -0.240111 1.43
v -0.1525 -0.240111 1.432025
v -0.1525 -0.240111 1.787975
v -0.150475 -0.240111 1.79
v -0.150475 -0.235161 1.79
v -0.1525 -0.235161 1.787975
v -0.1275 -0.240111 1.432025
v -0.129525 -0.240111 1.43
v -0.129525 -0.235161 1.43
v -0.1275 -0.235161 1.432025
v -0.1275 -0.235161 1.787975
v -0.129525 -0.235161 1.79
v -0.129525 -0.240111 1.79
v -0.1275 -0.240111 1.787975
v -0.150475 -0.242136 1.432025
v -0.150475 -0.240111 1.43
v -0.129525 -0.240111 1.43
v -0.129525 -0.242136 1.432025
v -0.129525 -0.242136 1.787975
v -0.129525 -0.240111 1.79
v -0.150475 -0.240111 1.79
v -0.150475 -0.242136 1.787975
v -0.129525 -0.233136 1.432025
v -0.129525 -0.235161 1.43
v -0.150475 -0.235161 1.43
v -0.150475 -0.233136 1.432025
v -0.150475 -0.233136 1.787975
v -0.150475 -0.235161 1.79
v -0.129525 -0.235161 1.79
v -0.129525 -0.233136 1.787975
v -0.150475 -0.240111 1.43
v -0.150475 -0.242136 1.432025
v -0.1525 -0.240111 1.432025
v -0.1525 -0.240111 1.787975
v -0.150475 -0.242136 1.787975
v -0.150475 -0.240111 1.79
v -0.1525 -0.235161 1.432025
v -0.150475 -0.233136 1.432025
v -0.150475 -0.235161 1.43
v -0.150475 -0.235161 1.79
v -0.150475 -0.233136 1.787975
v -0.1525 -0.235161 1.787975
v -0.1275 -0.240111 1.432025
v -0.129525 -0.242136 1.432025
v -0.129525 -0.240111 1.43
v -0.129525 -0.240111 1.79
v -0.129525 -0.242136 1.787975
v -0.1275 -0.240111 1.787975
v -0.129525 -0.235161 1.43
v -0.129525 -0.233136 1.432025
v -0.1275 -0.235161 1.432025
v -0.1275 -0.235161 1.787975
v -0.129525 -0.233136 1.787975
v -0.129525 -0.235161 1.79
v 0.119 -0.240111 1.717975
v 0.119 -0.235161 1.717975
v 0.119 -0.235161 1.422025
v 0.119 -0.240111 1.422025
v 0.141 -0.240111 1.422025
v 0.141 -0.235161 1.422025
v 0.141 -0.235161 1.717975
v 0.141 -0.240111 1.717975
v 0.121025 -0.242136 1.422025
v 0.138975 -0.242136 1.422025
v 0.138975 -0.242136 1.717975
v 0.121025 -0.242136 1.717975
v 0.121025 -0.233136 1.717975
v 0.138975 -0.233136 1.717975
v 0.138975 -0.233136 1.422025
v 0.121025 -0.233136 1.422025
v 0.121025 -0.235161 1.42
v 0.138975 -0.235161 1.42
v 0.138975 -0.240111 1.42
v 0.121025 -0.240111 1.42
v 0.121025 -0.240111 1.72
v 0.138975 -0.240111 1.72
v 0.138975 -0.235161 1.72
v 0.121025 -0.235161 1.72
v 0.119 -0.240111 1.422025
v 0.121025 -0.242136 1.422025
v 0.121025 -0.242136 1.717975
v 0.119 -0.240111 1.717975
v 0.119 -0.235161 1.717975
v 0.121025 -0.233136 1.717975
v 0.121025 -0.233136 1.422025
v 0.119 -0.235161 1.422025
v 0.141 -0.240111 1.717975
v 0.138975 -0.242136 1.717975
v 0.138975 -0.242136 1.422025
v 0.141 -0.240111 1.422025
v 0.141 -0.235161 1.422025
v 0.138975 -0.233136 1.422025
v 0.138975 -0.233136 1.717975
v 0.141 -0.235161 1.717975
v 0.119 -0.235161 1.422025
v 0.121025 -0.235161 1.42
v 0.121025 -0.240111 1.42
v 0.119 -0.240111 1.422025
v 0.119 -0.240111 1.717975
v 0.121025 -0.240111 1.72
v 0.121025 -0.235161 1.72
v 0.119 -0.235161 1.717975
v 0.141 -0.240111 1.422025
v 0.138975 -0.240111 1.42
v 0.138975 -0.235161 1.42
v 0.141 -0.235161 1.422025
v 0.141 -0.235161 1.717975
v 0.138975 -0.235161 1.72
v 0.138975 -0.240111 1.72
v 0.141 -0.240111 1.717975
v 0.121025 -0.242136 1.422025
v 0.121025 -0.240111 1.42
v 0.138975 -0.240111 1.42
v 0.138975 -0.242136 1.422025
v 0.138975 -0.242136 1.717975
v 0.138975 -0.240111 1.72
v 0.121025 -0.240111 1.72
v 0.121025 -0.242136 1.717975
v 0.138975 -0.233136 1.422025
v 0.138975 -0.235161 1.42
v 0.121025 -0.235161 1.42
v 0.121025 -0.233136 1.422025
v 0.121025 -0.233136 1.717975
v 0.121025 -0.235161 1.72
v 0.138975 -0.235161 1.72
v 0.138975 -0.233136 1.717975
v 0.121025 -0.240111 1.42
v 0.121025 -0.242136 1.422025
v 0.119 -0.240111 1.422025
v 0.119 -0.240111 1.717975
v 0.121025 -0.242136 1.717975
v 0.121025 -0.240111 1.72
v 0.119 -0.235161 1.422025
v 0.121025 -0.233136 1.422025
v 0.121025 -0.235161 1.42
v 0.121025 -0.235161 1.72
v 0.121025 -0.233136 1.717975
v 0.119 -0.235161 1.717975
v 0.141 -0.240111 1.422025
v 0.138975 -0.242136 1.422025
v 0.138975 -0.240111 1.42
v 0.138975 -0.240111 1.72
v 0.138975 -0.242136 1.717975
v 0.141 -0.240111 1.717975
v 0.138975 -0.235161 1.42
v 0.138975 -0.233136 1.422025
v 0.141 -0.235161 1.422025
v 0.141 -0.235161 1.717975
v 0.138975 -0.233136 1.717975
v 0.138975 -0.235161 1.72
v -0.155 -0.240111 1.468975
v -0.155 -0.235161 1.468975
v -0.155 -0.235161 1.451025
v -0.155 -0.240111 1.451025
v 0.155 -0.240111 1.451025
v 0.155 -0.235161 1.451025
v 0.155 -0.235161 1.468975
v 0.155 -0.240111 1.468975
v -0.152975 -0.242136 1.451025
v 0.152975 -0.242136 1.451025
v 0.152975 -0.242136 1.468975
v -0.152975 -0.242136 1.468975
v -0.152975 -0.233136 1.468975
v 0.152975 -0.233136 1.468975
v 0.152975 -0.233136 1.451025
v -0.152975 -0.233136 1.451025
v -0.152975 -0.235161 1.449
v 0.152975 -0.235161 1.449
v 0.152975 -0.240111 1.449
v -0.152975 -0.240111 1.449
v -0.152975 -0.240111 1.471
v 0.152975 -0.240111 1.471
v 0.152975 -0.235161 1.471
v -0.152975 -0.235161 1.471
v -0.155 -0.240111 1.451025
v -0.152975 -0.242136 1.451025
v -0.152975 -0.242136 1.468975
v -0.155 -0.240111 1.468975
v -0.155 -0.235161 1.468975
v -0.152975 -0.233136 1.468975
v -0.152975 -0.233136 1.451025
v -0.155 -0.235161 1.451025
v 0.155 -0.240111 1.468975
v 0.152975 -0.242136 1.468975
v 0.152975 -0.242136 1.451025
v 0.155 -0.240111 1.451025
v 0.155 -0.235161 1.451025
v 0.152975 -0.233136 1.451025
v 0.152975 -0.233136 1.468975
v 0.155 -0.235161 1.468975
v -0.155 -0.235161 1.451025
v -0.152975 -0.235161 1.449
v -0.152975 -0.240111 1.449
v -0.155 -0.240111 1.451025
v -0.155 -0.240111 1.468975
v -0.152975 -0.240111 1.471
v -0.152975 -0.235161 1.471
v -0.155 -0.235161 1.468975
v 0.155 -0.240111 1.451025
v 0.152975 -0.240111 1.449
v 0.152975 -0.235161 1.449
v 0.155 -0.235161 1.451025
v 0.155 -0.235161 1.468975
v 0.152975 -0.235161 1.471
v 0.152975 -0.240111 1.471
v 0.155 -0.240111 1.468975
v -0.152975 -0.242136 1.451025
v -0.152975 -0.240111 1.449
v 0.152975 -0.240111 1.449
v 0.152975 -0.242136 1.451025
v 0.152975 -0.242136 1.468975
v 0.152975 -0.240111 1.471
v -0.152975 -0.240111 1.471
v -0.152975 -0.242136 1.468975
v 0.152975 -0.233136 1.451025
v 0.152975 -0.235161 1.449
v -0.152975 -0.235161 1.449
v -0.152975 -0.233136 1.451025
v -0.152975 -0.233136 1.468975
v -0.152975 -0.235161 1.471
v 0.152975 -0.235161 1.471
v 0.152975 -0.233136 1.468975
v -0.152975 -0.240111 1.449
v -0.152975 -0.242136 1.451025
v -0.155 -0.240111 1.451025
v -0.155 -0.240111 1.468975
v -0.152975 -0.242136 1.468975
v -0.152975 -0.240111 1.471
v -0.155 -0.235161 1.451025
v -0.152975 -0.233136 1.451025
v -0.152975 -0.235161 1.449
v -0.152975 -0.235161 1.471
v -0.152975 -0.233136 1.468975
v -0.155 -0.235161 1.468975
v 0.155 -0.240111 1.451025
v 0.152975 -0.242136 1.451025
v 0.152975 -0.240111 1.449
v 0.152975 -0.240111 1.471
v 0.152975 -0.242136 1.468975
v 0.155 -0.240111 1.468975
v 0.152975 -0.235161 1.449
v 0.152975 -0.233136 1.451025
v 0.155 -0.235161 1.451025
v 0.155 -0.235161 1.468975
v 0.152975 -0.233136 1.468975
v 0.152975 -0.235161 1.471
v -0.142 -0.247636 1.84
v -0.143783 -0.247636 1.83219
v -0.143783 -0.235636 1.83219
v -0.142 -0.235636 1.84
v -0.143783 -0.247636 1.83219
v -0.148777 -0.247636 1.825927
v -0.148777 -0.235636 1.825927
v -0.143783 -0.235636 1.83219
v -0.148777 -0.247636 1.825927
v -0.155995 -0.247636 1.822451
v -0.155995 -0.235636 1.822451
v -0.148777 -0.235636 1.825927
v -0.155995 -0.247636 1.822451
v -0.164005 -0.247636 1.822451
v -0.164005 -0.235636 1.822451
v -0.155995 -0.235636 1.822451
v -0.164005 -0.247636 1.822451
v -0.171223 -0.247636 1.825927
v -0.171223 -0.235636 1.825927
v -0.164005 -0.235636 1.822451
v -0.171223 -0.247636 1.825927
v -0.176217 -0.247636 1.83219
v -0.176217 -0.235636 1.83219
v -0.171223 -0.235636 1.825927
v -0.176217 -0.247636 1.83219
v -0.178 -0.247636 1.84
v -0.178 -0.235636 1.84
v -0.176217 -0.235636 1.83219
v -0.178 -0.247636 1.84
v -0.176217 -0.247636 1.84781
v -0.176217 -0.235636 1.84781
v -0.178 -0.235636 1.84
v -0.176217 -0.247636 1.84781
v -0.171223 -0.247636 1.854073
v -0.171223 -0.235636 1.854073
v -0.176217 -0.235636 1.84781
v -0.171223 -0.247636 1.854073
v -0.164005 -0.247636 1.857549
v -0.164005 -0.235636 1.857549
v -0.171223 -0.235636 1.854073
v -0.164005 -0.247636 1.857549
v -0.155995 -0.247636 1.857549
v -0.155995 -0.235636 1.857549
v -0.164005 -0.235636 1.857549
v -0.155995 -0.247636 1.857549
v -0.148777 -0.247636 1.854073
v -0.148777 -0.235636 1.854073
v -0.155995 -0.235636 1.857549
v -0.148777 -0.247636 1.854073
v -0.143783 -0.247636 1.84781
v -0.143783 -0.235636 1.84781
v -0.148777 -0.235636 1.854073
v -0.143783 -0.247636 1.84781
v -0.142 -0.247636 1.84
v -0.142 -0.235636 1.84
v -0.143783 -0.235636 1.84781
v -0.142 -0.247636 1.84
v -0.143783 -0.247636 1.83219
v -0.148777 -0.247636 1.825927
v -0.155995 -0.247636 1.822451
v -0.164005 -0.247636 1.822451
v -0.171223 -0.247636 1.825927
v -0.176217 -0.247636 1.83219
v -0.178 -0.247636 1.84
v -0.176217 -0.247636 1.84781
v -0.171223 -0.247636 1.854073
v -0.164005 -0.247636 1.857549
v -0.155995 -0.247636 1.857549
v -0.148777 -0.247636 1.854073
v -0.143783 -0.247636 1.84781
v -0.142 -0.235636 1.84
v -0.143783 -0.235636 1.83219
v -0.148777 -0.235636 1.825927
v -0.155995 -0.235636 1.822451
v -0.164005 -0.235636 1.822451
v -0.171223 -0.235636 1.825927
v -0.176217 -0.235636 1.83219
v -0.178 -0.235636 1.84
v -0.176217 -0.235636 1.84781
v -0.171223 -0.235636 1.854073
v -0.164005 -0.235636 1.857549
v -0.155995 -0.235636 1.857549
v -0.148777 -0.235636 1.854073
v -0.143783 -0.235636 1.84781
v 0.178 -0.247636 1.84
v 0.176217 -0.247636 1.83219
v 0.176217 -0.235636 1.83219
v 0.178 -0.235636 1.84
v 0.176217 -0.247636 1.83219
v 0.171223 -0.247636 1.825927
v 0.171223 -0.235636 1.825927
v 0.176217 -0.235636 1.83219
v 0.171223 -0.247636 1.825927
v 0.164005 -0.247636 1.822451
v 0.164005 -0.235636 1.822451
v 0.171223 -0.235636 1.825927
v 0.164005 -0.247636 1.822451
v 0.155995 -0.247636 1.822451
v 0.155995 -0.235636 1.822451
v 0.164005 -0.235636 1.822451
v 0.155995 -0.247636 1.822451
v 0.148777 -0.247636 1.825927
v 0.148777 -0.235636 1.825927
v 0.155995 -0.235636 1.822451
v 0.148777 -0.247636 1.825927
v 0.143783 -0.247636 1.83219
v 0.143783 -0.235636 1.83219
v 0.148777 -0.235636 1.825927
v 0.143783 -0.247636 1.83219
v 0.142 -0.247636 1.84
v 0.142 -0.235636 1.84
v 0.143783 -0.235636 1.83219
v 0.142 -0.247636 1.84
v 0.143783 -0.247636 1.84781
v 0.143783 -0.235636 1.84781
v 0.142 -0.235636 1.84
v 0.143783 -0.247636 1.84781
v 0.148777 -0.247636 1.854073
v 0.148777 -0.235636 1.854073
v 0.143783 -0.235636 1.84781
v 0.148777 -0.247636 1.854073
v 0.155995 -0.247636 1.857549
v 0.155995 -0.235636 1.857549
v 0.148777 -0.235636 1.854073
v 0.155995 -0.247636 1.857549
v 0.164005 -0.247636 1.857549
v 0.164005 -0.235636 1.857549
v 0.155995 -0.235636 1.857549
v 0.164005 -0.247636 1.857549
v 0.171223 -0.247636 1.854073
v 0.171223 -0.235636 1.854073
v 0.164005 -0.235636 1.857549
v 0.171223 -0.247636 1.854073
v 0.176217 -0.247636 1.84781
v 0.176217 -0.235636 1.84781
v 0.171223 -0.235636 1.854073
v 0.176217 -0.247636 1.84781
v 0.178 -0.247636 1.84
v 0.178 -0.235636 1.84
v 0.176217 -0.235636 1.84781
v 0.178 -0.247636 1.84
v 0.176217 -0.247636 1.83219
v 0.171223 -0.247636 1.825927
v 0.164005 -0.247636 1.822451
v 0.155995 -0.247636 1.822451
v 0.148777 -0.247636 1.825927
v 0.143783 -0.247636 1.83219
v 0.142 -0.247636 1.84
v 0.143783 -0.247636 1.84781
v 0.148777 -0.247636 1.854073
v 0.155995 -0.247636 1.857549
v 0.164005 -0.247636 1.857549
v 0.171223 -0.247636 1.854073
v 0.176217 -0.247636 1.84781
v 0.178 -0.235636 1.84
v 0.176217 -0.235636 1.83219
v 0.171223 -0.235636 1.825927
v 0.164005 -0.235636 1.822451
v 0.155995 -0.235636 1.822451
v 0.148777 -0.235636 1.825927
v 0.143783 -0.235636 1.83219
v 0.142 -0.235636 1.84
v 0.143783 -0.235636 1.84781
v 0.148777 -0.235636 1.854073
v 0.155995 -0.235636 1.857549
v 0.164005 -0.235636 1.857549
v 0.171223 -0.235636 1.854073
v 0.176217 -0.235636 1.84781
v -0.012 -0.223636 1.14
v -0.010392 -0.229636 1.14
v -0.010392 -0.229636 1.3
v -0.012 -0.223636 1.3
v -0.010392 -0.229636 1.14
v -0.006 -0.234029 1.14
v -0.006 -0.234029 1.3
v -0.010392 -0.229636 1.3
v -0.006 -0.234029 1.14
v 0 -0.235636 1.14
v 0 -0.235636 1.3
v -0.006 -0.234029 1.3
v 0 -0.235636 1.14
v 0.006 -0.234029 1.14
v 0.006 -0.234029 1.3
v 0 -0.235636 1.3
v 0.006 -0.234029 1.14
v 0.010392 -0.229636 1.14
v 0.010392 -0.229636 1.3
v 0.006 -0.234029 1.3
v 0.010392 -0.229636 1.14
v 0.012 -0.223636 1.14
v 0.012 -0.223636 1.3
v 0.010392 -0.229636 1.3
v 0.012 -0.223636 1.14
v 0.010392 -0.217636 1.14
v 0.010392 -0.217636 1.3
v 0.012 -0.223636 1.3
v 0.010392 -0.217636 1.14
v 0.006 -0.213244 1.14
v 0.006 -0.213244 1.3
v 0.010392 -0.217636 1.3
v 0.006 -0.213244 1.14
v 0 -0.211636 1.14
v 0 -0.211636 1.3
v 0.006 -0.213244 1.3
v 0 -0.211636 1.14
v -0.006 -0.213244 1.14
v -0.006 -0.213244 1.3
v 0 -0.211636 1.3
v -0.006 -0.213244 1.14
v -0.010392 -0.217636 1.14
v -0.010392 -0.217636 1.3
v -0.006 -0.213244 1.3
v -0.010392 -0.217636 1.14
v -0.012 -0.223636 1.14
v -0.012 -0.223636 1.3
v -0.010392 -0.217636 1.3
v -0.012 -0.223636 1.14
v -0.010392 -0.229636 1.14
v -0.006 -0.234029 1.14
v 0 -0.235636 1.14
v 0.006 -0.234029 1.14
v 0.010392 -0.229636 1.14
v 0.012 -0.223636 1.14
v 0.010392 -0.217636 1.14
v 0.006 -0.213244 1.14
v 0 -0.211636 1.14
v -0.006 -0.213244 1.14
v -0.010392 -0.217636 1.14
v -0.012 -0.223636 1.3
v -0.010392 -0.229636 1.3
v -0.006 -0.234029 1.3
v 0 -0.235636 1.3
v 0.006 -0.234029 1.3
v 0.010392 -0.229636 1.3
v 0.012 -0.223636 1.3
v 0.010392 -0.217636 1.3
v 0.006 -0.213244 1.3
v 0 -0.211636 1.3
v -0.006 -0.213244 1.3
v -0.010392 -0.217636 1.3
v 0.044 -0.074545 1.976
v 0.040237 -0.074545 1.959512
v 0.036633 -0.067617 1.961248
v 0.04 -0.067617 1.976
v 0.04 -0.067617 1.976
v 0.036633 -0.067617 1.961248
v 0.029425 -0.067617 1.964719
v 0.032 -0.067617 1.976
v 0.032 -0.067617 1.976
v 0.029425 -0.067617 1.964719
v 0.025821 -0.074545 1.966455
v 0.028 -0.074545 1.976
v 0.028 -0.074545 1.976
v 0.025821 -0.074545 1.966455
v 0.029425 -0.081474 1.964719
v 0.032 -0.081474 1.976
v 0.032 -0.081474 1.976
v 0.029425 -0.081474 1.964719
v 0.036633 -0.081474 1.961248
v 0.04 -0.081474 1.976
v 0.04 -0.081474 1.976
v 0.036633 -0.081474 1.961248
v 0.040237 -0.074545 1.959512
v 0.044 -0.074545 1.976
v 0.040237 -0.074545 1.959512
v 0.029693 -0.074545 1.94629
v 0.027199 -0.067617 1.949418
v 0.036633 -0.067617 1.961248
v 0.036633 -0.067617 1.961248
v 0.027199 -0.067617 1.949418
v 0.022211 -0.067617 1.955672
v 0.029425 -0.067617 1.964719
v 0.029425 -0.067617 1.964719
v 0.022211 -0.067617 1.955672
v 0.019717 -0.074545 1.9588
v 0.025821 -0.074545 1.966455
v 0.025821 -0.074545 1.966455
v 0.019717 -0.074545 1.9588
v 0.022211 -0.081474 1.955672
v 0.029425 -0.081474 1.964719
v 0.029425 -0.081474 1.964719
v 0.022211 -0.081474 1.955672
v 0.027199 -0.081474 1.949418
v 0.036633 -0.081474 1.961248
v 0.036633 -0.081474 1.961248
v 0.027199 -0.081474 1.949418
v 0.029693 -0.074545 1.94629
v 0.040237 -0.074545 1.959512
v 0.029693 -0.074545 1.94629
v 0.014456 -0.074545 1.938953
v 0.013566 -0.067617 1.942852
v 0.027199 -0.067617 1.949418
v 0.027199 -0.067617 1.949418
v 0.013566 -0.067617 1.942852
v 0.011786 -0.067617 1.950652
v 0.022211 -0.067617 1.955672
v 0.022211 -0.067617 1.955672
v 0.011786 -0.067617 1.950652
v 0.010895 -0.074545 1.954552
v 0.019717 -0.074545 1.9588
v 0.019717 -0.074545 1.9588
v 0.010895 -0.074545 1.954552
v 0.011786 -0.081474 1.950652
v 0.022211 -0.081474 1.955672
v 0.022211 -0.081474 1.955672
v 0.011786 -0.081474 1.950652
v 0.013566 -0.081474 1.942852
v 0.027199 -0.081474 1.949418
v 0.027199 -0.081474 1.949418
v 0.013566 -0.081474 1.942852
v 0.014456 -0.074545 1.938953
v 0.029693 -0.074545 1.94629
v 0.014456 -0.074545 1.938953
v -0.002456 -0.074545 1.938953
v -0.001566 -0.067617 1.942852
v 0.013566 -0.067617 1.942852
v 0.013566 -0.067617 1.942852
v -0.001566 -0.067617 1.942852
v 0.000214 -0.067617 1.950652
v 0.011786 -0.067617 1.950652
v 0.011786 -0.067617 1.950652
v 0.000214 -0.067617 1.950652
v 0.001105 -0.074545 1.954552
v 0.010895 -0.074545 1.954552
v 0.010895 -0.074545 1.954552
v 0.001105 -0.074545 1.954552
v 0.000214 -0.081474 1.950652
v 0.011786 -0.081474 1.950652
v 0.011786 -0.081474 1.950652
v 0.000214 -0.081474 1.950652
v -0.001566 -0.081474 1.942852
v 0.013566 -0.081474 1.942852
v 0.013566 -0.081474 1.942852
v -0.001566 -0.081474 1.942852
v -0.002456 -0.074545 1.938953
v 0.014456 -0.074545 1.938953
v -0.002456 -0.074545 1.938953
v -0.017693 -0.074545 1.94629
v -0.015199 -0.067617 1.949418
v -0.001566 -0.067617 1.942852
v -0.001566 -0.067617 1.942852
v -0.015199 -0.067617 1.949418
v -0.010211 -0.067617 1.955672
v 0.000214 -0.067617 1.950652
v 0.000214 -0.067617 1.950652
v -0.010211 -0.067617 1.955672
v -0.007717 -0.074545 1.9588
v 0.001105 -0.074545 1.954552
v 0.001105 -0.074545 1.954552
v -0.007717 -0.074545 1.9588
v -0.010211 -0.081474 1.955672
v 0.000214 -0.081474 1.950652
v 0.000214 -0.081474 1.950652
v -0.010211 -0.081474 1.955672
v -0.015199 -0.081474 1.949418
v -0.001566 -0.081474 1.942852
v -0.001566 -0.081474 1.942852
v -0.015199 -0.081474 1.949418
v -0.017693 -0.074545 1.94629
v -0.002456 -0.074545 1.938953
v -0.017693 -0.074545 1.94629
v -0.028237 -0.074545 1.959512
v -0.024633 -0.067617 1.961248
v -0.015199 -0.067617 1.949418
v -0.015199 -0.067617 1.949418
v -0.024633 -0.067617 1.961248
v -0.017425 -0.067617 1.964719
v -0.010211 -0.067617 1.955672
v -0.010211 -0.067617 1.955672
v -0.017425 -0.067617 1.964719
v -0.013821 -0.074545 1.966455
v -0.007717 -0.074545 1.9588
v -0.007717 -0.074545 1.9588
v -0.013821 -0.074545 1.966455
v -0.017425 -0.081474 1.964719
v -0.010211 -0.081474 1.955672
v -0.010211 -0.081474 1.955672
v -0.017425 -0.081474 1.964719
v -0.024633 -0.081474 1.961248
v -0.015199 -0.081474 1.949418
v -0.015199 -0.081474 1.949418
v -0.024633 -0.081474 1.961248
v -0.028237 -0.074545 1.959512
v -0.017693 -0.074545 1.94629
v -0.028237 -0.074545 1.959512
v -0.032 -0.074545 1.976
v -0.028 -0.067617 1.976
v -0.024633 -0.067617 1.961248
v -0.024633 -0.067617 1.961248
v -0.028 -0.067617 1.976
v -0.02 -0.067617 1.976
v -0.017425 -0.067617 1.964719
v -0.017425 -0.067617 1.964719
v -0.02 -0.067617 1.976
v -0.016 -0.074545 1.976
v -0.013821 -0.074545 1.966455
v -0.013821 -0.074545 1.966455
v -0.016 -0.074545 1.976
v -0.02 -0.081474 1.976
v -0.017425 -0.081474 1.964719
v -0.017425 -0.081474 1.964719
v -0.02 -0.081474 1.976
v -0.028 -0.081474 1.976
v -0.024633 -0.081474 1.961248
v -0.024633 -0.081474 1.961248
v -0.028 -0.081474 1.976
v -0.032 -0.074545 1.976
v -0.028237 -0.074545 1.959512
v -0.032 -0.074545 1.976
v -0.028237 -0.074545 1.992488
v -0.024633 -0.067617 1.990752
v -0.028 -0.067617 1.976
v -0.028 -0.067617 1.976
v -0.024633 -0.067617 1.990752
v -0.017425 -0.067617 1.987281
v -0.02 -0.067617 1.976
v -0.02 -0.067617 1.976
v -0.017425 -0.067617 1.987281
v -0.013821 -0.074545 1.985545
v -0.016 -0.074545 1.976
v -0.016 -0.074545 1.976
v -0.013821 -0.074545 1.985545
v -0.017425 -0.081474 1.987281
v -0.02 -0.081474 1.976
v -0.02 -0.081474 1.976
v -0.017425 -0.081474 1.987281
v -0.024633 -0.081474 1.990752
v -0.028 -0.081474 1.976
v -0.028 -0.081474 1.976
v -0.024633 -0.081474 1.990752
v -0.028237 -0.074545 1.992488
v -0.032 -0.074545 1.976
v -0.028237 -0.074545 1.992488
v -0.017693 -0.074545 2.00571
v -0.015199 -0.067617 2.002582
v -0.024633 -0.067617 1.990752
v -0.024633 -0.067617 1.990752
v -0.015199 -0.067617 2.002582
v -0.010211 -0.067617 1.996328
v -0.017425 -0.067617 1.987281
v -0.017425 -0.067617 1.987281
v -0.010211 -0.067617 1.996328
v -0.007717 -0.074545 1.9932
v -0.013821 -0.074545 1.985545
v -0.013821 -0.074545 1.985545
v -0.007717 -0.074545 1.9932
v -0.010211 -0.081474 1.996328
v -0.017425 -0.081474 1.987281
v -0.017425 -0.081474 1.987281
v -0.010211 -0.081474 1.996328
v -0.015199 -0.081474 2.002582
v -0.024633 -0.081474 1.990752
v -0.024633 -0.081474 1.990752
v -0.015199 -0.081474 2.002582
v -0.017693 -0.074545 2.00571
v -0.028237 -0.074545 1.992488
v -0.017693 -0.074545 2.00571
v -0.002456 -0.074545 2.013047
v -0.001566 -0.067617 2.009148
v -0.015199 -0.067617 2.002582
v -0.015199 -0.067617 2.002582
v -0.001566 -0.067617 2.009148
v 0.000214 -0.067617 2.001348
v -0.010211 -0.067617 1.996328
v -0.010211 -0.067617 1.996328
v 0.000214 -0.067617 2.001348
v 0.001105 -0.074545 1.997448
v -0.007717 -0.074545 1.9932
v -0.007717 -0.074545 1.9932
v 0.001105 -0.074545 1.997448
v 0.000214 -0.081474 2.001348
v -0.010211 -0.081474 1.996328
v -0.010211 -0.081474 1.996328
v 0.000214 -0.081474 2.001348
v -0.001566 -0.081474 2.009148
v -0.015199 -0.081474 2.002582
v -0.015199 -0.081474 2.002582
v -0.001566 -0.081474 2.009148
v -0.002456 -0.074545 2.013047
v -0.017693 -0.074545 2.00571
v -0.002456 -0.074545 2.013047
v 0.014456 -0.074545 2.013047
v 0.013566 -0.067617 2.009148
v -0.001566 -0.067617 2.009148
v -0.001566 -0.067617 2.009148
v 0.013566 -0.067617 2.009148
v 0.011786 -0.067617 2.001348
v 0.000214 -0.067617 2.001348
v 0.000214 -0.067617 2.001348
v 0.011786 -0.067617 2.001348
v 0.010895 -0.074545 1.997448
v 0.001105 -0.074545 1.997448
v 0.001105 -0.074545 1.997448
v 0.010895 -0.074545 1.997448
v 0.011786 -0.081474 2.001348
v 0.000214 -0.081474 2.001348
v 0.000214 -0.081474 2.001348
v 0.011786 -0.081474 2.001348
v 0.013566 -0.081474 2.009148
v -0.001566 -0.081474 2.009148
v -0.001566 -0.081474 2.009148
v 0.013566 -0.081474 2.009148
v 0.014456 -0.074545 2.013047
v -0.002456 -0.074545 2.013047
v 0.014456 -0.074545 2.013047
v 0.029693 -0.074545 2.00571
v 0.027199 -0.067617 2.002582
v 0.013566 -0.067617 2.009148
v 0.013566 -0.067617 2.009148
v 0.027199 -0.067617 2.002582
v 0.022211 -0.067617 1.996328
v 0.011786 -0.067617 2.001348
v 0.011786 -0.067617 2.001348
v 0.022211 -0.067617 1.996328
v 0.019717 -0.074545 1.9932
v 0.010895 -0.074545 1.997448
v 0.010895 -0.074545 1.997448
v 0.019717 -0.074545 1.9932
v 0.022211 -0.081474 1.996328
v 0.011786 -0.081474 2.001348
v 0.011786 -0.081474 2.001348
v 0.022211 -0.081474 1.996328
v 0.027199 -0.081474 2.002582
v 0.013566 -0.081474 2.009148
v 0.013566 -0.081474 2.009148
v 0.027199 -0.081474 2.002582
v 0.029693 -0.074545 2.00571
v 0.014456 -0.074545 2.013047
v 0.029693 -0.074545 2.00571
v 0.040237 -0.074545 1.992488
v 0.036633 -0.067617 1.990752
v 0.027199 -0.067617 2.002582
v 0.027199 -0.067617 2.002582
v 0.036633 -0.067617 1.990752
v 0.029425 -0.067617 1.987281
v 0.022211 -0.067617 1.996328
v 0.022211 -0.067617 1.996328
v 0.029425 -0.067617 1.987281
v 0.025821 -0.074545 1.985545
v 0.019717 -0.074545 1.9932
v 0.019717 -0.074545 1.9932
v 0.025821 -0.074545 1.985545
v 0.029425 -0.081474 1.987281
v 0.022211 -0.081474 1.996328
v 0.022211 -0.081474 1.996328
v 0.029425 -0.081474 1.987281
v 0.036633 -0.081474 1.990752
v 0.027199 -0.081474 2.002582
v 0.027199 -0.081474 2.002582
v 0.036633 -0.081474 1.990752
v 0.040237 -0.074545 1.992488
v 0.029693 -0.074545 2.00571
v 0.040237 -0.074545 1.992488
v 0.044 -0.074545 1.976
v 0.04 -0.067617 1.976
v 0.036633 -0.067617 1.990752
v 0.036633 -0.067617 1.990752
v 0.04 -0.067617 1.976
v 0.032 -0.067617 1.976
v 0.029425 -0.067617 1.987281
v 0.029425 -0.067617 1.987281
v 0.032 -0.067617 1.976
v 0.028 -0.074545 1.976
v 0.025821 -0.074545 1.985545
v 0.025821 -0.074545 1.985545
v 0.028 -0.074545 1.976
v 0.032 -0.081474 1.976
v 0.029425 -0.081474 1.987281
v 0.029425 -0.081474 1.987281
v 0.032 -0.081474 1.976
v 0.04 -0.081474 1.976
v 0.036633 -0.081474 1.990752
v 0.036633 -0.081474 1.990752
v 0.04 -0.081474 1.976
v 0.044 -0.074545 1.976
v 0.040237 -0.074545 1.992488
v 0.006 -0.112545 1.928
v 0.006 -0.108782 1.911512
v 0.012928 -0.105178 1.913248
v 0.012928 -0.108545 1.928
v 0.012928 -0.108545 1.928
v 0.012928 -0.105178 1.913248
v 0.012928 -0.097971 1.916719
v 0.012928 -0.100545 1.928
v 0.012928 -0.100545 1.928
v 0.012928 -0.097971 1.916719
v 0.006 -0.094367 1.918455
v 0.006 -0.096545 1.928
v 0.006 -0.096545 1.928
v 0.006 -0.094367 1.918455
v -0.000928 -0.097971 1.916719
v -0.000928 -0.100545 1.928
v -0.000928 -0.100545 1.928
v -0.000928 -0.097971 1.916719
v -0.000928 -0.105178 1.913248
v -0.000928 -0.108545 1.928
v -0.000928 -0.108545 1.928
v -0.000928 -0.105178 1.913248
v 0.006 -0.108782 1.911512
v 0.006 -0.112545 1.928
v 0.006 -0.108782 1.911512
v 0.006 -0.098238 1.89829
v 0.012928 -0.095744 1.901418
v 0.012928 -0.105178 1.913248
v 0.012928 -0.105178 1.913248
v 0.012928 -0.095744 1.901418
v 0.012928 -0.090756 1.907672
v 0.012928 -0.097971 1.916719
v 0.012928 -0.097971 1.916719
v 0.012928 -0.090756 1.907672
v 0.006 -0.088262 1.9108
v 0.006 -0.094367 1.918455
v 0.006 -0.094367 1.918455
v 0.006 -0.088262 1.9108
v -0.000928 -0.090756 1.907672
v -0.000928 -0.097971 1.916719
v -0.000928 -0.097971 1.916719
v -0.000928 -0.090756 1.907672
v -0.000928 -0.095744 1.901418
v -0.000928 -0.105178 1.913248
v -0.000928 -0.105178 1.913248
v -0.000928 -0.095744 1.901418
v 0.006 -0.098238 1.89829
v 0.006 -0.108782 1.911512
v 0.006 -0.098238 1.89829
v 0.006 -0.083001 1.890953
v 0.012928 -0.082111 1.894852
v 0.012928 -0.095744 1.901418
v 0.012928 -0.095744 1.901418
v 0.012928 -0.082111 1.894852
v 0.012928 -0.080331 1.902652
v 0.012928 -0.090756 1.907672
v 0.012928 -0.090756 1.907672
v 0.012928 -0.080331 1.902652
v 0.006 -0.079441 1.906552
v 0.006 -0.088262 1.9108
v 0.006 -0.088262 1.9108
v 0.006 -0.079441 1.906552
v -0.000928 -0.080331 1.902652
v -0.000928 -0.090756 1.907672
v -0.000928 -0.090756 1.907672
v -0.000928 -0.080331 1.902652
v -0.000928 -0.082111 1.894852
v -0.000928 -0.095744 1.901418
v -0.000928 -0.095744 1.901418
v -0.000928 -0.082111 1.894852
v 0.006 -0.083001 1.890953
v 0.006 -0.098238 1.89829
v 0.006 -0.083001 1.890953
v 0.006 -0.06609 1.890953
v 0.012928 -0.06698 1.894852
v 0.012928 -0.082111 1.894852
v 0.012928 -0.082111 1.894852
v 0.012928 -0.06698 1.894852
v 0.012928 -0.06876 1.902652
v 0.012928 -0.080331 1.902652
v 0.012928 -0.080331 1.902652
v 0.012928 -0.06876 1.902652
v 0.006 -0.06965 1.906552
v 0.006 -0.079441 1.906552
v 0.006 -0.079441 1.906552
v 0.006 -0.06965 1.906552
v -0.000928 -0.06876 1.902652
v -0.000928 -0.080331 1.902652
v -0.000928 -0.080331 1.902652
v -0.000928 -0.06876 1.902652
v -0.000928 -0.06698 1.894852
v -0.000928 -0.082111 1.894852
v -0.000928 -0.082111 1.894852
v -0.000928 -0.06698 1.894852
v 0.006 -0.06609 1.890953
v 0.006 -0.083001 1.890953
v 0.006 -0.06609 1.890953
v 0.006 -0.050853 1.89829
v 0.012928 -0.053347 1.901418
v 0.012928 -0.06698 1.894852
v 0.012928 -0.06698 1.894852
v 0.012928 -0.053347 1.901418
v 0.012928 -0.058335 1.907672
v 0.012928 -0.06876 1.902652
v 0.012928 -0.06876 1.902652
v 0.012928 -0.058335 1.907672
v 0.006 -0.060829 1.9108
v 0.006 -0.06965 1.906552
v 0.006 -0.06965 1.906552
v 0.006 -0.060829 1.9108
v -0.000928 -0.058335 1.907672
v -0.000928 -0.06876 1.902652
v -0.000928 -0.06876 1.902652
v -0.000928 -0.058335 1.907672
v -0.000928 -0.053347 1.901418
v -0.000928 -0.06698 1.894852
v -0.000928 -0.06698 1.894852
v -0.000928 -0.053347 1.901418
v 0.006 -0.050853 1.89829
v 0.006 -0.06609 1.890953
v 0.006 -0.050853 1.89829
v 0.006 -0.040309 1.911512
v 0.012928 -0.043913 1.913248
v 0.012928 -0.053347 1.901418
v 0.012928 -0.053347 1.901418
v 0.012928 -0.043913 1.913248
v 0.012928 -0.05112 1.916719
v 0.012928 -0.058335 1.907672
v 0.012928 -0.058335 1.907672
v 0.012928 -0.05112 1.916719
v 0.006 -0.054724 1.918455
v 0.006 -0.060829 1.9108
v 0.006 -0.060829 1.9108
v 0.006 -0.054724 1.918455
v -0.000928 -0.05112 1.916719
v -0.000928 -0.058335 1.907672
v -0.000928 -0.058335 1.907672
v -0.000928 -0.05112 1.916719
v -0.000928 -0.043913 1.913248
v -0.000928 -0.053347 1.901418
v -0.000928 -0.053347 1.901418
v -0.000928 -0.043913 1.913248
v 0.006 -0.040309 1.911512
v 0.006 -0.050853 1.89829
v 0.006 -0.040309 1.911512
v 0.006 -0.036545 1.928
v 0.012928 -0.040545 1.928
v 0.012928 -0.043913 1.913248
v 0.012928 -0.043913 1.913248
v 0.012928 -0.040545 1.928
v 0.012928 -0.048545 1.928
v 0.012928 -0.05112 1.916719
v 0.012928 -0.05112 1.916719
v 0.012928 -0.048545 1.928
v 0.006 -0.052545 1.928
v 0.006 -0.054724 1.918455
v 0.006 -0.054724 1.918455
v 0.006 -0.052545 1.928
v -0.000928 -0.048545 1.928
v -0.000928 -0.05112 1.916719
v -0.000928 -0.05112 1.916719
v -0.000928 -0.048545 1.928
v -0.000928 -0.040545 1.928
v -0.000928 -0.043913 1.913248
v -0.000928 -0.043913 1.913248
v -0.000928 -0.040545 1.928
v 0.006 -0.036545 1.928
v 0.006 -0.040309 1.911512
v 0.006 -0.036545 1.928
v 0.006 -0.040309 1.944488
v 0.012928 -0.043913 1.942752
v 0.012928 -0.040545 1.928
v 0.012928 -0.040545 1.928
v 0.012928 -0.043913 1.942752
v 0.012928 -0.05112 1.939281
v 0.012928 -0.048545 1.928
v 0.012928 -0.048545 1.928
v 0.012928 -0.05112 1.939281
v 0.006 -0.054724 1.937545
v 0.006 -0.052545 1.928
v 0.006 -0.052545 1.928
v 0.006 -0.054724 1.937545
v -0.000928 -0.05112 1.939281
v -0.000928 -0.048545 1.928
v -0.000928 -0.048545 1.928
v -0.000928 -0.05112 1.939281
v -0.000928 -0.043913 1.942752
v -0.000928 -0.040545 1.928
v -0.000928 -0.040545 1.928
v -0.000928 -0.043913 1.942752
v 0.006 -0.040309 1.944488
v 0.006 -0.036545 1.928
v 0.006 -0.040309 1.944488
v 0.006 -0.050853 1.95771
v 0.012928 -0.053347 1.954582
v 0.012928 -0.043913 1.942752
v 0.012928 -0.043913 1.942752
v 0.012928 -0.053347 1.954582
v 0.012928 -0.058335 1.948328
v 0.012928 -0.05112 1.939281
v 0.012928 -0.05112 1.939281
v 0.012928 -0.058335 1.948328
v 0.006 -0.060829 1.9452
v 0.006 -0.054724 1.937545
v 0.006 -0.054724 1.937545
v 0.006 -0.060829 1.9452
v -0.000928 -0.058335 1.948328
v -0.000928 -0.05112 1.939281
v -0.000928 -0.05112 1.939281
v -0.000928 -0.058335 1.948328
v -0.000928 -0.053347 1.954582
v -0.000928 -0.043913 1.942752
v -0.000928 -0.043913 1.942752
v -0.000928 -0.053347 1.954582
v 0.006 -0.050853 1.95771
v 0.006 -0.040309 1.944488
v 0.006 -0.050853 1.95771
v 0.006 -0.06609 1.965047
v 0.012928 -0.06698 1.961148
v 0.012928 -0.053347 1.954582
v 0.012928 -0.053347 1.954582
v 0.012928 -0.06698 1.961148
v 0.012928 -0.06876 1.953348
v 0.012928 -0.058335 1.948328
v 0.012928 -0.058335 1.948328
v 0.012928 -0.06876 1.953348
v 0.006 -0.06965 1.949448
v 0.006 -0.060829 1.9452
v 0.006 -0.060829 1.9452
v 0.006 -0.06965 1.949448
v -0.000928 -0.06876 1.953348
v -0.000928 -0.058335 1.948328
v -0.000928 -0.058335 1.948328
v -0.000928 -0.06876 1.953348
v -0.000928 -0.06698 1.961148
v -0.000928 -0.053347 1.954582
v -0.000928 -0.053347 1.954582
v -0.000928 -0.06698 1.961148
v 0.006 -0.06609 1.965047
v 0.006 -0.050853 1.95771
v 0.006 -0.06609 1.965047
v 0.006 -0.083001 1.965047
v 0.012928 -0.082111 1.961148
v 0.012928 -0.06698 1.961148
v 0.012928 -0.06698 1.961148
v 0.012928 -0.082111 1.961148
v 0.012928 -0.080331 1.953348
v 0.012928 -0.06876 1.953348
v 0.012928 -0.06876 1.953348
v 0.012928 -0.080331 1.953348
v 0.006 -0.079441 1.949448
v 0.006 -0.06965 1.949448
v 0.006 -0.06965 1.949448
v 0.006 -0.079441 1.949448
v -0.000928 -0.080331 1.953348
v -0.000928 -0.06876 1.953348
v -0.000928 -0.06876 1.953348
v -0.000928 -0.080331 1.953348
v -0.000928 -0.082111 1.961148
v -0.000928 -0.06698 1.961148
v -0.000928 -0.06698 1.961148
v -0.000928 -0.082111 1.961148
v 0.006 -0.083001 1.965047
v 0.006 -0.06609 1.965047
v 0.006 -0.083001 1.965047
v 0.006 -0.098238 1.95771
v 0.012928 -0.095744 1.954582
v 0.012928 -0.082111 1.961148
v 0.012928 -0.082111 1.961148
v 0.012928 -0.095744 1.954582
v 0.012928 -0.090756 1.948328
v 0.012928 -0.080331 1.953348
v 0.012928 -0.080331 1.953348
v 0.012928 -0.090756 1.948328
v 0.006 -0.088262 1.9452
v 0.006 -0.079441 1.949448
v 0.006 -0.079441 1.949448
v 0.006 -0.088262 1.9452
v -0.000928 -0.090756 1.948328
v -0.000928 -0.080331 1.953348
v -0.000928 -0.080331 1.953348
v -0.000928 -0.090756 1.948328
v -0.000928 -0.095744 1.954582
v -0.000928 -0.082111 1.961148
v -0.000928 -0.082111 1.961148
v -0.000928 -0.095744 1.954582
v 0.006 -0.098238 1.95771
v 0.006 -0.083001 1.965047
v 0.006 -0.098238 1.95771
v 0.006 -0.108782 1.944488
v 0.012928 -0.105178 1.942752
v 0.012928 -0.095744 1.954582
v 0.012928 -0.095744 1.954582
v 0.012928 -0.105178 1.942752
v 0.012928 -0.097971 1.939281
v 0.012928 -0.090756 1.948328
v 0.012928 -0.090756 1.948328
v 0.012928 -0.097971 1.939281
v 0.006 -0.094367 1.937545
v 0.006 -0.088262 1.9452
v 0.006 -0.088262 1.9452
v 0.006 -0.094367 1.937545
v -0.000928 -0.097971 1.939281
v -0.000928 -0.090756 1.948328
v -0.000928 -0.090756 1.948328
v -0.000928 -0.097971 1.939281
v -0.000928 -0.105178 1.942752
v -0.000928 -0.095744 1.954582
v -0.000928 -0.095744 1.954582
v -0.000928 -0.105178 1.942752
v 0.006 -0.108782 1.944488
v 0.006 -0.098238 1.95771
v 0.006 -0.108782 1.944488
v 0.006 -0.112545 1.928
v 0.012928 -0.108545 1.928
v 0.012928 -0.105178 1.942752
v 0.012928 -0.105178 1.942752
v 0.012928 -0.108545 1.928
v 0.012928 -0.100545 1.928
v 0.012928 -0.097971 1.939281
v 0.012928 -0.097971 1.939281
v 0.012928 -0.100545 1.928
v 0.006 -0.096545 1.928
v 0.006 -0.094367 1.937545
v 0.006 -0.094367 1.937545
v 0.006 -0.096545 1.928
v -0.000928 -0.100545 1.928
v -0.000928 -0.097971 1.939281
v -0.000928 -0.097971 1.939281
v -0.000928 -0.100545 1.928
v -0.000928 -0.108545 1.928
v -0.000928 -0.105178 1.942752
v -0.000928 -0.105178 1.942752
v -0.000928 -0.108545 1.928
v 0.006 -0.112545 1.928
v 0.006 -0.108782 1.944488
v 0.044 -0.074545 1.88
v 0.040237 -0.074545 1.863512
v 0.036633 -0.067617 1.865248
v 0.04 -0.067617 1.88
v 0.04 -0.067617 1.88
v 0.036633 -0.067617 1.865248
v 0.029425 -0.067617 1.868719
v 0.032 -0.067617 1.88
v 0.032 -0.067617 1.88
v 0.029425 -0.067617 1.868719
v 0.025821 -0.074545 1.870455
v 0.028 -0.074545 1.88
v 0.028 -0.074545 1.88
v 0.025821 -0.074545 1.870455
v 0.029425 -0.081474 1.868719
v 0.032 -0.081474 1.88
v 0.032 -0.081474 1.88
v 0.029425 -0.081474 1.868719
v 0.036633 -0.081474 1.865248
v 0.04 -0.081474 1.88
v 0.04 -0.081474 1.88
v 0.036633 -0.081474 1.865248
v 0.040237 -0.074545 1.863512
v 0.044 -0.074545 1.88
v 0.040237 -0.074545 1.863512
v 0.029693 -0.074545 1.85029
v 0.027199 -0.067617 1.853418
v 0.036633 -0.067617 1.865248
v 0.036633 -0.067617 1.865248
v 0.027199 -0.067617 1.853418
v 0.022211 -0.067617 1.859672
v 0.029425 -0.067617 1.868719
v 0.029425 -0.067617 1.868719
v 0.022211 -0.067617 1.859672
v 0.019717 -0.074545 1.8628
v 0.025821 -0.074545 1.870455
v 0.025821 -0.074545 1.870455
v 0.019717 -0.074545 1.8628
v 0.022211 -0.081474 1.859672
v 0.029425 -0.081474 1.868719
v 0.029425 -0.081474 1.868719
v 0.022211 -0.081474 1.859672
v 0.027199 -0.081474 1.853418
v 0.036633 -0.081474 1.865248
v 0.036633 -0.081474 1.865248
v 0.027199 -0.081474 1.853418
v 0.029693 -0.074545 1.85029
v 0.040237 -0.074545 1.863512
v 0.029693 -0.074545 1.85029
v 0.014456 -0.074545 1.842953
v 0.013566 -0.067617 1.846852
v 0.027199 -0.067617 1.853418
v 0.027199 -0.067617 1.853418
v 0.013566 -0.067617 1.846852
v 0.011786 -0.067617 1.854652
v 0.022211 -0.067617 1.859672
v 0.022211 -0.067617 1.859672
v 0.011786 -0.067617 1.854652
v 0.010895 -0.074545 1.858552
v 0.019717 -0.074545 1.8628
v 0.019717 -0.074545 1.8628
v 0.010895 -0.074545 1.858552
v 0.011786 -0.081474 1.854652
v 0.022211 -0.081474 1.859672
v 0.022211 -0.081474 1.859672
v 0.011786 -0.081474 1.854652
v 0.013566 -0.081474 1.846852
v 0.027199 -0.081474 1.853418
v 0.027199 -0.081474 1.853418
v 0.013566 -0.081474 1.846852
v 0.014456 -0.074545 1.842953
v 0.029693 -0.074545 1.85029
v 0.014456 -0.074545 1.842953
v -0.002456 -0.074545 1.842953
v -0.001566 -0.067617 1.846852
v 0.013566 -0.067617 1.846852
v 0.013566 -0.067617 1.846852
v -0.001566 -0.067617 1.846852
v 0.000214 -0.067617 1.854652
v 0.011786 -0.067617 1.854652
v 0.011786 -0.067617 1.854652
v 0.000214 -0.067617 1.854652
v 0.001105 -0.074545 1.858552
v 0.010895 -0.074545 1.858552
v 0.010895 -0.074545 1.858552
v 0.001105 -0.074545 1.858552
v 0.000214 -0.081474 1.854652
v 0.011786 -0.081474 1.854652
v 0.011786 -0.081474 1.854652
v 0.000214 -0.081474 1.854652
v -0.001566 -0.081474 1.846852
v 0.013566 -0.081474 1.846852
v 0.013566 -0.081474 1.846852
v -0.001566 -0.081474 1.846852
v -0.002456 -0.074545 1.842953
v 0.014456 -0.074545 1.842953
v -0.002456 -0.074545 1.842953
v -0.017693 -0.074545 1.85029
v -0.015199 -0.067617 1.853418
v -0.001566 -0.067617 1.846852
v -0.001566 -0.067617 1.846852
v -0.015199 -0.067617 1.853418
v -0.010211 -0.067617 1.859672
v 0.000214 -0.067617 1.854652
v 0.000214 -0.067617 1.854652
v -0.010211 -0.067617 1.859672
v -0.007717 -0.074545 1.8628
v 0.001105 -0.074545 1.858552
v 0.001105 -0.074545 1.858552
v -0.007717 -0.074545 1.8628
v -0.010211 -0.081474 1.859672
v 0.000214 -0.081474 1.854652
v 0.000214 -0.081474 1.854652
v -0.010211 -0.081474 1.859672
v -0.015199 -0.081474 1.853418
v -0.001566 -0.081474 1.846852
v -0.001566 -0.081474 1.846852
v -0.015199 -0.081474 1.853418
v -0.017693 -0.074545 1.85029
v -0.002456 -0.074545 1.842953
v -0.017693 -0.074545 1.85029
v -0.028237 -0.074545 1.863512
v -0.024633 -0.067617 1.865248
v -0.015199 -0.067617 1.853418
v -0.015199 -0.067617 1.853418
v -0.024633 -0.067617 1.865248
v -0.017425 -0.067617 1.868719
v -0.010211 -0.067617 1.859672
v -0.010211 -0.067617 1.859672
v -0.017425 -0.067617 1.868719
v -0.013821 -0.074545 1.870455
v -0.007717 -0.074545 1.8628
v -0.007717 -0.074545 1.8628
v -0.013821 -0.074545 1.870455
v -0.017425 -0.081474 1.868719
v -0.010211 -0.081474 1.859672
v -0.010211 -0.081474 1.859672
v -0.017425 -0.081474 1.868719
v -0.024633 -0.081474 1.865248
v -0.015199 -0.081474 1.853418
v -0.015199 -0.081474 1.853418
v -0.024633 -0.081474 1.865248
v -0.028237 -0.074545 1.863512
v -0.017693 -0.074545 1.85029
v -0.028237 -0.074545 1.863512
v -0.032 -0.074545 1.88
v -0.028 -0.067617 1.88
v -0.024633 -0.067617 1.865248
v -0.024633 -0.067617 1.865248
v -0.028 -0.067617 1.88
v -0.02 -0.067617 1.88
v -0.017425 -0.067617 1.868719
v -0.017425 -0.067617 1.868719
v -0.02 -0.067617 1.88
v -0.016 -0.074545 1.88
v -0.013821 -0.074545 1.870455
v -0.013821 -0.074545 1.870455
v -0.016 -0.074545 1.88
v -0.02 -0.081474 1.88
v -0.017425 -0.081474 1.868719
v -0.017425 -0.081474 1.868719
v -0.02 -0.081474 1.88
v -0.028 -0.081474 1.88
v -0.024633 -0.081474 1.865248
v -0.024633 -0.081474 1.865248
v -0.028 -0.081474 1.88
v -0.032 -0.074545 1.88
v -0.028237 -0.074545 1.863512
v -0.032 -0.074545 1.88
v -0.028237 -0.074545 1.896488
v -0.024633 -0.067617 1.894752
v -0.028 -0.067617 1.88
v -0.028 -0.067617 1.88
v -0.024633 -0.067617 1.894752
v -0.017425 -0.067617 1.891281
v -0.02 -0.067617 1.88
v -0.02 -0.067617 1.88
v -0.017425 -0.067617 1.891281
v -0.013821 -0.074545 1.889545
v -0.016 -0.074545 1.88
v -0.016 -0.074545 1.88
v -0.013821 -0.074545 1.889545
v -0.017425 -0.081474 1.891281
v -0.02 -0.081474 1.88
v -0.02 -0.081474 1.88
v -0.017425 -0.081474 1.891281
v -0.024633 -0.081474 1.894752
v -0.028 -0.081474 1.88
v -0.028 -0.081474 1.88
v -0.024633 -0.081474 1.894752
v -0.028237 -0.074545 1.896488
v -0.032 -0.074545 1.88
v -0.028237 -0.074545 1.896488
v -0.017693 -0.074545 1.90971
v -0.015199 -0.067617 1.906582
v -0.024633 -0.067617 1.894752
v -0.024633 -0.067617 1.894752
v -0.015199 -0.067617 1.906582
v -0.010211 -0.067617 1.900328
v -0.017425 -0.067617 1.891281
v -0.017425 -0.067617 1.891281
v -0.010211 -0.067617 1.900328
v -0.007717 -0.074545 1.8972
v -0.013821 -0.074545 1.889545
v -0.013821 -0.074545 1.889545
v -0.007717 -0.074545 1.8972
v -0.010211 -0.081474 1.900328
v -0.017425 -0.081474 1.891281
v -0.017425 -0.081474 1.891281
v -0.010211 -0.081474 1.900328
v -0.015199 -0.081474 1.906582
v -0.024633 -0.081474 1.894752
v -0.024633 -0.081474 1.894752
v -0.015199 -0.081474 1.906582
v -0.017693 -0.074545 1.90971
v -0.028237 -0.074545 1.896488
v -0.017693 -0.074545 1.90971
v -0.002456 -0.074545 1.917047
v -0.001566 -0.067617 1.913148
v -0.015199 -0.067617 1.906582
v -0.015199 -0.067617 1.906582
v -0.001566 -0.067617 1.913148
v 0.000214 -0.067617 1.905348
v -0.010211 -0.067617 1.900328
v -0.010211 -0.067617 1.900328
v 0.000214 -0.067617 1.905348
v 0.001105 -0.074545 1.901448
v -0.007717 -0.074545 1.8972
v -0.007717 -0.074545 1.8972
v 0.001105 -0.074545 1.901448
v 0.000214 -0.081474 1.905348
v -0.010211 -0.081474 1.900328
v -0.010211 -0.081474 1.900328
v 0.000214 -0.081474 1.905348
v -0.001566 -0.081474 1.913148
v -0.015199 -0.081474 1.906582
v -0.015199 -0.081474 1.906582
v -0.001566 -0.081474 1.913148
v -0.002456 -0.074545 1.917047
v -0.017693 -0.074545 1.90971
v -0.002456 -0.074545 1.917047
v 0.014456 -0.074545 1.917047
v 0.013566 -0.067617 1.913148
v -0.001566 -0.067617 1.913148
v -0.001566 -0.067617 1.913148
v 0.013566 -0.067617 1.913148
v 0.011786 -0.067617 1.905348
v 0.000214 -0.067617 1.905348
v 0.000214 -0.067617 1.905348
v 0.011786 -0.067617 1.905348
v 0.010895 -0.074545 1.901448
v 0.001105 -0.074545 1.901448
v 0.001105 -0.074545 1.901448
v 0.010895 -0.074545 1.901448
v 0.011786 -0.081474 1.905348
v 0.000214 -0.081474 1.905348
v 0.000214 -0.081474 1.905348
v 0.011786 -0.081474 1.905348
v 0.013566 -0.081474 1.913148
v -0.001566 -0.081474 1.913148
v -0.001566 -0.081474 1.913148
v 0.013566 -0.081474 1.913148
v 0.014456 -0.074545 1.917047
v -0.002456 -0.074545 1.917047
v 0.014456 -0.074545 1.917047
v 0.029693 -0.074545 1.90971
v 0.027199 -0.067617 1.906582
v 0.013566 -0.067617 1.913148
v 0.013566 -0.067617 1.913148
v 0.027199 -0.067617 1.906582
v 0.022211 -0.067617 1.900328
v 0.011786 -0.067617 1.905348
v 0.011786 -0.067617 1.905348
v 0.022211 -0.067617 1.900328
v 0.019717 -0.074545 1.8972
v 0.010895 -0.074545 1.901448
v 0.010895 -0.074545 1.901448
v 0.019717 -0.074545 1.8972
v 0.022211 -0.081474 1.900328
v 0.011786 -0.081474 1.905348
v 0.011786 -0.081474 1.905348
v 0.022211 -0.081474 1.900328
v 0.027199 -0.081474 1.906582
v 0.013566 -0.081474 1.913148
v 0.013566 -0.081474 1.913148
v 0.027199 -0.081474 1.906582
v 0.029693 -0.074545 1.90971
v 0.014456 -0.074545 1.917047
v 0.029693 -0.074545 1.90971
v 0.040237 -0.074545 1.896488
v 0.036633 -0.067617 1.894752
v 0.027199 -0.067617 1.906582
v 0.027199 -0.067617 1.906582
v 0.036633 -0.067617 1.894752
v 0.029425 -0.067617 1.891281
v 0.022211 -0.067617 1.900328
v 0.022211 -0.067617 1.900328
v 0.029425 -0.067617 1.891281
v 0.025821 -0.074545 1.889545
v 0.019717 -0.074545 1.8972
v 0.019717 -0.074545 1.8972
v 0.025821 -0.074545 1.889545
v 0.029425 -0.081474 1.891281
v 0.022211 -0.081474 1.900328
v 0.022211 -0.081474 1.900328
v 0.029425 -0.081474 1.891281
v 0.036633 -0.081474 1.894752
v 0.027199 -0.081474 1.906582
v 0.027199 -0.081474 1.906582
v 0.036633 -0.081474 1.894752
v 0.040237 -0.074545 1.896488
v 0.029693 -0.074545 1.90971
v 0.040237 -0.074545 1.896488
v 0.044 -0.074545 1.88
v 0.04 -0.067617 1.88
v 0.036633 -0.067617 1.894752
v 0.036633 -0.067617 1.894752
v 0.04 -0.067617 1.88
v 0.032 -0.067617 1.88
v 0.029425 -0.067617 1.891281
v 0.029425 -0.067617 1.891281
v 0.032 -0.067617 1.88
v 0.028 -0.074545 1.88
v 0.025821 -0.074545 1.889545
v 0.025821 -0.074545 1.889545
v 0.028 -0.074545 1.88
v 0.032 -0.081474 1.88
v 0.029425 -0.081474 1.891281
v 0.029425 -0.081474 1.891281
v 0.032 -0.081474 1.88
v 0.04 -0.081474 1.88
v 0.036633 -0.081474 1.894752
v 0.036633 -0.081474 1.894752
v 0.04 -0.081474 1.88
v 0.044 -0.074545 1.88
v 0.040237 -0.074545 1.896488
v 0.053 -0.074545 1.826
v 0.049422 -0.074545 1.808014
v 0.045265 -0.066751 1.809736
v 0.0485 -0.066751 1.826
v 0.0485 -0.066751 1.826
v 0.045265 -0.066751 1.809736
v 0.03695 -0.066751 1.81318
v 0.0395 -0.066751 1.826
v 0.0395 -0.066751 1.826
v 0.03695 -0.066751 1.81318
v 0.032793 -0.074545 1.814902
v 0.035 -0.074545 1.826
v 0.035 -0.074545 1.826
v 0.032793 -0.074545 1.814902
v 0.03695 -0.08234 1.81318
v 0.0395 -0.08234 1.826
v 0.0395 -0.08234 1.826
v 0.03695 -0.08234 1.81318
v 0.045265 -0.08234 1.809736
v 0.0485 -0.08234 1.826
v 0.0485 -0.08234 1.826
v 0.045265 -0.08234 1.809736
v 0.049422 -0.074545 1.808014
v 0.053 -0.074545 1.826
v 0.049422 -0.074545 1.808014
v 0.039234 -0.074545 1.792766
v 0.036052 -0.066751 1.795948
v 0.045265 -0.066751 1.809736
v 0.045265 -0.066751 1.809736
v 0.036052 -0.066751 1.795948
v 0.029688 -0.066751 1.802312
v 0.03695 -0.066751 1.81318
v 0.03695 -0.066751 1.81318
v 0.029688 -0.066751 1.802312
v 0.026506 -0.074545 1.805494
v 0.032793 -0.074545 1.814902
v 0.032793 -0.074545 1.814902
v 0.026506 -0.074545 1.805494
v 0.029688 -0.08234 1.802312
v 0.03695 -0.08234 1.81318
v 0.03695 -0.08234 1.81318
v 0.029688 -0.08234 1.802312
v 0.036052 -0.08234 1.795948
v 0.045265 -0.08234 1.809736
v 0.045265 -0.08234 1.809736
v 0.036052 -0.08234 1.795948
v 0.039234 -0.074545 1.792766
v 0.049422 -0.074545 1.808014
v 0.039234 -0.074545 1.792766
v 0.023986 -0.074545 1.782578
v 0.022264 -0.066751 1.786735
v 0.036052 -0.066751 1.795948
v 0.036052 -0.066751 1.795948
v 0.022264 -0.066751 1.786735
v 0.01882 -0.066751 1.79505
v 0.029688 -0.066751 1.802312
v 0.029688 -0.066751 1.802312
v 0.01882 -0.066751 1.79505
v 0.017098 -0.074545 1.799207
v 0.026506 -0.074545 1.805494
v 0.026506 -0.074545 1.805494
v 0.017098 -0.074545 1.799207
v 0.01882 -0.08234 1.79505
v 0.029688 -0.08234 1.802312
v 0.029688 -0.08234 1.802312
v 0.01882 -0.08234 1.79505
v 0.022264 -0.08234 1.786735
v 0.036052 -0.08234 1.795948
v 0.036052 -0.08234 1.795948
v 0.022264 -0.08234 1.786735
v 0.023986 -0.074545 1.782578
v 0.039234 -0.074545 1.792766
v 0.023986 -0.074545 1.782578
v 0.006 -0.074545 1.779
v 0.006 -0.066751 1.7835
v 0.022264 -0.066751 1.786735
v 0.022264 -0.066751 1.786735
v 0.006 -0.066751 1.7835
v 0.006 -0.066751 1.7925
v 0.01882 -0.066751 1.79505
v 0.01882 -0.066751 1.79505
v 0.006 -0.066751 1.7925
v 0.006 -0.074545 1.797
v 0.017098 -0.074545 1.799207
v 0.017098 -0.074545 1.799207
v 0.006 -0.074545 1.797
v 0.006 -0.08234 1.7925
v 0.01882 -0.08234 1.79505
v 0.01882 -0.08234 1.79505
v 0.006 -0.08234 1.7925
v 0.006 -0.08234 1.7835
v 0.022264 -0.08234 1.786735
v 0.022264 -0.08234 1.786735
v 0.006 -0.08234 1.7835
v 0.006 -0.074545 1.779
v 0.023986 -0.074545 1.782578
v 0.006 -0.074545 1.779
v -0.011986 -0.074545 1.782578
v -0.010264 -0.066751 1.786735
v 0.006 -0.066751 1.7835
v 0.006 -0.066751 1.7835
v -0.010264 -0.066751 1.786735
v -0.00682 -0.066751 1.79505
v 0.006 -0.066751 1.7925
v 0.006 -0.066751 1.7925
v -0.00682 -0.066751 1.79505
v -0.005098 -0.074545 1.799207
v 0.006 -0.074545 1.797
v 0.006 -0.074545 1.797
v -0.005098 -0.074545 1.799207
v -0.00682 -0.08234 1.79505
v 0.006 -0.08234 1.7925
v 0.006 -0.08234 1.7925
v -0.00682 -0.08234 1.79505
v -0.010264 -0.08234 1.786735
v 0.006 -0.08234 1.7835
v 0.006 -0.08234 1.7835
v -0.010264 -0.08234 1.786735
v -0.011986 -0.074545 1.782578
v 0.006 -0.074545 1.779
v -0.011986 -0.074545 1.782578
v -0.027234 -0.074545 1.792766
v -0.024052 -0.066751 1.795948
v -0.010264 -0.066751 1.786735
v -0.010264 -0.066751 1.786735
v -0.024052 -0.066751 1.795948
v -0.017688 -0.066751 1.802312
v -0.00682 -0.066751 1.79505
v -0.00682 -0.066751 1.79505
v -0.017688 -0.066751 1.802312
v -0.014506 -0.074545 1.805494
v -0.005098 -0.074545 1.799207
v -0.005098 -0.074545 1.799207
v -0.014506 -0.074545 1.805494
v -0.017688 -0.08234 1.802312
v -0.00682 -0.08234 1.79505
v -0.00682 -0.08234 1.79505
v -0.017688 -0.08234 1.802312
v -0.024052 -0.08234 1.795948
v -0.010264 -0.08234 1.786735
v -0.010264 -0.08234 1.786735
v -0.024052 -0.08234 1.795948
v -0.027234 -0.074545 1.792766
v -0.011986 -0.074545 1.782578
v -0.027234 -0.074545 1.792766
v -0.037422 -0.074545 1.808014
v -0.033265 -0.066751 1.809736
v -0.024052 -0.066751 1.795948
v -0.024052 -0.066751 1.795948
v -0.033265 -0.066751 1.809736
v -0.02495 -0.066751 1.81318
v -0.017688 -0.066751 1.802312
v -0.017688 -0.066751 1.802312
v -0.02495 -0.066751 1.81318
v -0.020793 -0.074545 1.814902
v -0.014506 -0.074545 1.805494
v -0.014506 -0.074545 1.805494
v -0.020793 -0.074545 1.814902
v -0.02495 -0.08234 1.81318
v -0.017688 -0.08234 1.802312
v -0.017688 -0.08234 1.802312
v -0.02495 -0.08234 1.81318
v -0.033265 -0.08234 1.809736
v -0.024052 -0.08234 1.795948
v -0.024052 -0.08234 1.795948
v -0.033265 -0.08234 1.809736
v -0.037422 -0.074545 1.808014
v -0.027234 -0.074545 1.792766
v -0.037422 -0.074545 1.808014
v -0.041 -0.074545 1.826
v -0.0365 -0.066751 1.826
v -0.033265 -0.066751 1.809736
v -0.033265 -0.066751 1.809736
v -0.0365 -0.066751 1.826
v -0.0275 -0.066751 1.826
v -0.02495 -0.066751 1.81318
v -0.02495 -0.066751 1.81318
v -0.0275 -0.066751 1.826
v -0.023 -0.074545 1.826
v -0.020793 -0.074545 1.814902
v -0.020793 -0.074545 1.814902
v -0.023 -0.074545 1.826
v -0.0275 -0.08234 1.826
v -0.02495 -0.08234 1.81318
v -0.02495 -0.08234 1.81318
v -0.0275 -0.08234 1.826
v -0.0365 -0.08234 1.826
v -0.033265 -0.08234 1.809736
v -0.033265 -0.08234 1.809736
v -0.0365 -0.08234 1.826
v -0.041 -0.074545 1.826
v -0.037422 -0.074545 1.808014
v -0.041 -0.074545 1.826
v -0.037422 -0.074545 1.843986
v -0.033265 -0.066751 1.842264
v -0.0365 -0.066751 1.826
v -0.0365 -0.066751 1.826
v -0.033265 -0.066751 1.842264
v -0.02495 -0.066751 1.83882
v -0.0275 -0.066751 1.826
v -0.0275 -0.066751 1.826
v -0.02495 -0.066751 1.83882
v -0.020793 -0.074545 1.837098
v -0.023 -0.074545 1.826
v -0.023 -0.074545 1.826
v -0.020793 -0.074545 1.837098
v -0.02495 -0.08234 1.83882
v -0.0275 -0.08234 1.826
v -0.0275 -0.08234 1.826
v -0.02495 -0.08234 1.83882
v -0.033265 -0.08234 1.842264
v -0.0365 -0.08234 1.826
v -0.0365 -0.08234 1.826
v -0.033265 -0.08234 1.842264
v -0.037422 -0.074545 1.843986
v -0.041 -0.074545 1.826
v -0.037422 -0.074545 1.843986
v -0.027234 -0.074545 1.859234
v -0.024052 -0.066751 1.856052
v -0.033265 -0.066751 1.842264
v -0.033265 -0.066751 1.842264
v -0.024052 -0.066751 1.856052
v -0.017688 -0.066751 1.849688
v -0.02495 -0.066751 1.83882
v -0.02495 -0.066751 1.83882
v -0.017688 -0.066751 1.849688
v -0.014506 -0.074545 1.846506
v -0.020793 -0.074545 1.837098
v -0.020793 -0.074545 1.837098
v -0.014506 -0.074545 1.846506
v -0.017688 -0.08234 1.849688
v -0.02495 -0.08234 1.83882
v -0.02495 -0.08234 1.83882
v -0.017688 -0.08234 1.849688
v -0.024052 -0.08234 1.856052
v -0.033265 -0.08234 1.842264
v -0.033265 -0.08234 1.842264
v -0.024052 -0.08234 1.856052
v -0.027234 -0.074545 1.859234
v -0.037422 -0.074545 1.843986
v -0.027234 -0.074545 1.859234
v -0.011986 -0.074545 1.869422
v -0.010264 -0.066751 1.865265
v -0.024052 -0.066751 1.856052
v -0.024052 -0.066751 1.856052
v -0.010264 -0.066751 1.865265
v -0.00682 -0.066751 1.85695
v -0.017688 -0.066751 1.849688
v -0.017688 -0.066751 1.849688
v -0.00682 -0.066751 1.85695
v -0.005098 -0.074545 1.852793
v -0.014506 -0.074545 1.846506
v -0.014506 -0.074545 1.846506
v -0.005098 -0.074545 1.852793
v -0.00682 -0.08234 1.85695
v -0.017688 -0.08234 1.849688
v -0.017688 -0.08234 1.849688
v -0.00682 -0.08234 1.85695
v -0.010264 -0.08234 1.865265
v -0.024052 -0.08234 1.856052
v -0.024052 -0.08234 1.856052
v -0.010264 -0.08234 1.865265
v -0.011986 -0.074545 1.869422
v -0.027234 -0.074545 1.859234
v -0.011986 -0.074545 1.869422
v 0.006 -0.074545 1.873
v 0.006 -0.066751 1.8685
v -0.010264 -0.066751 1.865265
v -0.010264 -0.066751 1.865265
v 0.006 -0.066751 1.8685
v 0.006 -0.066751 1.8595
v -0.00682 -0.066751 1.85695
v -0.00682 -0.066751 1.85695
v 0.006 -0.066751 1.8595
v 0.006 -0.074545 1.855
v -0.005098 -0.074545 1.852793
v -0.005098 -0.074545 1.852793
v 0.006 -0.074545 1.855
v 0.006 -0.08234 1.8595
v -0.00682 -0.08234 1.85695
v -0.00682 -0.08234 1.85695
v 0.006 -0.08234 1.8595
v 0.006 -0.08234 1.8685
v -0.010264 -0.08234 1.865265
v -0.010264 -0.08234 1.865265
v 0.006 -0.08234 1.8685
v 0.006 -0.074545 1.873
v -0.011986 -0.074545 1.869422
v 0.006 -0.074545 1.873
v 0.023986 -0.074545 1.869422
v 0.022264 -0.066751 1.865265
v 0.006 -0.066751 1.8685
v 0.006 -0.066751 1.8685
v 0.022264 -0.066751 1.865265
v 0.01882 -0.066751 1.85695
v 0.006 -0.066751 1.8595
v 0.006 -0.066751 1.8595
v 0.01882 -0.066751 1.85695
v 0.017098 -0.074545 1.852793
v 0.006 -0.074545 1.855
v 0.006 -0.074545 1.855
v 0.017098 -0.074545 1.852793
v 0.01882 -0.08234 1.85695
v 0.006 -0.08234 1.8595
v 0.006 -0.08234 1.8595
v 0.01882 -0.08234 1.85695
v 0.022264 -0.08234 1.865265
v 0.006 -0.08234 1.8685
v 0.006 -0.08234 1.8685
v 0.022264 -0.08234 1.865265
v 0.023986 -0.074545 1.869422
v 0.006 -0.074545 1.873
v 0.023986 -0.074545 1.869422
v 0.039234 -0.074545 1.859234
v 0.036052 -0.066751 1.856052
v 0.022264 -0.066751 1.865265
v 0.022264 -0.066751 1.865265
v 0.036052 -0.066751 1.856052
v 0.029688 -0.066751 1.849688
v 0.01882 -0.066751 1.85695
v 0.01882 -0.066751 1.85695
v 0.029688 -0.066751 1.849688
v 0.026506 -0.074545 1.846506
v 0.017098 -0.074545 1.852793
v 0.017098 -0.074545 1.852793
v 0.026506 -0.074545 1.846506
v 0.029688 -0.08234 1.849688
v 0.01882 -0.08234 1.85695
v 0.01882 -0.08234 1.85695
v 0.029688 -0.08234 1.849688
v 0.036052 -0.08234 1.856052
v 0.022264 -0.08234 1.865265
v 0.022264 -0.08234 1.865265
v 0.036052 -0.08234 1.856052
v 0.039234 -0.074545 1.859234
v 0.023986 -0.074545 1.869422
v 0.039234 -0.074545 1.859234
v 0.049422 -0.074545 1.843986
v 0.045265 -0.066751 1.842264
v 0.036052 -0.066751 1.856052
v 0.036052 -0.066751 1.856052
v 0.045265 -0.066751 1.842264
v 0.03695 -0.066751 1.83882
v 0.029688 -0.066751 1.849688
v 0.029688 -0.066751 1.849688
v 0.03695 -0.066751 1.83882
v 0.032793 -0.074545 1.837098
v 0.026506 -0.074545 1.846506
v 0.026506 -0.074545 1.846506
v 0.032793 -0.074545 1.837098
v 0.03695 -0.08234 1.83882
v 0.029688 -0.08234 1.849688
v 0.029688 -0.08234 1.849688
v 0.03695 -0.08234 1.83882
v 0.045265 -0.08234 1.842264
v 0.036052 -0.08234 1.856052
v 0.036052 -0.08234 1.856052
v 0.045265 -0.08234 1.842264
v 0.049422 -0.074545 1.843986
v 0.039234 -0.074545 1.859234
v 0.049422 -0.074545 1.843986
v 0.053 -0.074545 1.826
v 0.0485 -0.066751 1.826
v 0.045265 -0.066751 1.842264
v 0.045265 -0.066751 1.842264
v 0.0485 -0.066751 1.826
v 0.0395 -0.066751 1.826
v 0.03695 -0.066751 1.83882
v 0.03695 -0.066751 1.83882
v 0.0395 -0.066751 1.826
v 0.035 -0.074545 1.826
v 0.032793 -0.074545 1.837098
v 0.032793 -0.074545 1.837098
v 0.035 -0.074545 1.826
v 0.0395 -0.08234 1.826
v 0.03695 -0.08234 1.83882
v 0.03695 -0.08234 1.83882
v 0.0395 -0.08234 1.826
v 0.0485 -0.08234 1.826
v 0.045265 -0.08234 1.842264
v 0.045265 -0.08234 1.842264
v 0.0485 -0.08234 1.826
v 0.053 -0.074545 1.826
v 0.049422 -0.074545 1.843986
v -0.054 -0.092045 1.7935
v -0.054 -0.057045 1.7935
v -0.054 -0.057045 1.7485
v -0.054 -0.092045 1.7485
v 0.066 -0.092045 1.7485
v 0.066 -0.057045 1.7485
v 0.066 -0.057045 1.7935
v 0.066 -0.092045 1.7935
v -0.044 -0.102045 1.7485
v 0.056 -0.102045 1.7485
v 0.056 -0.102045 1.7935
v -0.044 -0.102045 1.7935
v -0.044 -0.047045 1.7935
v 0.056 -0.047045 1.7935
v 0.056 -0.047045 1.7485
v -0.044 -0.047045 1.7485
v -0.044 -0.057045 1.7385
v 0.056 -0.057045 1.7385
v 0.056 -0.092045 1.7385
v -0.044 -0.092045 1.7385
v -0.044 -0.092045 1.8035
v 0.056 -0.092045 1.8035
v 0.056 -0.057045 1.8035
v -0.044 -0.057045 1.8035
v -0.054 -0.092045 1.7485
v -0.044 -0.102045 1.7485
v -0.044 -0.102045 1.7935
v -0.054 -0.092045 1.7935
v -0.054 -0.057045 1.7935
v -0.044 -0.047045 1.7935
v -0.044 -0.047045 1.7485
v -0.054 -0.057045 1.7485
v 0.066 -0.092045 1.7935
v 0.056 -0.102045 1.7935
v 0.056 -0.102045 1.7485
v 0.066 -0.092045 1.7485
v 0.066 -0.057045 1.7485
v 0.056 -0.047045 1.7485
v 0.056 -0.047045 1.7935
v 0.066 -0.057045 1.7935
v -0.054 -0.057045 1.7485
v -0.044 -0.057045 1.7385
v -0.044 -0.092045 1.7385
v -0.054 -0.092045 1.7485
v -0.054 -0.092045 1.7935
v -0.044 -0.092045 1.8035
v -0.044 -0.057045 1.8035
v -0.054 -0.057045 1.7935
v 0.066 -0.092045 1.7485
v 0.056 -0.092045 1.7385
v 0.056 -0.057045 1.7385
v 0.066 -0.057045 1.7485
v 0.066 -0.057045 1.7935
v 0.056 -0.057045 1.8035
v 0.056 -0.092045 1.8035
v 0.066 -0.092045 1.7935
v -0.044 -0.102045 1.7485
v -0.044 -0.092045 1.7385
v 0.056 -0.092045 1.7385
v 0.056 -0.102045 1.7485
v 0.056 -0.102045 1.7935
v 0.056 -0.092045 1.8035
v -0.044 -0.092045 1.8035
v -0.044 -0.102045 1.7935
v 0.056 -0.047045 1.7485
v 0.056 -0.057045 1.7385
v -0.044 -0.057045 1.7385
v -0.044 -0.047045 1.7485
v -0.044 -0.047045 1.7935
v -0.044 -0.057045 1.8035
v 0.056 -0.057045 1.8035
v 0.056 -0.047045 1.7935
v -0.044 -0.092045 1.7385
v -0.044 -0.102045 1.7485
v -0.054 -0.092045 1.7485
v -0.054 -0.092045 1.7935
v -0.044 -0.102045 1.7935
v -0.044 -0.092045 1.8035
v -0.054 -0.057045 1.7485
v -0.044 -0.047045 1.7485
v -0.044 -0.057045 1.7385
v -0.044 -0.057045 1.8035
v -0.044 -0.047045 1.7935
v -0.054 -0.057045 1.7935
v 0.066 -0.092045 1.7485
v 0.056 -0.102045 1.7485
v 0.056 -0.092045 1.7385
v 0.056 -0.092045 1.8035
v 0.056 -0.102045 1.7935
v 0.066 -0.092045 1.7935
v 0.056 -0.057045 1.7385
v 0.056 -0.047045 1.7485
v 0.066 -0.057045 1.7485
v 0.066 -0.057045 1.7935
v 0.056 -0.047045 1.7935
v 0.056 -0.057045 1.8035
v -0.224 -0.080595 1.90105
v -0.224 -0.068495 1.90105
v -0.224 -0.068495 1.29095
v -0.224 -0.080595 1.29095
v 0.236 -0.080595 1.29095
v 0.236 -0.068495 1.29095
v 0.236 -0.068495 1.90105
v 0.236 -0.080595 1.90105
v -0.21905 -0.085545 1.29095
v 0.23105 -0.085545 1.29095
v 0.23105 -0.085545 1.90105
v -0.21905 -0.085545 1.90105
v -0.21905 -0.063545 1.90105
v 0.23105 -0.063545 1.90105
v 0.23105 -0.063545 1.29095
v -0.21905 -0.063545 1.29095
v -0.21905 -0.068495 1.286
v 0.23105 -0.068495 1.286
v 0.23105 -0.080595 1.286
v -0.21905 -0.080595 1.286
v -0.21905 -0.080595 1.906
v 0.23105 -0.080595 1.906
v 0.23105 -0.068495 1.906
v -0.21905 -0.068495 1.906
v -0.224 -0.080595 1.29095
v -0.21905 -0.085545 1.29095
v -0.21905 -0.085545 1.90105
v -0.224 -0.080595 1.90105
v -0.224 -0.068495 1.90105
v -0.21905 -0.063545 1.90105
v -0.21905 -0.063545 1.29095
v -0.224 -0.068495 1.29095
v 0.236 -0.080595 1.90105
v 0.23105 -0.085545 1.90105
v 0.23105 -0.085545 1.29095
v 0.236 -0.080595 1.29095
v 0.236 -0.068495 1.29095
v 0.23105 -0.063545 1.29095
v 0.23105 -0.063545 1.90105
v 0.236 -0.068495 1.90105
v -0.224 -0.068495 1.29095
v -0.21905 -0.068495 1.286
v -0.21905 -0.080595 1.286
v -0.224 -0.080595 1.29095
v -0.224 -0.080595 1.90105
v -0.21905 -0.080595 1.906
v -0.21905 -0.068495 1.906
v -0.224 -0.068495 1.90105
v 0.236 -0.080595 1.29095
v 0.23105 -0.080595 1.286
v 0.23105 -0.068495 1.286
v 0.236 -0.068495 1.29095
v 0.236 -0.068495 1.90105
v 0.23105 -0.068495 1.906
v 0.23105 -0.080595 1.906
v 0.236 -0.080595 1.90105
v -0.21905 -0.085545 1.29095
v -0.21905 -0.080595 1.286
v 0.23105 -0.080595 1.286
v 0.23105 -0.085545 1.29095
v 0.23105 -0.085545 1.90105
v 0.23105 -0.080595 1.906
v -0.21905 -0.080595 1.906
v -0.21905 -0.085545 1.90105
v 0.23105 -0.063545 1.29095
v 0.23105 -0.068495 1.286
v -0.21905 -0.068495 1.286
v -0.21905 -0.063545 1.29095
v -0.21905 -0.063545 1.90105
v -0.21905 -0.068495 1.906
v 0.23105 -0.068495 1.906
v 0.23105 -0.063545 1.90105
v -0.21905 -0.080595 1.286
v -0.21905 -0.085545 1.29095
v -0.224 -0.080595 1.29095
v -0.224 -0.080595 1.90105
v -0.21905 -0.085545 1.90105
v -0.21905 -0.080595 1.906
v -0.224 -0.068495 1.29095
v -0.21905 -0.063545 1.29095
v -0.21905 -0.068495 1.286
v -0.21905 -0.068495 1.906
v -0.21905 -0.063545 1.90105
v -0.224 -0.068495 1.90105
v 0.236 -0.080595 1.29095
v 0.23105 -0.085545 1.29095
v 0.23105 -0.080595 1.286
v 0.23105 -0.080595 1.906
v 0.23105 -0.085545 1.90105
v 0.236 -0.080595 1.90105
v 0.23105 -0.068495 1.286
v 0.23105 -0.063545 1.29095
v 0.236 -0.068495 1.29095
v 0.236 -0.068495 1.90105
v 0.23105 -0.063545 1.90105
v 0.23105 -0.068495 1.906
v -0.164 -0.09002 1.871475
v -0.164 -0.08507 1.871475
v -0.164 -0.08507 1.830525
v -0.164 -0.09002 1.830525
v 0.176 -0.09002 1.830525
v 0.176 -0.08507 1.830525
v 0.176 -0.08507 1.871475
v 0.176 -0.09002 1.871475
v -0.161975 -0.092045 1.830525
v 0.173975 -0.092045 1.830525
v 0.173975 -0.092045 1.871475
v -0.161975 -0.092045 1.871475
v -0.161975 -0.083045 1.871475
v 0.173975 -0.083045 1.871475
v 0.173975 -0.083045 1.830525
v -0.161975 -0.083045 1.830525
v -0.161975 -0.08507 1.8285
v 0.173975 -0.08507 1.8285
v 0.173975 -0.09002 1.8285
v -0.161975 -0.09002 1.8285
v -0.161975 -0.09002 1.8735
v 0.173975 -0.09002 1.8735
v 0.173975 -0.08507 1.8735
v -0.161975 -0.08507 1.8735
v -0.164 -0.09002 1.830525
v -0.161975 -0.092045 1.830525
v -0.161975 -0.092045 1.871475
v -0.164 -0.09002 1.871475
v -0.164 -0.08507 1.871475
v -0.161975 -0.083045 1.871475
v -0.161975 -0.083045 1.830525
v -0.164 -0.08507 1.830525
v 0.176 -0.09002 1.871475
v 0.173975 -0.092045 1.871475
v 0.173975 -0.092045 1.830525
v 0.176 -0.09002 1.830525
v 0.176 -0.08507 1.830525
v 0.173975 -0.083045 1.830525
v 0.173975 -0.083045 1.871475
v 0.176 -0.08507 1.871475
v -0.164 -0.08507 1.830525
v -0.161975 -0.08507 1.8285
v -0.161975 -0.09002 1.8285
v -0.164 -0.09002 1.830525
v -0.164 -0.09002 1.871475
v -0.161975 -0.09002 1.8735
v -0.161975 -0.08507 1.8735
v -0.164 -0.08507 1.871475
v 0.176 -0.09002 1.830525
v 0.173975 -0.09002 1.8285
v 0.173975 -0.08507 1.8285
v 0.176 -0.08507 1.830525
v 0.176 -0.08507 1.871475
v 0.173975 -0.08507 1.8735
v 0.173975 -0.09002 1.8735
v 0.176 -0.09002 1.871475
v -0.161975 -0.092045 1.830525
v -0.161975 -0.09002 1.8285
v 0.173975 -0.09002 1.8285
v 0.173975 -0.092045 1.830525
v 0.173975 -0.092045 1.871475
v 0.173975 -0.09002 1.8735
v -0.161975 -0.09002 1.8735
v -0.161975 -0.092045 1.871475
v 0.173975 -0.083045 1.830525
v 0.173975 -0.08507 1.8285
v -0.161975 -0.08507 1.8285
v -0.161975 -0.083045 1.830525
v -0.161975 -0.083045 1.871475
v -0.161975 -0.08507 1.8735
v 0.173975 -0.08507 1.8735
v 0.173975 -0.083045 1.871475
v -0.161975 -0.09002 1.8285
v -0.161975 -0.092045 1.830525
v -0.164 -0.09002 1.830525
v -0.164 -0.09002 1.871475
v -0.161975 -0.092045 1.871475
v -0.161975 -0.09002 1.8735
v -0.164 -0.08507 1.830525
v -0.161975 -0.083045 1.830525
v -0.161975 -0.08507 1.8285
v -0.161975 -0.08507 1.8735
v -0.161975 -0.083045 1.871475
v -0.164 -0.08507 1.871475
v 0.176 -0.09002 1.830525
v 0.173975 -0.092045 1.830525
v 0.173975 -0.09002 1.8285
v 0.173975 -0.09002 1.8735
v 0.173975 -0.092045 1.871475
v 0.176 -0.09002 1.871475
v 0.173975 -0.08507 1.8285
v 0.173975 -0.083045 1.830525
v 0.176 -0.08507 1.830525
v 0.176 -0.08507 1.871475
v 0.173975 -0.083045 1.871475
v 0.173975 -0.08507 1.8735
v -0.1465 -0.09102 1.793975
v -0.1465 -0.08607 1.793975
v -0.1465 -0.08607 1.438025
v -0.1465 -0.09102 1.438025
v -0.1215 -0.09102 1.438025
v -0.1215 -0.08607 1.438025
v -0.1215 -0.08607 1.793975
v -0.1215 -0.09102 1.793975
v -0.144475 -0.093045 1.438025
v -0.123525 -0.093045 1.438025
v -0.123525 -0.093045 1.793975
v -0.144475 -0.093045 1.793975
v -0.144475 -0.084045 1.793975
v -0.123525 -0.084045 1.793975
v -0.123525 -0.084045 1.438025
v -0.144475 -0.084045 1.438025
v -0.144475 -0.08607 1.436
v -0.123525 -0.08607 1.436
v -0.123525 -0.09102 1.436
v -0.144475 -0.09102 1.436
v -0.144475 -0.09102 1.796
v -0.123525 -0.09102 1.796
v -0.123525 -0.08607 1.796
v -0.144475 -0.08607 1.796
v -0.1465 -0.09102 1.438025
v -0.144475 -0.093045 1.438025
v -0.144475 -0.093045 1.793975
v -0.1465 -0.09102 1.793975
v -0.1465 -0.08607 1.793975
v -0.144475 -0.084045 1.793975
v -0.144475 -0.084045 1.438025
v -0.1465 -0.08607 1.438025
v -0.1215 -0.09102 1.793975
v -0.123525 -0.093045 1.793975
v -0.123525 -0.093045 1.438025
v -0.1215 -0.09102 1.438025
v -0.1215 -0.08607 1.438025
v -0.123525 -0.084045 1.438025
v -0.123525 -0.084045 1.793975
v -0.1215 -0.08607 1.793975
v -0.1465 -0.08607 1.438025
v -0.144475 -0.08607 1.436
v -0.144475 -0.09102 1.436
v -0.1465 -0.09102 1.438025
v -0.1465 -0.09102 1.793975
v -0.144475 -0.09102 1.796
v -0.144475 -0.08607 1.796
v -0.1465 -0.08607 1.793975
v -0.1215 -0.09102 1.438025
v -0.123525 -0.09102 1.436
v -0.123525 -0.08607 1.436
v -0.1215 -0.08607 1.438025
v -0.1215 -0.08607 1.793975
v -0.123525 -0.08607 1.796
v -0.123525 -0.09102 1.796
v -0.1215 -0.09102 1.793975
v -0.144475 -0.093045 1.438025
v -0.144475 -0.09102 1.436
v -0.123525 -0.09102 1.436
v -0.123525 -0.093045 1.438025
v -0.123525 -0.093045 1.793975
v -0.123525 -0.09102 1.796
v -0.144475 -0.09102 1.796
v -0.144475 -0.093045 1.793975
v -0.123525 -0.084045 1.438025
v -0.123525 -0.08607 1.436
v -0.144475 -0.08607 1.436
v -0.144475 -0.084045 1.438025
v -0.144475 -0.084045 1.793975
v -0.144475 -0.08607 1.796
v -0.123525 -0.08607 1.796
v -0.123525 -0.084045 1.793975
v -0.144475 -0.09102 1.436
v -0.144475 -0.093045 1.438025
v -0.1465 -0.09102 1.438025
v -0.1465 -0.09102 1.793975
v -0.144475 -0.093045 1.793975
v -0.144475 -0.09102 1.796
v -0.1465 -0.08607 1.438025
v -0.144475 -0.084045 1.438025
v -0.144475 -0.08607 1.436
v -0.144475 -0.08607 1.796
v -0.144475 -0.084045 1.793975
v -0.1465 -0.08607 1.793975
v -0.1215 -0.09102 1.438025
v -0.123525 -0.093045 1.438025
v -0.123525 -0.09102 1.436
v -0.123525 -0.09102 1.796
v -0.123525 -0.093045 1.793975
v -0.1215 -0.09102 1.793975
v -0.123525 -0.08607 1.436
v -0.123525 -0.084045 1.438025
v -0.1215 -0.08607 1.438025
v -0.1215 -0.08607 1.793975
v -0.123525 -0.084045 1.793975
v -0.123525 -0.08607 1.796
v 0.125 -0.09102 1.723975
v 0.125 -0.08607 1.723975
v 0.125 -0.08607 1.428025
v 0.125 -0.09102 1.428025
v 0.147 -0.09102 1.428025
v 0.147 -0.08607 1.428025
v 0.147 -0.08607 1.723975
v 0.147 -0.09102 1.723975
v 0.127025 -0.093045 1.428025
v 0.144975 -0.093045 1.428025
v 0.144975 -0.093045 1.723975
v 0.127025 -0.093045 1.723975
v 0.127025 -0.084045 1.723975
v 0.144975 -0.084045 1.723975
v 0.144975 -0.084045 1.428025
v 0.127025 -0.084045 1.428025
v 0.127025 -0.08607 1.426
v 0.144975 -0.08607 1.426
v 0.144975 -0.09102 1.426
v 0.127025 -0.09102 1.426
v 0.127025 -0.09102 1.726
v 0.144975 -0.09102 1.726
v 0.144975 -0.08607 1.726
v 0.127025 -0.08607 1.726
v 0.125 -0.09102 1.428025
v 0.127025 -0.093045 1.428025
v 0.127025 -0.093045 1.723975
v 0.125 -0.09102 1.723975
v 0.125 -0.08607 1.723975
v 0.127025 -0.084045 1.723975
v 0.127025 -0.084045 1.428025
v 0.125 -0.08607 1.428025
v 0.147 -0.09102 1.723975
v 0.144975 -0.093045 1.723975
v 0.144975 -0.093045 1.428025
v 0.147 -0.09102 1.428025
v 0.147 -0.08607 1.428025
v 0.144975 -0.084045 1.428025
v 0.144975 -0.084045 1.723975
v 0.147 -0.08607 1.723975
v 0.125 -0.08607 1.428025
v 0.127025 -0.08607 1.426
v 0.127025 -0.09102 1.426
v 0.125 -0.09102 1.428025
v 0.125 -0.09102 1.723975
v 0.127025 -0.09102 1.726
v 0.127025 -0.08607 1.726
v 0.125 -0.08607 1.723975
v 0.147 -0.09102 1.428025
v 0.144975 -0.09102 1.426
v 0.144975 -0.08607 1.426
v 0.147 -0.08607 1.428025
v 0.147 -0.08607 1.723975
v 0.144975 -0.08607 1.726
v 0.144975 -0.09102 1.726
v 0.147 -0.09102 1.723975
v 0.127025 -0.093045 1.428025
v 0.127025 -0.09102 1.426
v 0.144975 -0.09102 1.426
v 0.144975 -0.093045 1.428025
v 0.144975 -0.093045 1.723975
v 0.144975 -0.09102 1.726
v 0.127025 -0.09102 1.726
v 0.127025 -0.093045 1.723975
v 0.144975 -0.084045 1.428025
v 0.144975 -0.08607 1.426
v 0.127025 -0.08607 1.426
v 0.127025 -0.084045 1.428025
v 0.127025 -0.084045 1.723975
v 0.127025 -0.08607 1.726
v 0.144975 -0.08607 1.726
v 0.144975 -0.084045 1.723975
v 0.127025 -0.09102 1.426
v 0.127025 -0.093045 1.428025
v 0.125 -0.09102 1.428025
v 0.125 -0.09102 1.723975
v 0.127025 -0.093045 1.723975
v 0.127025 -0.09102 1.726
v 0.125 -0.08607 1.428025
v 0.127025 -0.084045 1.428025
v 0.127025 -0.08607 1.426
v 0.127025 -0.08607 1.726
v 0.127025 -0.084045 1.723975
v 0.125 -0.08607 1.723975
v 0.147 -0.09102 1.428025
v 0.144975 -0.093045 1.428025
v 0.144975 -0.09102 1.426
v 0.144975 -0.09102 1.726
v 0.144975 -0.093045 1.723975
v 0.147 -0.09102 1.723975
v 0.144975 -0.08607 1.426
v 0.144975 -0.084045 1.428025
v 0.147 -0.08607 1.428025
v 0.147 -0.08607 1.723975
v 0.144975 -0.084045 1.723975
v 0.144975 -0.08607 1.726
v -0.149 -0.09102 1.474975
v -0.149 -0.08607 1.474975
v -0.149 -0.08607 1.457025
v -0.149 -0.09102 1.457025
v 0.161 -0.09102 1.457025
v 0.161 -0.08607 1.457025
v 0.161 -0.08607 1.474975
v 0.161 -0.09102 1.474975
v -0.146975 -0.093045 1.457025
v 0.158975 -0.093045 1.457025
v 0.158975 -0.093045 1.474975
v -0.146975 -0.093045 1.474975
v -0.146975 -0.084045 1.474975
v 0.158975 -0.084045 1.474975
v 0.158975 -0.084045 1.457025
v -0.146975 -0.084045 1.457025
v -0.146975 -0.08607 1.455
v 0.158975 -0.08607 1.455
v 0.158975 -0.09102 1.455
v -0.146975 -0.09102 1.455
v -0.146975 -0.09102 1.477
v 0.158975 -0.09102 1.477
v 0.158975 -0.08607 1.477
v -0.146975 -0.08607 1.477
v -0.149 -0.09102 1.457025
v -0.146975 -0.093045 1.457025
v -0.146975 -0.093045 1.474975
v -0.149 -0.09102 1.474975
v -0.149 -0.08607 1.474975
v -0.146975 -0.084045 1.474975
v -0.146975 -0.084045 1.457025
v -0.149 -0.08607 1.457025
v 0.161 -0.09102 1.474975
v 0.158975 -0.093045 1.474975
v 0.158975 -0.093045 1.457025
v 0.161 -0.09102 1.457025
v 0.161 -0.08607 1.457025
v 0.158975 -0.084045 1.457025
v 0.158975 -0.084045 1.474975
v 0.161 -0.08607 1.474975
v -0.149 -0.08607 1.457025
v -0.146975 -0.08607 1.455
v -0.146975 -0.09102 1.455
v -0.149 -0.09102 1.457025
v -0.149 -0.09102 1.474975
v -0.146975 -0.09102 1.477
v -0.146975 -0.08607 1.477
v -0.149 -0.08607 1.474975
v 0.161 -0.09102 1.457025
v 0.158975 -0.09102 1.455
v 0.158975 -0.08607 1.455
v 0.161 -0.08607 1.457025
v 0.161 -0.08607 1.474975
v 0.158975 -0.08607 1.477
v 0.158975 -0.09102 1.477
v 0.161 -0.09102 1.474975
v -0.146975 -0.093045 1.457025
v -0.146975 -0.09102 1.455
v 0.158975 -0.09102 1.455
v 0.158975 -0.093045 1.457025
v 0.158975 -0.093045 1.474975
v 0.158975 -0.09102 1.477
v -0.146975 -0.09102 1.477
v -0.146975 -0.093045 1.474975
v 0.158975 -0.084045 1.457025
v 0.158975 -0.08607 1.455
v -0.146975 -0.08607 1.455
v -0.146975 -0.084045 1.457025
v -0.146975 -0.084045 1.474975
v -0.146975 -0.08607 1.477
v 0.158975 -0.08607 1.477
v 0.158975 -0.084045 1.474975
v -0.146975 -0.09102 1.455
v -0.146975 -0.093045 1.457025
v -0.149 -0.09102 1.457025
v -0.149 -0.09102 1.474975
v -0.146975 -0.093045 1.474975
v -0.146975 -0.09102 1.477
v -0.149 -0.08607 1.457025
v -0.146975 -0.084045 1.457025
v -0.146975 -0.08607 1.455
v -0.146975 -0.08607 1.477
v -0.146975 -0.084045 1.474975
v -0.149 -0.08607 1.474975
v 0.161 -0.09102 1.457025
v 0.158975 -0.093045 1.457025
v 0.158975 -0.09102 1.455
v 0.158975 -0.09102 1.477
v 0.158975 -0.093045 1.474975
v 0.161 -0.09102 1.474975
v 0.158975 -0.08607 1.455
v 0.158975 -0.084045 1.457025
v 0.161 -0.08607 1.457025
v 0.161 -0.08607 1.474975
v 0.158975 -0.084045 1.474975
v 0.158975 -0.08607 1.477
v -0.136 -0.098545 1.846
v -0.137783 -0.098545 1.83819
v -0.137783 -0.086545 1.83819
v -0.136 -0.086545 1.846
v -0.137783 -0.098545 1.83819
v -0.142777 -0.098545 1.831927
v -0.142777 -0.086545 1.831927
v -0.137783 -0.086545 1.83819
v -0.142777 -0.098545 1.831927
v -0.149995 -0.098545 1.828451
v -0.149995 -0.086545 1.828451
v -0.142777 -0.086545 1.831927
v -0.149995 -0.098545 1.828451
v -0.158005 -0.098545 1.828451
v -0.158005 -0.086545 1.828451
v -0.149995 -0.086545 1.828451
v -0.158005 -0.098545 1.828451
v -0.165223 -0.098545 1.831927
v -0.165223 -0.086545 1.831927
v -0.158005 -0.086545 1.828451
v -0.165223 -0.098545 1.831927
v -0.170217 -0.098545 1.83819
v -0.170217 -0.086545 1.83819
v -0.165223 -0.086545 1.831927
v -0.170217 -0.098545 1.83819
v -0.172 -0.098545 1.846
v -0.172 -0.086545 1.846
v -0.170217 -0.086545 1.83819
v -0.172 -0.098545 1.846
v -0.170217 -0.098545 1.85381
v -0.170217 -0.086545 1.85381
v -0.172 -0.086545 1.846
v -0.170217 -0.098545 1.85381
v -0.165223 -0.098545 1.860073
v -0.165223 -0.086545 1.860073
v -0.170217 -0.086545 1.85381
v -0.165223 -0.098545 1.860073
v -0.158005 -0.098545 1.863549
v -0.158005 -0.086545 1.863549
v -0.165223 -0.086545 1.860073
v -0.158005 -0.098545 1.863549
v -0.149995 -0.098545 1.863549
v -0.149995 -0.086545 1.863549
v -0.158005 -0.086545 1.863549
v -0.149995 -0.098545 1.863549
v -0.142777 -0.098545 1.860073
v -0.142777 -0.086545 1.860073
v -0.149995 -0.086545 1.863549
v -0.142777 -0.098545 1.860073
v -0.137783 -0.098545 1.85381
v -0.137783 -0.086545 1.85381
v -0.142777 -0.086545 1.860073
v -0.137783 -0.098545 1.85381
v -0.136 -0.098545 1.846
v -0.136 -0.086545 1.846
v -0.137783 -0.086545 1.85381
v -0.136 -0.098545 1.846
v -0.137783 -0.098545 1.83819
v -0.142777 -0.098545 1.831927
v -0.149995 -0.098545 1.828451
v -0.158005 -0.098545 1.828451
v -0.165223 -0.098545 1.831927
v -0.170217 -0.098545 1.83819
v -0.172 -0.098545 1.846
v -0.170217 -0.098545 1.85381
v -0.165223 -0.098545 1.860073
v -0.158005 -0.098545 1.863549
v -0.149995 -0.098545 1.863549
v -0.142777 -0.098545 1.860073
v -0.137783 -0.098545 1.85381
v -0.136 -0.086545 1.846
v -0.137783 -0.086545 1.83819
v -0.142777 -0.086545 1.831927
v -0.149995 -0.086545 1.828451
v -0.158005 -0.086545 1.828451
v -0.165223 -0.086545 1.831927
v -0.170217 -0.086545 1.83819
v -0.172 -0.086545 1.846
v -0.170217 -0.086545 1.85381
v -0.165223 -0.086545 1.860073
v -0.158005 -0.086545 1.863549
v -0.149995 -0.086545 1.863549
v -0.142777 -0.086545 1.860073
v -0.137783 -0.086545 1.85381
v 0.184 -0.098545 1.846
v 0.182217 -0.098545 1.83819
v 0.182217 -0.086545 1.83819
v 0.184 -0.086545 1.846
v 0.182217 -0.098545 1.83819
v 0.177223 -0.098545 1.831927
v 0.177223 -0.086545 1.831927
v 0.182217 -0.086545 1.83819
v 0.177223 -0.098545 1.831927
v 0.170005 -0.098545 1.828451
v 0.170005 -0.086545 1.828451
v 0.177223 -0.086545 1.831927
v 0.170005 -0.098545 1.828451
v 0.161995 -0.098545 1.828451
v 0.161995 -0.086545 1.828451
v 0.170005 -0.086545 1.828451
v 0.161995 -0.098545 1.828451
v 0.154777 -0.098545 1.831927
v 0.154777 -0.086545 1.831927
v 0.161995 -0.086545 1.828451
v 0.154777 -0.098545 1.831927
v 0.149783 -0.098545 1.83819
v 0.149783 -0.086545 1.83819
v 0.154777 -0.086545 1.831927
v 0.149783 -0.098545 1.83819
v 0.148 -0.098545 1.846
v 0.148 -0.086545 1.846
v 0.149783 -0.086545 1.83819
v 0.148 -0.098545 1.846
v 0.149783 -0.098545 1.85381
v 0.149783 -0.086545 1.85381
v 0.148 -0.086545 1.846
v 0.149783 -0.098545 1.85381
v 0.154777 -0.098545 1.860073
v 0.154777 -0.086545 1.860073
v 0.149783 -0.086545 1.85381
v 0.154777 -0.098545 1.860073
v 0.161995 -0.098545 1.863549
v 0.161995 -0.086545 1.863549
v 0.154777 -0.086545 1.860073
v 0.161995 -0.098545 1.863549
v 0.170005 -0.098545 1.863549
v 0.170005 -0.086545 1.863549
v 0.161995 -0.086545 1.863549
v 0.170005 -0.098545 1.863549
v 0.177223 -0.098545 1.860073
v 0.177223 -0.086545 1.860073
v 0.170005 -0.086545 1.863549
v 0.177223 -0.098545 1.860073
v 0.182217 -0.098545 1.85381
v 0.182217 -0.086545 1.85381
v 0.177223 -0.086545 1.860073
v 0.182217 -0.098545 1.85381
v 0.184 -0.098545 1.846
v 0.184 -0.086545 1.846
v 0.182217 -0.086545 1.85381
v 0.184 -0.098545 1.846
v 0.182217 -0.098545 1.83819
v 0.177223 -0.098545 1.831927
v 0.170005 -0.098545 1.828451
v 0.161995 -0.098545 1.828451
v 0.154777 -0.098545 1.831927
v 0.149783 -0.098545 1.83819
v 0.148 -0.098545 1.846
v 0.149783 -0.098545 1.85381
v 0.154777 -0.098545 1.860073
v 0.161995 -0.098545 1.863549
v 0.170005 -0.098545 1.863549
v 0.177223 -0.098545 1.860073
v 0.182217 -0.098545 1.85381
v 0.184 -0.086545 1.846
v 0.182217 -0.086545 1.83819
v 0.177223 -0.086545 1.831927
v 0.170005 -0.086545 1.828451
v 0.161995 -0.086545 1.828451
v 0.154777 -0.086545 1.831927
v 0.149783 -0.086545 1.83819
v 0.148 -0.086545 1.846
v 0.149783 -0.086545 1.85381
v 0.154777 -0.086545 1.860073
v 0.161995 -0.086545 1.863549
v 0.170005 -0.086545 1.863549
v 0.177223 -0.086545 1.860073
v 0.182217 -0.086545 1.85381
v -0.006 -0.074545 1.146
v -0.004392 -0.080545 1.146
v -0.004392 -0.080545 1.306
v -0.006 -0.074545 1.306
v -0.004392 -0.080545 1.146
v 0 -0.084938 1.146
v 0 -0.084938 1.306
v -0.004392 -0.080545 1.306
v 0 -0.084938 1.146
v 0.006 -0.086545 1.146
v 0.006 -0.086545 1.306
v 0 -0.084938 1.306
v 0.006 -0.086545 1.146
v 0.012 -0.084938 1.146
v 0.012 -0.084938 1.306
v 0.006 -0.086545 1.306
v 0.012 -0.084938 1.146
v 0.016392 -0.080545 1.146
v 0.016392 -0.080545 1.306
v 0.012 -0.084938 1.306
v 0.016392 -0.080545 1.146
v 0.018 -0.074545 1.146
v 0.018 -0.074545 1.306
v 0.016392 -0.080545 1.306
v 0.018 -0.074545 1.146
v 0.016392 -0.068545 1.146
v 0.016392 -0.068545 1.306
v 0.018 -0.074545 1.306
v 0.016392 -0.068545 1.146
v 0.012 -0.064153 1.146
v 0.012 -0.064153 1.306
v 0.016392 -0.068545 1.306
v 0.012 -0.064153 1.146
v 0.006 -0.062545 1.146
v 0.006 -0.062545 1.306
v 0.012 -0.064153 1.306
v 0.006 -0.062545 1.146
v 0 -0.064153 1.146
v 0 -0.064153 1.306
v 0.006 -0.062545 1.306
v 0 -0.064153 1.146
v -0.004392 -0.068545 1.146
v -0.004392 -0.068545 1.306
v 0 -0.064153 1.306
v -0.004392 -0.068545 1.146
v -0.006 -0.074545 1.146
v -0.006 -0.074545 1.306
v -0.004392 -0.068545 1.306
v -0.006 -0.074545 1.146
v -0.004392 -0.080545 1.146
v 0 -0.084938 1.146
v 0.006 -0.086545 1.146
v 0.012 -0.084938 1.146
v 0.016392 -0.080545 1.146
v 0.018 -0.074545 1.146
v 0.016392 -0.068545 1.146
v 0.012 -0.064153 1.146
v 0.006 -0.062545 1.146
v 0 -0.064153 1.146
v -0.004392 -0.068545 1.146
v -0.006 -0.074545 1.306
v -0.004392 -0.080545 1.306
v 0 -0.084938 1.306
v 0.006 -0.086545 1.306
v 0.012 -0.084938 1.306
v 0.016392 -0.080545 1.306
v 0.018 -0.074545 1.306
v 0.016392 -0.068545 1.306
v 0.012 -0.064153 1.306
v 0.006 -0.062545 1.306
v 0 -0.064153 1.306
v -0.004392 -0.068545 1.306
v 0.032 0.074545 1.97
v 0.028237 0.074545 1.953512
v 0.024633 0.081474 1.955248
v 0.028 0.081474 1.97
v 0.028 0.081474 1.97
v 0.024633 0.081474 1.955248
v 0.017425 0.081474 1.958719
v 0.02 0.081474 1.97
v 0.02 0.081474 1.97
v 0.017425 0.081474 1.958719
v 0.013821 0.074545 1.960455
v 0.016 0.074545 1.97
v 0.016 0.074545 1.97
v 0.013821 0.074545 1.960455
v 0.017425 0.067617 1.958719
v 0.02 0.067617 1.97
v 0.02 0.067617 1.97
v 0.017425 0.067617 1.958719
v 0.024633 0.067617 1.955248
v 0.028 0.067617 1.97
v 0.028 0.067617 1.97
v 0.024633 0.067617 1.955248
v 0.028237 0.074545 1.953512
v 0.032 0.074545 1.97
v 0.028237 0.074545 1.953512
v 0.017693 0.074545 1.94029
v 0.015199 0.081474 1.943418
v 0.024633 0.081474 1.955248
v 0.024633 0.081474 1.955248
v 0.015199 0.081474 1.943418
v 0.010211 0.081474 1.949672
v 0.017425 0.081474 1.958719
v 0.017425 0.081474 1.958719
v 0.010211 0.081474 1.949672
v 0.007717 0.074545 1.9528
v 0.013821 0.074545 1.960455
v 0.013821 0.074545 1.960455
v 0.007717 0.074545 1.9528
v 0.010211 0.067617 1.949672
v 0.017425 0.067617 1.958719
v 0.017425 0.067617 1.958719
v 0.010211 0.067617 1.949672
v 0.015199 0.067617 1.943418
v 0.024633 0.067617 1.955248
v 0.024633 0.067617 1.955248
v 0.015199 0.067617 1.943418
v 0.017693 0.074545 1.94029
v 0.028237 0.074545 1.953512
v 0.017693 0.074545 1.94029
v 0.002456 0.074545 1.932953
v 0.001566 0.081474 1.936852
v 0.015199 0.081474 1.943418
v 0.015199 0.081474 1.943418
v 0.001566 0.081474 1.936852
v -0.000214 0.081474 1.944652
v 0.010211 0.081474 1.949672
v 0.010211 0.081474 1.949672
v -0.000214 0.081474 1.944652
v -0.001105 0.074545 1.948552
v 0.007717 0.074545 1.9528
v 0.007717 0.074545 1.9528
v -0.001105 0.074545 1.948552
v -0.000214 0.067617 1.944652
v 0.010211 0.067617 1.949672
v 0.010211 0.067617 1.949672
v -0.000214 0.067617 1.944652
v 0.001566 0.067617 1.936852
v 0.015199 0.067617 1.943418
v 0.015199 0.067617 1.943418
v 0.001566 0.067617 1.936852
v 0.002456 0.074545 1.932953
v 0.017693 0.074545 1.94029
v 0.002456 0.074545 1.932953
v -0.014456 0.074545 1.932953
v -0.013566 0.081474 1.936852
v 0.001566 0.081474 1.936852
v 0.001566 0.081474 1.936852
v -0.013566 0.081474 1.936852
v -0.011786 0.081474 1.944652
v -0.000214 0.081474 1.944652
v -0.000214 0.081474 1.944652
v -0.011786 0.081474 1.944652
v -0.010895 0.074545 1.948552
v -0.001105 0.074545 1.948552
v -0.001105 0.074545 1.948552
v -0.010895 0.074545 1.948552
v -0.011786 0.067617 1.944652
v -0.000214 0.067617 1.944652
v -0.000214 0.067617 1.944652
v -0.011786 0.067617 1.944652
v -0.013566 0.067617 1.936852
v 0.001566 0.067617 1.936852
v 0.001566 0.067617 1.936852
v -0.013566 0.067617 1.936852
v -0.014456 0.074545 1.932953
v 0.002456 0.074545 1.932953
v -0.014456 0.074545 1.932953
v -0.029693 0.074545 1.94029
v -0.027199 0.081474 1.943418
v -0.013566 0.081474 1.936852
v -0.013566 0.081474 1.936852
v -0.027199 0.081474 1.943418
v -0.022211 0.081474 1.949672
v -0.011786 0.081474 1.944652
v -0.011786 0.081474 1.944652
v -0.022211 0.081474 1.949672
v -0.019717 0.074545 1.9528
v -0.010895 0.074545 1.948552
v -0.010895 0.074545 1.948552
v -0.019717 0.074545 1.9528
v -0.022211 0.067617 1.949672
v -0.011786 0.067617 1.944652
v -0.011786 0.067617 1.944652
v -0.022211 0.067617 1.949672
v -0.027199 0.067617 1.943418
v -0.013566 0.067617 1.936852
v -0.013566 0.067617 1.936852
v -0.027199 0.067617 1.943418
v -0.029693 0.074545 1.94029
v -0.014456 0.074545 1.932953
v -0.029693 0.074545 1.94029
v -0.040237 0.074545 1.953512
v -0.036633 0.081474 1.955248
v -0.027199 0.081474 1.943418
v -0.027199 0.081474 1.943418
v -0.036633 0.081474 1.955248
v -0.029425 0.081474 1.958719
v -0.022211 0.081474 1.949672
v -0.022211 0.081474 1.949672
v -0.029425 0.081474 1.958719
v -0.025821 0.074545 1.960455
v -0.019717 0.074545 1.9528
v -0.019717 0.074545 1.9528
v -0.025821 0.074545 1.960455
v -0.029425 0.067617 1.958719
v -0.022211 0.067617 1.949672
v -0.022211 0.067617 1.949672
v -0.029425 0.067617 1.958719
v -0.036633 0.067617 1.955248
v -0.027199 0.067617 1.943418
v -0.027199 0.067617 1.943418
v -0.036633 0.067617 1.955248
v -0.040237 0.074545 1.953512
v -0.029693 0.074545 1.94029
v -0.040237 0.074545 1.953512
v -0.044 0.074545 1.97
v -0.04 0.081474 1.97
v -0.036633 0.081474 1.955248
v -0.036633 0.081474 1.955248
v -0.04 0.081474 1.97
v -0.032 0.081474 1.97
v -0.029425 0.081474 1.958719
v -0.029425 0.081474 1.958719
v -0.032 0.081474 1.97
v -0.028 0.074545 1.97
v -0.025821 0.074545 1.960455
v -0.025821 0.074545 1.960455
v -0.028 0.074545 1.97
v -0.032 0.067617 1.97
v -0.029425 0.067617 1.958719
v -0.029425 0.067617 1.958719
v -0.032 0.067617 1.97
v -0.04 0.067617 1.97
v -0.036633 0.067617 1.955248
v -0.036633 0.067617 1.955248
v -0.04 0.067617 1.97
v -0.044 0.074545 1.97
v -0.040237 0.074545 1.953512
v -0.044 0.074545 1.97
v -0.040237 0.074545 1.986488
v -0.036633 0.081474 1.984752
v -0.04 0.081474 1.97
v -0.04 0.081474 1.97
v -0.036633 0.081474 1.984752
v -0.029425 0.081474 1.981281
v -0.032 0.081474 1.97
v -0.032 0.081474 1.97
v -0.029425 0.081474 1.981281
v -0.025821 0.074545 1.979545
v -0.028 0.074545 1.97
v -0.028 0.074545 1.97
v -0.025821 0.074545 1.979545
v -0.029425 0.067617 1.981281
v -0.032 0.067617 1.97
v -0.032 0.067617 1.97
v -0.029425 0.067617 1.981281
v -0.036633 0.067617 1.984752
v -0.04 0.067617 1.97
v -0.04 0.067617 1.97
v -0.036633 0.067617 1.984752
v -0.040237 0.074545 1.986488
v -0.044 0.074545 1.97
v -0.040237 0.074545 1.986488
v -0.029693 0.074545 1.99971
v -0.027199 0.081474 1.996582
v -0.036633 0.081474 1.984752
v -0.036633 0.081474 1.984752
v -0.027199 0.081474 1.996582
v -0.022211 0.081474 1.990328
v -0.029425 0.081474 1.981281
v -0.029425 0.081474 1.981281
v -0.022211 0.081474 1.990328
v -0.019717 0.074545 1.9872
v -0.025821 0.074545 1.979545
v -0.025821 0.074545 1.979545
v -0.019717 0.074545 1.9872
v -0.022211 0.067617 1.990328
v -0.029425 0.067617 1.981281
v -0.029425 0.067617 1.981281
v -0.022211 0.067617 1.990328
v -0.027199 0.067617 1.996582
v -0.036633 0.067617 1.984752
v -0.036633 0.067617 1.984752
v -0.027199 0.067617 1.996582
v -0.029693 0.074545 1.99971
v -0.040237 0.074545 1.986488
v -0.029693 0.074545 1.99971
v -0.014456 0.074545 2.007047
v -0.013566 0.081474 2.003148
v -0.027199 0.081474 1.996582
v -0.027199 0.081474 1.996582
v -0.013566 0.081474 2.003148
v -0.011786 0.081474 1.995348
v -0.022211 0.081474 1.990328
v -0.022211 0.081474 1.990328
v -0.011786 0.081474 1.995348
v -0.010895 0.074545 1.991448
v -0.019717 0.074545 1.9872
v -0.019717 0.074545 1.9872
v -0.010895 0.074545 1.991448
v -0.011786 0.067617 1.995348
v -0.022211 0.067617 1.990328
v -0.022211 0.067617 1.990328
v -0.011786 0.067617 1.995348
v -0.013566 0.067617 2.003148
v -0.027199 0.067617 1.996582
v -0.027199 0.067617 1.996582
v -0.013566 0.067617 2.003148
v -0.014456 0.074545 2.007047
v -0.029693 0.074545 1.99971
v -0.014456 0.074545 2.007047
v 0.002456 0.074545 2.007047
v 0.001566 0.081474 2.003148
v -0.013566 0.081474 2.003148
v -0.013566 0.081474 2.003148
v 0.001566 0.081474 2.003148
v -0.000214 0.081474 1.995348
v -0.011786 0.081474 1.995348
v -0.011786 0.081474 1.995348
v -0.000214 0.081474 1.995348
v -0.001105 0.074545 1.991448
v -0.010895 0.074545 1.991448
v -0.010895 0.074545 1.991448
v -0.001105 0.074545 1.991448
v -0.000214 0.067617 1.995348
v -0.011786 0.067617 1.995348
v -0.011786 0.067617 1.995348
v -0.000214 0.067617 1.995348
v 0.001566 0.067617 2.003148
v -0.013566 0.067617 2.003148
v -0.013566 0.067617 2.003148
v 0.001566 0.067617 2.003148
v 0.002456 0.074545 2.007047
v -0.014456 0.074545 2.007047
v 0.002456 0.074545 2.007047
v 0.017693 0.074545 1.99971
v 0.015199 0.081474 1.996582
v 0.001566 0.081474 2.003148
v 0.001566 0.081474 2.003148
v 0.015199 0.081474 1.996582
v 0.010211 0.081474 1.990328
v -0.000214 0.081474 1.995348
v -0.000214 0.081474 1.995348
v 0.010211 0.081474 1.990328
v 0.007717 0.074545 1.9872
v -0.001105 0.074545 1.991448
v -0.001105 0.074545 1.991448
v 0.007717 0.074545 1.9872
v 0.010211 0.067617 1.990328
v -0.000214 0.067617 1.995348
v -0.000214 0.067617 1.995348
v 0.010211 0.067617 1.990328
v 0.015199 0.067617 1.996582
v 0.001566 0.067617 2.003148
v 0.001566 0.067617 2.003148
v 0.015199 0.067617 1.996582
v 0.017693 0.074545 1.99971
v 0.002456 0.074545 2.007047
v 0.017693 0.074545 1.99971
v 0.028237 0.074545 1.986488
v 0.024633 0.081474 1.984752
v 0.015199 0.081474 1.996582
v 0.015199 0.081474 1.996582
v 0.024633 0.081474 1.984752
v 0.017425 0.081474 1.981281
v 0.010211 0.081474 1.990328
v 0.010211 0.081474 1.990328
v 0.017425 0.081474 1.981281
v 0.013821 0.074545 1.979545
v 0.007717 0.074545 1.9872
v 0.007717 0.074545 1.9872
v 0.013821 0.074545 1.979545
v 0.017425 0.067617 1.981281
v 0.010211 0.067617 1.990328
v 0.010211 0.067617 1.990328
v 0.017425 0.067617 1.981281
v 0.024633 0.067617 1.984752
v 0.015199 0.067617 1.996582
v 0.015199 0.067617 1.996582
v 0.024633 0.067617 1.984752
v 0.028237 0.074545 1.986488
v 0.017693 0.074545 1.99971
v 0.028237 0.074545 1.986488
v 0.032 0.074545 1.97
v 0.028 0.081474 1.97
v 0.024633 0.081474 1.984752
v 0.024633 0.081474 1.984752
v 0.028 0.081474 1.97
v 0.02 0.081474 1.97
v 0.017425 0.081474 1.981281
v 0.017425 0.081474 1.981281
v 0.02 0.081474 1.97
v 0.016 0.074545 1.97
v 0.013821 0.074545 1.979545
v 0.013821 0.074545 1.979545
v 0.016 0.074545 1.97
v 0.02 0.067617 1.97
v 0.017425 0.067617 1.981281
v 0.017425 0.067617 1.981281
v 0.02 0.067617 1.97
v 0.028 0.067617 1.97
v 0.024633 0.067617 1.984752
v 0.024633 0.067617 1.984752
v 0.028 0.067617 1.97
v 0.032 0.074545 1.97
v 0.028237 0.074545 1.986488
v -0.006 0.036545 1.922
v -0.006 0.040309 1.905512
v 0.000928 0.043913 1.907248
v 0.000928 0.040545 1.922
v 0.000928 0.040545 1.922
v 0.000928 0.043913 1.907248
v 0.000928 0.05112 1.910719
v 0.000928 0.048545 1.922
v 0.000928 0.048545 1.922
v 0.000928 0.05112 1.910719
v -0.006 0.054724 1.912455
v -0.006 0.052545 1.922
v -0.006 0.052545 1.922
v -0.006 0.054724 1.912455
v -0.012928 0.05112 1.910719
v -0.012928 0.048545 1.922
v -0.012928 0.048545 1.922
v -0.012928 0.05112 1.910719
v -0.012928 0.043913 1.907248
v -0.012928 0.040545 1.922
v -0.012928 0.040545 1.922
v -0.012928 0.043913 1.907248
v -0.006 0.040309 1.905512
v -0.006 0.036545 1.922
v -0.006 0.040309 1.905512
v -0.006 0.050853 1.89229
v 0.000928 0.053347 1.895418
v 0.000928 0.043913 1.907248
v 0.000928 0.043913 1.907248
v 0.000928 0.053347 1.895418
v 0.000928 0.058335 1.901672
v 0.000928 0.05112 1.910719
v 0.000928 0.05112 1.910719
v 0.000928 0.058335 1.901672
v -0.006 0.060829 1.9048
v -0.006 0.054724 1.912455
v -0.006 0.054724 1.912455
v -0.006 0.060829 1.9048
v -0.012928 0.058335 1.901672
v -0.012928 0.05112 1.910719
v -0.012928 0.05112 1.910719
v -0.012928 0.058335 1.901672
v -0.012928 0.053347 1.895418
v -0.012928 0.043913 1.907248
v -0.012928 0.043913 1.907248
v -0.012928 0.053347 1.895418
v -0.006 0.050853 1.89229
v -0.006 0.040309 1.905512
v -0.006 0.050853 1.89229
v -0.006 0.06609 1.884953
v 0.000928 0.06698 1.888852
v 0.000928 0.053347 1.895418
v 0.000928 0.053347 1.895418
v 0.000928 0.06698 1.888852
v 0.000928 0.06876 1.896652
v 0.000928 0.058335 1.901672
v 0.000928 0.058335 1.901672
v 0.000928 0.06876 1.896652
v -0.006 0.06965 1.900552
v -0.006 0.060829 1.9048
v -0.006 0.060829 1.9048
v -0.006 0.06965 1.900552
v -0.012928 0.06876 1.896652
v -0.012928 0.058335 1.901672
v -0.012928 0.058335 1.901672
v -0.012928 0.06876 1.896652
v -0.012928 0.06698 1.888852
v -0.012928 0.053347 1.895418
v -0.012928 0.053347 1.895418
v -0.012928 0.06698 1.888852
v -0.006 0.06609 1.884953
v -0.006 0.050853 1.89229
v -0.006 0.06609 1.884953
v -0.006 0.083001 1.884953
v 0.000928 0.082111 1.888852
v 0.000928 0.06698 1.888852
v 0.000928 0.06698 1.888852
v 0.000928 0.082111 1.888852
v 0.000928 0.080331 1.896652
v 0.000928 0.06876 1.896652
v 0.000928 0.06876 1.896652
v 0.000928 0.080331 1.896652
v -0.006 0.079441 1.900552
v -0.006 0.06965 1.900552
v -0.006 0.06965 1.900552
v -0.006 0.079441 1.900552
v -0.012928 0.080331 1.896652
v -0.012928 0.06876 1.896652
v -0.012928 0.06876 1.896652
v -0.012928 0.080331 1.896652
v -0.012928 0.082111 1.888852
v -0.012928 0.06698 1.888852
v -0.012928 0.06698 1.888852
v -0.012928 0.082111 1.888852
v -0.006 0.083001 1.884953
v -0.006 0.06609 1.884953
v -0.006 0.083001 1.884953
v -0.006 0.098238 1.89229
v 0.000928 0.095744 1.895418
v 0.000928 0.082111 1.888852
v 0.000928 0.082111 1.888852
v 0.000928 0.095744 1.895418
v 0.000928 0.090756 1.901672
v 0.000928 0.080331 1.896652
v 0.000928 0.080331 1.896652
v 0.000928 0.090756 1.901672
v -0.006 0.088262 1.9048
v -0.006 0.079441 1.900552
v -0.006 0.079441 1.900552
v -0.006 0.088262 1.9048
v -0.012928 0.090756 1.901672
v -0.012928 0.080331 1.896652
v -0.012928 0.080331 1.896652
v -0.012928 0.090756 1.901672
v -0.012928 0.095744 1.895418
v -0.012928 0.082111 1.888852
v -0.012928 0.082111 1.888852
v -0.012928 0.095744 1.895418
v -0.006 0.098238 1.89229
v -0.006 0.083001 1.884953
v -0.006 0.098238 1.89229
v -0.006 0.108782 1.905512
v 0.000928 0.105178 1.907248
v 0.000928 0.095744 1.895418
v 0.000928 0.095744 1.895418
v 0.000928 0.105178 1.907248
v 0.000928 0.097971 1.910719
v 0.000928 0.090756 1.901672
v 0.000928 0.090756 1.901672
v 0.000928 0.097971 1.910719
v -0.006 0.094367 1.912455
v -0.006 0.088262 1.9048
v -0.006 0.088262 1.9048
v -0.006 0.094367 1.912455
v -0.012928 0.097971 1.910719
v -0.012928 0.090756 1.901672
v -0.012928 0.090756 1.901672
v -0.012928 0.097971 1.910719
v -0.012928 0.105178 1.907248
v -0.012928 0.095744 1.895418
v -0.012928 0.095744 1.895418
v -0.012928 0.105178 1.907248
v -0.006 0.108782 1.905512
v -0.006 0.098238 1.89229
v -0.006 0.108782 1.905512
v -0.006 0.112545 1.922
v 0.000928 0.108545 1.922
v 0.000928 0.105178 1.907248
v 0.000928 0.105178 1.907248
v 0.000928 0.108545 1.922
v 0.000928 0.100545 1.922
v 0.000928 0.097971 1.910719
v 0.000928 0.097971 1.910719
v 0.000928 0.100545 1.922
v -0.006 0.096545 1.922
v -0.006 0.094367 1.912455
v -0.006 0.094367 1.912455
v -0.006 0.096545 1.922
v -0.012928 0.100545 1.922
v -0.012928 0.097971 1.910719
v -0.012928 0.097971 1.910719
v -0.012928 0.100545 1.922
v -0.012928 0.108545 1.922
v -0.012928 0.105178 1.907248
v -0.012928 0.105178 1.907248
v -0.012928 0.108545 1.922
v -0.006 0.112545 1.922
v -0.006 0.108782 1.905512
v -0.006 0.112545 1.922
v -0.006 0.108782 1.938488
v 0.000928 0.105178 1.936752
v 0.000928 0.108545 1.922
v 0.000928 0.108545 1.922
v 0.000928 0.105178 1.936752
v 0.000928 0.097971 1.933281
v 0.000928 0.100545 1.922
v 0.000928 0.100545 1.922
v 0.000928 0.097971 1.933281
v -0.006 0.094367 1.931545
v -0.006 0.096545 1.922
v -0.006 0.096545 1.922
v -0.006 0.094367 1.931545
v -0.012928 0.097971 1.933281
v -0.012928 0.100545 1.922
v -0.012928 0.100545 1.922
v -0.012928 0.097971 1.933281
v -0.012928 0.105178 1.936752
v -0.012928 0.108545 1.922
v -0.012928 0.108545 1.922
v -0.012928 0.105178 1.936752
v -0.006 0.108782 1.938488
v -0.006 0.112545 1.922
v -0.006 0.108782 1.938488
v -0.006 0.098238 1.95171
v 0.000928 0.095744 1.948582
v 0.000928 0.105178 1.936752
v 0.000928 0.105178 1.936752
v 0.000928 0.095744 1.948582
v 0.000928 0.090756 1.942328
v 0.000928 0.097971 1.933281
v 0.000928 0.097971 1.933281
v 0.000928 0.090756 1.942328
v -0.006 0.088262 1.9392
v -0.006 0.094367 1.931545
v -0.006 0.094367 1.931545
v -0.006 0.088262 1.9392
v -0.012928 0.090756 1.942328
v -0.012928 0.097971 1.933281
v -0.012928 0.097971 1.933281
v -0.012928 0.090756 1.942328
v -0.012928 0.095744 1.948582
v -0.012928 0.105178 1.936752
v -0.012928 0.105178 1.936752
v -0.012928 0.095744 1.948582
v -0.006 0.098238 1.95171
v -0.006 0.108782 1.938488
v -0.006 0.098238 1.95171
v -0.006 0.083001 1.959047
v 0.000928 0.082111 1.955148
v 0.000928 0.095744 1.948582
v 0.000928 0.095744 1.948582
v 0.000928 0.082111 1.955148
v 0.000928 0.080331 1.947348
v 0.000928 0.090756 1.942328
v 0.000928 0.090756 1.942328
v 0.000928 0.080331 1.947348
v -0.006 0.079441 1.943448
v -0.006 0.088262 1.9392
v -0.006 0.088262 1.9392
v -0.006 0.079441 1.943448
v -0.012928 0.080331 1.947348
v -0.012928 0.090756 1.942328
v -0.012928 0.090756 1.942328
v -0.012928 0.080331 1.947348
v -0.012928 0.082111 1.955148
v -0.012928 0.095744 1.948582
v -0.012928 0.095744 1.948582
v -0.012928 0.082111 1.955148
v -0.006 0.083001 1.959047
v -0.006 0.098238 1.95171
v -0.006 0.083001 1.959047
v -0.006 0.06609 1.959047
v 0.000928 0.06698 1.955148
v 0.000928 0.082111 1.955148
v 0.000928 0.082111 1.955148
v 0.000928 0.06698 1.955148
v 0.000928 0.06876 1.947348
v 0.000928 0.080331 1.947348
v 0.000928 0.080331 1.947348
v 0.000928 0.06876 1.947348
v -0.006 0.06965 1.943448
v -0.006 0.079441 1.943448
v -0.006 0.079441 1.943448
v -0.006 0.06965 1.943448
v -0.012928 0.06876 1.947348
v -0.012928 0.080331 1.947348
v -0.012928 0.080331 1.947348
v -0.012928 0.06876 1.947348
v -0.012928 0.06698 1.955148
v -0.012928 0.082111 1.955148
v -0.012928 0.082111 1.955148
v -0.012928 0.06698 1.955148
v -0.006 0.06609 1.959047
v -0.006 0.083001 1.959047
v -0.006 0.06609 1.959047
v -0.006 0.050853 1.95171
v 0.000928 0.053347 1.948582
v 0.000928 0.06698 1.955148
v 0.000928 0.06698 1.955148
v 0.000928 0.053347 1.948582
v 0.000928 0.058335 1.942328
v 0.000928 0.06876 1.947348
v 0.000928 0.06876 1.947348
v 0.000928 0.058335 1.942328
v -0.006 0.060829 1.9392
v -0.006 0.06965 1.943448
v -0.006 0.06965 1.943448
v -0.006 0.060829 1.9392
v -0.012928 0.058335 1.942328
v -0.012928 0.06876 1.947348
v -0.012928 0.06876 1.947348
v -0.012928 0.058335 1.942328
v -0.012928 0.053347 1.948582
v -0.012928 0.06698 1.955148
v -0.012928 0.06698 1.955148
v -0.012928 0.053347 1.948582
v -0.006 0.050853 1.95171
v -0.006 0.06609 1.959047
v -0.006 0.050853 1.95171
v -0.006 0.040309 1.938488
v 0.000928 0.043913 1.936752
v 0.000928 0.053347 1.948582
v 0.000928 0.053347 1.948582
v 0.000928 0.043913 1.936752
v 0.000928 0.05112 1.933281
v 0.000928 0.058335 1.942328
v 0.000928 0.058335 1.942328
v 0.000928 0.05112 1.933281
v -0.006 0.054724 1.931545
v -0.006 0.060829 1.9392
v -0.006 0.060829 1.9392
v -0.006 0.054724 1.931545
v -0.012928 0.05112 1.933281
v -0.012928 0.058335 1.942328
v -0.012928 0.058335 1.942328
v -0.012928 0.05112 1.933281
v -0.012928 0.043913 1.936752
v -0.012928 0.053347 1.948582
v -0.012928 0.053347 1.948582
v -0.012928 0.043913 1.936752
v -0.006 0.040309 1.938488
v -0.006 0.050853 1.95171
v -0.006 0.040309 1.938488
v -0.006 0.036545 1.922
v 0.000928 0.040545 1.922
v 0.000928 0.043913 1.936752
v 0.000928 0.043913 1.936752
v 0.000928 0.040545 1.922
v 0.000928 0.048545 1.922
v 0.000928 0.05112 1.933281
v 0.000928 0.05112 1.933281
v 0.000928 0.048545 1.922
v -0.006 0.052545 1.922
v -0.006 0.054724 1.931545
v -0.006 0.054724 1.931545
v -0.006 0.052545 1.922
v -0.012928 0.048545 1.922
v -0.012928 0.05112 1.933281
v -0.012928 0.05112 1.933281
v -0.012928 0.048545 1.922
v -0.012928 0.040545 1.922
v -0.012928 0.043913 1.936752
v -0.012928 0.043913 1.936752
v -0.012928 0.040545 1.922
v -0.006 0.036545 1.922
v -0.006 0.040309 1.938488
v 0.032 0.074545 1.874
v 0.028237 0.074545 1.857512
v 0.024633 0.081474 1.859248
v 0.028 0.081474 1.874
v 0.028 0.081474 1.874
v 0.024633 0.081474 1.859248
v 0.017425 0.081474 1.862719
v 0.02 0.081474 1.874
v 0.02 0.081474 1.874
v 0.017425 0.081474 1.862719
v 0.013821 0.074545 1.864455
v 0.016 0.074545 1.874
v 0.016 0.074545 1.874
v 0.013821 0.074545 1.864455
v 0.017425 0.067617 1.862719
v 0.02 0.067617 1.874
v 0.02 0.067617 1.874
v 0.017425 0.067617 1.862719
v 0.024633 0.067617 1.859248
v 0.028 0.067617 1.874
v 0.028 0.067617 1.874
v 0.024633 0.067617 1.859248
v 0.028237 0.074545 1.857512
v 0.032 0.074545 1.874
v 0.028237 0.074545 1.857512
v 0.017693 0.074545 1.84429
v 0.015199 0.081474 1.847418
v 0.024633 0.081474 1.859248
v 0.024633 0.081474 1.859248
v 0.015199 0.081474 1.847418
v 0.010211 0.081474 1.853672
v 0.017425 0.081474 1.862719
v 0.017425 0.081474 1.862719
v 0.010211 0.081474 1.853672
v 0.007717 0.074545 1.8568
v 0.013821 0.074545 1.864455
v 0.013821 0.074545 1.864455
v 0.007717 0.074545 1.8568
v 0.010211 0.067617 1.853672
v 0.017425 0.067617 1.862719
v 0.017425 0.067617 1.862719
v 0.010211 0.067617 1.853672
v 0.015199 0.067617 1.847418
v 0.024633 0.067617 1.859248
v 0.024633 0.067617 1.859248
v 0.015199 0.067617 1.847418
v 0.017693 0.074545 1.84429
v 0.028237 0.074545 1.857512
v 0.017693 0.074545 1.84429
v 0.002456 0.074545 1.836953
v 0.001566 0.081474 1.840852
v 0.015199 0.081474 1.847418
v 0.015199 0.081474 1.847418
v 0.001566 0.081474 1.840852
v -0.000214 0.081474 1.848652
v 0.010211 0.081474 1.853672
v 0.010211 0.081474 1.853672
v -0.000214 0.081474 1.848652
v -0.001105 0.074545 1.852552
v 0.007717 0.074545 1.8568
v 0.007717 0.074545 1.8568
v -0.001105 0.074545 1.852552
v -0.000214 0.067617 1.848652
v 0.010211 0.067617 1.853672
v 0.010211 0.067617 1.853672
v -0.000214 0.067617 1.848652
v 0.001566 0.067617 1.840852
v 0.015199 0.067617 1.847418
v 0.015199 0.067617 1.847418
v 0.001566 0.067617 1.840852
v 0.002456 0.074545 1.836953
v 0.017693 0.074545 1.84429
v 0.002456 0.074545 1.836953
v -0.014456 0.074545 1.836953
v -0.013566 0.081474 1.840852
v 0.001566 0.081474 1.840852
v 0.001566 0.081474 1.840852
v -0.013566 0.081474 1.840852
v -0.011786 0.081474 1.848652
v -0.000214 0.081474 1.848652
v -0.000214 0.081474 1.848652
v -0.011786 0.081474 1.848652
v -0.010895 0.074545 1.852552
v -0.001105 0.074545 1.852552
v -0.001105 0.074545 1.852552
v -0.010895 0.074545 1.852552
v -0.011786 0.067617 1.848652
v -0.000214 0.067617 1.848652
v -0.000214 0.067617 1.848652
v -0.011786 0.067617 1.848652
v -0.013566 0.067617 1.840852
v 0.001566 0.067617 1.840852
v 0.001566 0.067617 1.840852
v -0.013566 0.067617 1.840852
v -0.014456 0.074545 1.836953
v 0.002456 0.074545 1.836953
v -0.014456 0.074545 1.836953
v -0.029693 0.074545 1.84429
v -0.027199 0.081474 1.847418
v -0.013566 0.081474 1.840852
v -0.013566 0.081474 1.840852
v -0.027199 0.081474 1.847418
v -0.022211 0.081474 1.853672
v -0.011786 0.081474 1.848652
v -0.011786 0.081474 1.848652
v -0.022211 0.081474 1.853672
v -0.019717 0.074545 1.8568
v -0.010895 0.074545 1.852552
v -0.010895 0.074545 1.852552
v -0.019717 0.074545 1.8568
v -0.022211 0.067617 1.853672
v -0.011786 0.067617 1.848652
v -0.011786 0.067617 1.848652
v -0.022211 0.067617 1.853672
v -0.027199 0.067617 1.847418
v -0.013566 0.067617 1.840852
v -0.013566 0.067617 1.840852
v -0.027199 0.067617 1.847418
v -0.029693 0.074545 1.84429
v -0.014456 0.074545 1.836953
v -0.029693 0.074545 1.84429
v -0.040237 0.074545 1.857512
v -0.036633 0.081474 1.859248
v -0.027199 0.081474 1.847418
v -0.027199 0.081474 1.847418
v -0.036633 0.081474 1.859248
v -0.029425 0.081474 1.862719
v -0.022211 0.081474 1.853672
v -0.022211 0.081474 1.853672
v -0.029425 0.081474 1.862719
v -0.025821 0.074545 1.864455
v -0.019717 0.074545 1.8568
v -0.019717 0.074545 1.8568
v -0.025821 0.074545 1.864455
v -0.029425 0.067617 1.862719
v -0.022211 0.067617 1.853672
v -0.022211 0.067617 1.853672
v -0.029425 0.067617 1.862719
v -0.036633 0.067617 1.859248
v -0.027199 0.067617 1.847418
v -0.027199 0.067617 1.847418
v -0.036633 0.067617 1.859248
v -0.040237 0.074545 1.857512
v -0.029693 0.074545 1.84429
v -0.040237 0.074545 1.857512
v -0.044 0.074545 1.874
v -0.04 0.081474 1.874
v -0.036633 0.081474 1.859248
v -0.036633 0.081474 1.859248
v -0.04 0.081474 1.874
v -0.032 0.081474 1.874
v -0.029425 0.081474 1.862719
v -0.029425 0.081474 1.862719
v -0.032 0.081474 1.874
v -0.028 0.074545 1.874
v -0.025821 0.074545 1.864455
v -0.025821 0.074545 1.864455
v -0.028 0.074545 1.874
v -0.032 0.067617 1.874
v -0.029425 0.067617 1.862719
v -0.029425 0.067617 1.862719
v -0.032 0.067617 1.874
v -0.04 0.067617 1.874
v -0.036633 0.067617 1.859248
v -0.036633 0.067617 1.859248
v -0.04 0.067617 1.874
v -0.044 0.074545 1.874
v -0.040237 0.074545 1.857512
v -0.044 0.074545 1.874
v -0.040237 0.074545 1.890488
v -0.036633 0.081474 1.888752
v -0.04 0.081474 1.874
v -0.04 0.081474 1.874
v -0.036633 0.081474 1.888752
v -0.029425 0.081474 1.885281
v -0.032 0.081474 1.874
v -0.032 0.081474 1.874
v -0.029425 0.081474 1.885281
v -0.025821 0.074545 1.883545
v -0.028 0.074545 1.874
v -0.028 0.074545 1.874
v -0.025821 0.074545 1.883545
v -0.029425 0.067617 1.885281
v -0.032 0.067617 1.874
v -0.032 0.067617 1.874
v -0.029425 0.067617 1.885281
v -0.036633 0.067617 1.888752
v -0.04 0.067617 1.874
v -0.04 0.067617 1.874
v -0.036633 0.067617 1.888752
v -0.040237 0.074545 1.890488
v -0.044 0.074545 1.874
v -0.040237 0.074545 1.890488
v -0.029693 0.074545 1.90371
v -0.027199 0.081474 1.900582
v -0.036633 0.081474 1.888752
v -0.036633 0.081474 1.888752
v -0.027199 0.081474 1.900582
v -0.022211 0.081474 1.894328
v -0.029425 0.081474 1.885281
v -0.029425 0.081474 1.885281
v -0.022211 0.081474 1.894328
v -0.019717 0.074545 1.8912
v -0.025821 0.074545 1.883545
v -0.025821 0.074545 1.883545
v -0.019717 0.074545 1.8912
v -0.022211 0.067617 1.894328
v -0.029425 0.067617 1.885281
v -0.029425 0.067617 1.885281
v -0.022211 0.067617 1.894328
v -0.027199 0.067617 1.900582
v -0.036633 0.067617 1.888752
v -0.036633 0.067617 1.888752
v -0.027199 0.067617 1.900582
v -0.029693 0.074545 1.90371
v -0.040237 0.074545 1.890488
v -0.029693 0.074545 1.90371
v -0.014456 0.074545 1.911047
v -0.013566 0.081474 1.907148
v -0.027199 0.081474 1.900582
v -0.027199 0.081474 1.900582
v -0.013566 0.081474 1.907148
v -0.011786 0.081474 1.899348
v -0.022211 0.081474 1.894328
v -0.022211 0.081474 1.894328
v -0.011786 0.081474 1.899348
v -0.010895 0.074545 1.895448
v -0.019717 0.074545 1.8912
v -0.019717 0.074545 1.8912
v -0.010895 0.074545 1.895448
v -0.011786 0.067617 1.899348
v -0.022211 0.067617 1.894328
v -0.022211 0.067617 1.894328
v -0.011786 0.067617 1.899348
v -0.013566 0.067617 1.907148
v -0.027199 0.067617 1.900582
v -0.027199 0.067617 1.900582
v -0.013566 0.067617 1.907148
v -0.014456 0.074545 1.911047
v -0.029693 0.074545 1.90371
v -0.014456 0.074545 1.911047
v 0.002456 0.074545 1.911047
v 0.001566 0.081474 1.907148
v -0.013566 0.081474 1.907148
v -0.013566 0.081474 1.907148
v 0.001566 0.081474 1.907148
v -0.000214 0.081474 1.899348
v -0.011786 0.081474 1.899348
v -0.011786 0.081474 1.899348
v -0.000214 0.081474 1.899348
v -0.001105 0.074545 1.895448
v -0.010895 0.074545 1.895448
v -0.010895 0.074545 1.895448
v -0.001105 0.074545 1.895448
v -0.000214 0.067617 1.899348
v -0.011786 0.067617 1.899348
v -0.011786 0.067617 1.899348
v -0.000214 0.067617 1.899348
v 0.001566 0.067617 1.907148
v -0.013566 0.067617 1.907148
v -0.013566 0.067617 1.907148
v 0.001566 0.067617 1.907148
v 0.002456 0.074545 1.911047
v -0.014456 0.074545 1.911047
v 0.002456 0.074545 1.911047
v 0.017693 0.074545 1.90371
v 0.015199 0.081474 1.900582
v 0.001566 0.081474 1.907148
v 0.001566 0.081474 1.907148
v 0.015199 0.081474 1.900582
v 0.010211 0.081474 1.894328
v -0.000214 0.081474 1.899348
v -0.000214 0.081474 1.899348
v 0.010211 0.081474 1.894328
v 0.007717 0.074545 1.8912
v -0.001105 0.074545 1.895448
v -0.001105 0.074545 1.895448
v 0.007717 0.074545 1.8912
v 0.010211 0.067617 1.894328
v -0.000214 0.067617 1.899348
v -0.000214 0.067617 1.899348
v 0.010211 0.067617 1.894328
v 0.015199 0.067617 1.900582
v 0.001566 0.067617 1.907148
v 0.001566 0.067617 1.907148
v 0.015199 0.067617 1.900582
v 0.017693 0.074545 1.90371
v 0.002456 0.074545 1.911047
v 0.017693 0.074545 1.90371
v 0.028237 0.074545 1.890488
v 0.024633 0.081474 1.888752
v 0.015199 0.081474 1.900582
v 0.015199 0.081474 1.900582
v 0.024633 0.081474 1.888752
v 0.017425 0.081474 1.885281
v 0.010211 0.081474 1.894328
v 0.010211 0.081474 1.894328
v 0.017425 0.081474 1.885281
v 0.013821 0.074545 1.883545
v 0.007717 0.074545 1.8912
v 0.007717 0.074545 1.8912
v 0.013821 0.074545 1.883545
v 0.017425 0.067617 1.885281
v 0.010211 0.067617 1.894328
v 0.010211 0.067617 1.894328
v 0.017425 0.067617 1.885281
v 0.024633 0.067617 1.888752
v 0.015199 0.067617 1.900582
v 0.015199 0.067617 1.900582
v 0.024633 0.067617 1.888752
v 0.028237 0.074545 1.890488
v 0.017693 0.074545 1.90371
v 0.028237 0.074545 1.890488
v 0.032 0.074545 1.874
v 0.028 0.081474 1.874
v 0.024633 0.081474 1.888752
v 0.024633 0.081474 1.888752
v 0.028 0.081474 1.874
v 0.02 0.081474 1.874
v 0.017425 0.081474 1.885281
v 0.017425 0.081474 1.885281
v 0.02 0.081474 1.874
v 0.016 0.074545 1.874
v 0.013821 0.074545 1.883545
v 0.013821 0.074545 1.883545
v 0.016 0.074545 1.874
v 0.02 0.067617 1.874
v 0.017425 0.067617 1.885281
v 0.017425 0.067617 1.885281
v 0.02 0.067617 1.874
v 0.028 0.067617 1.874
v 0.024633 0.067617 1.888752
v 0.024633 0.067617 1.888752
v 0.028 0.067617 1.874
v 0.032 0.074545 1.874
v 0.028237 0.074545 1.890488
v 0.041 0.074545 1.82
v 0.037422 0.074545 1.802014
v 0.033265 0.08234 1.803736
v 0.0365 0.08234 1.82
v 0.0365 0.08234 1.82
v 0.033265 0.08234 1.803736
v 0.02495 0.08234 1.80718
v 0.0275 0.08234 1.82
v 0.0275 0.08234 1.82
v 0.02495 0.08234 1.80718
v 0.020793 0.074545 1.808902
v 0.023 0.074545 1.82
v 0.023 0.074545 1.82
v 0.020793 0.074545 1.808902
v 0.02495 0.066751 1.80718
v 0.0275 0.066751 1.82
v 0.0275 0.066751 1.82
v 0.02495 0.066751 1.80718
v 0.033265 0.066751 1.803736
v 0.0365 0.066751 1.82
v 0.0365 0.066751 1.82
v 0.033265 0.066751 1.803736
v 0.037422 0.074545 1.802014
v 0.041 0.074545 1.82
v 0.037422 0.074545 1.802014
v 0.027234 0.074545 1.786766
v 0.024052 0.08234 1.789948
v 0.033265 0.08234 1.803736
v 0.033265 0.08234 1.803736
v 0.024052 0.08234 1.789948
v 0.017688 0.08234 1.796312
v 0.02495 0.08234 1.80718
v 0.02495 0.08234 1.80718
v 0.017688 0.08234 1.796312
v 0.014506 0.074545 1.799494
v 0.020793 0.074545 1.808902
v 0.020793 0.074545 1.808902
v 0.014506 0.074545 1.799494
v 0.017688 0.066751 1.796312
v 0.02495 0.066751 1.80718
v 0.02495 0.066751 1.80718
v 0.017688 0.066751 1.796312
v 0.024052 0.066751 1.789948
v 0.033265 0.066751 1.803736
v 0.033265 0.066751 1.803736
v 0.024052 0.066751 1.789948
v 0.027234 0.074545 1.786766
v 0.037422 0.074545 1.802014
v 0.027234 0.074545 1.786766
v 0.011986 0.074545 1.776578
v 0.010264 0.08234 1.780735
v 0.024052 0.08234 1.789948
v 0.024052 0.08234 1.789948
v 0.010264 0.08234 1.780735
v 0.00682 0.08234 1.78905
v 0.017688 0.08234 1.796312
v 0.017688 0.08234 1.796312
v 0.00682 0.08234 1.78905
v 0.005098 0.074545 1.793207
v 0.014506 0.074545 1.799494
v 0.014506 0.074545 1.799494
v 0.005098 0.074545 1.793207
v 0.00682 0.066751 1.78905
v 0.017688 0.066751 1.796312
v 0.017688 0.066751 1.796312
v 0.00682 0.066751 1.78905
v 0.010264 0.066751 1.780735
v 0.024052 0.066751 1.789948
v 0.024052 0.066751 1.789948
v 0.010264 0.066751 1.780735
v 0.011986 0.074545 1.776578
v 0.027234 0.074545 1.786766
v 0.011986 0.074545 1.776578
v -0.006 0.074545 1.773
v -0.006 0.08234 1.7775
v 0.010264 0.08234 1.780735
v 0.010264 0.08234 1.780735
v -0.006 0.08234 1.7775
v -0.006 0.08234 1.7865
v 0.00682 0.08234 1.78905
v 0.00682 0.08234 1.78905
v -0.006 0.08234 1.7865
v -0.006 0.074545 1.791
v 0.005098 0.074545 1.793207
v 0.005098 0.074545 1.793207
v -0.006 0.074545 1.791
v -0.006 0.066751 1.7865
v 0.00682 0.066751 1.78905
v 0.00682 0.066751 1.78905
v -0.006 0.066751 1.7865
v -0.006 0.066751 1.7775
v 0.010264 0.066751 1.780735
v 0.010264 0.066751 1.780735
v -0.006 0.066751 1.7775
v -0.006 0.074545 1.773
v 0.011986 0.074545 1.776578
v -0.006 0.074545 1.773
v -0.023986 0.074545 1.776578
v -0.022264 0.08234 1.780735
v -0.006 0.08234 1.7775
v -0.006 0.08234 1.7775
v -0.022264 0.08234 1.780735
v -0.01882 0.08234 1.78905
v -0.006 0.08234 1.7865
v -0.006 0.08234 1.7865
v -0.01882 0.08234 1.78905
v -0.017098 0.074545 1.793207
v -0.006 0.074545 1.791
v -0.006 0.074545 1.791
v -0.017098 0.074545 1.793207
v -0.01882 0.066751 1.78905
v -0.006 0.066751 1.7865
v -0.006 0.066751 1.7865
v -0.01882 0.066751 1.78905
v -0.022264 0.066751 1.780735
v -0.006 0.066751 1.7775
v -0.006 0.066751 1.7775
v -0.022264 0.066751 1.780735
v -0.023986 0.074545 1.776578
v -0.006 0.074545 1.773
v -0.023986 0.074545 1.776578
v -0.039234 0.074545 1.786766
v -0.036052 0.08234 1.789948
v -0.022264 0.08234 1.780735
v -0.022264 0.08234 1.780735
v -0.036052 0.08234 1.789948
v -0.029688 0.08234 1.796312
v -0.01882 0.08234 1.78905
v -0.01882 0.08234 1.78905
v -0.029688 0.08234 1.796312
v -0.026506 0.074545 1.799494
v -0.017098 0.074545 1.793207
v -0.017098 0.074545 1.793207
v -0.026506 0.074545 1.799494
v -0.029688 0.066751 1.796312
v -0.01882 0.066751 1.78905
v -0.01882 0.066751 1.78905
v -0.029688 0.066751 1.796312
v -0.036052 0.066751 1.789948
v -0.022264 0.066751 1.780735
v -0.022264 0.066751 1.780735
v -0.036052 0.066751 1.789948
v -0.039234 0.074545 1.786766
v -0.023986 0.074545 1.776578
v -0.039234 0.074545 1.786766
v -0.049422 0.074545 1.802014
v -0.045265 0.08234 1.803736
v -0.036052 0.08234 1.789948
v -0.036052 0.08234 1.789948
v -0.045265 0.08234 1.803736
v -0.03695 0.08234 1.80718
v -0.029688 0.08234 1.796312
v -0.029688 0.08234 1.796312
v -0.03695 0.08234 1.80718
v -0.032793 0.074545 1.808902
v -0.026506 0.074545 1.799494
v -0.026506 0.074545 1.799494
v -0.032793 0.074545 1.808902
v -0.03695 0.066751 1.80718
v -0.029688 0.066751 1.796312
v -0.029688 0.066751 1.796312
v -0.03695 0.066751 1.80718
v -0.045265 0.066751 1.803736
v -0.036052 0.066751 1.789948
v -0.036052 0.066751 1.789948
v -0.045265 0.066751 1.803736
v -0.049422 0.074545 1.802014
v -0.039234 0.074545 1.786766
v -0.049422 0.074545 1.802014
v -0.053 0.074545 1.82
v -0.0485 0.08234 1.82
v -0.045265 0.08234 1.803736
v -0.045265 0.08234 1.803736
v -0.0485 0.08234 1.82
v -0.0395 0.08234 1.82
v -0.03695 0.08234 1.80718
v -0.03695 0.08234 1.80718
v -0.0395 0.08234 1.82
v -0.035 0.074545 1.82
v -0.032793 0.074545 1.808902
v -0.032793 0.074545 1.808902
v -0.035 0.074545 1.82
v -0.0395 0.066751 1.82
v -0.03695 0.066751 1.80718
v -0.03695 0.066751 1.80718
v -0.0395 0.066751 1.82
v -0.0485 0.066751 1.82
v -0.045265 0.066751 1.803736
v -0.045265 0.066751 1.803736
v -0.0485 0.066751 1.82
v -0.053 0.074545 1.82
v -0.049422 0.074545 1.802014
v -0.053 0.074545 1.82
v -0.049422 0.074545 1.837986
v -0.045265 0.08234 1.836264
v -0.0485 0.08234 1.82
v -0.0485 0.08234 1.82
v -0.045265 0.08234 1.836264
v -0.03695 0.08234 1.83282
v -0.0395 0.08234 1.82
v -0.0395 0.08234 1.82
v -0.03695 0.08234 1.83282
v -0.032793 0.074545 1.831098
v -0.035 0.074545 1.82
v -0.035 0.074545 1.82
v -0.032793 0.074545 1.831098
v -0.03695 0.066751 1.83282
v -0.0395 0.066751 1.82
v -0.0395 0.066751 1.82
v -0.03695 0.066751 1.83282
v -0.045265 0.066751 1.836264
v -0.0485 0.066751 1.82
v -0.0485 0.066751 1.82
v -0.045265 0.066751 1.836264
v -0.049422 0.074545 1.837986
v -0.053 0.074545 1.82
v -0.049422 0.074545 1.837986
v -0.039234 0.074545 1.853234
v -0.036052 0.08234 1.850052
v -0.045265 0.08234 1.836264
v -0.045265 0.08234 1.836264
v -0.036052 0.08234 1.850052
v -0.029688 0.08234 1.843688
v -0.03695 0.08234 1.83282
v -0.03695 0.08234 1.83282
v -0.029688 0.08234 1.843688
v -0.026506 0.074545 1.840506
v -0.032793 0.074545 1.831098
v -0.032793 0.074545 1.831098
v -0.026506 0.074545 1.840506
v -0.029688 0.066751 1.843688
v -0.03695 0.066751 1.83282
v -0.03695 0.066751 1.83282
v -0.029688 0.066751 1.843688
v -0.036052 0.066751 1.850052
v -0.045265 0.066751 1.836264
v -0.045265 0.066751 1.836264
v -0.036052 0.066751 1.850052
v -0.039234 0.074545 1.853234
v -0.049422 0.074545 1.837986
v -0.039234 0.074545 1.853234
v -0.023986 0.074545 1.863422
v -0.022264 0.08234 1.859265
v -0.036052 0.08234 1.850052
v -0.036052 0.08234 1.850052
v -0.022264 0.08234 1.859265
v -0.01882 0.08234 1.85095
v -0.029688 0.08234 1.843688
v -0.029688 0.08234 1.843688
v -0.01882 0.08234 1.85095
v -0.017098 0.074545 1.846793
v -0.026506 0.074545 1.840506
v -0.026506 0.074545 1.840506
v -0.017098 0.074545 1.846793
v -0.01882 0.066751 1.85095
v -0.029688 0.066751 1.843688
v -0.029688 0.066751 1.843688
v -0.01882 0.066751 1.85095
v -0.022264 0.066751 1.859265
v -0.036052 0.066751 1.850052
v -0.036052 0.066751 1.850052
v -0.022264 0.066751 1.859265
v -0.023986 0.074545 1.863422
v -0.039234 0.074545 1.853234
v -0.023986 0.074545 1.863422
v -0.006 0.074545 1.867
v -0.006 0.08234 1.8625
v -0.022264 0.08234 1.859265
v -0.022264 0.08234 1.859265
v -0.006 0.08234 1.8625
v -0.006 0.08234 1.8535
v -0.01882 0.08234 1.85095
v -0.01882 0.08234 1.85095
v -0.006 0.08234 1.8535
v -0.006 0.074545 1.849
v -0.017098 0.074545 1.846793
v -0.017098 0.074545 1.846793
v -0.006 0.074545 1.849
v -0.006 0.066751 1.8535
v -0.01882 0.066751 1.85095
v -0.01882 0.066751 1.85095
v -0.006 0.066751 1.8535
v -0.006 0.066751 1.8625
v -0.022264 0.066751 1.859265
v -0.022264 0.066751 1.859265
v -0.006 0.066751 1.8625
v -0.006 0.074545 1.867
v -0.023986 0.074545 1.863422
v -0.006 0.074545 1.867
v 0.011986 0.074545 1.863422
v 0.010264 0.08234 1.859265
v -0.006 0.08234 1.8625
v -0.006 0.08234 1.8625
v 0.010264 0.08234 1.859265
v 0.00682 0.08234 1.85095
v -0.006 0.08234 1.8535
v -0.006 0.08234 1.8535
v 0.00682 0.08234 1.85095
v 0.005098 0.074545 1.846793
v -0.006 0.074545 1.849
v -0.006 0.074545 1.849
v 0.005098 0.074545 1.846793
v 0.00682 0.066751 1.85095
v -0.006 0.066751 1.8535
v -0.006 0.066751 1.8535
v 0.00682 0.066751 1.85095
v 0.010264 0.066751 1.859265
v -0.006 0.066751 1.8625
v -0.006 0.066751 1.8625
v 0.010264 0.066751 1.859265
v 0.011986 0.074545 1.863422
v -0.006 0.074545 1.867
v 0.011986 0.074545 1.863422
v 0.027234 0.074545 1.853234
v 0.024052 0.08234 1.850052
v 0.010264 0.08234 1.859265
v 0.010264 0.08234 1.859265
v 0.024052 0.08234 1.850052
v 0.017688 0.08234 1.843688
v 0.00682 0.08234 1.85095
v 0.00682 0.08234 1.85095
v 0.017688 0.08234 1.843688
v 0.014506 0.074545 1.840506
v 0.005098 0.074545 1.846793
v 0.005098 0.074545 1.846793
v 0.014506 0.074545 1.840506
v 0.017688 0.066751 1.843688
v 0.00682 0.066751 1.85095
v 0.00682 0.066751 1.85095
v 0.017688 0.066751 1.843688
v 0.024052 0.066751 1.850052
v 0.010264 0.066751 1.859265
v 0.010264 0.066751 1.859265
v 0.024052 0.066751 1.850052
v 0.027234 0.074545 1.853234
v 0.011986 0.074545 1.863422
v 0.027234 0.074545 1.853234
v 0.037422 0.074545 1.837986
v 0.033265 0.08234 1.836264
v 0.024052 0.08234 1.850052
v 0.024052 0.08234 1.850052
v 0.033265 0.08234 1.836264
v 0.02495 0.08234 1.83282
v 0.017688 0.08234 1.843688
v 0.017688 0.08234 1.843688
v 0.02495 0.08234 1.83282
v 0.020793 0.074545 1.831098
v 0.014506 0.074545 1.840506
v 0.014506 0.074545 1.840506
v 0.020793 0.074545 1.831098
v 0.02495 0.066751 1.83282
v 0.017688 0.066751 1.843688
v 0.017688 0.066751 1.843688
v 0.02495 0.066751 1.83282
v 0.033265 0.066751 1.836264
v 0.024052 0.066751 1.850052
v 0.024052 0.066751 1.850052
v 0.033265 0.066751 1.836264
v 0.037422 0.074545 1.837986
v 0.027234 0.074545 1.853234
v 0.037422 0.074545 1.837986
v 0.041 0.074545 1.82
v 0.0365 0.08234 1.82
v 0.033265 0.08234 1.836264
v 0.033265 0.08234 1.836264
v 0.0365 0.08234 1.82
v 0.0275 0.08234 1.82
v 0.02495 0.08234 1.83282
v 0.02495 0.08234 1.83282
v 0.0275 0.08234 1.82
v 0.023 0.074545 1.82
v 0.020793 0.074545 1.831098
v 0.020793 0.074545 1.831098
v 0.023 0.074545 1.82
v 0.0275 0.066751 1.82
v 0.02495 0.066751 1.83282
v 0.02495 0.066751 1.83282
v 0.0275 0.066751 1.82
v 0.0365 0.066751 1.82
v 0.033265 0.066751 1.836264
v 0.033265 0.066751 1.836264
v 0.0365 0.066751 1.82
v 0.041 0.074545 1.82
v 0.037422 0.074545 1.837986
v -0.066 0.057045 1.7875
v -0.066 0.092045 1.7875
v -0.066 0.092045 1.7425
v -0.066 0.057045 1.7425
v 0.054 0.057045 1.7425
v 0.054 0.092045 1.7425
v 0.054 0.092045 1.7875
v 0.054 0.057045 1.7875
v -0.056 0.047045 1.7425
v 0.044 0.047045 1.7425
v 0.044 0.047045 1.7875
v -0.056 0.047045 1.7875
v -0.056 0.102045 1.7875
v 0.044 0.102045 1.7875
v 0.044 0.102045 1.7425
v -0.056 0.102045 1.7425
v -0.056 0.092045 1.7325
v 0.044 0.092045 1.7325
v 0.044 0.057045 1.7325
v -0.056 0.057045 1.7325
v -0.056 0.057045 1.7975
v 0.044 0.057045 1.7975
v 0.044 0.092045 1.7975
v -0.056 0.092045 1.7975
v -0.066 0.057045 1.7425
v -0.056 0.047045 1.7425
v -0.056 0.047045 1.7875
v -0.066 0.057045 1.7875
v -0.066 0.092045 1.7875
v -0.056 0.102045 1.7875
v -0.056 0.102045 1.7425
v -0.066 0.092045 1.7425
v 0.054 0.057045 1.7875
v 0.044 0.047045 1.7875
v 0.044 0.047045 1.7425
v 0.054 0.057045 1.7425
v 0.054 0.092045 1.7425
v 0.044 0.102045 1.7425
v 0.044 0.102045 1.7875
v 0.054 0.092045 1.7875
v -0.066 0.092045 1.7425
v -0.056 0.092045 1.7325
v -0.056 0.057045 1.7325
v -0.066 0.057045 1.7425
v -0.066 0.057045 1.7875
v -0.056 0.057045 1.7975
v -0.056 0.092045 1.7975
v -0.066 0.092045 1.7875
v 0.054 0.057045 1.7425
v 0.044 0.057045 1.7325
v 0.044 0.092045 1.7325
v 0.054 0.092045 1.7425
v 0.054 0.092045 1.7875
v 0.044 0.092045 1.7975
v 0.044 0.057045 1.7975
v 0.054 0.057045 1.7875
v -0.056 0.047045 1.7425
v -0.056 0.057045 1.7325
v 0.044 0.057045 1.7325
v 0.044 0.047045 1.7425
v 0.044 0.047045 1.7875
v 0.044 0.057045 1.7975
v -0.056 0.057045 1.7975
v -0.056 0.047045 1.7875
v 0.044 0.102045 1.7425
v 0.044 0.092045 1.7325
v -0.056 0.092045 1.7325
v -0.056 0.102045 1.7425
v -0.056 0.102045 1.7875
v -0.056 0.092045 1.7975
v 0.044 0.092045 1.7975
v 0.044 0.102045 1.7875
v -0.056 0.057045 1.7325
v -0.056 0.047045 1.7425
v -0.066 0.057045 1.7425
v -0.066 0.057045 1.7875
v -0.056 0.047045 1.7875
v -0.056 0.057045 1.7975
v -0.066 0.092045 1.7425
v -0.056 0.102045 1.7425
v -0.056 0.092045 1.7325
v -0.056 0.092045 1.7975
v -0.056 0.102045 1.7875
v -0.066 0.092045 1.7875
v 0.054 0.057045 1.7425
v 0.044 0.047045 1.7425
v 0.044 0.057045 1.7325
v 0.044 0.057045 1.7975
v 0.044 0.047045 1.7875
v 0.054 0.057045 1.7875
v 0.044 0.092045 1.7325
v 0.044 0.102045 1.7425
v 0.054 0.092045 1.7425
v 0.054 0.092045 1.7875
v 0.044 0.102045 1.7875
v 0.044 0.092045 1.7975
v -0.236 0.068495 1.89505
v -0.236 0.080595 1.89505
v -0.236 0.080595 1.28495
v -0.236 0.068495 1.28495
v 0.224 0.068495 1.28495
v 0.224 0.080595 1.28495
v 0.224 0.080595 1.89505
v 0.224 0.068495 1.89505
v -0.23105 0.063545 1.28495
v 0.21905 0.063545 1.28495
v 0.21905 0.063545 1.89505
v -0.23105 0.063545 1.89505
v -0.23105 0.085545 1.89505
v 0.21905 0.085545 1.89505
v 0.21905 0.085545 1.28495
v -0.23105 0.085545 1.28495
v -0.23105 0.080595 1.28
v 0.21905 0.080595 1.28
v 0.21905 0.068495 1.28
v -0.23105 0.068495 1.28
v -0.23105 0.068495 1.9
v 0.21905 0.068495 1.9
v 0.21905 0.080595 1.9
v -0.23105 0.080595 1.9
v -0.236 0.068495 1.28495
v -0.23105 0.063545 1.28495
v -0.23105 0.063545 1.89505
v -0.236 0.068495 1.89505
v -0.236 0.080595 1.89505
v -0.23105 0.085545 1.89505
v -0.23105 0.085545 1.28495
v -0.236 0.080595 1.28495
v 0.224 0.068495 1.89505
v 0.21905 0.063545 1.89505
v 0.21905 0.063545 1.28495
v 0.224 0.068495 1.28495
v 0.224 0.080595 1.28495
v 0.21905 0.085545 1.28495
v 0.21905 0.085545 1.89505
v 0.224 0.080595 1.89505
v -0.236 0.080595 1.28495
v -0.23105 0.080595 1.28
v -0.23105 0.068495 1.28
v -0.236 0.068495 1.28495
v -0.236 0.068495 1.89505
v -0.23105 0.068495 1.9
v -0.23105 0.080595 1.9
v -0.236 0.080595 1.89505
v 0.224 0.068495 1.28495
v 0.21905 0.068495 1.28
v 0.21905 0.080595 1.28
v 0.224 0.080595 1.28495
v 0.224 0.080595 1.89505
v 0.21905 0.080595 1.9
v 0.21905 0.068495 1.9
v 0.224 0.068495 1.89505
v -0.23105 0.063545 1.28495
v -0.23105 0.068495 1.28
v 0.21905 0.068495 1.28
v 0.21905 0.063545 1.28495
v 0.21905 0.063545 1.89505
v 0.21905 0.068495 1.9
v -0.23105 0.068495 1.9
v -0.23105 0.063545 1.89505
v 0.21905 0.085545 1.28495
v 0.21905 0.080595 1.28
v -0.23105 0.080595 1.28
v -0.23105 0.085545 1.28495
v -0.23105 0.085545 1.89505
v -0.23105 0.080595 1.9
v 0.21905 0.080595 1.9
v 0.21905 0.085545 1.89505
v -0.23105 0.068495 1.28
v -0.23105 0.063545 1.28495
v -0.236 0.068495 1.28495
v -0.236 0.068495 1.89505
v -0.23105 0.063545 1.89505
v -0.23105 0.068495 1.9
v -0.236 0.080595 1.28495
v -0.23105 0.085545 1.28495
v -0.23105 0.080595 1.28
v -0.23105 0.080595 1.9
v -0.23105 0.085545 1.89505
v -0.236 0.080595 1.89505
v 0.224 0.068495 1.28495
v 0.21905 0.063545 1.28495
v 0.21905 0.068495 1.28
v 0.21905 0.068495 1.9
v 0.21905 0.063545 1.89505
v 0.224 0.068495 1.89505
v 0.21905 0.080595 1.28
v 0.21905 0.085545 1.28495
v 0.224 0.080595 1.28495
v 0.224 0.080595 1.89505
v 0.21905 0.085545 1.89505
v 0.21905 0.080595 1.9
v -0.176 0.05907 1.865475
v -0.176 0.06402 1.865475
v -0.176 0.06402 1.824525
v -0.176 0.05907 1.824525
v 0.164 0.05907 1.824525
v 0.164 0.06402 1.824525
v 0.164 0.06402 1.865475
v 0.164 0.05907 1.865475
v -0.173975 0.057045 1.824525
v 0.161975 0.057045 1.824525
v 0.161975 0.057045 1.865475
v -0.173975 0.057045 1.865475
v -0.173975 0.066045 1.865475
v 0.161975 0.066045 1.865475
v 0.161975 0.066045 1.824525
v -0.173975 0.066045 1.824525
v -0.173975 0.06402 1.8225
v 0.161975 0.06402 1.8225
v 0.161975 0.05907 1.8225
v -0.173975 0.05907 1.8225
v -0.173975 0.05907 1.8675
v 0.161975 0.05907 1.8675
v 0.161975 0.06402 1.8675
v -0.173975 0.06402 1.8675
v -0.176 0.05907 1.824525
v -0.173975 0.057045 1.824525
v -0.173975 0.057045 1.865475
v -0.176 0.05907 1.865475
v -0.176 0.06402 1.865475
v -0.173975 0.066045 1.865475
v -0.173975 0.066045 1.824525
v -0.176 0.06402 1.824525
v 0.164 0.05907 1.865475
v 0.161975 0.057045 1.865475
v 0.161975 0.057045 1.824525
v 0.164 0.05907 1.824525
v 0.164 0.06402 1.824525
v 0.161975 0.066045 1.824525
v 0.161975 0.066045 1.865475
v 0.164 0.06402 1.865475
v -0.176 0.06402 1.824525
v -0.173975 0.06402 1.8225
v -0.173975 0.05907 1.8225
v -0.176 0.05907 1.824525
v -0.176 0.05907 1.865475
v -0.173975 0.05907 1.8675
v -0.173975 0.06402 1.8675
v -0.176 0.06402 1.865475
v 0.164 0.05907 1.824525
v 0.161975 0.05907 1.8225
v 0.161975 0.06402 1.8225
v 0.164 0.06402 1.824525
v 0.164 0.06402 1.865475
v 0.161975 0.06402 1.8675
v 0.161975 0.05907 1.8675
v 0.164 0.05907 1.865475
v -0.173975 0.057045 1.824525
v -0.173975 0.05907 1.8225
v 0.161975 0.05907 1.8225
v 0.161975 0.057045 1.824525
v 0.161975 0.057045 1.865475
v 0.161975 0.05907 1.8675
v -0.173975 0.05907 1.8675
v -0.173975 0.057045 1.865475
v 0.161975 0.066045 1.824525
v 0.161975 0.06402 1.8225
v -0.173975 0.06402 1.8225
v -0.173975 0.066045 1.824525
v -0.173975 0.066045 1.865475
v -0.173975 0.06402 1.8675
v 0.161975 0.06402 1.8675
v 0.161975 0.066045 1.865475
v -0.173975 0.05907 1.8225
v -0.173975 0.057045 1.824525
v -0.176 0.05907 1.824525
v -0.176 0.05907 1.865475
v -0.173975 0.057045 1.865475
v -0.173975 0.05907 1.8675
v -0.176 0.06402 1.824525
v -0.173975 0.066045 1.824525
v -0.173975 0.06402 1.8225
v -0.173975 0.06402 1.8675
v -0.173975 0.066045 1.865475
v -0.176 0.06402 1.865475
v 0.164 0.05907 1.824525
v 0.161975 0.057045 1.824525
v 0.161975 0.05907 1.8225
v 0.161975 0.05907 1.8675
v 0.161975 0.057045 1.865475
v 0.164 0.05907 1.865475
v 0.161975 0.06402 1.8225
v 0.161975 0.066045 1.824525
v 0.164 0.06402 1.824525
v 0.164 0.06402 1.865475
v 0.161975 0.066045 1.865475
v 0.161975 0.06402 1.8675
v -0.1585 0.05807 1.787975
v -0.1585 0.06302 1.787975
v -0.1585 0.06302 1.432025
v -0.1585 0.05807 1.432025
v -0.1335 0.05807 1.432025
v -0.1335 0.06302 1.432025
v -0.1335 0.06302 1.787975
v -0.1335 0.05807 1.787975
v -0.156475 0.056045 1.432025
v -0.135525 0.056045 1.432025
v -0.135525 0.056045 1.787975
v -0.156475 0.056045 1.787975
v -0.156475 0.065045 1.787975
v -0.135525 0.065045 1.787975
v -0.135525 0.065045 1.432025
v -0.156475 0.065045 1.432025
v -0.156475 0.06302 1.43
v -0.135525 0.06302 1.43
v -0.135525 0.05807 1.43
v -0.156475 0.05807 1.43
v -0.156475 0.05807 1.79
v -0.135525 0.05807 1.79
v -0.135525 0.06302 1.79
v -0.156475 0.06302 1.79
v -0.1585 0.05807 1.432025
v -0.156475 0.056045 1.432025
v -0.156475 0.056045 1.787975
v -0.1585 0.05807 1.787975
v -0.1585 0.06302 1.787975
v -0.156475 0.065045 1.787975
v -0.156475 0.065045 1.432025
v -0.1585 0.06302 1.432025
v -0.1335 0.05807 1.787975
v -0.135525 0.056045 1.787975
v -0.135525 0.056045 1.432025
v -0.1335 0.05807 1.432025
v -0.1335 0.06302 1.432025
v -0.135525 0.065045 1.432025
v -0.135525 0.065045 1.787975
v -0.1335 0.06302 1.787975
v -0.1585 0.06302 1.432025
v -0.156475 0.06302 1.43
v -0.156475 0.05807 1.43
v -0.1585 0.05807 1.432025
v -0.1585 0.05807 1.787975
v -0.156475 0.05807 1.79
v -0.156475 0.06302 1.79
v -0.1585 0.06302 1.787975
v -0.1335 0.05807 1.432025
v -0.135525 0.05807 1.43
v -0.135525 0.06302 1.43
v -0.1335 0.06302 1.432025
v -0.1335 0.06302 1.787975
v -0.135525 0.06302 1.79
v -0.135525 0.05807 1.79
v -0.1335 0.05807 1.787975
v -0.156475 0.056045 1.432025
v -0.156475 0.05807 1.43
v -0.135525 0.05807 1.43
v -0.135525 0.056045 1.432025
v -0.135525 0.056045 1.787975
v -0.135525 0.05807 1.79
v -0.156475 0.05807 1.79
v -0.156475 0.056045 1.787975
v -0.135525 0.065045 1.432025
v -0.135525 0.06302 1.43
v -0.156475 0.06302 1.43
v -0.156475 0.065045 1.432025
v -0.156475 0.065045 1.787975
v -0.156475 0.06302 1.79
v -0.135525 0.06302 1.79
v -0.135525 0.065045 1.787975
v -0.156475 0.05807 1.43
v -0.156475 0.056045 1.432025
v -0.1585 0.05807 1.432025
v -0.1585 0.05807 1.787975
v -0.156475 0.056045 1.787975
v -0.156475 0.05807 1.79
v -0.1585 0.06302 1.432025
v -0.156475 0.065045 1.432025
v -0.156475 0.06302 1.43
v -0.156475 0.06302 1.79
v -0.156475 0.065045 1.787975
v -0.1585 0.06302 1.787975
v -0.1335 0.05807 1.432025
v -0.135525 0.056045 1.432025
v -0.135525 0.05807 1.43
v -0.135525 0.05807 1.79
v -0.135525 0.056045 1.787975
v -0.1335 0.05807 1.787975
v -0.135525 0.06302 1.43
v -0.135525 0.065045 1.432025
v -0.1335 0.06302 1.432025
v -0.1335 0.06302 1.787975
v -0.135525 0.065045 1.787975
v -0.135525 0.06302 1.79
v 0.113 0.05807 1.717975
v 0.113 0.06302 1.717975
v 0.113 0.06302 1.422025
v 0.113 0.05807 1.422025
v 0.135 0.05807 1.422025
v 0.135 0.06302 1.422025
v 0.135 0.06302 1.717975
v 0.135 0.05807 1.717975
v 0.115025 0.056045 1.422025
v 0.132975 0.056045 1.422025
v 0.132975 0.056045 1.717975
v 0.115025 0.056045 1.717975
v 0.115025 0.065045 1.717975
v 0.132975 0.065045 1.717975
v 0.132975 0.065045 1.422025
v 0.115025 0.065045 1.422025
v 0.115025 0.06302 1.42
v 0.132975 0.06302 1.42
v 0.132975 0.05807 1.42
v 0.115025 0.05807 1.42
v 0.115025 0.05807 1.72
v 0.132975 0.05807 1.72
v 0.132975 0.06302 1.72
v 0.115025 0.06302 1.72
v 0.113 0.05807 1.422025
v 0.115025 0.056045 1.422025
v 0.115025 0.056045 1.717975
v 0.113 0.05807 1.717975
v 0.113 0.06302 1.717975
v 0.115025 0.065045 1.717975
v 0.115025 0.065045 1.422025
v 0.113 0.06302 1.422025
v 0.135 0.05807 1.717975
v 0.132975 0.056045 1.717975
v 0.132975 0.056045 1.422025
v 0.135 0.05807 1.422025
v 0.135 0.06302 1.422025
v 0.132975 0.065045 1.422025
v 0.132975 0.065045 1.717975
v 0.135 0.06302 1.717975
v 0.113 0.06302 1.422025
v 0.115025 0.06302 1.42
v 0.115025 0.05807 1.42
v 0.113 0.05807 1.422025
v 0.113 0.05807 1.717975
v 0.115025 0.05807 1.72
v 0.115025 0.06302 1.72
v 0.113 0.06302 1.717975
v 0.135 0.05807 1.422025
v 0.132975 0.05807 1.42
v 0.132975 0.06302 1.42
v 0.135 0.06302 1.422025
v 0.135 0.06302 1.717975
v 0.132975 0.06302 1.72
v 0.132975 0.05807 1.72
v 0.135 0.05807 1.717975
v 0.115025 0.056045 1.422025
v 0.115025 0.05807 1.42
v 0.132975 0.05807 1.42
v 0.132975 0.056045 1.422025
v 0.132975 0.056045 1.717975
v 0.132975 0.05807 1.72
v 0.115025 0.05807 1.72
v 0.115025 0.056045 1.717975
v 0.132975 0.065045 1.422025
v 0.132975 0.06302 1.42
v 0.115025 0.06302 1.42
v 0.115025 0.065045 1.422025
v 0.115025 0.065045 1.717975
v 0.115025 0.06302 1.72
v 0.132975 0.06302 1.72
v 0.132975 0.065045 1.717975
v 0.115025 0.05807 1.42
v 0.115025 0.056045 1.422025
v 0.113 0.05807 1.422025
v 0.113 0.05807 1.717975
v 0.115025 0.056045 1.717975
v 0.115025 0.05807 1.72
v 0.113 0.06302 1.422025
v 0.115025 0.065045 1.422025
v 0.115025 0.06302 1.42
v 0.115025 0.06302 1.72
v 0.115025 0.065045 1.717975
v 0.113 0.06302 1.717975
v 0.135 0.05807 1.422025
v 0.132975 0.056045 1.422025
v 0.132975 0.05807 1.42
v 0.132975 0.05807 1.72
v 0.132975 0.056045 1.717975
v 0.135 0.05807 1.717975
v 0.132975 0.06302 1.42
v 0.132975 0.065045 1.422025
v 0.135 0.06302 1.422025
v 0.135 0.06302 1.717975
v 0.132975 0.065045 1.717975
v 0.132975 0.06302 1.72
v -0.161 0.05807 1.468975
v -0.161 0.06302 1.468975
v -0.161 0.06302 1.451025
v -0.161 0.05807 1.451025
v 0.149 0.05807 1.451025
v 0.149 0.06302 1.451025
v 0.149 0.06302 1.468975
v 0.149 0.05807 1.468975
v -0.158975 0.056045 1.451025
v 0.146975 0.056045 1.451025
v 0.146975 0.056045 1.468975
v -0.158975 0.056045 1.468975
v -0.158975 0.065045 1.468975
v 0.146975 0.065045 1.468975
v 0.146975 0.065045 1.451025
v -0.158975 0.065045 1.451025
v -0.158975 0.06302 1.449
v 0.146975 0.06302 1.449
v 0.146975 0.05807 1.449
v -0.158975 0.05807 1.449
v -0.158975 0.05807 1.471
v 0.146975 0.05807 1.471
v 0.146975 0.06302 1.471
v -0.158975 0.06302 1.471
v -0.161 0.05807 1.451025
v -0.158975 0.056045 1.451025
v -0.158975 0.056045 1.468975
v -0.161 0.05807 1.468975
v -0.161 0.06302 1.468975
v -0.158975 0.065045 1.468975
v -0.158975 0.065045 1.451025
v -0.161 0.06302 1.451025
v 0.149 0.05807 1.468975
v 0.146975 0.056045 1.468975
v 0.146975 0.056045 1.451025
v 0.149 0.05807 1.451025
v 0.149 0.06302 1.451025
v 0.146975 0.065045 1.451025
v 0.146975 0.065045 1.468975
v 0.149 0.06302 1.468975
v -0.161 0.06302 1.451025
v -0.158975 0.06302 1.449
v -0.158975 0.05807 1.449
v -0.161 0.05807 1.451025
v -0.161 0.05807 1.468975
v -0.158975 0.05807 1.471
v -0.158975 0.06302 1.471
v -0.161 0.06302 1.468975
v 0.149 0.05807 1.451025
v 0.146975 0.05807 1.449
v 0.146975 0.06302 1.449
v 0.149 0.06302 1.451025
v 0.149 0.06302 1.468975
v 0.146975 0.06302 1.471
v 0.146975 0.05807 1.471
v 0.149 0.05807 1.468975
v -0.158975 0.056045 1.451025
v -0.158975 0.05807 1.449
v 0.146975 0.05807 1.449
v 0.146975 0.056045 1.451025
v 0.146975 0.056045 1.468975
v 0.146975 0.05807 1.471
v -0.158975 0.05807 1.471
v -0.158975 0.056045 1.468975
v 0.146975 0.065045 1.451025
v 0.146975 0.06302 1.449
v -0.158975 0.06302 1.449
v -0.158975 0.065045 1.451025
v -0.158975 0.065045 1.468975
v -0.158975 0.06302 1.471
v 0.146975 0.06302 1.471
v 0.146975 0.065045 1.468975
v -0.158975 0.05807 1.449
v -0.158975 0.056045 1.451025
v -0.161 0.05807 1.451025
v -0.161 0.05807 1.468975
v -0.158975 0.056045 1.468975
v -0.158975 0.05807 1.471
v -0.161 0.06302 1.451025
v -0.158975 0.065045 1.451025
v -0.158975 0.06302 1.449
v -0.158975 0.06302 1.471
v -0.158975 0.065045 1.468975
v -0.161 0.06302 1.468975
v 0.149 0.05807 1.451025
v 0.146975 0.056045 1.451025
v 0.146975 0.05807 1.449
v 0.146975 0.05807 1.471
v 0.146975 0.056045 1.468975
v 0.149 0.05807 1.468975
v 0.146975 0.06302 1.449
v 0.146975 0.065045 1.451025
v 0.149 0.06302 1.451025
v 0.149 0.06302 1.468975
v 0.146975 0.065045 1.468975
v 0.146975 0.06302 1.471
v -0.148 0.050545 1.84
v -0.149783 0.050545 1.83219
v -0.149783 0.062545 1.83219
v -0.148 0.062545 1.84
v -0.149783 0.050545 1.83219
v -0.154777 0.050545 1.825927
v -0.154777 0.062545 1.825927
v -0.149783 0.062545 1.83219
v -0.154777 0.050545 1.825927
v -0.161995 0.050545 1.822451
v -0.161995 0.062545 1.822451
v -0.154777 0.062545 1.825927
v -0.161995 0.050545 1.822451
v -0.170005 0.050545 1.822451
v -0.170005 0.062545 1.822451
v -0.161995 0.062545 1.822451
v -0.170005 0.050545 1.822451
v -0.177223 0.050545 1.825927
v -0.177223 0.062545 1.825927
v -0.170005 0.062545 1.822451
v -0.177223 0.050545 1.825927
v -0.182217 0.050545 1.83219
v -0.182217 0.062545 1.83219
v -0.177223 0.062545 1.825927
v -0.182217 0.050545 1.83219
v -0.184 0.050545 1.84
v -0.184 0.062545 1.84
v -0.182217 0.062545 1.83219
v -0.184 0.050545 1.84
v -0.182217 0.050545 1.84781
v -0.182217 0.062545 1.84781
v -0.184 0.062545 1.84
v -0.182217 0.050545 1.84781
v -0.177223 0.050545 1.854073
v -0.177223 0.062545 1.854073
v -0.182217 0.062545 1.84781
v -0.177223 0.050545 1.854073
v -0.170005 0.050545 1.857549
v -0.170005 0.062545 1.857549
v -0.177223 0.062545 1.854073
v -0.170005 0.050545 1.857549
v -0.161995 0.050545 1.857549
v -0.161995 0.062545 1.857549
v -0.170005 0.062545 1.857549
v -0.161995 0.050545 1.857549
v -0.154777 0.050545 1.854073
v -0.154777 0.062545 1.854073
v -0.161995 0.062545 1.857549
v -0.154777 0.050545 1.854073
v -0.149783 0.050545 1.84781
v -0.149783 0.062545 1.84781
v -0.154777 0.062545 1.854073
v -0.149783 0.050545 1.84781
v -0.148 0.050545 1.84
v -0.148 0.062545 1.84
v -0.149783 0.062545 1.84781
v -0.149783 0.050545 1.84781
v -0.154777 0.050545 1.854073
v -0.161995 0.050545 1.857549
v -0.170005 0.050545 1.857549
v -0.177223 0.050545 1.854073
v -0.182217 0.050545 1.84781
v -0.184 0.050545 1.84
v -0.182217 0.050545 1.83219
v -0.177223 0.050545 1.825927
v -0.170005 0.050545 1.822451
v -0.161995 0.050545 1.822451
v -0.154777 0.050545 1.825927
v -0.149783 0.050545 1.83219
v -0.148 0.050545 1.84
v -0.148 0.062545 1.84
v -0.149783 0.062545 1.83219
v -0.154777 0.062545 1.825927
v -0.161995 0.062545 1.822451
v -0.170005 0.062545 1.822451
v -0.177223 0.062545 1.825927
v -0.182217 0.062545 1.83219
v -0.184 0.062545 1.84
v -0.182217 0.062545 1.84781
v -0.177223 0.062545 1.854073
v -0.170005 0.062545 1.857549
v -0.161995 0.062545 1.857549
v -0.154777 0.062545 1.854073
v -0.149783 0.062545 1.84781
v 0.172 0.050545 1.84
v 0.170217 0.050545 1.83219
v 0.170217 0.062545 1.83219
v 0.172 0.062545 1.84
v 0.170217 0.050545 1.83219
v 0.165223 0.050545 1.825927
v 0.165223 0.062545 1.825927
v 0.170217 0.062545 1.83219
v 0.165223 0.050545 1.825927
v 0.158005 0.050545 1.822451
v 0.158005 0.062545 1.822451
v 0.165223 0.062545 1.825927
v 0.158005 0.050545 1.822451
v 0.149995 0.050545 1.822451
v 0.149995 0.062545 1.822451
v 0.158005 0.062545 1.822451
v 0.149995 0.050545 1.822451
v 0.142777 0.050545 1.825927
v 0.142777 0.062545 1.825927
v 0.149995 0.062545 1.822451
v 0.142777 0.050545 1.825927
v 0.137783 0.050545 1.83219
v 0.137783 0.062545 1.83219
v 0.142777 0.062545 1.825927
v 0.137783 0.050545 1.83219
v 0.136 0.050545 1.84
v 0.136 0.062545 1.84
v 0.137783 0.062545 1.83219
v 0.136 0.050545 1.84
v 0.137783 0.050545 1.84781
v 0.137783 0.062545 1.84781
v 0.136 0.062545 1.84
v 0.137783 0.050545 1.84781
v 0.142777 0.050545 1.854073
v 0.142777 0.062545 1.854073
v 0.137783 0.062545 1.84781
v 0.142777 0.050545 1.854073
v 0.149995 0.050545 1.857549
v 0.149995 0.062545 1.857549
v 0.142777 0.062545 1.854073
v 0.149995 0.050545 1.857549
v 0.158005 0.050545 1.857549
v 0.158005 0.062545 1.857549
v 0.149995 0.062545 1.857549
v 0.158005 0.050545 1.857549
v 0.165223 0.050545 1.854073
v 0.165223 0.062545 1.854073
v 0.158005 0.062545 1.857549
v 0.165223 0.050545 1.854073
v 0.170217 0.050545 1.84781
v 0.170217 0.062545 1.84781
v 0.165223 0.062545 1.854073
v 0.170217 0.050545 1.84781
v 0.172 0.050545 1.84
v 0.172 0.062545 1.84
v 0.170217 0.062545 1.84781
v 0.170217 0.050545 1.84781
v 0.165223 0.050545 1.854073
v 0.158005 0.050545 1.857549
v 0.149995 0.050545 1.857549
v 0.142777 0.050545 1.854073
v 0.137783 0.050545 1.84781
v 0.136 0.050545 1.84
v 0.137783 0.050545 1.83219
v 0.142777 0.050545 1.825927
v 0.149995 0.050545 1.822451
v 0.158005 0.050545 1.822451
v 0.165223 0.050545 1.825927
v 0.170217 0.050545 1.83219
v 0.172 0.050545 1.84
v 0.172 0.062545 1.84
v 0.170217 0.062545 1.83219
v 0.165223 0.062545 1.825927
v 0.158005 0.062545 1.822451
v 0.149995 0.062545 1.822451
v 0.142777 0.062545 1.825927
v 0.137783 0.062545 1.83219
v 0.136 0.062545 1.84
v 0.137783 0.062545 1.84781
v 0.142777 0.062545 1.854073
v 0.149995 0.062545 1.857549
v 0.158005 0.062545 1.857549
v 0.165223 0.062545 1.854073
v 0.170217 0.062545 1.84781
v -0.018 0.074545 1.14
v -0.016392 0.068545 1.14
v -0.016392 0.068545 1.3
v -0.018 0.074545 1.3
v -0.016392 0.068545 1.14
v -0.012 0.064153 1.14
v -0.012 0.064153 1.3
v -0.016392 0.068545 1.3
v -0.012 0.064153 1.14
v -0.006 0.062545 1.14
v -0.006 0.062545 1.3
v -0.012 0.064153 1.3
v -0.006 0.062545 1.14
v 0 0.064153 1.14
v 0 0.064153 1.3
v -0.006 0.062545 1.3
v 0 0.064153 1.14
v 0.004392 0.068545 1.14
v 0.004392 0.068545 1.3
v 0 0.064153 1.3
v 0.004392 0.068545 1.14
v 0.006 0.074545 1.14
v 0.006 0.074545 1.3
v 0.004392 0.068545 1.3
v 0.006 0.074545 1.14
v 0.004392 0.080545 1.14
v 0.004392 0.080545 1.3
v 0.006 0.074545 1.3
v 0.004392 0.080545 1.14
v 0 0.084938 1.14
v 0 0.084938 1.3
v 0.004392 0.080545 1.3
v 0 0.084938 1.14
v -0.006 0.086545 1.14
v -0.006 0.086545 1.3
v 0 0.084938 1.3
v -0.006 0.086545 1.14
v -0.012 0.084938 1.14
v -0.012 0.084938 1.3
v -0.006 0.086545 1.3
v -0.012 0.084938 1.14
v -0.016392 0.080545 1.14
v -0.016392 0.080545 1.3
v -0.012 0.084938 1.3
v -0.016392 0.080545 1.14
v -0.018 0.074545 1.14
v -0.018 0.074545 1.3
v -0.016392 0.080545 1.3
v -0.018 0.074545 1.14
v -0.016392 0.068545 1.14
v -0.012 0.064153 1.14
v -0.006 0.062545 1.14
v 0 0.064153 1.14
v 0.004392 0.068545 1.14
v 0.006 0.074545 1.14
v 0.004392 0.080545 1.14
v 0 0.084938 1.14
v -0.006 0.086545 1.14
v -0.012 0.084938 1.14
v -0.016392 0.080545 1.14
v -0.018 0.074545 1.3
v -0.016392 0.068545 1.3
v -0.012 0.064153 1.3
v -0.006 0.062545 1.3
v 0 0.064153 1.3
v 0.004392 0.068545 1.3
v 0.006 0.074545 1.3
v 0.004392 0.080545 1.3
v 0 0.084938 1.3
v -0.006 0.086545 1.3
v -0.012 0.084938 1.3
v -0.016392 0.080545 1.3
v 0.038 0.223636 1.976
v 0.034237 0.223636 1.959512
v 0.030633 0.230565 1.961248
v 0.034 0.230565 1.976
v 0.034 0.230565 1.976
v 0.030633 0.230565 1.961248
v 0.023425 0.230565 1.964719
v 0.026 0.230565 1.976
v 0.026 0.230565 1.976
v 0.023425 0.230565 1.964719
v 0.019821 0.223636 1.966455
v 0.022 0.223636 1.976
v 0.022 0.223636 1.976
v 0.019821 0.223636 1.966455
v 0.023425 0.216708 1.964719
v 0.026 0.216708 1.976
v 0.026 0.216708 1.976
v 0.023425 0.216708 1.964719
v 0.030633 0.216708 1.961248
v 0.034 0.216708 1.976
v 0.034 0.216708 1.976
v 0.030633 0.216708 1.961248
v 0.034237 0.223636 1.959512
v 0.038 0.223636 1.976
v 0.034237 0.223636 1.959512
v 0.023693 0.223636 1.94629
v 0.021199 0.230565 1.949418
v 0.030633 0.230565 1.961248
v 0.030633 0.230565 1.961248
v 0.021199 0.230565 1.949418
v 0.016211 0.230565 1.955672
v 0.023425 0.230565 1.964719
v 0.023425 0.230565 1.964719
v 0.016211 0.230565 1.955672
v 0.013717 0.223636 1.9588
v 0.019821 0.223636 1.966455
v 0.019821 0.223636 1.966455
v 0.013717 0.223636 1.9588
v 0.016211 0.216708 1.955672
v 0.023425 0.216708 1.964719
v 0.023425 0.216708 1.964719
v 0.016211 0.216708 1.955672
v 0.021199 0.216708 1.949418
v 0.030633 0.216708 1.961248
v 0.030633 0.216708 1.961248
v 0.021199 0.216708 1.949418
v 0.023693 0.223636 1.94629
v 0.034237 0.223636 1.959512
v 0.023693 0.223636 1.94629
v 0.008456 0.223636 1.938953
v 0.007566 0.230565 1.942852
v 0.021199 0.230565 1.949418
v 0.021199 0.230565 1.949418
v 0.007566 0.230565 1.942852
v 0.005786 0.230565 1.950652
v 0.016211 0.230565 1.955672
v 0.016211 0.230565 1.955672
v 0.005786 0.230565 1.950652
v 0.004895 0.223636 1.954552
v 0.013717 0.223636 1.9588
v 0.013717 0.223636 1.9588
v 0.004895 0.223636 1.954552
v 0.005786 0.216708 1.950652
v 0.016211 0.216708 1.955672
v 0.016211 0.216708 1.955672
v 0.005786 0.216708 1.950652
v 0.007566 0.216708 1.942852
v 0.021199 0.216708 1.949418
v 0.021199 0.216708 1.949418
v 0.007566 0.216708 1.942852
v 0.008456 0.223636 1.938953
v 0.023693 0.223636 1.94629
v 0.008456 0.223636 1.938953
v -0.008456 0.223636 1.938953
v -0.007566 0.230565 1.942852
v 0.007566 0.230565 1.942852
v 0.007566 0.230565 1.942852
v -0.007566 0.230565 1.942852
v -0.005786 0.230565 1.950652
v 0.005786 0.230565 1.950652
v 0.005786 0.230565 1.950652
v -0.005786 0.230565 1.950652
v -0.004895 0.223636 1.954552
v 0.004895 0.223636 1.954552
v 0.004895 0.223636 1.954552
v -0.004895 0.223636 1.954552
v -0.005786 0.216708 1.950652
v 0.005786 0.216708 1.950652
v 0.005786 0.216708 1.950652
v -0.005786 0.216708 1.950652
v -0.007566 0.216708 1.942852
v 0.007566 0.216708 1.942852
v 0.007566 0.216708 1.942852
v -0.007566 0.216708 1.942852
v -0.008456 0.223636 1.938953
v 0.008456 0.223636 1.938953
v -0.008456 0.223636 1.938953
v -0.023693 0.223636 1.94629
v -0.021199 0.230565 1.949418
v -0.007566 0.230565 1.942852
v -0.007566 0.230565 1.942852
v -0.021199 0.230565 1.949418
v -0.016211 0.230565 1.955672
v -0.005786 0.230565 1.950652
v -0.005786 0.230565 1.950652
v -0.016211 0.230565 1.955672
v -0.013717 0.223636 1.9588
v -0.004895 0.223636 1.954552
v -0.004895 0.223636 1.954552
v -0.013717 0.223636 1.9588
v -0.016211 0.216708 1.955672
v -0.005786 0.216708 1.950652
v -0.005786 0.216708 1.950652
v -0.016211 0.216708 1.955672
v -0.021199 0.216708 1.949418
v -0.007566 0.216708 1.942852
v -0.007566 0.216708 1.942852
v -0.021199 0.216708 1.949418
v -0.023693 0.223636 1.94629
v -0.008456 0.223636 1.938953
v -0.023693 0.223636 1.94629
v -0.034237 0.223636 1.959512
v -0.030633 0.230565 1.961248
v -0.021199 0.230565 1.949418
v -0.021199 0.230565 1.949418
v -0.030633 0.230565 1.961248
v -0.023425 0.230565 1.964719
v -0.016211 0.230565 1.955672
v -0.016211 0.230565 1.955672
v -0.023425 0.230565 1.964719
v -0.019821 0.223636 1.966455
v -0.013717 0.223636 1.9588
v -0.013717 0.223636 1.9588
v -0.019821 0.223636 1.966455
v -0.023425 0.216708 1.964719
v -0.016211 0.216708 1.955672
v -0.016211 0.216708 1.955672
v -0.023425 0.216708 1.964719
v -0.030633 0.216708 1.961248
v -0.021199 0.216708 1.949418
v -0.021199 0.216708 1.949418
v -0.030633 0.216708 1.961248
v -0.034237 0.223636 1.959512
v -0.023693 0.223636 1.94629
v -0.034237 0.223636 1.959512
v -0.038 0.223636 1.976
v -0.034 0.230565 1.976
v -0.030633 0.230565 1.961248
v -0.030633 0.230565 1.961248
v -0.034 0.230565 1.976
v -0.026 0.230565 1.976
v -0.023425 0.230565 1.964719
v -0.023425 0.230565 1.964719
v -0.026 0.230565 1.976
v -0.022 0.223636 1.976
v -0.019821 0.223636 1.966455
v -0.019821 0.223636 1.966455
v -0.022 0.223636 1.976
v -0.026 0.216708 1.976
v -0.023425 0.216708 1.964719
v -0.023425 0.216708 1.964719
v -0.026 0.216708 1.976
v -0.034 0.216708 1.976
v -0.030633 0.216708 1.961248
v -0.030633 0.216708 1.961248
v -0.034 0.216708 1.976
v -0.038 0.223636 1.976
v -0.034237 0.223636 1.959512
v -0.038 0.223636 1.976
v -0.034237 0.223636 1.992488
v -0.030633 0.230565 1.990752
v -0.034 0.230565 1.976
v -0.034 0.230565 1.976
v -0.030633 0.230565 1.990752
v -0.023425 0.230565 1.987281
v -0.026 0.230565 1.976
v -0.026 0.230565 1.976
v -0.023425 0.230565 1.987281
v -0.019821 0.223636 1.985545
v -0.022 0.223636 1.976
v -0.022 0.223636 1.976
v -0.019821 0.223636 1.985545
v -0.023425 0.216708 1.987281
v -0.026 0.216708 1.976
v -0.026 0.216708 1.976
v -0.023425 0.216708 1.987281
v -0.030633 0.216708 1.990752
v -0.034 0.216708 1.976
v -0.034 0.216708 1.976
v -0.030633 0.216708 1.990752
v -0.034237 0.223636 1.992488
v -0.038 0.223636 1.976
v -0.034237 0.223636 1.992488
v -0.023693 0.223636 2.00571
v -0.021199 0.230565 2.002582
v -0.030633 0.230565 1.990752
v -0.030633 0.230565 1.990752
v -0.021199 0.230565 2.002582
v -0.016211 0.230565 1.996328
v -0.023425 0.230565 1.987281
v -0.023425 0.230565 1.987281
v -0.016211 0.230565 1.996328
v -0.013717 0.223636 1.9932
v -0.019821 0.223636 1.985545
v -0.019821 0.223636 1.985545
v -0.013717 0.223636 1.9932
v -0.016211 0.216708 1.996328
v -0.023425 0.216708 1.987281
v -0.023425 0.216708 1.987281
v -0.016211 0.216708 1.996328
v -0.021199 0.216708 2.002582
v -0.030633 0.216708 1.990752
v -0.030633 0.216708 1.990752
v -0.021199 0.216708 2.002582
v -0.023693 0.223636 2.00571
v -0.034237 0.223636 1.992488
v -0.023693 0.223636 2.00571
v -0.008456 0.223636 2.013047
v -0.007566 0.230565 2.009148
v -0.021199 0.230565 2.002582
v -0.021199 0.230565 2.002582
v -0.007566 0.230565 2.009148
v -0.005786 0.230565 2.001348
v -0.016211 0.230565 1.996328
v -0.016211 0.230565 1.996328
v -0.005786 0.230565 2.001348
v -0.004895 0.223636 1.997448
v -0.013717 0.223636 1.9932
v -0.013717 0.223636 1.9932
v -0.004895 0.223636 1.997448
v -0.005786 0.216708 2.001348
v -0.016211 0.216708 1.996328
v -0.016211 0.216708 1.996328
v -0.005786 0.216708 2.001348
v -0.007566 0.216708 2.009148
v -0.021199 0.216708 2.002582
v -0.021199 0.216708 2.002582
v -0.007566 0.216708 2.009148
v -0.008456 0.223636 2.013047
v -0.023693 0.223636 2.00571
v -0.008456 0.223636 2.013047
v 0.008456 0.223636 2.013047
v 0.007566 0.230565 2.009148
v -0.007566 0.230565 2.009148
v -0.007566 0.230565 2.009148
v 0.007566 0.230565 2.009148
v 0.005786 0.230565 2.001348
v -0.005786 0.230565 2.001348
v -0.005786 0.230565 2.001348
v 0.005786 0.230565 2.001348
v 0.004895 0.223636 1.997448
v -0.004895 0.223636 1.997448
v -0.004895 0.223636 1.997448
v 0.004895 0.223636 1.997448
v 0.005786 0.216708 2.001348
v -0.005786 0.216708 2.001348
v -0.005786 0.216708 2.001348
v 0.005786 0.216708 2.001348
v 0.007566 0.216708 2.009148
v -0.007566 0.216708 2.009148
v -0.007566 0.216708 2.009148
v 0.007566 0.216708 2.009148
v 0.008456 0.223636 2.013047
v -0.008456 0.223636 2.013047
v 0.008456 0.223636 2.013047
v 0.023693 0.223636 2.00571
v 0.021199 0.230565 2.002582
v 0.007566 0.230565 2.009148
v 0.007566 0.230565 2.009148
v 0.021199 0.230565 2.002582
v 0.016211 0.230565 1.996328
v 0.005786 0.230565 2.001348
v 0.005786 0.230565 2.001348
v 0.016211 0.230565 1.996328
v 0.013717 0.223636 1.9932
v 0.004895 0.223636 1.997448
v 0.004895 0.223636 1.997448
v 0.013717 0.223636 1.9932
v 0.016211 0.216708 1.996328
v 0.005786 0.216708 2.001348
v 0.005786 0.216708 2.001348
v 0.016211 0.216708 1.996328
v 0.021199 0.216708 2.002582
v 0.007566 0.216708 2.009148
v 0.007566 0.216708 2.009148
v 0.021199 0.216708 2.002582
v 0.023693 0.223636 2.00571
v 0.008456 0.223636 2.013047
v 0.023693 0.223636 2.00571
v 0.034237 0.223636 1.992488
v 0.030633 0.230565 1.990752
v 0.021199 0.230565 2.002582
v 0.021199 0.230565 2.002582
v 0.030633 0.230565 1.990752
v 0.023425 0.230565 1.987281
v 0.016211 0.230565 1.996328
v 0.016211 0.230565 1.996328
v 0.023425 0.230565 1.987281
v 0.019821 0.223636 1.985545
v 0.013717 0.223636 1.9932
v 0.013717 0.223636 1.9932
v 0.019821 0.223636 1.985545
v 0.023425 0.216708 1.987281
v 0.016211 0.216708 1.996328
v 0.016211 0.216708 1.996328
v 0.023425 0.216708 1.987281
v 0.030633 0.216708 1.990752
v 0.021199 0.216708 2.002582
v 0.021199 0.216708 2.002582
v 0.030633 0.216708 1.990752
v 0.034237 0.223636 1.992488
v 0.023693 0.223636 2.00571
v 0.034237 0.223636 1.992488
v 0.038 0.223636 1.976
v 0.034 0.230565 1.976
v 0.030633 0.230565 1.990752
v 0.030633 0.230565 1.990752
v 0.034 0.230565 1.976
v 0.026 0.230565 1.976
v 0.023425 0.230565 1.987281
v 0.023425 0.230565 1.987281
v 0.026 0.230565 1.976
v 0.022 0.223636 1.976
v 0.019821 0.223636 1.985545
v 0.019821 0.223636 1.985545
v 0.022 0.223636 1.976
v 0.026 0.216708 1.976
v 0.023425 0.216708 1.987281
v 0.023425 0.216708 1.987281
v 0.026 0.216708 1.976
v 0.034 0.216708 1.976
v 0.030633 0.216708 1.990752
v 0.030633 0.216708 1.990752
v 0.034 0.216708 1.976
v 0.038 0.223636 1.976
v 0.034237 0.223636 1.992488
v 0 0.185636 1.928
v 0 0.1894 1.911512
v 0.006928 0.193003 1.913248
v 0.006928 0.189636 1.928
v 0.006928 0.189636 1.928
v 0.006928 0.193003 1.913248
v 0.006928 0.200211 1.916719
v 0.006928 0.197636 1.928
v 0.006928 0.197636 1.928
v 0.006928 0.200211 1.916719
v 0 0.203815 1.918455
v 0 0.201636 1.928
v 0 0.201636 1.928
v 0 0.203815 1.918455
v -0.006928 0.200211 1.916719
v -0.006928 0.197636 1.928
v -0.006928 0.197636 1.928
v -0.006928 0.200211 1.916719
v -0.006928 0.193003 1.913248
v -0.006928 0.189636 1.928
v -0.006928 0.189636 1.928
v -0.006928 0.193003 1.913248
v 0 0.1894 1.911512
v 0 0.185636 1.928
v 0 0.1894 1.911512
v 0 0.199944 1.89829
v 0.006928 0.202438 1.901418
v 0.006928 0.193003 1.913248
v 0.006928 0.193003 1.913248
v 0.006928 0.202438 1.901418
v 0.006928 0.207426 1.907672
v 0.006928 0.200211 1.916719
v 0.006928 0.200211 1.916719
v 0.006928 0.207426 1.907672
v 0 0.20992 1.9108
v 0 0.203815 1.918455
v 0 0.203815 1.918455
v 0 0.20992 1.9108
v -0.006928 0.207426 1.907672
v -0.006928 0.200211 1.916719
v -0.006928 0.200211 1.916719
v -0.006928 0.207426 1.907672
v -0.006928 0.202438 1.901418
v -0.006928 0.193003 1.913248
v -0.006928 0.193003 1.913248
v -0.006928 0.202438 1.901418
v 0 0.199944 1.89829
v 0 0.1894 1.911512
v 0 0.199944 1.89829
v 0 0.215181 1.890953
v 0.006928 0.216071 1.894852
v 0.006928 0.202438 1.901418
v 0.006928 0.202438 1.901418
v 0.006928 0.216071 1.894852
v 0.006928 0.217851 1.902652
v 0.006928 0.207426 1.907672
v 0.006928 0.207426 1.907672
v 0.006928 0.217851 1.902652
v 0 0.218741 1.906552
v 0 0.20992 1.9108
v 0 0.20992 1.9108
v 0 0.218741 1.906552
v -0.006928 0.217851 1.902652
v -0.006928 0.207426 1.907672
v -0.006928 0.207426 1.907672
v -0.006928 0.217851 1.902652
v -0.006928 0.216071 1.894852
v -0.006928 0.202438 1.901418
v -0.006928 0.202438 1.901418
v -0.006928 0.216071 1.894852
v 0 0.215181 1.890953
v 0 0.199944 1.89829
v 0 0.215181 1.890953
v 0 0.232092 1.890953
v 0.006928 0.231202 1.894852
v 0.006928 0.216071 1.894852
v 0.006928 0.216071 1.894852
v 0.006928 0.231202 1.894852
v 0.006928 0.229422 1.902652
v 0.006928 0.217851 1.902652
v 0.006928 0.217851 1.902652
v 0.006928 0.229422 1.902652
v 0 0.228532 1.906552
v 0 0.218741 1.906552
v 0 0.218741 1.906552
v 0 0.228532 1.906552
v -0.006928 0.229422 1.902652
v -0.006928 0.217851 1.902652
v -0.006928 0.217851 1.902652
v -0.006928 0.229422 1.902652
v -0.006928 0.231202 1.894852
v -0.006928 0.216071 1.894852
v -0.006928 0.216071 1.894852
v -0.006928 0.231202 1.894852
v 0 0.232092 1.890953
v 0 0.215181 1.890953
v 0 0.232092 1.890953
v 0 0.247329 1.89829
v 0.006928 0.244835 1.901418
v 0.006928 0.231202 1.894852
v 0.006928 0.231202 1.894852
v 0.006928 0.244835 1.901418
v 0.006928 0.239847 1.907672
v 0.006928 0.229422 1.902652
v 0.006928 0.229422 1.902652
v 0.006928 0.239847 1.907672
v 0 0.237353 1.9108
v 0 0.228532 1.906552
v 0 0.228532 1.906552
v 0 0.237353 1.9108
v -0.006928 0.239847 1.907672
v -0.006928 0.229422 1.902652
v -0.006928 0.229422 1.902652
v -0.006928 0.239847 1.907672
v -0.006928 0.244835 1.901418
v -0.006928 0.231202 1.894852
v -0.006928 0.231202 1.894852
v -0.006928 0.244835 1.901418
v 0 0.247329 1.89829
v 0 0.232092 1.890953
v 0 0.247329 1.89829
v 0 0.257873 1.911512
v 0.006928 0.254269 1.913248
v 0.006928 0.244835 1.901418
v 0.006928 0.244835 1.901418
v 0.006928 0.254269 1.913248
v 0.006928 0.247062 1.916719
v 0.006928 0.239847 1.907672
v 0.006928 0.239847 1.907672
v 0.006928 0.247062 1.916719
v 0 0.243458 1.918455
v 0 0.237353 1.9108
v 0 0.237353 1.9108
v 0 0.243458 1.918455
v -0.006928 0.247062 1.916719
v -0.006928 0.239847 1.907672
v -0.006928 0.239847 1.907672
v -0.006928 0.247062 1.916719
v -0.006928 0.254269 1.913248
v -0.006928 0.244835 1.901418
v -0.006928 0.244835 1.901418
v -0.006928 0.254269 1.913248
v 0 0.257873 1.911512
v 0 0.247329 1.89829
v 0 0.257873 1.911512
v 0 0.261636 1.928
v 0.006928 0.257636 1.928
v 0.006928 0.254269 1.913248
v 0.006928 0.254269 1.913248
v 0.006928 0.257636 1.928
v 0.006928 0.249636 1.928
v 0.006928 0.247062 1.916719
v 0.006928 0.247062 1.916719
v 0.006928 0.249636 1.928
v 0 0.245636 1.928
v 0 0.243458 1.918455
v 0 0.243458 1.918455
v 0 0.245636 1.928
v -0.006928 0.249636 1.928
v -0.006928 0.247062 1.916719
v -0.006928 0.247062 1.916719
v -0.006928 0.249636 1.928
v -0.006928 0.257636 1.928
v -0.006928 0.254269 1.913248
v -0.006928 0.254269 1.913248
v -0.006928 0.257636 1.928
v 0 0.261636 1.928
v 0 0.257873 1.911512
v 0 0.261636 1.928
v 0 0.257873 1.944488
v 0.006928 0.254269 1.942752
v 0.006928 0.257636 1.928
v 0.006928 0.257636 1.928
v 0.006928 0.254269 1.942752
v 0.006928 0.247062 1.939281
v 0.006928 0.249636 1.928
v 0.006928 0.249636 1.928
v 0.006928 0.247062 1.939281
v 0 0.243458 1.937545
v 0 0.245636 1.928
v 0 0.245636 1.928
v 0 0.243458 1.937545
v -0.006928 0.247062 1.939281
v -0.006928 0.249636 1.928
v -0.006928 0.249636 1.928
v -0.006928 0.247062 1.939281
v -0.006928 0.254269 1.942752
v -0.006928 0.257636 1.928
v -0.006928 0.257636 1.928
v -0.006928 0.254269 1.942752
v 0 0.257873 1.944488
v 0 0.261636 1.928
v 0 0.257873 1.944488
v 0 0.247329 1.95771
v 0.006928 0.244835 1.954582
v 0.006928 0.254269 1.942752
v 0.006928 0.254269 1.942752
v 0.006928 0.244835 1.954582
v 0.006928 0.239847 1.948328
v 0.006928 0.247062 1.939281
v 0.006928 0.247062 1.939281
v 0.006928 0.239847 1.948328
v 0 0.237353 1.9452
v 0 0.243458 1.937545
v 0 0.243458 1.937545
v 0 0.237353 1.9452
v -0.006928 0.239847 1.948328
v -0.006928 0.247062 1.939281
v -0.006928 0.247062 1.939281
v -0.006928 0.239847 1.948328
v -0.006928 0.244835 1.954582
v -0.006928 0.254269 1.942752
v -0.006928 0.254269 1.942752
v -0.006928 0.244835 1.954582
v 0 0.247329 1.95771
v 0 0.257873 1.944488
v 0 0.247329 1.95771
v 0 0.232092 1.965047
v 0.006928 0.231202 1.961148
v 0.006928 0.244835 1.954582
v 0.006928 0.244835 1.954582
v 0.006928 0.231202 1.961148
v 0.006928 0.229422 1.953348
v 0.006928 0.239847 1.948328
v 0.006928 0.239847 1.948328
v 0.006928 0.229422 1.953348
v 0 0.228532 1.949448
v 0 0.237353 1.9452
v 0 0.237353 1.9452
v 0 0.228532 1.949448
v -0.006928 0.229422 1.953348
v -0.006928 0.239847 1.948328
v -0.006928 0.239847 1.948328
v -0.006928 0.229422 1.953348
v -0.006928 0.231202 1.961148
v -0.006928 0.244835 1.954582
v -0.006928 0.244835 1.954582
v -0.006928 0.231202 1.961148
v 0 0.232092 1.965047
v 0 0.247329 1.95771
v 0 0.232092 1.965047
v 0 0.215181 1.965047
v 0.006928 0.216071 1.961148
v 0.006928 0.231202 1.961148
v 0.006928 0.231202 1.961148
v 0.006928 0.216071 1.961148
v 0.006928 0.217851 1.953348
v 0.006928 0.229422 1.953348
v 0.006928 0.229422 1.953348
v 0.006928 0.217851 1.953348
v 0 0.218741 1.949448
v 0 0.228532 1.949448
v 0 0.228532 1.949448
v 0 0.218741 1.949448
v -0.006928 0.217851 1.953348
v -0.006928 0.229422 1.953348
v -0.006928 0.229422 1.953348
v -0.006928 0.217851 1.953348
v -0.006928 0.216071 1.961148
v -0.006928 0.231202 1.961148
v -0.006928 0.231202 1.961148
v -0.006928 0.216071 1.961148
v 0 0.215181 1.965047
v 0 0.232092 1.965047
v 0 0.215181 1.965047
v 0 0.199944 1.95771
v 0.006928 0.202438 1.954582
v 0.006928 0.216071 1.961148
v 0.006928 0.216071 1.961148
v 0.006928 0.202438 1.954582
v 0.006928 0.207426 1.948328
v 0.006928 0.217851 1.953348
v 0.006928 0.217851 1.953348
v 0.006928 0.207426 1.948328
v 0 0.20992 1.9452
v 0 0.218741 1.949448
v 0 0.218741 1.949448
v 0 0.20992 1.9452
v -0.006928 0.207426 1.948328
v -0.006928 0.217851 1.953348
v -0.006928 0.217851 1.953348
v -0.006928 0.207426 1.948328
v -0.006928 0.202438 1.954582
v -0.006928 0.216071 1.961148
v -0.006928 0.216071 1.961148
v -0.006928 0.202438 1.954582
v 0 0.199944 1.95771
v 0 0.215181 1.965047
v 0 0.199944 1.95771
v 0 0.1894 1.944488
v 0.006928 0.193003 1.942752
v 0.006928 0.202438 1.954582
v 0.006928 0.202438 1.954582
v 0.006928 0.193003 1.942752
v 0.006928 0.200211 1.939281
v 0.006928 0.207426 1.948328
v 0.006928 0.207426 1.948328
v 0.006928 0.200211 1.939281
v 0 0.203815 1.937545
v 0 0.20992 1.9452
v 0 0.20992 1.9452
v 0 0.203815 1.937545
v -0.006928 0.200211 1.939281
v -0.006928 0.207426 1.948328
v -0.006928 0.207426 1.948328
v -0.006928 0.200211 1.939281
v -0.006928 0.193003 1.942752
v -0.006928 0.202438 1.954582
v -0.006928 0.202438 1.954582
v -0.006928 0.193003 1.942752
v 0 0.1894 1.944488
v 0 0.199944 1.95771
v 0 0.1894 1.944488
v 0 0.185636 1.928
v 0.006928 0.189636 1.928
v 0.006928 0.193003 1.942752
v 0.006928 0.193003 1.942752
v 0.006928 0.189636 1.928
v 0.006928 0.197636 1.928
v 0.006928 0.200211 1.939281
v 0.006928 0.200211 1.939281
v 0.006928 0.197636 1.928
v 0 0.201636 1.928
v 0 0.203815 1.937545
v 0 0.203815 1.937545
v 0 0.201636 1.928
v -0.006928 0.197636 1.928
v -0.006928 0.200211 1.939281
v -0.006928 0.200211 1.939281
v -0.006928 0.197636 1.928
v -0.006928 0.189636 1.928
v -0.006928 0.193003 1.942752
v -0.006928 0.193003 1.942752
v -0.006928 0.189636 1.928
v 0 0.185636 1.928
v 0 0.1894 1.944488
v 0.038 0.223636 1.88
v 0.034237 0.223636 1.863512
v 0.030633 0.230565 1.865248
v 0.034 0.230565 1.88
v 0.034 0.230565 1.88
v 0.030633 0.230565 1.865248
v 0.023425 0.230565 1.868719
v 0.026 0.230565 1.88
v 0.026 0.230565 1.88
v 0.023425 0.230565 1.868719
v 0.019821 0.223636 1.870455
v 0.022 0.223636 1.88
v 0.022 0.223636 1.88
v 0.019821 0.223636 1.870455
v 0.023425 0.216708 1.868719
v 0.026 0.216708 1.88
v 0.026 0.216708 1.88
v 0.023425 0.216708 1.868719
v 0.030633 0.216708 1.865248
v 0.034 0.216708 1.88
v 0.034 0.216708 1.88
v 0.030633 0.216708 1.865248
v 0.034237 0.223636 1.863512
v 0.038 0.223636 1.88
v 0.034237 0.223636 1.863512
v 0.023693 0.223636 1.85029
v 0.021199 0.230565 1.853418
v 0.030633 0.230565 1.865248
v 0.030633 0.230565 1.865248
v 0.021199 0.230565 1.853418
v 0.016211 0.230565 1.859672
v 0.023425 0.230565 1.868719
v 0.023425 0.230565 1.868719
v 0.016211 0.230565 1.859672
v 0.013717 0.223636 1.8628
v 0.019821 0.223636 1.870455
v 0.019821 0.223636 1.870455
v 0.013717 0.223636 1.8628
v 0.016211 0.216708 1.859672
v 0.023425 0.216708 1.868719
v 0.023425 0.216708 1.868719
v 0.016211 0.216708 1.859672
v 0.021199 0.216708 1.853418
v 0.030633 0.216708 1.865248
v 0.030633 0.216708 1.865248
v 0.021199 0.216708 1.853418
v 0.023693 0.223636 1.85029
v 0.034237 0.223636 1.863512
v 0.023693 0.223636 1.85029
v 0.008456 0.223636 1.842953
v 0.007566 0.230565 1.846852
v 0.021199 0.230565 1.853418
v 0.021199 0.230565 1.853418
v 0.007566 0.230565 1.846852
v 0.005786 0.230565 1.854652
v 0.016211 0.230565 1.859672
v 0.016211 0.230565 1.859672
v 0.005786 0.230565 1.854652
v 0.004895 0.223636 1.858552
v 0.013717 0.223636 1.8628
v 0.013717 0.223636 1.8628
v 0.004895 0.223636 1.858552
v 0.005786 0.216708 1.854652
v 0.016211 0.216708 1.859672
v 0.016211 0.216708 1.859672
v 0.005786 0.216708 1.854652
v 0.007566 0.216708 1.846852
v 0.021199 0.216708 1.853418
v 0.021199 0.216708 1.853418
v 0.007566 0.216708 1.846852
v 0.008456 0.223636 1.842953
v 0.023693 0.223636 1.85029
v 0.008456 0.223636 1.842953
v -0.008456 0.223636 1.842953
v -0.007566 0.230565 1.846852
v 0.007566 0.230565 1.846852
v 0.007566 0.230565 1.846852
v -0.007566 0.230565 1.846852
v -0.005786 0.230565 1.854652
v 0.005786 0.230565 1.854652
v 0.005786 0.230565 1.854652
v -0.005786 0.230565 1.854652
v -0.004895 0.223636 1.858552
v 0.004895 0.223636 1.858552
v 0.004895 0.223636 1.858552
v -0.004895 0.223636 1.858552
v -0.005786 0.216708 1.854652
v 0.005786 0.216708 1.854652
v 0.005786 0.216708 1.854652
v -0.005786 0.216708 1.854652
v -0.007566 0.216708 1.846852
v 0.007566 0.216708 1.846852
v 0.007566 0.216708 1.846852
v -0.007566 0.216708 1.846852
v -0.008456 0.223636 1.842953
v 0.008456 0.223636 1.842953
v -0.008456 0.223636 1.842953
v -0.023693 0.223636 1.85029
v -0.021199 0.230565 1.853418
v -0.007566 0.230565 1.846852
v -0.007566 0.230565 1.846852
v -0.021199 0.230565 1.853418
v -0.016211 0.230565 1.859672
v -0.005786 0.230565 1.854652
v -0.005786 0.230565 1.854652
v -0.016211 0.230565 1.859672
v -0.013717 0.223636 1.8628
v -0.004895 0.223636 1.858552
v -0.004895 0.223636 1.858552
v -0.013717 0.223636 1.8628
v -0.016211 0.216708 1.859672
v -0.005786 0.216708 1.854652
v -0.005786 0.216708 1.854652
v -0.016211 0.216708 1.859672
v -0.021199 0.216708 1.853418
v -0.007566 0.216708 1.846852
v -0.007566 0.216708 1.846852
v -0.021199 0.216708 1.853418
v -0.023693 0.223636 1.85029
v -0.008456 0.223636 1.842953
v -0.023693 0.223636 1.85029
v -0.034237 0.223636 1.863512
v -0.030633 0.230565 1.865248
v -0.021199 0.230565 1.853418
v -0.021199 0.230565 1.853418
v -0.030633 0.230565 1.865248
v -0.023425 0.230565 1.868719
v -0.016211 0.230565 1.859672
v -0.016211 0.230565 1.859672
v -0.023425 0.230565 1.868719
v -0.019821 0.223636 1.870455
v -0.013717 0.223636 1.8628
v -0.013717 0.223636 1.8628
v -0.019821 0.223636 1.870455
v -0.023425 0.216708 1.868719
v -0.016211 0.216708 1.859672
v -0.016211 0.216708 1.859672
v -0.023425 0.216708 1.868719
v -0.030633 0.216708 1.865248
v -0.021199 0.216708 1.853418
v -0.021199 0.216708 1.853418
v -0.030633 0.216708 1.865248
v -0.034237 0.223636 1.863512
v -0.023693 0.223636 1.85029
v -0.034237 0.223636 1.863512
v -0.038 0.223636 1.88
v -0.034 0.230565 1.88
v -0.030633 0.230565 1.865248
v -0.030633 0.230565 1.865248
v -0.034 0.230565 1.88
v -0.026 0.230565 1.88
v -0.023425 0.230565 1.868719
v -0.023425 0.230565 1.868719
v -0.026 0.230565 1.88
v -0.022 0.223636 1.88
v -0.019821 0.223636 1.870455
v -0.019821 0.223636 1.870455
v -0.022 0.223636 1.88
v -0.026 0.216708 1.88
v -0.023425 0.216708 1.868719
v -0.023425 0.216708 1.868719
v -0.026 0.216708 1.88
v -0.034 0.216708 1.88
v -0.030633 0.216708 1.865248
v -0.030633 0.216708 1.865248
v -0.034 0.216708 1.88
v -0.038 0.223636 1.88
v -0.034237 0.223636 1.863512
v -0.038 0.223636 1.88
v -0.034237 0.223636 1.896488
v -0.030633 0.230565 1.894752
v -0.034 0.230565 1.88
v -0.034 0.230565 1.88
v -0.030633 0.230565 1.894752
v -0.023425 0.230565 1.891281
v -0.026 0.230565 1.88
v -0.026 0.230565 1.88
v -0.023425 0.230565 1.891281
v -0.019821 0.223636 1.889545
v -0.022 0.223636 1.88
v -0.022 0.223636 1.88
v -0.019821 0.223636 1.889545
v -0.023425 0.216708 1.891281
v -0.026 0.216708 1.88
v -0.026 0.216708 1.88
v -0.023425 0.216708 1.891281
v -0.030633 0.216708 1.894752
v -0.034 0.216708 1.88
v -0.034 0.216708 1.88
v -0.030633 0.216708 1.894752
v -0.034237 0.223636 1.896488
v -0.038 0.223636 1.88
v -0.034237 0.223636 1.896488
v -0.023693 0.223636 1.90971
v -0.021199 0.230565 1.906582
v -0.030633 0.230565 1.894752
v -0.030633 0.230565 1.894752
v -0.021199 0.230565 1.906582
v -0.016211 0.230565 1.900328
v -0.023425 0.230565 1.891281
v -0.023425 0.230565 1.891281
v -0.016211 0.230565 1.900328
v -0.013717 0.223636 1.8972
v -0.019821 0.223636 1.889545
v -0.019821 0.223636 1.889545
v -0.013717 0.223636 1.8972
v -0.016211 0.216708 1.900328
v -0.023425 0.216708 1.891281
v -0.023425 0.216708 1.891281
v -0.016211 0.216708 1.900328
v -0.021199 0.216708 1.906582
v -0.030633 0.216708 1.894752
v -0.030633 0.216708 1.894752
v -0.021199 0.216708 1.906582
v -0.023693 0.223636 1.90971
v -0.034237 0.223636 1.896488
v -0.023693 0.223636 1.90971
v -0.008456 0.223636 1.917047
v -0.007566 0.230565 1.913148
v -0.021199 0.230565 1.906582
v -0.021199 0.230565 1.906582
v -0.007566 0.230565 1.913148
v -0.005786 0.230565 1.905348
v -0.016211 0.230565 1.900328
v -0.016211 0.230565 1.900328
v -0.005786 0.230565 1.905348
v -0.004895 0.223636 1.901448
v -0.013717 0.223636 1.8972
v -0.013717 0.223636 1.8972
v -0.004895 0.223636 1.901448
v -0.005786 0.216708 1.905348
v -0.016211 0.216708 1.900328
v -0.016211 0.216708 1.900328
v -0.005786 0.216708 1.905348
v -0.007566 0.216708 1.913148
v -0.021199 0.216708 1.906582
v -0.021199 0.216708 1.906582
v -0.007566 0.216708 1.913148
v -0.008456 0.223636 1.917047
v -0.023693 0.223636 1.90971
v -0.008456 0.223636 1.917047
v 0.008456 0.223636 1.917047
v 0.007566 0.230565 1.913148
v -0.007566 0.230565 1.913148
v -0.007566 0.230565 1.913148
v 0.007566 0.230565 1.913148
v 0.005786 0.230565 1.905348
v -0.005786 0.230565 1.905348
v -0.005786 0.230565 1.905348
v 0.005786 0.230565 1.905348
v 0.004895 0.223636 1.901448
v -0.004895 0.223636 1.901448
v -0.004895 0.223636 1.901448
v 0.004895 0.223636 1.901448
v 0.005786 0.216708 1.905348
v -0.005786 0.216708 1.905348
v -0.005786 0.216708 1.905348
v 0.005786 0.216708 1.905348
v 0.007566 0.216708 1.913148
v -0.007566 0.216708 1.913148
v -0.007566 0.216708 1.913148
v 0.007566 0.216708 1.913148
v 0.008456 0.223636 1.917047
v -0.008456 0.223636 1.917047
v 0.008456 0.223636 1.917047
v 0.023693 0.223636 1.90971
v 0.021199 0.230565 1.906582
v 0.007566 0.230565 1.913148
v 0.007566 0.230565 1.913148
v 0.021199 0.230565 1.906582
v 0.016211 0.230565 1.900328
v 0.005786 0.230565 1.905348
v 0.005786 0.230565 1.905348
v 0.016211 0.230565 1.900328
v 0.013717 0.223636 1.8972
v 0.004895 0.223636 1.901448
v 0.004895 0.223636 1.901448
v 0.013717 0.223636 1.8972
v 0.016211 0.216708 1.900328
v 0.005786 0.216708 1.905348
v 0.005786 0.216708 1.905348
v 0.016211 0.216708 1.900328
v 0.021199 0.216708 1.906582
v 0.007566 0.216708 1.913148
v 0.007566 0.216708 1.913148
v 0.021199 0.216708 1.906582
v 0.023693 0.223636 1.90971
v 0.008456 0.223636 1.917047
v 0.023693 0.223636 1.90971
v 0.034237 0.223636 1.896488
v 0.030633 0.230565 1.894752
v 0.021199 0.230565 1.906582
v 0.021199 0.230565 1.906582
v 0.030633 0.230565 1.894752
v 0.023425 0.230565 1.891281
v 0.016211 0.230565 1.900328
v 0.016211 0.230565 1.900328
v 0.023425 0.230565 1.891281
v 0.019821 0.223636 1.889545
v 0.013717 0.223636 1.8972
v 0.013717 0.223636 1.8972
v 0.019821 0.223636 1.889545
v 0.023425 0.216708 1.891281
v 0.016211 0.216708 1.900328
v 0.016211 0.216708 1.900328
v 0.023425 0.216708 1.891281
v 0.030633 0.216708 1.894752
v 0.021199 0.216708 1.906582
v 0.021199 0.216708 1.906582
v 0.030633 0.216708 1.894752
v 0.034237 0.223636 1.896488
v 0.023693 0.223636 1.90971
v 0.034237 0.223636 1.896488
v 0.038 0.223636 1.88
v 0.034 0.230565 1.88
v 0.030633 0.230565 1.894752
v 0.030633 0.230565 1.894752
v 0.034 0.230565 1.88
v 0.026 0.230565 1.88
v 0.023425 0.230565 1.891281
v 0.023425 0.230565 1.891281
v 0.026 0.230565 1.88
v 0.022 0.223636 1.88
v 0.019821 0.223636 1.889545
v 0.019821 0.223636 1.889545
v 0.022 0.223636 1.88
v 0.026 0.216708 1.88
v 0.023425 0.216708 1.891281
v 0.023425 0.216708 1.891281
v 0.026 0.216708 1.88
v 0.034 0.216708 1.88
v 0.030633 0.216708 1.894752
v 0.030633 0.216708 1.894752
v 0.034 0.216708 1.88
v 0.038 0.223636 1.88
v 0.034237 0.223636 1.896488
v 0.047 0.223636 1.826
v 0.043422 0.223636 1.808014
v 0.039265 0.231431 1.809736
v 0.0425 0.231431 1.826
v 0.0425 0.231431 1.826
v 0.039265 0.231431 1.809736
v 0.03095 0.231431 1.81318
v 0.0335 0.231431 1.826
v 0.0335 0.231431 1.826
v 0.03095 0.231431 1.81318
v 0.026793 0.223636 1.814902
v 0.029 0.223636 1.826
v 0.029 0.223636 1.826
v 0.026793 0.223636 1.814902
v 0.03095 0.215842 1.81318
v 0.0335 0.215842 1.826
v 0.0335 0.215842 1.826
v 0.03095 0.215842 1.81318
v 0.039265 0.215842 1.809736
v 0.0425 0.215842 1.826
v 0.0425 0.215842 1.826
v 0.039265 0.215842 1.809736
v 0.043422 0.223636 1.808014
v 0.047 0.223636 1.826
v 0.043422 0.223636 1.808014
v 0.033234 0.223636 1.792766
v 0.030052 0.231431 1.795948
v 0.039265 0.231431 1.809736
v 0.039265 0.231431 1.809736
v 0.030052 0.231431 1.795948
v 0.023688 0.231431 1.802312
v 0.03095 0.231431 1.81318
v 0.03095 0.231431 1.81318
v 0.023688 0.231431 1.802312
v 0.020506 0.223636 1.805494
v 0.026793 0.223636 1.814902
v 0.026793 0.223636 1.814902
v 0.020506 0.223636 1.805494
v 0.023688 0.215842 1.802312
v 0.03095 0.215842 1.81318
v 0.03095 0.215842 1.81318
v 0.023688 0.215842 1.802312
v 0.030052 0.215842 1.795948
v 0.039265 0.215842 1.809736
v 0.039265 0.215842 1.809736
v 0.030052 0.215842 1.795948
v 0.033234 0.223636 1.792766
v 0.043422 0.223636 1.808014
v 0.033234 0.223636 1.792766
v 0.017986 0.223636 1.782578
v 0.016264 0.231431 1.786735
v 0.030052 0.231431 1.795948
v 0.030052 0.231431 1.795948
v 0.016264 0.231431 1.786735
v 0.01282 0.231431 1.79505
v 0.023688 0.231431 1.802312
v 0.023688 0.231431 1.802312
v 0.01282 0.231431 1.79505
v 0.011098 0.223636 1.799207
v 0.020506 0.223636 1.805494
v 0.020506 0.223636 1.805494
v 0.011098 0.223636 1.799207
v 0.01282 0.215842 1.79505
v 0.023688 0.215842 1.802312
v 0.023688 0.215842 1.802312
v 0.01282 0.215842 1.79505
v 0.016264 0.215842 1.786735
v 0.030052 0.215842 1.795948
v 0.030052 0.215842 1.795948
v 0.016264 0.215842 1.786735
v 0.017986 0.223636 1.782578
v 0.033234 0.223636 1.792766
v 0.017986 0.223636 1.782578
v 0 0.223636 1.779
v 0 0.231431 1.7835
v 0.016264 0.231431 1.786735
v 0.016264 0.231431 1.786735
v 0 0.231431 1.7835
v 0 0.231431 1.7925
v 0.01282 0.231431 1.79505
v 0.01282 0.231431 1.79505
v 0 0.231431 1.7925
v 0 0.223636 1.797
v 0.011098 0.223636 1.799207
v 0.011098 0.223636 1.799207
v 0 0.223636 1.797
v 0 0.215842 1.7925
v 0.01282 0.215842 1.79505
v 0.01282 0.215842 1.79505
v 0 0.215842 1.7925
v 0 0.215842 1.7835
v 0.016264 0.215842 1.786735
v 0.016264 0.215842 1.786735
v 0 0.215842 1.7835
v 0 0.223636 1.779
v 0.017986 0.223636 1.782578
v 0 0.223636 1.779
v -0.017986 0.223636 1.782578
v -0.016264 0.231431 1.786735
v 0 0.231431 1.7835
v 0 0.231431 1.7835
v -0.016264 0.231431 1.786735
v -0.01282 0.231431 1.79505
v 0 0.231431 1.7925
v 0 0.231431 1.7925
v -0.01282 0.231431 1.79505
v -0.011098 0.223636 1.799207
v 0 0.223636 1.797
v 0 0.223636 1.797
v -0.011098 0.223636 1.799207
v -0.01282 0.215842 1.79505
v 0 0.215842 1.7925
v 0 0.215842 1.7925
v -0.01282 0.215842 1.79505
v -0.016264 0.215842 1.786735
v 0 0.215842 1.7835
v 0 0.215842 1.7835
v -0.016264 0.215842 1.786735
v -0.017986 0.223636 1.782578
v 0 0.223636 1.779
v -0.017986 0.223636 1.782578
v -0.033234 0.223636 1.792766
v -0.030052 0.231431 1.795948
v -0.016264 0.231431 1.786735
v -0.016264 0.231431 1.786735
v -0.030052 0.231431 1.795948
v -0.023688 0.231431 1.802312
v -0.01282 0.231431 1.79505
v -0.01282 0.231431 1.79505
v -0.023688 0.231431 1.802312
v -0.020506 0.223636 1.805494
v -0.011098 0.223636 1.799207
v -0.011098 0.223636 1.799207
v -0.020506 0.223636 1.805494
v -0.023688 0.215842 1.802312
v -0.01282 0.215842 1.79505
v -0.01282 0.215842 1.79505
v -0.023688 0.215842 1.802312
v -0.030052 0.215842 1.795948
v -0.016264 0.215842 1.786735
v -0.016264 0.215842 1.786735
v -0.030052 0.215842 1.795948
v -0.033234 0.223636 1.792766
v -0.017986 0.223636 1.782578
v -0.033234 0.223636 1.792766
v -0.043422 0.223636 1.808014
v -0.039265 0.231431 1.809736
v -0.030052 0.231431 1.795948
v -0.030052 0.231431 1.795948
v -0.039265 0.231431 1.809736
v -0.03095 0.231431 1.81318
v -0.023688 0.231431 1.802312
v -0.023688 0.231431 1.802312
v -0.03095 0.231431 1.81318
v -0.026793 0.223636 1.814902
v -0.020506 0.223636 1.805494
v -0.020506 0.223636 1.805494
v -0.026793 0.223636 1.814902
v -0.03095 0.215842 1.81318
v -0.023688 0.215842 1.802312
v -0.023688 0.215842 1.802312
v -0.03095 0.215842 1.81318
v -0.039265 0.215842 1.809736
v -0.030052 0.215842 1.795948
v -0.030052 0.215842 1.795948
v -0.039265 0.215842 1.809736
v -0.043422 0.223636 1.808014
v -0.033234 0.223636 1.792766
v -0.043422 0.223636 1.808014
v -0.047 0.223636 1.826
v -0.0425 0.231431 1.826
v -0.039265 0.231431 1.809736
v -0.039265 0.231431 1.809736
v -0.0425 0.231431 1.826
v -0.0335 0.231431 1.826
v -0.03095 0.231431 1.81318
v -0.03095 0.231431 1.81318
v -0.0335 0.231431 1.826
v -0.029 0.223636 1.826
v -0.026793 0.223636 1.814902
v -0.026793 0.223636 1.814902
v -0.029 0.223636 1.826
v -0.0335 0.215842 1.826
v -0.03095 0.215842 1.81318
v -0.03095 0.215842 1.81318
v -0.0335 0.215842 1.826
v -0.0425 0.215842 1.826
v -0.039265 0.215842 1.809736
v -0.039265 0.215842 1.809736
v -0.0425 0.215842 1.826
v -0.047 0.223636 1.826
v -0.043422 0.223636 1.808014
v -0.047 0.223636 1.826
v -0.043422 0.223636 1.843986
v -0.039265 0.231431 1.842264
v -0.0425 0.231431 1.826
v -0.0425 0.231431 1.826
v -0.039265 0.231431 1.842264
v -0.03095 0.231431 1.83882
v -0.0335 0.231431 1.826
v -0.0335 0.231431 1.826
v -0.03095 0.231431 1.83882
v -0.026793 0.223636 1.837098
v -0.029 0.223636 1.826
v -0.029 0.223636 1.826
v -0.026793 0.223636 1.837098
v -0.03095 0.215842 1.83882
v -0.0335 0.215842 1.826
v -0.0335 0.215842 1.826
v -0.03095 0.215842 1.83882
v -0.039265 0.215842 1.842264
v -0.0425 0.215842 1.826
v -0.0425 0.215842 1.826
v -0.039265 0.215842 1.842264
v -0.043422 0.223636 1.843986
v -0.047 0.223636 1.826
v -0.043422 0.223636 1.843986
v -0.033234 0.223636 1.859234
v -0.030052 0.231431 1.856052
v -0.039265 0.231431 1.842264
v -0.039265 0.231431 1.842264
v -0.030052 0.231431 1.856052
v -0.023688 0.231431 1.849688
v -0.03095 0.231431 1.83882
v -0.03095 0.231431 1.83882
v -0.023688 0.231431 1.849688
v -0.020506 0.223636 1.846506
v -0.026793 0.223636 1.837098
v -0.026793 0.223636 1.837098
v -0.020506 0.223636 1.846506
v -0.023688 0.215842 1.849688
v -0.03095 0.215842 1.83882
v -0.03095 0.215842 1.83882
v -0.023688 0.215842 1.849688
v -0.030052 0.215842 1.856052
v -0.039265 0.215842 1.842264
v -0.039265 0.215842 1.842264
v -0.030052 0.215842 1.856052
v -0.033234 0.223636 1.859234
v -0.043422 0.223636 1.843986
v -0.033234 0.223636 1.859234
v -0.017986 0.223636 1.869422
v -0.016264 0.231431 1.865265
v -0.030052 0.231431 1.856052
v -0.030052 0.231431 1.856052
v -0.016264 0.231431 1.865265
v -0.01282 0.231431 1.85695
v -0.023688 0.231431 1.849688
v -0.023688 0.231431 1.849688
v -0.01282 0.231431 1.85695
v -0.011098 0.223636 1.852793
v -0.020506 0.223636 1.846506
v -0.020506 0.223636 1.846506
v -0.011098 0.223636 1.852793
v -0.01282 0.215842 1.85695
v -0.023688 0.215842 1.849688
v -0.023688 0.215842 1.849688
v -0.01282 0.215842 1.85695
v -0.016264 0.215842 1.865265
v -0.030052 0.215842 1.856052
v -0.030052 0.215842 1.856052
v -0.016264 0.215842 1.865265
v -0.017986 0.223636 1.869422
v -0.033234 0.223636 1.859234
v -0.017986 0.223636 1.869422
v 0 0.223636 1.873
v 0 0.231431 1.8685
v -0.016264 0.231431 1.865265
v -0.016264 0.231431 1.865265
v 0 0.231431 1.8685
v 0 0.231431 1.8595
v -0.01282 0.231431 1.85695
v -0.01282 0.231431 1.85695
v 0 0.231431 1.8595
v 0 0.223636 1.855
v -0.011098 0.223636 1.852793
v -0.011098 0.223636 1.852793
v 0 0.223636 1.855
v 0 0.215842 1.8595
v -0.01282 0.215842 1.85695
v -0.01282 0.215842 1.85695
v 0 0.215842 1.8595
v 0 0.215842 1.8685
v -0.016264 0.215842 1.865265
v -0.016264 0.215842 1.865265
v 0 0.215842 1.8685
v 0 0.223636 1.873
v -0.017986 0.223636 1.869422
v 0 0.223636 1.873
v 0.017986 0.223636 1.869422
v 0.016264 0.231431 1.865265
v 0 0.231431 1.8685
v 0 0.231431 1.8685
v 0.016264 0.231431 1.865265
v 0.01282 0.231431 1.85695
v 0 0.231431 1.8595
v 0 0.231431 1.8595
v 0.01282 0.231431 1.85695
v 0.011098 0.223636 1.852793
v 0 0.223636 1.855
v 0 0.223636 1.855
v 0.011098 0.223636 1.852793
v 0.01282 0.215842 1.85695
v 0 0.215842 1.8595
v 0 0.215842 1.8595
v 0.01282 0.215842 1.85695
v 0.016264 0.215842 1.865265
v 0 0.215842 1.8685
v 0 0.215842 1.8685
v 0.016264 0.215842 1.865265
v 0.017986 0.223636 1.869422
v 0 0.223636 1.873
v 0.017986 0.223636 1.869422
v 0.033234 0.223636 1.859234
v 0.030052 0.231431 1.856052
v 0.016264 0.231431 1.865265
v 0.016264 0.231431 1.865265
v 0.030052 0.231431 1.856052
v 0.023688 0.231431 1.849688
v 0.01282 0.231431 1.85695
v 0.01282 0.231431 1.85695
v 0.023688 0.231431 1.849688
v 0.020506 0.223636 1.846506
v 0.011098 0.223636 1.852793
v 0.011098 0.223636 1.852793
v 0.020506 0.223636 1.846506
v 0.023688 0.215842 1.849688
v 0.01282 0.215842 1.85695
v 0.01282 0.215842 1.85695
v 0.023688 0.215842 1.849688
v 0.030052 0.215842 1.856052
v 0.016264 0.215842 1.865265
v 0.016264 0.215842 1.865265
v 0.030052 0.215842 1.856052
v 0.033234 0.223636 1.859234
v 0.017986 0.223636 1.869422
v 0.033234 0.223636 1.859234
v 0.043422 0.223636 1.843986
v 0.039265 0.231431 1.842264
v 0.030052 0.231431 1.856052
v 0.030052 0.231431 1.856052
v 0.039265 0.231431 1.842264
v 0.03095 0.231431 1.83882
v 0.023688 0.231431 1.849688
v 0.023688 0.231431 1.849688
v 0.03095 0.231431 1.83882
v 0.026793 0.223636 1.837098
v 0.020506 0.223636 1.846506
v 0.020506 0.223636 1.846506
v 0.026793 0.223636 1.837098
v 0.03095 0.215842 1.83882
v 0.023688 0.215842 1.849688
v 0.023688 0.215842 1.849688
v 0.03095 0.215842 1.83882
v 0.039265 0.215842 1.842264
v 0.030052 0.215842 1.856052
v 0.030052 0.215842 1.856052
v 0.039265 0.215842 1.842264
v 0.043422 0.223636 1.843986
v 0.033234 0.223636 1.859234
v 0.043422 0.223636 1.843986
v 0.047 0.223636 1.826
v 0.0425 0.231431 1.826
v 0.039265 0.231431 1.842264
v 0.039265 0.231431 1.842264
v 0.0425 0.231431 1.826
v 0.0335 0.231431 1.826
v 0.03095 0.231431 1.83882
v 0.03095 0.231431 1.83882
v 0.0335 0.231431 1.826
v 0.029 0.223636 1.826
v 0.026793 0.223636 1.837098
v 0.026793 0.223636 1.837098
v 0.029 0.223636 1.826
v 0.0335 0.215842 1.826
v 0.03095 0.215842 1.83882
v 0.03095 0.215842 1.83882
v 0.0335 0.215842 1.826
v 0.0425 0.215842 1.826
v 0.039265 0.215842 1.842264
v 0.039265 0.215842 1.842264
v 0.0425 0.215842 1.826
v 0.047 0.223636 1.826
v 0.043422 0.223636 1.843986
v -0.06 0.206136 1.7935
v -0.06 0.241136 1.7935
v -0.06 0.241136 1.7485
v -0.06 0.206136 1.7485
v 0.06 0.206136 1.7485
v 0.06 0.241136 1.7485
v 0.06 0.241136 1.7935
v 0.06 0.206136 1.7935
v -0.05 0.196136 1.7485
v 0.05 0.196136 1.7485
v 0.05 0.196136 1.7935
v -0.05 0.196136 1.7935
v -0.05 0.251136 1.7935
v 0.05 0.251136 1.7935
v 0.05 0.251136 1.7485
v -0.05 0.251136 1.7485
v -0.05 0.241136 1.7385
v 0.05 0.241136 1.7385
v 0.05 0.206136 1.7385
v -0.05 0.206136 1.7385
v -0.05 0.206136 1.8035
v 0.05 0.206136 1.8035
v 0.05 0.241136 1.8035
v -0.05 0.241136 1.8035
v -0.06 0.206136 1.7485
v -0.05 0.196136 1.7485
v -0.05 0.196136 1.7935
v -0.06 0.206136 1.7935
v -0.06 0.241136 1.7935
v -0.05 0.251136 1.7935
v -0.05 0.251136 1.7485
v -0.06 0.241136 1.7485
v 0.06 0.206136 1.7935
v 0.05 0.196136 1.7935
v 0.05 0.196136 1.7485
v 0.06 0.206136 1.7485
v 0.06 0.241136 1.7485
v 0.05 0.251136 1.7485
v 0.05 0.251136 1.7935
v 0.06 0.241136 1.7935
v -0.06 0.241136 1.7485
v -0.05 0.241136 1.7385
v -0.05 0.206136 1.7385
v -0.06 0.206136 1.7485
v -0.06 0.206136 1.7935
v -0.05 0.206136 1.8035
v -0.05 0.241136 1.8035
v -0.06 0.241136 1.7935
v 0.06 0.206136 1.7485
v 0.05 0.206136 1.7385
v 0.05 0.241136 1.7385
v 0.06 0.241136 1.7485
v 0.06 0.241136 1.7935
v 0.05 0.241136 1.8035
v 0.05 0.206136 1.8035
v 0.06 0.206136 1.7935
v -0.05 0.196136 1.7485
v -0.05 0.206136 1.7385
v 0.05 0.206136 1.7385
v 0.05 0.196136 1.7485
v 0.05 0.196136 1.7935
v 0.05 0.206136 1.8035
v -0.05 0.206136 1.8035
v -0.05 0.196136 1.7935
v 0.05 0.251136 1.7485
v 0.05 0.241136 1.7385
v -0.05 0.241136 1.7385
v -0.05 0.251136 1.7485
v -0.05 0.251136 1.7935
v -0.05 0.241136 1.8035
v 0.05 0.241136 1.8035
v 0.05 0.251136 1.7935
v -0.05 0.206136 1.7385
v -0.05 0.196136 1.7485
v -0.06 0.206136 1.7485
v -0.06 0.206136 1.7935
v -0.05 0.196136 1.7935
v -0.05 0.206136 1.8035
v -0.06 0.241136 1.7485
v -0.05 0.251136 1.7485
v -0.05 0.241136 1.7385
v -0.05 0.241136 1.8035
v -0.05 0.251136 1.7935
v -0.06 0.241136 1.7935
v 0.06 0.206136 1.7485
v 0.05 0.196136 1.7485
v 0.05 0.206136 1.7385
v 0.05 0.206136 1.8035
v 0.05 0.196136 1.7935
v 0.06 0.206136 1.7935
v 0.05 0.241136 1.7385
v 0.05 0.251136 1.7485
v 0.06 0.241136 1.7485
v 0.06 0.241136 1.7935
v 0.05 0.251136 1.7935
v 0.05 0.241136 1.8035
v -0.23 0.217586 1.90105
v -0.23 0.229686 1.90105
v -0.23 0.229686 1.29095
v -0.23 0.217586 1.29095
v 0.23 0.217586 1.29095
v 0.23 0.229686 1.29095
v 0.23 0.229686 1.90105
v 0.23 0.217586 1.90105
v -0.22505 0.212636 1.29095
v 0.22505 0.212636 1.29095
v 0.22505 0.212636 1.90105
v -0.22505 0.212636 1.90105
v -0.22505 0.234636 1.90105
v 0.22505 0.234636 1.90105
v 0.22505 0.234636 1.29095
v -0.22505 0.234636 1.29095
v -0.22505 0.229686 1.286
v 0.22505 0.229686 1.286
v 0.22505 0.217586 1.286
v -0.22505 0.217586 1.286
v -0.22505 0.217586 1.906
v 0.22505 0.217586 1.906
v 0.22505 0.229686 1.906
v -0.22505 0.229686 1.906
v -0.23 0.217586 1.29095
v -0.22505 0.212636 1.29095
v -0.22505 0.212636 1.90105
v -0.23 0.217586 1.90105
v -0.23 0.229686 1.90105
v -0.22505 0.234636 1.90105
v -0.22505 0.234636 1.29095
v -0.23 0.229686 1.29095
v 0.23 0.217586 1.90105
v 0.22505 0.212636 1.90105
v 0.22505 0.212636 1.29095
v 0.23 0.217586 1.29095
v 0.23 0.229686 1.29095
v 0.22505 0.234636 1.29095
v 0.22505 0.234636 1.90105
v 0.23 0.229686 1.90105
v -0.23 0.229686 1.29095
v -0.22505 0.229686 1.286
v -0.22505 0.217586 1.286
v -0.23 0.217586 1.29095
v -0.23 0.217586 1.90105
v -0.22505 0.217586 1.906
v -0.22505 0.229686 1.906
v -0.23 0.229686 1.90105
v 0.23 0.217586 1.29095
v 0.22505 0.217586 1.286
v 0.22505 0.229686 1.286
v 0.23 0.229686 1.29095
v 0.23 0.229686 1.90105
v 0.22505 0.229686 1.906
v 0.22505 0.217586 1.906
v 0.23 0.217586 1.90105
v -0.22505 0.212636 1.29095
v -0.22505 0.217586 1.286
v 0.22505 0.217586 1.286
v 0.22505 0.212636 1.29095
v 0.22505 0.212636 1.90105
v 0.22505 0.217586 1.906
v -0.22505 0.217586 1.906
v -0.22505 0.212636 1.90105
v 0.22505 0.234636 1.29095
v 0.22505 0.229686 1.286
v -0.22505 0.229686 1.286
v -0.22505 0.234636 1.29095
v -0.22505 0.234636 1.90105
v -0.22505 0.229686 1.906
v 0.22505 0.229686 1.906
v 0.22505 0.234636 1.90105
v -0.22505 0.217586 1.286
v -0.22505 0.212636 1.29095
v -0.23 0.217586 1.29095
v -0.23 0.217586 1.90105
v -0.22505 0.212636 1.90105
v -0.22505 0.217586 1.906
v -0.23 0.229686 1.29095
v -0.22505 0.234636 1.29095
v -0.22505 0.229686 1.286
v -0.22505 0.229686 1.906
v -0.22505 0.234636 1.90105
v -0.23 0.229686 1.90105
v 0.23 0.217586 1.29095
v 0.22505 0.212636 1.29095
v 0.22505 0.217586 1.286
v 0.22505 0.217586 1.906
v 0.22505 0.212636 1.90105
v 0.23 0.217586 1.90105
v 0.22505 0.229686 1.286
v 0.22505 0.234636 1.29095
v 0.23 0.229686 1.29095
v 0.23 0.229686 1.90105
v 0.22505 0.234636 1.90105
v 0.22505 0.229686 1.906
v -0.17 0.208161 1.871475
v -0.17 0.213111 1.871475
v -0.17 0.213111 1.830525
v -0.17 0.208161 1.830525
v 0.17 0.208161 1.830525
v 0.17 0.213111 1.830525
v 0.17 0.213111 1.871475
v 0.17 0.208161 1.871475
v -0.167975 0.206136 1.830525
v 0.167975 0.206136 1.830525
v 0.167975 0.206136 1.871475
v -0.167975 0.206136 1.871475
v -0.167975 0.215136 1.871475
v 0.167975 0.215136 1.871475
v 0.167975 0.215136 1.830525
v -0.167975 0.215136 1.830525
v -0.167975 0.213111 1.8285
v 0.167975 0.213111 1.8285
v 0.167975 0.208161 1.8285
v -0.167975 0.208161 1.8285
v -0.167975 0.208161 1.8735
v 0.167975 0.208161 1.8735
v 0.167975 0.213111 1.8735
v -0.167975 0.213111 1.8735
v -0.17 0.208161 1.830525
v -0.167975 0.206136 1.830525
v -0.167975 0.206136 1.871475
v -0.17 0.208161 1.871475
v -0.17 0.213111 1.871475
v -0.167975 0.215136 1.871475
v -0.167975 0.215136 1.830525
v -0.17 0.213111 1.830525
v 0.17 0.208161 1.871475
v 0.167975 0.206136 1.871475
v 0.167975 0.206136 1.830525
v 0.17 0.208161 1.830525
v 0.17 0.213111 1.830525
v 0.167975 0.215136 1.830525
v 0.167975 0.215136 1.871475
v 0.17 0.213111 1.871475
v -0.17 0.213111 1.830525
v -0.167975 0.213111 1.8285
v -0.167975 0.208161 1.8285
v -0.17 0.208161 1.830525
v -0.17 0.208161 1.871475
v -0.167975 0.208161 1.8735
v -0.167975 0.213111 1.8735
v -0.17 0.213111 1.871475
v 0.17 0.208161 1.830525
v 0.167975 0.208161 1.8285
v 0.167975 0.213111 1.8285
v 0.17 0.213111 1.830525
v 0.17 0.213111 1.871475
v 0.167975 0.213111 1.8735
v 0.167975 0.208161 1.8735
v 0.17 0.208161 1.871475
v -0.167975 0.206136 1.830525
v -0.167975 0.208161 1.8285
v 0.167975 0.208161 1.8285
v 0.167975 0.206136 1.830525
v 0.167975 0.206136 1.871475
v 0.167975 0.208161 1.8735
v -0.167975 0.208161 1.8735
v -0.167975 0.206136 1.871475
v 0.167975 0.215136 1.830525
v 0.167975 0.213111 1.8285
v -0.167975 0.213111 1.8285
v -0.167975 0.215136 1.830525
v -0.167975 0.215136 1.871475
v -0.167975 0.213111 1.8735
v 0.167975 0.213111 1.8735
v 0.167975 0.215136 1.871475
v -0.167975 0.208161 1.8285
v -0.167975 0.206136 1.830525
v -0.17 0.208161 1.830525
v -0.17 0.208161 1.871475
v -0.167975 0.206136 1.871475
v -0.167975 0.208161 1.8735
v -0.17 0.213111 1.830525
v -0.167975 0.215136 1.830525
v -0.167975 0.213111 1.8285
v -0.167975 0.213111 1.8735
v -0.167975 0.215136 1.871475
v -0.17 0.213111 1.871475
v 0.17 0.208161 1.830525
v 0.167975 0.206136 1.830525
v 0.167975 0.208161 1.8285
v 0.167975 0.208161 1.8735
v 0.167975 0.206136 1.871475
v 0.17 0.208161 1.871475
v 0.167975 0.213111 1.8285
v 0.167975 0.215136 1.830525
v 0.17 0.213111 1.830525
v 0.17 0.213111 1.871475
v 0.167975 0.215136 1.871475
v 0.167975 0.213111 1.8735
v -0.1525 0.207161 1.793975
v -0.1525 0.212111 1.793975
v -0.1525 0.212111 1.438025
v -0.1525 0.207161 1.438025
v -0.1275 0.207161 1.438025
v -0.1275 0.212111 1.438025
v -0.1275 0.212111 1.793975
v -0.1275 0.207161 1.793975
v -0.150475 0.205136 1.438025
v -0.129525 0.205136 1.438025
v -0.129525 0.205136 1.793975
v -0.150475 0.205136 1.793975
v -0.150475 0.214136 1.793975
v -0.129525 0.214136 1.793975
v -0.129525 0.214136 1.438025
v -0.150475 0.214136 1.438025
v -0.150475 0.212111 1.436
v -0.129525 0.212111 1.436
v -0.129525 0.207161 1.436
v -0.150475 0.207161 1.436
v -0.150475 0.207161 1.796
v -0.129525 0.207161 1.796
v -0.129525 0.212111 1.796
v -0.150475 0.212111 1.796
v -0.1525 0.207161 1.438025
v -0.150475 0.205136 1.438025
v -0.150475 0.205136 1.793975
v -0.1525 0.207161 1.793975
v -0.1525 0.212111 1.793975
v -0.150475 0.214136 1.793975
v -0.150475 0.214136 1.438025
v -0.1525 0.212111 1.438025
v -0.1275 0.207161 1.793975
v -0.129525 0.205136 1.793975
v -0.129525 0.205136 1.438025
v -0.1275 0.207161 1.438025
v -0.1275 0.212111 1.438025
v -0.129525 0.214136 1.438025
v -0.129525 0.214136 1.793975
v -0.1275 0.212111 1.793975
v -0.1525 0.212111 1.438025
v -0.150475 0.212111 1.436
v -0.150475 0.207161 1.436
v -0.1525 0.207161 1.438025
v -0.1525 0.207161 1.793975
v -0.150475 0.207161 1.796
v -0.150475 0.212111 1.796
v -0.1525 0.212111 1.793975
v -0.1275 0.207161 1.438025
v -0.129525 0.207161 1.436
v -0.129525 0.212111 1.436
v -0.1275 0.212111 1.438025
v -0.1275 0.212111 1.793975
v -0.129525 0.212111 1.796
v -0.129525 0.207161 1.796
v -0.1275 0.207161 1.793975
v -0.150475 0.205136 1.438025
v -0.150475 0.207161 1.436
v -0.129525 0.207161 1.436
v -0.129525 0.205136 1.438025
v -0.129525 0.205136 1.793975
v -0.129525 0.207161 1.796
v -0.150475 0.207161 1.796
v -0.150475 0.205136 1.793975
v -0.129525 0.214136 1.438025
v -0.129525 0.212111 1.436
v -0.150475 0.212111 1.436
v -0.150475 0.214136 1.438025
v -0.150475 0.214136 1.793975
v -0.150475 0.212111 1.796
v -0.129525 0.212111 1.796
v -0.129525 0.214136 1.793975
v -0.150475 0.207161 1.436
v -0.150475 0.205136 1.438025
v -0.1525 0.207161 1.438025
v -0.1525 0.207161 1.793975
v -0.150475 0.205136 1.793975
v -0.150475 0.207161 1.796
v -0.1525 0.212111 1.438025
v -0.150475 0.214136 1.438025
v -0.150475 0.212111 1.436
v -0.150475 0.212111 1.796
v -0.150475 0.214136 1.793975
v -0.1525 0.212111 1.793975
v -0.1275 0.207161 1.438025
v -0.129525 0.205136 1.438025
v -0.129525 0.207161 1.436
v -0.129525 0.207161 1.796
v -0.129525 0.205136 1.793975
v -0.1275 0.207161 1.793975
v -0.129525 0.212111 1.436
v -0.129525 0.214136 1.438025
v -0.1275 0.212111 1.438025
v -0.1275 0.212111 1.793975
v -0.129525 0.214136 1.793975
v -0.129525 0.212111 1.796
v 0.119 0.207161 1.723975
v 0.119 0.212111 1.723975
v 0.119 0.212111 1.428025
v 0.119 0.207161 1.428025
v 0.141 0.207161 1.428025
v 0.141 0.212111 1.428025
v 0.141 0.212111 1.723975
v 0.141 0.207161 1.723975
v 0.121025 0.205136 1.428025
v 0.138975 0.205136 1.428025
v 0.138975 0.205136 1.723975
v 0.121025 0.205136 1.723975
v 0.121025 0.214136 1.723975
v 0.138975 0.214136 1.723975
v 0.138975 0.214136 1.428025
v 0.121025 0.214136 1.428025
v 0.121025 0.212111 1.426
v 0.138975 0.212111 1.426
v 0.138975 0.207161 1.426
v 0.121025 0.207161 1.426
v 0.121025 0.207161 1.726
v 0.138975 0.207161 1.726
v 0.138975 0.212111 1.726
v 0.121025 0.212111 1.726
v 0.119 0.207161 1.428025
v 0.121025 0.205136 1.428025
v 0.121025 0.205136 1.723975
v 0.119 0.207161 1.723975
v 0.119 0.212111 1.723975
v 0.121025 0.214136 1.723975
v 0.121025 0.214136 1.428025
v 0.119 0.212111 1.428025
v 0.141 0.207161 1.723975
v 0.138975 0.205136 1.723975
v 0.138975 0.205136 1.428025
v 0.141 0.207161 1.428025
v 0.141 0.212111 1.428025
v 0.138975 0.214136 1.428025
v 0.138975 0.214136 1.723975
v 0.141 0.212111 1.723975
v 0.119 0.212111 1.428025
v 0.121025 0.212111 1.426
v 0.121025 0.207161 1.426
v 0.119 0.207161 1.428025
v 0.119 0.207161 1.723975
v 0.121025 0.207161 1.726
v 0.121025 0.212111 1.726
v 0.119 0.212111 1.723975
v 0.141 0.207161 1.428025
v 0.138975 0.207161 1.426
v 0.138975 0.212111 1.426
v 0.141 0.212111 1.428025
v 0.141 0.212111 1.723975
v 0.138975 0.212111 1.726
v 0.138975 0.207161 1.726
v 0.141 0.207161 1.723975
v 0.121025 0.205136 1.428025
v 0.121025 0.207161 1.426
v 0.138975 0.207161 1.426
v 0.138975 0.205136 1.428025
v 0.138975 0.205136 1.723975
v 0.138975 0.207161 1.726
v 0.121025 0.207161 1.726
v 0.121025 0.205136 1.723975
v 0.138975 0.214136 1.428025
v 0.138975 0.212111 1.426
v 0.121025 0.212111 1.426
v 0.121025 0.214136 1.428025
v 0.121025 0.214136 1.723975
v 0.121025 0.212111 1.726
v 0.138975 0.212111 1.726
v 0.138975 0.214136 1.723975
v 0.121025 0.207161 1.426
v 0.121025 0.205136 1.428025
v 0.119 0.207161 1.428025
v 0.119 0.207161 1.723975
v 0.121025 0.205136 1.723975
v 0.121025 0.207161 1.726
v 0.119 0.212111 1.428025
v 0.121025 0.214136 1.428025
v 0.121025 0.212111 1.426
v 0.121025 0.212111 1.726
v 0.121025 0.214136 1.723975
v 0.119 0.212111 1.723975
v 0.141 0.207161 1.428025
v 0.138975 0.205136 1.428025
v 0.138975 0.207161 1.426
v 0.138975 0.207161 1.726
v 0.138975 0.205136 1.723975
v 0.141 0.207161 1.723975
v 0.138975 0.212111 1.426
v 0.138975 0.214136 1.428025
v 0.141 0.212111 1.428025
v 0.141 0.212111 1.723975
v 0.138975 0.214136 1.723975
v 0.138975 0.212111 1.726
v -0.155 0.207161 1.474975
v -0.155 0.212111 1.474975
v -0.155 0.212111 1.457025
v -0.155 0.207161 1.457025
v 0.155 0.207161 1.457025
v 0.155 0.212111 1.457025
v 0.155 0.212111 1.474975
v 0.155 0.207161 1.474975
v -0.152975 0.205136 1.457025
v 0.152975 0.205136 1.457025
v 0.152975 0.205136 1.474975
v -0.152975 0.205136 1.474975
v -0.152975 0.214136 1.474975
v 0.152975 0.214136 1.474975
v 0.152975 0.214136 1.457025
v -0.152975 0.214136 1.457025
v -0.152975 0.212111 1.455
v 0.152975 0.212111 1.455
v 0.152975 0.207161 1.455
v -0.152975 0.207161 1.455
v -0.152975 0.207161 1.477
v 0.152975 0.207161 1.477
v 0.152975 0.212111 1.477
v -0.152975 0.212111 1.477
v -0.155 0.207161 1.457025
v -0.152975 0.205136 1.457025
v -0.152975 0.205136 1.474975
v -0.155 0.207161 1.474975
v -0.155 0.212111 1.474975
v -0.152975 0.214136 1.474975
v -0.152975 0.214136 1.457025
v -0.155 0.212111 1.457025
v 0.155 0.207161 1.474975
v 0.152975 0.205136 1.474975
v 0.152975 0.205136 1.457025
v 0.155 0.207161 1.457025
v 0.155 0.212111 1.457025
v 0.152975 0.214136 1.457025
v 0.152975 0.214136 1.474975
v 0.155 0.212111 1.474975
v -0.155 0.212111 1.457025
v -0.152975 0.212111 1.455
v -0.152975 0.207161 1.455
v -0.155 0.207161 1.457025
v -0.155 0.207161 1.474975
v -0.152975 0.207161 1.477
v -0.152975 0.212111 1.477
v -0.155 0.212111 1.474975
v 0.155 0.207161 1.457025
v 0.152975 0.207161 1.455
v 0.152975 0.212111 1.455
v 0.155 0.212111 1.457025
v 0.155 0.212111 1.474975
v 0.152975 0.212111 1.477
v 0.152975 0.207161 1.477
v 0.155 0.207161 1.474975
v -0.152975 0.205136 1.457025
v -0.152975 0.207161 1.455
v 0.152975 0.207161 1.455
v 0.152975 0.205136 1.457025
v 0.152975 0.205136 1.474975
v 0.152975 0.207161 1.477
v -0.152975 0.207161 1.477
v -0.152975 0.205136 1.474975
v 0.152975 0.214136 1.457025
v 0.152975 0.212111 1.455
v -0.152975 0.212111 1.455
v -0.152975 0.214136 1.457025
v -0.152975 0.214136 1.474975
v -0.152975 0.212111 1.477
v 0.152975 0.212111 1.477
v 0.152975 0.214136 1.474975
v -0.152975 0.207161 1.455
v -0.152975 0.205136 1.457025
v -0.155 0.207161 1.457025
v -0.155 0.207161 1.474975
v -0.152975 0.205136 1.474975
v -0.152975 0.207161 1.477
v -0.155 0.212111 1.457025
v -0.152975 0.214136 1.457025
v -0.152975 0.212111 1.455
v -0.152975 0.212111 1.477
v -0.152975 0.214136 1.474975
v -0.155 0.212111 1.474975
v 0.155 0.207161 1.457025
v 0.152975 0.205136 1.457025
v 0.152975 0.207161 1.455
v 0.152975 0.207161 1.477
v 0.152975 0.205136 1.474975
v 0.155 0.207161 1.474975
v 0.152975 0.212111 1.455
v 0.152975 0.214136 1.457025
v 0.155 0.212111 1.457025
v 0.155 0.212111 1.474975
v 0.152975 0.214136 1.474975
v 0.152975 0.212111 1.477
v -0.142 0.199636 1.846
v -0.143783 0.199636 1.83819
v -0.143783 0.211636 1.83819
v -0.142 0.211636 1.846
v -0.143783 0.199636 1.83819
v -0.148777 0.199636 1.831927
v -0.148777 0.211636 1.831927
v -0.143783 0.211636 1.83819
v -0.148777 0.199636 1.831927
v -0.155995 0.199636 1.828451
v -0.155995 0.211636 1.828451
v -0.148777 0.211636 1.831927
v -0.155995 0.199636 1.828451
v -0.164005 0.199636 1.828451
v -0.164005 0.211636 1.828451
v -0.155995 0.211636 1.828451
v -0.164005 0.199636 1.828451
v -0.171223 0.199636 1.831927
v -0.171223 0.211636 1.831927
v -0.164005 0.211636 1.828451
v -0.171223 0.199636 1.831927
v -0.176217 0.199636 1.83819
v -0.176217 0.211636 1.83819
v -0.171223 0.211636 1.831927
v -0.176217 0.199636 1.83819
v -0.178 0.199636 1.846
v -0.178 0.211636 1.846
v -0.176217 0.211636 1.83819
v -0.178 0.199636 1.846
v -0.176217 0.199636 1.85381
v -0.176217 0.211636 1.85381
v -0.178 0.211636 1.846
v -0.176217 0.199636 1.85381
v -0.171223 0.199636 1.860073
v -0.171223 0.211636 1.860073
v -0.176217 0.211636 1.85381
v -0.171223 0.199636 1.860073
v -0.164005 0.199636 1.863549
v -0.164005 0.211636 1.863549
v -0.171223 0.211636 1.860073
v -0.164005 0.199636 1.863549
v -0.155995 0.199636 1.863549
v -0.155995 0.211636 1.863549
v -0.164005 0.211636 1.863549
v -0.155995 0.199636 1.863549
v -0.148777 0.199636 1.860073
v -0.148777 0.211636 1.860073
v -0.155995 0.211636 1.863549
v -0.148777 0.199636 1.860073
v -0.143783 0.199636 1.85381
v -0.143783 0.211636 1.85381
v -0.148777 0.211636 1.860073
v -0.143783 0.199636 1.85381
v -0.142 0.199636 1.846
v -0.142 0.211636 1.846
v -0.143783 0.211636 1.85381
v -0.142 0.199636 1.846
v -0.143783 0.199636 1.83819
v -0.148777 0.199636 1.831927
v -0.155995 0.199636 1.828451
v -0.164005 0.199636 1.828451
v -0.171223 0.199636 1.831927
v -0.176217 0.199636 1.83819
v -0.178 0.199636 1.846
v -0.176217 0.199636 1.85381
v -0.171223 0.199636 1.860073
v -0.164005 0.199636 1.863549
v -0.155995 0.199636 1.863549
v -0.148777 0.199636 1.860073
v -0.143783 0.199636 1.85381
v -0.142 0.211636 1.846
v -0.143783 0.211636 1.83819
v -0.148777 0.211636 1.831927
v -0.155995 0.211636 1.828451
v -0.164005 0.211636 1.828451
v -0.171223 0.211636 1.831927
v -0.176217 0.211636 1.83819
v -0.178 0.211636 1.846
v -0.176217 0.211636 1.85381
v -0.171223 0.211636 1.860073
v -0.164005 0.211636 1.863549
v -0.155995 0.211636 1.863549
v -0.148777 0.211636 1.860073
v -0.143783 0.211636 1.85381
v 0.178 0.199636 1.846
v 0.176217 0.199636 1.83819
v 0.176217 0.211636 1.83819
v 0.178 0.211636 1.846
v 0.176217 0.199636 1.83819
v 0.171223 0.199636 1.831927
v 0.171223 0.211636 1.831927
v 0.176217 0.211636 1.83819
v 0.171223 0.199636 1.831927
v 0.164005 0.199636 1.828451
v 0.164005 0.211636 1.828451
v 0.171223 0.211636 1.831927
v 0.164005 0.199636 1.828451
v 0.155995 0.199636 1.828451
v 0.155995 0.211636 1.828451
v 0.164005 0.211636 1.828451
v 0.155995 0.199636 1.828451
v 0.148777 0.199636 1.831927
v 0.148777 0.211636 1.831927
v 0.155995 0.211636 1.828451
v 0.148777 0.199636 1.831927
v 0.143783 0.199636 1.83819
v 0.143783 0.211636 1.83819
v 0.148777 0.211636 1.831927
v 0.143783 0.199636 1.83819
v 0.142 0.199636 1.846
v 0.142 0.211636 1.846
v 0.143783 0.211636 1.83819
v 0.142 0.199636 1.846
v 0.143783 0.199636 1.85381
v 0.143783 0.211636 1.85381
v 0.142 0.211636 1.846
v 0.143783 0.199636 1.85381
v 0.148777 0.199636 1.860073
v 0.148777 0.211636 1.860073
v 0.143783 0.211636 1.85381
v 0.148777 0.199636 1.860073
v 0.155995 0.199636 1.863549
v 0.155995 0.211636 1.863549
v 0.148777 0.211636 1.860073
v 0.155995 0.199636 1.863549
v 0.164005 0.199636 1.863549
v 0.164005 0.211636 1.863549
v 0.155995 0.211636 1.863549
v 0.164005 0.199636 1.863549
v 0.171223 0.199636 1.860073
v 0.171223 0.211636 1.860073
v 0.164005 0.211636 1.863549
v 0.171223 0.199636 1.860073
v 0.176217 0.199636 1.85381
v 0.176217 0.211636 1.85381
v 0.171223 0.211636 1.860073
v 0.176217 0.199636 1.85381
v 0.178 0.199636 1.846
v 0.178 0.211636 1.846
v 0.176217 0.211636 1.85381
v 0.178 0.199636 1.846
v 0.176217 0.199636 1.83819
v 0.171223 0.199636 1.831927
v 0.164005 0.199636 1.828451
v 0.155995 0.199636 1.828451
v 0.148777 0.199636 1.831927
v 0.143783 0.199636 1.83819
v 0.142 0.199636 1.846
v 0.143783 0.199636 1.85381
v 0.148777 0.199636 1.860073
v 0.155995 0.199636 1.863549
v 0.164005 0.199636 1.863549
v 0.171223 0.199636 1.860073
v 0.176217 0.199636 1.85381
v 0.178 0.211636 1.846
v 0.176217 0.211636 1.83819
v 0.171223 0.211636 1.831927
v 0.164005 0.211636 1.828451
v 0.155995 0.211636 1.828451
v 0.148777 0.211636 1.831927
v 0.143783 0.211636 1.83819
v 0.142 0.211636 1.846
v 0.143783 0.211636 1.85381
v 0.148777 0.211636 1.860073
v 0.155995 0.211636 1.863549
v 0.164005 0.211636 1.863549
v 0.171223 0.211636 1.860073
v 0.176217 0.211636 1.85381
v -0.012 0.223636 1.146
v -0.010392 0.217636 1.146
v -0.010392 0.217636 1.306
v -0.012 0.223636 1.306
v -0.010392 0.217636 1.146
v -0.006 0.213244 1.146
v -0.006 0.213244 1.306
v -0.010392 0.217636 1.306
v -0.006 0.213244 1.146
v 0 0.211636 1.146
v 0 0.211636 1.306
v -0.006 0.213244 1.306
v 0 0.211636 1.146
v 0.006 0.213244 1.146
v 0.006 0.213244 1.306
v 0 0.211636 1.306
v 0.006 0.213244 1.146
v 0.010392 0.217636 1.146
v 0.010392 0.217636 1.306
v 0.006 0.213244 1.306
v 0.010392 0.217636 1.146
v 0.012 0.223636 1.146
v 0.012 0.223636 1.306
v 0.010392 0.217636 1.306
v 0.012 0.223636 1.146
v 0.010392 0.229636 1.146
v 0.010392 0.229636 1.306
v 0.012 0.223636 1.306
v 0.010392 0.229636 1.146
v 0.006 0.234029 1.146
v 0.006 0.234029 1.306
v 0.010392 0.229636 1.306
v 0.006 0.234029 1.146
v 0 0.235636 1.146
v 0 0.235636 1.306
v 0.006 0.234029 1.306
v 0 0.235636 1.146
v -0.006 0.234029 1.146
v -0.006 0.234029 1.306
v 0 0.235636 1.306
v -0.006 0.234029 1.146
v -0.010392 0.229636 1.146
v -0.010392 0.229636 1.306
v -0.006 0.234029 1.306
v -0.010392 0.229636 1.146
v -0.012 0.223636 1.146
v -0.012 0.223636 1.306
v -0.010392 0.229636 1.306
v -0.012 0.223636 1.146
v -0.010392 0.217636 1.146
v -0.006 0.213244 1.146
v 0 0.211636 1.146
v 0.006 0.213244 1.146
v 0.010392 0.217636 1.146
v 0.012 0.223636 1.146
v 0.010392 0.229636 1.146
v 0.006 0.234029 1.146
v 0 0.235636 1.146
v -0.006 0.234029 1.146
v -0.010392 0.229636 1.146
v -0.012 0.223636 1.306
v -0.010392 0.217636 1.306
v -0.006 0.213244 1.306
v 0 0.211636 1.306
v 0.006 0.213244 1.306
v 0.010392 0.217636 1.306
v 0.012 0.223636 1.306
v 0.010392 0.229636 1.306
v 0.006 0.234029 1.306
v 0 0.235636 1.306
v -0.006 0.234029 1.306
v -0.010392 0.229636 1.306
v 0.044 0.372727 1.97
v 0.040237 0.372727 1.953512
v 0.036633 0.379655 1.955248
v 0.04 0.379655 1.97
v 0.04 0.379655 1.97
v 0.036633 0.379655 1.955248
v 0.029425 0.379655 1.958719
v 0.032 0.379655 1.97
v 0.032 0.379655 1.97
v 0.029425 0.379655 1.958719
v 0.025821 0.372727 1.960455
v 0.028 0.372727 1.97
v 0.028 0.372727 1.97
v 0.025821 0.372727 1.960455
v 0.029425 0.365799 1.958719
v 0.032 0.365799 1.97
v 0.032 0.365799 1.97
v 0.029425 0.365799 1.958719
v 0.036633 0.365799 1.955248
v 0.04 0.365799 1.97
v 0.04 0.365799 1.97
v 0.036633 0.365799 1.955248
v 0.040237 0.372727 1.953512
v 0.044 0.372727 1.97
v 0.040237 0.372727 1.953512
v 0.029693 0.372727 1.94029
v 0.027199 0.379655 1.943418
v 0.036633 0.379655 1.955248
v 0.036633 0.379655 1.955248
v 0.027199 0.379655 1.943418
v 0.022211 0.379655 1.949672
v 0.029425 0.379655 1.958719
v 0.029425 0.379655 1.958719
v 0.022211 0.379655 1.949672
v 0.019717 0.372727 1.9528
v 0.025821 0.372727 1.960455
v 0.025821 0.372727 1.960455
v 0.019717 0.372727 1.9528
v 0.022211 0.365799 1.949672
v 0.029425 0.365799 1.958719
v 0.029425 0.365799 1.958719
v 0.022211 0.365799 1.949672
v 0.027199 0.365799 1.943418
v 0.036633 0.365799 1.955248
v 0.036633 0.365799 1.955248
v 0.027199 0.365799 1.943418
v 0.029693 0.372727 1.94029
v 0.040237 0.372727 1.953512
v 0.029693 0.372727 1.94029
v 0.014456 0.372727 1.932953
v 0.013566 0.379655 1.936852
v 0.027199 0.379655 1.943418
v 0.027199 0.379655 1.943418
v 0.013566 0.379655 1.936852
v 0.011786 0.379655 1.944652
v 0.022211 0.379655 1.949672
v 0.022211 0.379655 1.949672
v 0.011786 0.379655 1.944652
v 0.010895 0.372727 1.948552
v 0.019717 0.372727 1.9528
v 0.019717 0.372727 1.9528
v 0.010895 0.372727 1.948552
v 0.011786 0.365799 1.944652
v 0.022211 0.365799 1.949672
v 0.022211 0.365799 1.949672
v 0.011786 0.365799 1.944652
v 0.013566 0.365799 1.936852
v 0.027199 0.365799 1.943418
v 0.027199 0.365799 1.943418
v 0.013566 0.365799 1.936852
v 0.014456 0.372727 1.932953
v 0.029693 0.372727 1.94029
v 0.014456 0.372727 1.932953
v -0.002456 0.372727 1.932953
v -0.001566 0.379655 1.936852
v 0.013566 0.379655 1.936852
v 0.013566 0.379655 1.936852
v -0.001566 0.379655 1.936852
v 0.000214 0.379655 1.944652
v 0.011786 0.379655 1.944652
v 0.011786 0.379655 1.944652
v 0.000214 0.379655 1.944652
v 0.001105 0.372727 1.948552
v 0.010895 0.372727 1.948552
v 0.010895 0.372727 1.948552
v 0.001105 0.372727 1.948552
v 0.000214 0.365799 1.944652
v 0.011786 0.365799 1.944652
v 0.011786 0.365799 1.944652
v 0.000214 0.365799 1.944652
v -0.001566 0.365799 1.936852
v 0.013566 0.365799 1.936852
v 0.013566 0.365799 1.936852
v -0.001566 0.365799 1.936852
v -0.002456 0.372727 1.932953
v 0.014456 0.372727 1.932953
v -0.002456 0.372727 1.932953
v -0.017693 0.372727 1.94029
v -0.015199 0.379655 1.943418
v -0.001566 0.379655 1.936852
v -0.001566 0.379655 1.936852
v -0.015199 0.379655 1.943418
v -0.010211 0.379655 1.949672
v 0.000214 0.379655 1.944652
v 0.000214 0.379655 1.944652
v -0.010211 0.379655 1.949672
v -0.007717 0.372727 1.9528
v 0.001105 0.372727 1.948552
v 0.001105 0.372727 1.948552
v -0.007717 0.372727 1.9528
v -0.010211 0.365799 1.949672
v 0.000214 0.365799 1.944652
v 0.000214 0.365799 1.944652
v -0.010211 0.365799 1.949672
v -0.015199 0.365799 1.943418
v -0.001566 0.365799 1.936852
v -0.001566 0.365799 1.936852
v -0.015199 0.365799 1.943418
v -0.017693 0.372727 1.94029
v -0.002456 0.372727 1.932953
v -0.017693 0.372727 1.94029
v -0.028237 0.372727 1.953512
v -0.024633 0.379655 1.955248
v -0.015199 0.379655 1.943418
v -0.015199 0.379655 1.943418
v -0.024633 0.379655 1.955248
v -0.017425 0.379655 1.958719
v -0.010211 0.379655 1.949672
v -0.010211 0.379655 1.949672
v -0.017425 0.379655 1.958719
v -0.013821 0.372727 1.960455
v -0.007717 0.372727 1.9528
v -0.007717 0.372727 1.9528
v -0.013821 0.372727 1.960455
v -0.017425 0.365799 1.958719
v -0.010211 0.365799 1.949672
v -0.010211 0.365799 1.949672
v -0.017425 0.365799 1.958719
v -0.024633 0.365799 1.955248
v -0.015199 0.365799 1.943418
v -0.015199 0.365799 1.943418
v -0.024633 0.365799 1.955248
v -0.028237 0.372727 1.953512
v -0.017693 0.372727 1.94029
v -0.028237 0.372727 1.953512
v -0.032 0.372727 1.97
v -0.028 0.379655 1.97
v -0.024633 0.379655 1.955248
v -0.024633 0.379655 1.955248
v -0.028 0.379655 1.97
v -0.02 0.379655 1.97
v -0.017425 0.379655 1.958719
v -0.017425 0.379655 1.958719
v -0.02 0.379655 1.97
v -0.016 0.372727 1.97
v -0.013821 0.372727 1.960455
v -0.013821 0.372727 1.960455
v -0.016 0.372727 1.97
v -0.02 0.365799 1.97
v -0.017425 0.365799 1.958719
v -0.017425 0.365799 1.958719
v -0.02 0.365799 1.97
v -0.028 0.365799 1.97
v -0.024633 0.365799 1.955248
v -0.024633 0.365799 1.955248
v -0.028 0.365799 1.97
v -0.032 0.372727 1.97
v -0.028237 0.372727 1.953512
v -0.032 0.372727 1.97
v -0.028237 0.372727 1.986488
v -0.024633 0.379655 1.984752
v -0.028 0.379655 1.97
v -0.028 0.379655 1.97
v -0.024633 0.379655 1.984752
v -0.017425 0.379655 1.981281
v -0.02 0.379655 1.97
v -0.02 0.379655 1.97
v -0.017425 0.379655 1.981281
v -0.013821 0.372727 1.979545
v -0.016 0.372727 1.97
v -0.016 0.372727 1.97
v -0.013821 0.372727 1.979545
v -0.017425 0.365799 1.981281
v -0.02 0.365799 1.97
v -0.02 0.365799 1.97
v -0.017425 0.365799 1.981281
v -0.024633 0.365799 1.984752
v -0.028 0.365799 1.97
v -0.028 0.365799 1.97
v -0.024633 0.365799 1.984752
v -0.028237 0.372727 1.986488
v -0.032 0.372727 1.97
v -0.028237 0.372727 1.986488
v -0.017693 0.372727 1.99971
v -0.015199 0.379655 1.996582
v -0.024633 0.379655 1.984752
v -0.024633 0.379655 1.984752
v -0.015199 0.379655 1.996582
v -0.010211 0.379655 1.990328
v -0.017425 0.379655 1.981281
v -0.017425 0.379655 1.981281
v -0.010211 0.379655 1.990328
v -0.007717 0.372727 1.9872
v -0.013821 0.372727 1.979545
v -0.013821 0.372727 1.979545
v -0.007717 0.372727 1.9872
v -0.010211 0.365799 1.990328
v -0.017425 0.365799 1.981281
v -0.017425 0.365799 1.981281
v -0.010211 0.365799 1.990328
v -0.015199 0.365799 1.996582
v -0.024633 0.365799 1.984752
v -0.024633 0.365799 1.984752
v -0.015199 0.365799 1.996582
v -0.017693 0.372727 1.99971
v -0.028237 0.372727 1.986488
v -0.017693 0.372727 1.99971
v -0.002456 0.372727 2.007047
v -0.001566 0.379655 2.003148
v -0.015199 0.379655 1.996582
v -0.015199 0.379655 1.996582
v -0.001566 0.379655 2.003148
v 0.000214 0.379655 1.995348
v -0.010211 0.379655 1.990328
v -0.010211 0.379655 1.990328
v 0.000214 0.379655 1.995348
v 0.001105 0.372727 1.991448
v -0.007717 0.372727 1.9872
v -0.007717 0.372727 1.9872
v 0.001105 0.372727 1.991448
v 0.000214 0.365799 1.995348
v -0.010211 0.365799 1.990328
v -0.010211 0.365799 1.990328
v 0.000214 0.365799 1.995348
v -0.001566 0.365799 2.003148
v -0.015199 0.365799 1.996582
v -0.015199 0.365799 1.996582
v -0.001566 0.365799 2.003148
v -0.002456 0.372727 2.007047
v -0.017693 0.372727 1.99971
v -0.002456 0.372727 2.007047
v 0.014456 0.372727 2.007047
v 0.013566 0.379655 2.003148
v -0.001566 0.379655 2.003148
v -0.001566 0.379655 2.003148
v 0.013566 0.379655 2.003148
v 0.011786 0.379655 1.995348
v 0.000214 0.379655 1.995348
v 0.000214 0.379655 1.995348
v 0.011786 0.379655 1.995348
v 0.010895 0.372727 1.991448
v 0.001105 0.372727 1.991448
v 0.001105 0.372727 1.991448
v 0.010895 0.372727 1.991448
v 0.011786 0.365799 1.995348
v 0.000214 0.365799 1.995348
v 0.000214 0.365799 1.995348
v 0.011786 0.365799 1.995348
v 0.013566 0.365799 2.003148
v -0.001566 0.365799 2.003148
v -0.001566 0.365799 2.003148
v 0.013566 0.365799 2.003148
v 0.014456 0.372727 2.007047
v -0.002456 0.372727 2.007047
v 0.014456 0.372727 2.007047
v 0.029693 0.372727 1.99971
v 0.027199 0.379655 1.996582
v 0.013566 0.379655 2.003148
v 0.013566 0.379655 2.003148
v 0.027199 0.379655 1.996582
v 0.022211 0.379655 1.990328
v 0.011786 0.379655 1.995348
v 0.011786 0.379655 1.995348
v 0.022211 0.379655 1.990328
v 0.019717 0.372727 1.9872
v 0.010895 0.372727 1.991448
v 0.010895 0.372727 1.991448
v 0.019717 0.372727 1.9872
v 0.022211 0.365799 1.990328
v 0.011786 0.365799 1.995348
v 0.011786 0.365799 1.995348
v 0.022211 0.365799 1.990328
v 0.027199 0.365799 1.996582
v 0.013566 0.365799 2.003148
v 0.013566 0.365799 2.003148
v 0.027199 0.365799 1.996582
v 0.029693 0.372727 1.99971
v 0.014456 0.372727 2.007047
v 0.029693 0.372727 1.99971
v 0.040237 0.372727 1.986488
v 0.036633 0.379655 1.984752
v 0.027199 0.379655 1.996582
v 0.027199 0.379655 1.996582
v 0.036633 0.379655 1.984752
v 0.029425 0.379655 1.981281
v 0.022211 0.379655 1.990328
v 0.022211 0.379655 1.990328
v 0.029425 0.379655 1.981281
v 0.025821 0.372727 1.979545
v 0.019717 0.372727 1.9872
v 0.019717 0.372727 1.9872
v 0.025821 0.372727 1.979545
v 0.029425 0.365799 1.981281
v 0.022211 0.365799 1.990328
v 0.022211 0.365799 1.990328
v 0.029425 0.365799 1.981281
v 0.036633 0.365799 1.984752
v 0.027199 0.365799 1.996582
v 0.027199 0.365799 1.996582
v 0.036633 0.365799 1.984752
v 0.040237 0.372727 1.986488
v 0.029693 0.372727 1.99971
v 0.040237 0.372727 1.986488
v 0.044 0.372727 1.97
v 0.04 0.379655 1.97
v 0.036633 0.379655 1.984752
v 0.036633 0.379655 1.984752
v 0.04 0.379655 1.97
v 0.032 0.379655 1.97
v 0.029425 0.379655 1.981281
v 0.029425 0.379655 1.981281
v 0.032 0.379655 1.97
v 0.028 0.372727 1.97
v 0.025821 0.372727 1.979545
v 0.025821 0.372727 1.979545
v 0.028 0.372727 1.97
v 0.032 0.365799 1.97
v 0.029425 0.365799 1.981281
v 0.029425 0.365799 1.981281
v 0.032 0.365799 1.97
v 0.04 0.365799 1.97
v 0.036633 0.365799 1.984752
v 0.036633 0.365799 1.984752
v 0.04 0.365799 1.97
v 0.044 0.372727 1.97
v 0.040237 0.372727 1.986488
v 0.006 0.334727 1.922
v 0.006 0.33849 1.905512
v 0.012928 0.342094 1.907248
v 0.012928 0.338727 1.922
v 0.012928 0.338727 1.922
v 0.012928 0.342094 1.907248
v 0.012928 0.349302 1.910719
v 0.012928 0.346727 1.922
v 0.012928 0.346727 1.922
v 0.012928 0.349302 1.910719
v 0.006 0.352906 1.912455
v 0.006 0.350727 1.922
v 0.006 0.350727 1.922
v 0.006 0.352906 1.912455
v -0.000928 0.349302 1.910719
v -0.000928 0.346727 1.922
v -0.000928 0.346727 1.922
v -0.000928 0.349302 1.910719
v -0.000928 0.342094 1.907248
v -0.000928 0.338727 1.922
v -0.000928 0.338727 1.922
v -0.000928 0.342094 1.907248
v 0.006 0.33849 1.905512
v 0.006 0.334727 1.922
v 0.006 0.33849 1.905512
v 0.006 0.349035 1.89229
v 0.012928 0.351529 1.895418
v 0.012928 0.342094 1.907248
v 0.012928 0.342094 1.907248
v 0.012928 0.351529 1.895418
v 0.012928 0.356517 1.901672
v 0.012928 0.349302 1.910719
v 0.012928 0.349302 1.910719
v 0.012928 0.356517 1.901672
v 0.006 0.35901 1.9048
v 0.006 0.352906 1.912455
v 0.006 0.352906 1.912455
v 0.006 0.35901 1.9048
v -0.000928 0.356517 1.901672
v -0.000928 0.349302 1.910719
v -0.000928 0.349302 1.910719
v -0.000928 0.356517 1.901672
v -0.000928 0.351529 1.895418
v -0.000928 0.342094 1.907248
v -0.000928 0.342094 1.907248
v -0.000928 0.351529 1.895418
v 0.006 0.349035 1.89229
v 0.006 0.33849 1.905512
v 0.006 0.349035 1.89229
v 0.006 0.364271 1.884953
v 0.012928 0.365162 1.888852
v 0.012928 0.351529 1.895418
v 0.012928 0.351529 1.895418
v 0.012928 0.365162 1.888852
v 0.012928 0.366942 1.896652
v 0.012928 0.356517 1.901672
v 0.012928 0.356517 1.901672
v 0.012928 0.366942 1.896652
v 0.006 0.367832 1.900552
v 0.006 0.35901 1.9048
v 0.006 0.35901 1.9048
v 0.006 0.367832 1.900552
v -0.000928 0.366942 1.896652
v -0.000928 0.356517 1.901672
v -0.000928 0.356517 1.901672
v -0.000928 0.366942 1.896652
v -0.000928 0.365162 1.888852
v -0.000928 0.351529 1.895418
v -0.000928 0.351529 1.895418
v -0.000928 0.365162 1.888852
v 0.006 0.364271 1.884953
v 0.006 0.349035 1.89229
v 0.006 0.364271 1.884953
v 0.006 0.381183 1.884953
v 0.012928 0.380293 1.888852
v 0.012928 0.365162 1.888852
v 0.012928 0.365162 1.888852
v 0.012928 0.380293 1.888852
v 0.012928 0.378513 1.896652
v 0.012928 0.366942 1.896652
v 0.012928 0.366942 1.896652
v 0.012928 0.378513 1.896652
v 0.006 0.377623 1.900552
v 0.006 0.367832 1.900552
v 0.006 0.367832 1.900552
v 0.006 0.377623 1.900552
v -0.000928 0.378513 1.896652
v -0.000928 0.366942 1.896652
v -0.000928 0.366942 1.896652
v -0.000928 0.378513 1.896652
v -0.000928 0.380293 1.888852
v -0.000928 0.365162 1.888852
v -0.000928 0.365162 1.888852
v -0.000928 0.380293 1.888852
v 0.006 0.381183 1.884953
v 0.006 0.364271 1.884953
v 0.006 0.381183 1.884953
v 0.006 0.39642 1.89229
v 0.012928 0.393926 1.895418
v 0.012928 0.380293 1.888852
v 0.012928 0.380293 1.888852
v 0.012928 0.393926 1.895418
v 0.012928 0.388938 1.901672
v 0.012928 0.378513 1.896652
v 0.012928 0.378513 1.896652
v 0.012928 0.388938 1.901672
v 0.006 0.386444 1.9048
v 0.006 0.377623 1.900552
v 0.006 0.377623 1.900552
v 0.006 0.386444 1.9048
v -0.000928 0.388938 1.901672
v -0.000928 0.378513 1.896652
v -0.000928 0.378513 1.896652
v -0.000928 0.388938 1.901672
v -0.000928 0.393926 1.895418
v -0.000928 0.380293 1.888852
v -0.000928 0.380293 1.888852
v -0.000928 0.393926 1.895418
v 0.006 0.39642 1.89229
v 0.006 0.381183 1.884953
v 0.006 0.39642 1.89229
v 0.006 0.406964 1.905512
v 0.012928 0.40336 1.907248
v 0.012928 0.393926 1.895418
v 0.012928 0.393926 1.895418
v 0.012928 0.40336 1.907248
v 0.012928 0.396152 1.910719
v 0.012928 0.388938 1.901672
v 0.012928 0.388938 1.901672
v 0.012928 0.396152 1.910719
v 0.006 0.392549 1.912455
v 0.006 0.386444 1.9048
v 0.006 0.386444 1.9048
v 0.006 0.392549 1.912455
v -0.000928 0.396152 1.910719
v -0.000928 0.388938 1.901672
v -0.000928 0.388938 1.901672
v -0.000928 0.396152 1.910719
v -0.000928 0.40336 1.907248
v -0.000928 0.393926 1.895418
v -0.000928 0.393926 1.895418
v -0.000928 0.40336 1.907248
v 0.006 0.406964 1.905512
v 0.006 0.39642 1.89229
v 0.006 0.406964 1.905512
v 0.006 0.410727 1.922
v 0.012928 0.406727 1.922
v 0.012928 0.40336 1.907248
v 0.012928 0.40336 1.907248
v 0.012928 0.406727 1.922
v 0.012928 0.398727 1.922
v 0.012928 0.396152 1.910719
v 0.012928 0.396152 1.910719
v 0.012928 0.398727 1.922
v 0.006 0.394727 1.922
v 0.006 0.392549 1.912455
v 0.006 0.392549 1.912455
v 0.006 0.394727 1.922
v -0.000928 0.398727 1.922
v -0.000928 0.396152 1.910719
v -0.000928 0.396152 1.910719
v -0.000928 0.398727 1.922
v -0.000928 0.406727 1.922
v -0.000928 0.40336 1.907248
v -0.000928 0.40336 1.907248
v -0.000928 0.406727 1.922
v 0.006 0.410727 1.922
v 0.006 0.406964 1.905512
v 0.006 0.410727 1.922
v 0.006 0.406964 1.938488
v 0.012928 0.40336 1.936752
v 0.012928 0.406727 1.922
v 0.012928 0.406727 1.922
v 0.012928 0.40336 1.936752
v 0.012928 0.396152 1.933281
v 0.012928 0.398727 1.922
v 0.012928 0.398727 1.922
v 0.012928 0.396152 1.933281
v 0.006 0.392549 1.931545
v 0.006 0.394727 1.922
v 0.006 0.394727 1.922
v 0.006 0.392549 1.931545
v -0.000928 0.396152 1.933281
v -0.000928 0.398727 1.922
v -0.000928 0.398727 1.922
v -0.000928 0.396152 1.933281
v -0.000928 0.40336 1.936752
v -0.000928 0.406727 1.922
v -0.000928 0.406727 1.922
v -0.000928 0.40336 1.936752
v 0.006 0.406964 1.938488
v 0.006 0.410727 1.922
v 0.006 0.406964 1.938488
v 0.006 0.39642 1.95171
v 0.012928 0.393926 1.948582
v 0.012928 0.40336 1.936752
v 0.012928 0.40336 1.936752
v 0.012928 0.393926 1.948582
v 0.012928 0.388938 1.942328
v 0.012928 0.396152 1.933281
v 0.012928 0.396152 1.933281
v 0.012928 0.388938 1.942328
v 0.006 0.386444 1.9392
v 0.006 0.392549 1.931545
v 0.006 0.392549 1.931545
v 0.006 0.386444 1.9392
v -0.000928 0.388938 1.942328
v -0.000928 0.396152 1.933281
v -0.000928 0.396152 1.933281
v -0.000928 0.388938 1.942328
v -0.000928 0.393926 1.948582
v -0.000928 0.40336 1.936752
v -0.000928 0.40336 1.936752
v -0.000928 0.393926 1.948582
v 0.006 0.39642 1.95171
v 0.006 0.406964 1.938488
v 0.006 0.39642 1.95171
v 0.006 0.381183 1.959047
v 0.012928 0.380293 1.955148
v 0.012928 0.393926 1.948582
v 0.012928 0.393926 1.948582
v 0.012928 0.380293 1.955148
v 0.012928 0.378513 1.947348
v 0.012928 0.388938 1.942328
v 0.012928 0.388938 1.942328
v 0.012928 0.378513 1.947348
v 0.006 0.377623 1.943448
v 0.006 0.386444 1.9392
v 0.006 0.386444 1.9392
v 0.006 0.377623 1.943448
v -0.000928 0.378513 1.947348
v -0.000928 0.388938 1.942328
v -0.000928 0.388938 1.942328
v -0.000928 0.378513 1.947348
v -0.000928 0.380293 1.955148
v -0.000928 0.393926 1.948582
v -0.000928 0.393926 1.948582
v -0.000928 0.380293 1.955148
v 0.006 0.381183 1.959047
v 0.006 0.39642 1.95171
v 0.006 0.381183 1.959047
v 0.006 0.364271 1.959047
v 0.012928 0.365162 1.955148
v 0.012928 0.380293 1.955148
v 0.012928 0.380293 1.955148
v 0.012928 0.365162 1.955148
v 0.012928 0.366942 1.947348
v 0.012928 0.378513 1.947348
v 0.012928 0.378513 1.947348
v 0.012928 0.366942 1.947348
v 0.006 0.367832 1.943448
v 0.006 0.377623 1.943448
v 0.006 0.377623 1.943448
v 0.006 0.367832 1.943448
v -0.000928 0.366942 1.947348
v -0.000928 0.378513 1.947348
v -0.000928 0.378513 1.947348
v -0.000928 0.366942 1.947348
v -0.000928 0.365162 1.955148
v -0.000928 0.380293 1.955148
v -0.000928 0.380293 1.955148
v -0.000928 0.365162 1.955148
v 0.006 0.364271 1.959047
v 0.006 0.381183 1.959047
v 0.006 0.364271 1.959047
v 0.006 0.349035 1.95171
v 0.012928 0.351529 1.948582
v 0.012928 0.365162 1.955148
v 0.012928 0.365162 1.955148
v 0.012928 0.351529 1.948582
v 0.012928 0.356517 1.942328
v 0.012928 0.366942 1.947348
v 0.012928 0.366942 1.947348
v 0.012928 0.356517 1.942328
v 0.006 0.35901 1.9392
v 0.006 0.367832 1.943448
v 0.006 0.367832 1.943448
v 0.006 0.35901 1.9392
v -0.000928 0.356517 1.942328
v -0.000928 0.366942 1.947348
v -0.000928 0.366942 1.947348
v -0.000928 0.356517 1.942328
v -0.000928 0.351529 1.948582
v -0.000928 0.365162 1.955148
v -0.000928 0.365162 1.955148
v -0.000928 0.351529 1.948582
v 0.006 0.349035 1.95171
v 0.006 0.364271 1.959047
v 0.006 0.349035 1.95171
v 0.006 0.33849 1.938488
v 0.012928 0.342094 1.936752
v 0.012928 0.351529 1.948582
v 0.012928 0.351529 1.948582
v 0.012928 0.342094 1.936752
v 0.012928 0.349302 1.933281
v 0.012928 0.356517 1.942328
v 0.012928 0.356517 1.942328
v 0.012928 0.349302 1.933281
v 0.006 0.352906 1.931545
v 0.006 0.35901 1.9392
v 0.006 0.35901 1.9392
v 0.006 0.352906 1.931545
v -0.000928 0.349302 1.933281
v -0.000928 0.356517 1.942328
v -0.000928 0.356517 1.942328
v -0.000928 0.349302 1.933281
v -0.000928 0.342094 1.936752
v -0.000928 0.351529 1.948582
v -0.000928 0.351529 1.948582
v -0.000928 0.342094 1.936752
v 0.006 0.33849 1.938488
v 0.006 0.349035 1.95171
v 0.006 0.33849 1.938488
v 0.006 0.334727 1.922
v 0.012928 0.338727 1.922
v 0.012928 0.342094 1.936752
v 0.012928 0.342094 1.936752
v 0.012928 0.338727 1.922
v 0.012928 0.346727 1.922
v 0.012928 0.349302 1.933281
v 0.012928 0.349302 1.933281
v 0.012928 0.346727 1.922
v 0.006 0.350727 1.922
v 0.006 0.352906 1.931545
v 0.006 0.352906 1.931545
v 0.006 0.350727 1.922
v -0.000928 0.346727 1.922
v -0.000928 0.349302 1.933281
v -0.000928 0.349302 1.933281
v -0.000928 0.346727 1.922
v -0.000928 0.338727 1.922
v -0.000928 0.342094 1.936752
v -0.000928 0.342094 1.936752
v -0.000928 0.338727 1.922
v 0.006 0.334727 1.922
v 0.006 0.33849 1.938488
v 0.044 0.372727 1.874
v 0.040237 0.372727 1.857512
v 0.036633 0.379655 1.859248
v 0.04 0.379655 1.874
v 0.04 0.379655 1.874
v 0.036633 0.379655 1.859248
v 0.029425 0.379655 1.862719
v 0.032 0.379655 1.874
v 0.032 0.379655 1.874
v 0.029425 0.379655 1.862719
v 0.025821 0.372727 1.864455
v 0.028 0.372727 1.874
v 0.028 0.372727 1.874
v 0.025821 0.372727 1.864455
v 0.029425 0.365799 1.862719
v 0.032 0.365799 1.874
v 0.032 0.365799 1.874
v 0.029425 0.365799 1.862719
v 0.036633 0.365799 1.859248
v 0.04 0.365799 1.874
v 0.04 0.365799 1.874
v 0.036633 0.365799 1.859248
v 0.040237 0.372727 1.857512
v 0.044 0.372727 1.874
v 0.040237 0.372727 1.857512
v 0.029693 0.372727 1.84429
v 0.027199 0.379655 1.847418
v 0.036633 0.379655 1.859248
v 0.036633 0.379655 1.859248
v 0.027199 0.379655 1.847418
v 0.022211 0.379655 1.853672
v 0.029425 0.379655 1.862719
v 0.029425 0.379655 1.862719
v 0.022211 0.379655 1.853672
v 0.019717 0.372727 1.8568
v 0.025821 0.372727 1.864455
v 0.025821 0.372727 1.864455
v 0.019717 0.372727 1.8568
v 0.022211 0.365799 1.853672
v 0.029425 0.365799 1.862719
v 0.029425 0.365799 1.862719
v 0.022211 0.365799 1.853672
v 0.027199 0.365799 1.847418
v 0.036633 0.365799 1.859248
v 0.036633 0.365799 1.859248
v 0.027199 0.365799 1.847418
v 0.029693 0.372727 1.84429
v 0.040237 0.372727 1.857512
v 0.029693 0.372727 1.84429
v 0.014456 0.372727 1.836953
v 0.013566 0.379655 1.840852
v 0.027199 0.379655 1.847418
v 0.027199 0.379655 1.847418
v 0.013566 0.379655 1.840852
v 0.011786 0.379655 1.848652
v 0.022211 0.379655 1.853672
v 0.022211 0.379655 1.853672
v 0.011786 0.379655 1.848652
v 0.010895 0.372727 1.852552
v 0.019717 0.372727 1.8568
v 0.019717 0.372727 1.8568
v 0.010895 0.372727 1.852552
v 0.011786 0.365799 1.848652
v 0.022211 0.365799 1.853672
v 0.022211 0.365799 1.853672
v 0.011786 0.365799 1.848652
v 0.013566 0.365799 1.840852
v 0.027199 0.365799 1.847418
v 0.027199 0.365799 1.847418
v 0.013566 0.365799 1.840852
v 0.014456 0.372727 1.836953
v 0.029693 0.372727 1.84429
v 0.014456 0.372727 1.836953
v -0.002456 0.372727 1.836953
v -0.001566 0.379655 1.840852
v 0.013566 0.379655 1.840852
v 0.013566 0.379655 1.840852
v -0.001566 0.379655 1.840852
v 0.000214 0.379655 1.848652
v 0.011786 0.379655 1.848652
v 0.011786 0.379655 1.848652
v 0.000214 0.379655 1.848652
v 0.001105 0.372727 1.852552
v 0.010895 0.372727 1.852552
v 0.010895 0.372727 1.852552
v 0.001105 0.372727 1.852552
v 0.000214 0.365799 1.848652
v 0.011786 0.365799 1.848652
v 0.011786 0.365799 1.848652
v 0.000214 0.365799 1.848652
v -0.001566 0.365799 1.840852
v 0.013566 0.365799 1.840852
v 0.013566 0.365799 1.840852
v -0.001566 0.365799 1.840852
v -0.002456 0.372727 1.836953
v 0.014456 0.372727 1.836953
v -0.002456 0.372727 1.836953
v -0.017693 0.372727 1.84429
v -0.015199 0.379655 1.847418
v -0.001566 0.379655 1.840852
v -0.001566 0.379655 1.840852
v -0.015199 0.379655 1.847418
v -0.010211 0.379655 1.853672
v 0.000214 0.379655 1.848652
v 0.000214 0.379655 1.848652
v -0.010211 0.379655 1.853672
v -0.007717 0.372727 1.8568
v 0.001105 0.372727 1.852552
v 0.001105 0.372727 1.852552
v -0.007717 0.372727 1.8568
v -0.010211 0.365799 1.853672
v 0.000214 0.365799 1.848652
v 0.000214 0.365799 1.848652
v -0.010211 0.365799 1.853672
v -0.015199 0.365799 1.847418
v -0.001566 0.365799 1.840852
v -0.001566 0.365799 1.840852
v -0.015199 0.365799 1.847418
v -0.017693 0.372727 1.84429
v -0.002456 0.372727 1.836953
v -0.017693 0.372727 1.84429
v -0.028237 0.372727 1.857512
v -0.024633 0.379655 1.859248
v -0.015199 0.379655 1.847418
v -0.015199 0.379655 1.847418
v -0.024633 0.379655 1.859248
v -0.017425 0.379655 1.862719
v -0.010211 0.379655 1.853672
v -0.010211 0.379655 1.853672
v -0.017425 0.379655 1.862719
v -0.013821 0.372727 1.864455
v -0.007717 0.372727 1.8568
v -0.007717 0.372727 1.8568
v -0.013821 0.372727 1.864455
v -0.017425 0.365799 1.862719
v -0.010211 0.365799 1.853672
v -0.010211 0.365799 1.853672
v -0.017425 0.365799 1.862719
v -0.024633 0.365799 1.859248
v -0.015199 0.365799 1.847418
v -0.015199 0.365799 1.847418
v -0.024633 0.365799 1.859248
v -0.028237 0.372727 1.857512
v -0.017693 0.372727 1.84429
v -0.028237 0.372727 1.857512
v -0.032 0.372727 1.874
v -0.028 0.379655 1.874
v -0.024633 0.379655 1.859248
v -0.024633 0.379655 1.859248
v -0.028 0.379655 1.874
v -0.02 0.379655 1.874
v -0.017425 0.379655 1.862719
v -0.017425 0.379655 1.862719
v -0.02 0.379655 1.874
v -0.016 0.372727 1.874
v -0.013821 0.372727 1.864455
v -0.013821 0.372727 1.864455
v -0.016 0.372727 1.874
v -0.02 0.365799 1.874
v -0.017425 0.365799 1.862719
v -0.017425 0.365799 1.862719
v -0.02 0.365799 1.874
v -0.028 0.365799 1.874
v -0.024633 0.365799 1.859248
v -0.024633 0.365799 1.859248
v -0.028 0.365799 1.874
v -0.032 0.372727 1.874
v -0.028237 0.372727 1.857512
v -0.032 0.372727 1.874
v -0.028237 0.372727 1.890488
v -0.024633 0.379655 1.888752
v -0.028 0.379655 1.874
v -0.028 0.379655 1.874
v -0.024633 0.379655 1.888752
v -0.017425 0.379655 1.885281
v -0.02 0.379655 1.874
v -0.02 0.379655 1.874
v -0.017425 0.379655 1.885281
v -0.013821 0.372727 1.883545
v -0.016 0.372727 1.874
v -0.016 0.372727 1.874
v -0.013821 0.372727 1.883545
v -0.017425 0.365799 1.885281
v -0.02 0.365799 1.874
v -0.02 0.365799 1.874
v -0.017425 0.365799 1.885281
v -0.024633 0.365799 1.888752
v -0.028 0.365799 1.874
v -0.028 0.365799 1.874
v -0.024633 0.365799 1.888752
v -0.028237 0.372727 1.890488
v -0.032 0.372727 1.874
v -0.028237 0.372727 1.890488
v -0.017693 0.372727 1.90371
v -0.015199 0.379655 1.900582
v -0.024633 0.379655 1.888752
v -0.024633 0.379655 1.888752
v -0.015199 0.379655 1.900582
v -0.010211 0.379655 1.894328
v -0.017425 0.379655 1.885281
v -0.017425 0.379655 1.885281
v -0.010211 0.379655 1.894328
v -0.007717 0.372727 1.8912
v -0.013821 0.372727 1.883545
v -0.013821 0.372727 1.883545
v -0.007717 0.372727 1.8912
v -0.010211 0.365799 1.894328
v -0.017425 0.365799 1.885281
v -0.017425 0.365799 1.885281
v -0.010211 0.365799 1.894328
v -0.015199 0.365799 1.900582
v -0.024633 0.365799 1.888752
v -0.024633 0.365799 1.888752
v -0.015199 0.365799 1.900582
v -0.017693 0.372727 1.90371
v -0.028237 0.372727 1.890488
v -0.017693 0.372727 1.90371
v -0.002456 0.372727 1.911047
v -0.001566 0.379655 1.907148
v -0.015199 0.379655 1.900582
v -0.015199 0.379655 1.900582
v -0.001566 0.379655 1.907148
v 0.000214 0.379655 1.899348
v -0.010211 0.379655 1.894328
v -0.010211 0.379655 1.894328
v 0.000214 0.379655 1.899348
v 0.001105 0.372727 1.895448
v -0.007717 0.372727 1.8912
v -0.007717 0.372727 1.8912
v 0.001105 0.372727 1.895448
v 0.000214 0.365799 1.899348
v -0.010211 0.365799 1.894328
v -0.010211 0.365799 1.894328
v 0.000214 0.365799 1.899348
v -0.001566 0.365799 1.907148
v -0.015199 0.365799 1.900582
v -0.015199 0.365799 1.900582
v -0.001566 0.365799 1.907148
v -0.002456 0.372727 1.911047
v -0.017693 0.372727 1.90371
v -0.002456 0.372727 1.911047
v 0.014456 0.372727 1.911047
v 0.013566 0.379655 1.907148
v -0.001566 0.379655 1.907148
v -0.001566 0.379655 1.907148
v 0.013566 0.379655 1.907148
v 0.011786 0.379655 1.899348
v 0.000214 0.379655 1.899348
v 0.000214 0.379655 1.899348
v 0.011786 0.379655 1.899348
v 0.010895 0.372727 1.895448
v 0.001105 0.372727 1.895448
v 0.001105 0.372727 1.895448
v 0.010895 0.372727 1.895448
v 0.011786 0.365799 1.899348
v 0.000214 0.365799 1.899348
v 0.000214 0.365799 1.899348
v 0.011786 0.365799 1.899348
v 0.013566 0.365799 1.907148
v -0.001566 0.365799 1.907148
v -0.001566 0.365799 1.907148
v 0.013566 0.365799 1.907148
v 0.014456 0.372727 1.911047
v -0.002456 0.372727 1.911047
v 0.014456 0.372727 1.911047
v 0.029693 0.372727 1.90371
v 0.027199 0.379655 1.900582
v 0.013566 0.379655 1.907148
v 0.013566 0.379655 1.907148
v 0.027199 0.379655 1.900582
v 0.022211 0.379655 1.894328
v 0.011786 0.379655 1.899348
v 0.011786 0.379655 1.899348
v 0.022211 0.379655 1.894328
v 0.019717 0.372727 1.8912
v 0.010895 0.372727 1.895448
v 0.010895 0.372727 1.895448
v 0.019717 0.372727 1.8912
v 0.022211 0.365799 1.894328
v 0.011786 0.365799 1.899348
v 0.011786 0.365799 1.899348
v 0.022211 0.365799 1.894328
v 0.027199 0.365799 1.900582
v 0.013566 0.365799 1.907148
v 0.013566 0.365799 1.907148
v 0.027199 0.365799 1.900582
v 0.029693 0.372727 1.90371
v 0.014456 0.372727 1.911047
v 0.029693 0.372727 1.90371
v 0.040237 0.372727 1.890488
v 0.036633 0.379655 1.888752
v 0.027199 0.379655 1.900582
v 0.027199 0.379655 1.900582
v 0.036633 0.379655 1.888752
v 0.029425 0.379655 1.885281
v 0.022211 0.379655 1.894328
v 0.022211 0.379655 1.894328
v 0.029425 0.379655 1.885281
v 0.025821 0.372727 1.883545
v 0.019717 0.372727 1.8912
v 0.019717 0.372727 1.8912
v 0.025821 0.372727 1.883545
v 0.029425 0.365799 1.885281
v 0.022211 0.365799 1.894328
v 0.022211 0.365799 1.894328
v 0.029425 0.365799 1.885281
v 0.036633 0.365799 1.888752
v 0.027199 0.365799 1.900582
v 0.027199 0.365799 1.900582
v 0.036633 0.365799 1.888752
v 0.040237 0.372727 1.890488
v 0.029693 0.372727 1.90371
v 0.040237 0.372727 1.890488
v 0.044 0.372727 1.874
v 0.04 0.379655 1.874
v 0.036633 0.379655 1.888752
v 0.036633 0.379655 1.888752
v 0.04 0.379655 1.874
v 0.032 0.379655 1.874
v 0.029425 0.379655 1.885281
v 0.029425 0.379655 1.885281
v 0.032 0.379655 1.874
v 0.028 0.372727 1.874
v 0.025821 0.372727 1.883545
v 0.025821 0.372727 1.883545
v 0.028 0.372727 1.874
v 0.032 0.365799 1.874
v 0.029425 0.365799 1.885281
v 0.029425 0.365799 1.885281
v 0.032 0.365799 1.874
v 0.04 0.365799 1.874
v 0.036633 0.365799 1.888752
v 0.036633 0.365799 1.888752
v 0.04 0.365799 1.874
v 0.044 0.372727 1.874
v 0.040237 0.372727 1.890488
v 0.053 0.372727 1.82
v 0.049422 0.372727 1.802014
v 0.045265 0.380522 1.803736
v 0.0485 0.380522 1.82
v 0.0485 0.380522 1.82
v 0.045265 0.380522 1.803736
v 0.03695 0.380522 1.80718
v 0.0395 0.380522 1.82
v 0.0395 0.380522 1.82
v 0.03695 0.380522 1.80718
v 0.032793 0.372727 1.808902
v 0.035 0.372727 1.82
v 0.035 0.372727 1.82
v 0.032793 0.372727 1.808902
v 0.03695 0.364933 1.80718
v 0.0395 0.364933 1.82
v 0.0395 0.364933 1.82
v 0.03695 0.364933 1.80718
v 0.045265 0.364933 1.803736
v 0.0485 0.364933 1.82
v 0.0485 0.364933 1.82
v 0.045265 0.364933 1.803736
v 0.049422 0.372727 1.802014
v 0.053 0.372727 1.82
v 0.049422 0.372727 1.802014
v 0.039234 0.372727 1.786766
v 0.036052 0.380522 1.789948
v 0.045265 0.380522 1.803736
v 0.045265 0.380522 1.803736
v 0.036052 0.380522 1.789948
v 0.029688 0.380522 1.796312
v 0.03695 0.380522 1.80718
v 0.03695 0.380522 1.80718
v 0.029688 0.380522 1.796312
v 0.026506 0.372727 1.799494
v 0.032793 0.372727 1.808902
v 0.032793 0.372727 1.808902
v 0.026506 0.372727 1.799494
v 0.029688 0.364933 1.796312
v 0.03695 0.364933 1.80718
v 0.03695 0.364933 1.80718
v 0.029688 0.364933 1.796312
v 0.036052 0.364933 1.789948
v 0.045265 0.364933 1.803736
v 0.045265 0.364933 1.803736
v 0.036052 0.364933 1.789948
v 0.039234 0.372727 1.786766
v 0.049422 0.372727 1.802014
v 0.039234 0.372727 1.786766
v 0.023986 0.372727 1.776578
v 0.022264 0.380522 1.780735
v 0.036052 0.380522 1.789948
v 0.036052 0.380522 1.789948
v 0.022264 0.380522 1.780735
v 0.01882 0.380522 1.78905
v 0.029688 0.380522 1.796312
v 0.029688 0.380522 1.796312
v 0.01882 0.380522 1.78905
v 0.017098 0.372727 1.793207
v 0.026506 0.372727 1.799494
v 0.026506 0.372727 1.799494
v 0.017098 0.372727 1.793207
v 0.01882 0.364933 1.78905
v 0.029688 0.364933 1.796312
v 0.029688 0.364933 1.796312
v 0.01882 0.364933 1.78905
v 0.022264 0.364933 1.780735
v 0.036052 0.364933 1.789948
v 0.036052 0.364933 1.789948
v 0.022264 0.364933 1.780735
v 0.023986 0.372727 1.776578
v 0.039234 0.372727 1.786766
v 0.023986 0.372727 1.776578
v 0.006 0.372727 1.773
v 0.006 0.380522 1.7775
v 0.022264 0.380522 1.780735
v 0.022264 0.380522 1.780735
v 0.006 0.380522 1.7775
v 0.006 0.380522 1.7865
v 0.01882 0.380522 1.78905
v 0.01882 0.380522 1.78905
v 0.006 0.380522 1.7865
v 0.006 0.372727 1.791
v 0.017098 0.372727 1.793207
v 0.017098 0.372727 1.793207
v 0.006 0.372727 1.791
v 0.006 0.364933 1.7865
v 0.01882 0.364933 1.78905
v 0.01882 0.364933 1.78905
v 0.006 0.364933 1.7865
v 0.006 0.364933 1.7775
v 0.022264 0.364933 1.780735
v 0.022264 0.364933 1.780735
v 0.006 0.364933 1.7775
v 0.006 0.372727 1.773
v 0.023986 0.372727 1.776578
v 0.006 0.372727 1.773
v -0.011986 0.372727 1.776578
v -0.010264 0.380522 1.780735
v 0.006 0.380522 1.7775
v 0.006 0.380522 1.7775
v -0.010264 0.380522 1.780735
v -0.00682 0.380522 1.78905
v 0.006 0.380522 1.7865
v 0.006 0.380522 1.7865
v -0.00682 0.380522 1.78905
v -0.005098 0.372727 1.793207
v 0.006 0.372727 1.791
v 0.006 0.372727 1.791
v -0.005098 0.372727 1.793207
v -0.00682 0.364933 1.78905
v 0.006 0.364933 1.7865
v 0.006 0.364933 1.7865
v -0.00682 0.364933 1.78905
v -0.010264 0.364933 1.780735
v 0.006 0.364933 1.7775
v 0.006 0.364933 1.7775
v -0.010264 0.364933 1.780735
v -0.011986 0.372727 1.776578
v 0.006 0.372727 1.773
v -0.011986 0.372727 1.776578
v -0.027234 0.372727 1.786766
v -0.024052 0.380522 1.789948
v -0.010264 0.380522 1.780735
v -0.010264 0.380522 1.780735
v -0.024052 0.380522 1.789948
v -0.017688 0.380522 1.796312
v -0.00682 0.380522 1.78905
v -0.00682 0.380522 1.78905
v -0.017688 0.380522 1.796312
v -0.014506 0.372727 1.799494
v -0.005098 0.372727 1.793207
v -0.005098 0.372727 1.793207
v -0.014506 0.372727 1.799494
v -0.017688 0.364933 1.796312
v -0.00682 0.364933 1.78905
v -0.00682 0.364933 1.78905
v -0.017688 0.364933 1.796312
v -0.024052 0.364933 1.789948
v -0.010264 0.364933 1.780735
v -0.010264 0.364933 1.780735
v -0.024052 0.364933 1.789948
v -0.027234 0.372727 1.786766
v -0.011986 0.372727 1.776578
v -0.027234 0.372727 1.786766
v -0.037422 0.372727 1.802014
v -0.033265 0.380522 1.803736
v -0.024052 0.380522 1.789948
v -0.024052 0.380522 1.789948
v -0.033265 0.380522 1.803736
v -0.02495 0.380522 1.80718
v -0.017688 0.380522 1.796312
v -0.017688 0.380522 1.796312
v -0.02495 0.380522 1.80718
v -0.020793 0.372727 1.808902
v -0.014506 0.372727 1.799494
v -0.014506 0.372727 1.799494
v -0.020793 0.372727 1.808902
v -0.02495 0.364933 1.80718
v -0.017688 0.364933 1.796312
v -0.017688 0.364933 1.796312
v -0.02495 0.364933 1.80718
v -0.033265 0.364933 1.803736
v -0.024052 0.364933 1.789948
v -0.024052 0.364933 1.789948
v -0.033265 0.364933 1.803736
v -0.037422 0.372727 1.802014
v -0.027234 0.372727 1.786766
v -0.037422 0.372727 1.802014
v -0.041 0.372727 1.82
v -0.0365 0.380522 1.82
v -0.033265 0.380522 1.803736
v -0.033265 0.380522 1.803736
v -0.0365 0.380522 1.82
v -0.0275 0.380522 1.82
v -0.02495 0.380522 1.80718
v -0.02495 0.380522 1.80718
v -0.0275 0.380522 1.82
v -0.023 0.372727 1.82
v -0.020793 0.372727 1.808902
v -0.020793 0.372727 1.808902
v -0.023 0.372727 1.82
v -0.0275 0.364933 1.82
v -0.02495 0.364933 1.80718
v -0.02495 0.364933 1.80718
v -0.0275 0.364933 1.82
v -0.0365 0.364933 1.82
v -0.033265 0.364933 1.803736
v -0.033265 0.364933 1.803736
v -0.0365 0.364933 1.82
v -0.041 0.372727 1.82
v -0.037422 0.372727 1.802014
v -0.041 0.372727 1.82
v -0.037422 0.372727 1.837986
v -0.033265 0.380522 1.836264
v -0.0365 0.380522 1.82
v -0.0365 0.380522 1.82
v -0.033265 0.380522 1.836264
v -0.02495 0.380522 1.83282
v -0.0275 0.380522 1.82
v -0.0275 0.380522 1.82
v -0.02495 0.380522 1.83282
v -0.020793 0.372727 1.831098
v -0.023 0.372727 1.82
v -0.023 0.372727 1.82
v -0.020793 0.372727 1.831098
v -0.02495 0.364933 1.83282
v -0.0275 0.364933 1.82
v -0.0275 0.364933 1.82
v -0.02495 0.364933 1.83282
v -0.033265 0.364933 1.836264
v -0.0365 0.364933 1.82
v -0.0365 0.364933 1.82
v -0.033265 0.364933 1.836264
v -0.037422 0.372727 1.837986
v -0.041 0.372727 1.82
v -0.037422 0.372727 1.837986
v -0.027234 0.372727 1.853234
v -0.024052 0.380522 1.850052
v -0.033265 0.380522 1.836264
v -0.033265 0.380522 1.836264
v -0.024052 0.380522 1.850052
v -0.017688 0.380522 1.843688
v -0.02495 0.380522 1.83282
v -0.02495 0.380522 1.83282
v -0.017688 0.380522 1.843688
v -0.014506 0.372727 1.840506
v -0.020793 0.372727 1.831098
v -0.020793 0.372727 1.831098
v -0.014506 0.372727 1.840506
v -0.017688 0.364933 1.843688
v -0.02495 0.364933 1.83282
v -0.02495 0.364933 1.83282
v -0.017688 0.364933 1.843688
v -0.024052 0.364933 1.850052
v -0.033265 0.364933 1.836264
v -0.033265 0.364933 1.836264
v -0.024052 0.364933 1.850052
v -0.027234 0.372727 1.853234
v -0.037422 0.372727 1.837986
v -0.027234 0.372727 1.853234
v -0.011986 0.372727 1.863422
v -0.010264 0.380522 1.859265
v -0.024052 0.380522 1.850052
v -0.024052 0.380522 1.850052
v -0.010264 0.380522 1.859265
v -0.00682 0.380522 1.85095
v -0.017688 0.380522 1.843688
v -0.017688 0.380522 1.843688
v -0.00682 0.380522 1.85095
v -0.005098 0.372727 1.846793
v -0.014506 0.372727 1.840506
v -0.014506 0.372727 1.840506
v -0.005098 0.372727 1.846793
v -0.00682 0.364933 1.85095
v -0.017688 0.364933 1.843688
v -0.017688 0.364933 1.843688
v -0.00682 0.364933 1.85095
v -0.010264 0.364933 1.859265
v -0.024052 0.364933 1.850052
v -0.024052 0.364933 1.850052
v -0.010264 0.364933 1.859265
v -0.011986 0.372727 1.863422
v -0.027234 0.372727 1.853234
v -0.011986 0.372727 1.863422
v 0.006 0.372727 1.867
v 0.006 0.380522 1.8625
v -0.010264 0.380522 1.859265
v -0.010264 0.380522 1.859265
v 0.006 0.380522 1.8625
v 0.006 0.380522 1.8535
v -0.00682 0.380522 1.85095
v -0.00682 0.380522 1.85095
v 0.006 0.380522 1.8535
v 0.006 0.372727 1.849
v -0.005098 0.372727 1.846793
v -0.005098 0.372727 1.846793
v 0.006 0.372727 1.849
v 0.006 0.364933 1.8535
v -0.00682 0.364933 1.85095
v -0.00682 0.364933 1.85095
v 0.006 0.364933 1.8535
v 0.006 0.364933 1.8625
v -0.010264 0.364933 1.859265
v -0.010264 0.364933 1.859265
v 0.006 0.364933 1.8625
v 0.006 0.372727 1.867
v -0.011986 0.372727 1.863422
v 0.006 0.372727 1.867
v 0.023986 0.372727 1.863422
v 0.022264 0.380522 1.859265
v 0.006 0.380522 1.8625
v 0.006 0.380522 1.8625
v 0.022264 0.380522 1.859265
v 0.01882 0.380522 1.85095
v 0.006 0.380522 1.8535
v 0.006 0.380522 1.8535
v 0.01882 0.380522 1.85095
v 0.017098 0.372727 1.846793
v 0.006 0.372727 1.849
v 0.006 0.372727 1.849
v 0.017098 0.372727 1.846793
v 0.01882 0.364933 1.85095
v 0.006 0.364933 1.8535
v 0.006 0.364933 1.8535
v 0.01882 0.364933 1.85095
v 0.022264 0.364933 1.859265
v 0.006 0.364933 1.8625
v 0.006 0.364933 1.8625
v 0.022264 0.364933 1.859265
v 0.023986 0.372727 1.863422
v 0.006 0.372727 1.867
v 0.023986 0.372727 1.863422
v 0.039234 0.372727 1.853234
v 0.036052 0.380522 1.850052
v 0.022264 0.380522 1.859265
v 0.022264 0.380522 1.859265
v 0.036052 0.380522 1.850052
v 0.029688 0.380522 1.843688
v 0.01882 0.380522 1.85095
v 0.01882 0.380522 1.85095
v 0.029688 0.380522 1.843688
v 0.026506 0.372727 1.840506
v 0.017098 0.372727 1.846793
v 0.017098 0.372727 1.846793
v 0.026506 0.372727 1.840506
v 0.029688 0.364933 1.843688
v 0.01882 0.364933 1.85095
v 0.01882 0.364933 1.85095
v 0.029688 0.364933 1.843688
v 0.036052 0.364933 1.850052
v 0.022264 0.364933 1.859265
v 0.022264 0.364933 1.859265
v 0.036052 0.364933 1.850052
v 0.039234 0.372727 1.853234
v 0.023986 0.372727 1.863422
v 0.039234 0.372727 1.853234
v 0.049422 0.372727 1.837986
v 0.045265 0.380522 1.836264
v 0.036052 0.380522 1.850052
v 0.036052 0.380522 1.850052
v 0.045265 0.380522 1.836264
v 0.03695 0.380522 1.83282
v 0.029688 0.380522 1.843688
v 0.029688 0.380522 1.843688
v 0.03695 0.380522 1.83282
v 0.032793 0.372727 1.831098
v 0.026506 0.372727 1.840506
v 0.026506 0.372727 1.840506
v 0.032793 0.372727 1.831098
v 0.03695 0.364933 1.83282
v 0.029688 0.364933 1.843688
v 0.029688 0.364933 1.843688
v 0.03695 0.364933 1.83282
v 0.045265 0.364933 1.836264
v 0.036052 0.364933 1.850052
v 0.036052 0.364933 1.850052
v 0.045265 0.364933 1.836264
v 0.049422 0.372727 1.837986
v 0.039234 0.372727 1.853234
v 0.049422 0.372727 1.837986
v 0.053 0.372727 1.82
v 0.0485 0.380522 1.82
v 0.045265 0.380522 1.836264
v 0.045265 0.380522 1.836264
v 0.0485 0.380522 1.82
v 0.0395 0.380522 1.82
v 0.03695 0.380522 1.83282
v 0.03695 0.380522 1.83282
v 0.0395 0.380522 1.82
v 0.035 0.372727 1.82
v 0.032793 0.372727 1.831098
v 0.032793 0.372727 1.831098
v 0.035 0.372727 1.82
v 0.0395 0.364933 1.82
v 0.03695 0.364933 1.83282
v 0.03695 0.364933 1.83282
v 0.0395 0.364933 1.82
v 0.0485 0.364933 1.82
v 0.045265 0.364933 1.836264
v 0.045265 0.364933 1.836264
v 0.0485 0.364933 1.82
v 0.053 0.372727 1.82
v 0.049422 0.372727 1.837986
v -0.054 0.355227 1.7875
v -0.054 0.390227 1.7875
v -0.054 0.390227 1.7425
v -0.054 0.355227 1.7425
v 0.066 0.355227 1.7425
v 0.066 0.390227 1.7425
v 0.066 0.390227 1.7875
v 0.066 0.355227 1.7875
v -0.044 0.345227 1.7425
v 0.056 0.345227 1.7425
v 0.056 0.345227 1.7875
v -0.044 0.345227 1.7875
v -0.044 0.400227 1.7875
v 0.056 0.400227 1.7875
v 0.056 0.400227 1.7425
v -0.044 0.400227 1.7425
v -0.044 0.390227 1.7325
v 0.056 0.390227 1.7325
v 0.056 0.355227 1.7325
v -0.044 0.355227 1.7325
v -0.044 0.355227 1.7975
v 0.056 0.355227 1.7975
v 0.056 0.390227 1.7975
v -0.044 0.390227 1.7975
v -0.054 0.355227 1.7425
v -0.044 0.345227 1.7425
v -0.044 0.345227 1.7875
v -0.054 0.355227 1.7875
v -0.054 0.390227 1.7875
v -0.044 0.400227 1.7875
v -0.044 0.400227 1.7425
v -0.054 0.390227 1.7425
v 0.066 0.355227 1.7875
v 0.056 0.345227 1.7875
v 0.056 0.345227 1.7425
v 0.066 0.355227 1.7425
v 0.066 0.390227 1.7425
v 0.056 0.400227 1.7425
v 0.056 0.400227 1.7875
v 0.066 0.390227 1.7875
v -0.054 0.390227 1.7425
v -0.044 0.390227 1.7325
v -0.044 0.355227 1.7325
v -0.054 0.355227 1.7425
v -0.054 0.355227 1.7875
v -0.044 0.355227 1.7975
v -0.044 0.390227 1.7975
v -0.054 0.390227 1.7875
v 0.066 0.355227 1.7425
v 0.056 0.355227 1.7325
v 0.056 0.390227 1.7325
v 0.066 0.390227 1.7425
v 0.066 0.390227 1.7875
v 0.056 0.390227 1.7975
v 0.056 0.355227 1.7975
v 0.066 0.355227 1.7875
v -0.044 0.345227 1.7425
v -0.044 0.355227 1.7325
v 0.056 0.355227 1.7325
v 0.056 0.345227 1.7425
v 0.056 0.345227 1.7875
v 0.056 0.355227 1.7975
v -0.044 0.355227 1.7975
v -0.044 0.345227 1.7875
v 0.056 0.400227 1.7425
v 0.056 0.390227 1.7325
v -0.044 0.390227 1.7325
v -0.044 0.400227 1.7425
v -0.044 0.400227 1.7875
v -0.044 0.390227 1.7975
v 0.056 0.390227 1.7975
v 0.056 0.400227 1.7875
v -0.044 0.355227 1.7325
v -0.044 0.345227 1.7425
v -0.054 0.355227 1.7425
v -0.054 0.355227 1.7875
v -0.044 0.345227 1.7875
v -0.044 0.355227 1.7975
v -0.054 0.390227 1.7425
v -0.044 0.400227 1.7425
v -0.044 0.390227 1.7325
v -0.044 0.390227 1.7975
v -0.044 0.400227 1.7875
v -0.054 0.390227 1.7875
v 0.066 0.355227 1.7425
v 0.056 0.345227 1.7425
v 0.056 0.355227 1.7325
v 0.056 0.355227 1.7975
v 0.056 0.345227 1.7875
v 0.066 0.355227 1.7875
v 0.056 0.390227 1.7325
v 0.056 0.400227 1.7425
v 0.066 0.390227 1.7425
v 0.066 0.390227 1.7875
v 0.056 0.400227 1.7875
v 0.056 0.390227 1.7975
v -0.224 0.366677 1.89505
v -0.224 0.378777 1.89505
v -0.224 0.378777 1.28495
v -0.224 0.366677 1.28495
v 0.236 0.366677 1.28495
v 0.236 0.378777 1.28495
v 0.236 0.378777 1.89505
v 0.236 0.366677 1.89505
v -0.21905 0.361727 1.28495
v 0.23105 0.361727 1.28495
v 0.23105 0.361727 1.89505
v -0.21905 0.361727 1.89505
v -0.21905 0.383727 1.89505
v 0.23105 0.383727 1.89505
v 0.23105 0.383727 1.28495
v -0.21905 0.383727 1.28495
v -0.21905 0.378777 1.28
v 0.23105 0.378777 1.28
v 0.23105 0.366677 1.28
v -0.21905 0.366677 1.28
v -0.21905 0.366677 1.9
v 0.23105 0.366677 1.9
v 0.23105 0.378777 1.9
v -0.21905 0.378777 1.9
v -0.224 0.366677 1.28495
v -0.21905 0.361727 1.28495
v -0.21905 0.361727 1.89505
v -0.224 0.366677 1.89505
v -0.224 0.378777 1.89505
v -0.21905 0.383727 1.89505
v -0.21905 0.383727 1.28495
v -0.224 0.378777 1.28495
v 0.236 0.366677 1.89505
v 0.23105 0.361727 1.89505
v 0.23105 0.361727 1.28495
v 0.236 0.366677 1.28495
v 0.236 0.378777 1.28495
v 0.23105 0.383727 1.28495
v 0.23105 0.383727 1.89505
v 0.236 0.378777 1.89505
v -0.224 0.378777 1.28495
v -0.21905 0.378777 1.28
v -0.21905 0.366677 1.28
v -0.224 0.366677 1.28495
v -0.224 0.366677 1.89505
v -0.21905 0.366677 1.9
v -0.21905 0.378777 1.9
v -0.224 0.378777 1.89505
v 0.236 0.366677 1.28495
v 0.23105 0.366677 1.28
v 0.23105 0.378777 1.28
v 0.236 0.378777 1.28495
v 0.236 0.378777 1.89505
v 0.23105 0.378777 1.9
v 0.23105 0.366677 1.9
v 0.236 0.366677 1.89505
v -0.21905 0.361727 1.28495
v -0.21905 0.366677 1.28
v 0.23105 0.366677 1.28
v 0.23105 0.361727 1.28495
v 0.23105 0.361727 1.89505
v 0.23105 0.366677 1.9
v -0.21905 0.366677 1.9
v -0.21905 0.361727 1.89505
v 0.23105 0.383727 1.28495
v 0.23105 0.378777 1.28
v -0.21905 0.378777 1.28
v -0.21905 0.383727 1.28495
v -0.21905 0.383727 1.89505
v -0.21905 0.378777 1.9
v 0.23105 0.378777 1.9
v 0.23105 0.383727 1.89505
v -0.21905 0.366677 1.28
v -0.21905 0.361727 1.28495
v -0.224 0.366677 1.28495
v -0.224 0.366677 1.89505
v -0.21905 0.361727 1.89505
v -0.21905 0.366677 1.9
v -0.224 0.378777 1.28495
v -0.21905 0.383727 1.28495
v -0.21905 0.378777 1.28
v -0.21905 0.378777 1.9
v -0.21905 0.383727 1.89505
v -0.224 0.378777 1.89505
v 0.236 0.366677 1.28495
v 0.23105 0.361727 1.28495
v 0.23105 0.366677 1.28
v 0.23105 0.366677 1.9
v 0.23105 0.361727 1.89505
v 0.236 0.366677 1.89505
v 0.23105 0.378777 1.28
v 0.23105 0.383727 1.28495
v 0.236 0.378777 1.28495
v 0.236 0.378777 1.89505
v 0.23105 0.383727 1.89505
v 0.23105 0.378777 1.9
v -0.164 0.357252 1.865475
v -0.164 0.362202 1.865475
v -0.164 0.362202 1.824525
v -0.164 0.357252 1.824525
v 0.176 0.357252 1.824525
v 0.176 0.362202 1.824525
v 0.176 0.362202 1.865475
v 0.176 0.357252 1.865475
v -0.161975 0.355227 1.824525
v 0.173975 0.355227 1.824525
v 0.173975 0.355227 1.865475
v -0.161975 0.355227 1.865475
v -0.161975 0.364227 1.865475
v 0.173975 0.364227 1.865475
v 0.173975 0.364227 1.824525
v -0.161975 0.364227 1.824525
v -0.161975 0.362202 1.8225
v 0.173975 0.362202 1.8225
v 0.173975 0.357252 1.8225
v -0.161975 0.357252 1.8225
v -0.161975 0.357252 1.8675
v 0.173975 0.357252 1.8675
v 0.173975 0.362202 1.8675
v -0.161975 0.362202 1.8675
v -0.164 0.357252 1.824525
v -0.161975 0.355227 1.824525
v -0.161975 0.355227 1.865475
v -0.164 0.357252 1.865475
v -0.164 0.362202 1.865475
v -0.161975 0.364227 1.865475
v -0.161975 0.364227 1.824525
v -0.164 0.362202 1.824525
v 0.176 0.357252 1.865475
v 0.173975 0.355227 1.865475
v 0.173975 0.355227 1.824525
v 0.176 0.357252 1.824525
v 0.176 0.362202 1.824525
v 0.173975 0.364227 1.824525
v 0.173975 0.364227 1.865475
v 0.176 0.362202 1.865475
v -0.164 0.362202 1.824525
v -0.161975 0.362202 1.8225
v -0.161975 0.357252 1.8225
v -0.164 0.357252 1.824525
v -0.164 0.357252 1.865475
v -0.161975 0.357252 1.8675
v -0.161975 0.362202 1.8675
v -0.164 0.362202 1.865475
v 0.176 0.357252 1.824525
v 0.173975 0.357252 1.8225
v 0.173975 0.362202 1.8225
v 0.176 0.362202 1.824525
v 0.176 0.362202 1.865475
v 0.173975 0.362202 1.8675
v 0.173975 0.357252 1.8675
v 0.176 0.357252 1.865475
v -0.161975 0.355227 1.824525
v -0.161975 0.357252 1.8225
v 0.173975 0.357252 1.8225
v 0.173975 0.355227 1.824525
v 0.173975 0.355227 1.865475
v 0.173975 0.357252 1.8675
v -0.161975 0.357252 1.8675
v -0.161975 0.355227 1.865475
v 0.173975 0.364227 1.824525
v 0.173975 0.362202 1.8225
v -0.161975 0.362202 1.8225
v -0.161975 0.364227 1.824525
v -0.161975 0.364227 1.865475
v -0.161975 0.362202 1.8675
v 0.173975 0.362202 1.8675
v 0.173975 0.364227 1.865475
v -0.161975 0.357252 1.8225
v -0.161975 0.355227 1.824525
v -0.164 0.357252 1.824525
v -0.164 0.357252 1.865475
v -0.161975 0.355227 1.865475
v -0.161975 0.357252 1.8675
v -0.164 0.362202 1.824525
v -0.161975 0.364227 1.824525
v -0.161975 0.362202 1.8225
v -0.161975 0.362202 1.8675
v -0.161975 0.364227 1.865475
v -0.164 0.362202 1.865475
v 0.176 0.357252 1.824525
v 0.173975 0.355227 1.824525
v 0.173975 0.357252 1.8225
v 0.173975 0.357252 1.8675
v 0.173975 0.355227 1.865475
v 0.176 0.357252 1.865475
v 0.173975 0.362202 1.8225
v 0.173975 0.364227 1.824525
v 0.176 0.362202 1.824525
v 0.176 0.362202 1.865475
v 0.173975 0.364227 1.865475
v 0.173975 0.362202 1.8675
v -0.1465 0.356252 1.787975
v -0.1465 0.361202 1.787975
v -0.1465 0.361202 1.432025
v -0.1465 0.356252 1.432025
v -0.1215 0.356252 1.432025
v -0.1215 0.361202 1.432025
v -0.1215 0.361202 1.787975
v -0.1215 0.356252 1.787975
v -0.144475 0.354227 1.432025
v -0.123525 0.354227 1.432025
v -0.123525 0.354227 1.787975
v -0.144475 0.354227 1.787975
v -0.144475 0.363227 1.787975
v -0.123525 0.363227 1.787975
v -0.123525 0.363227 1.432025
v -0.144475 0.363227 1.432025
v -0.144475 0.361202 1.43
v -0.123525 0.361202 1.43
v -0.123525 0.356252 1.43
v -0.144475 0.356252 1.43
v -0.144475 0.356252 1.79
v -0.123525 0.356252 1.79
v -0.123525 0.361202 1.79
v -0.144475 0.361202 1.79
v -0.1465 0.356252 1.432025
v -0.144475 0.354227 1.432025
v -0.144475 0.354227 1.787975
v -0.1465 0.356252 1.787975
v -0.1465 0.361202 1.787975
v -0.144475 0.363227 1.787975
v -0.144475 0.363227 1.432025
v -0.1465 0.361202 1.432025
v -0.1215 0.356252 1.787975
v -0.123525 0.354227 1.787975
v -0.123525 0.354227 1.432025
v -0.1215 0.356252 1.432025
v -0.1215 0.361202 1.432025
v -0.123525 0.363227 1.432025
v -0.123525 0.363227 1.787975
v -0.1215 0.361202 1.787975
v -0.1465 0.361202 1.432025
v -0.144475 0.361202 1.43
v -0.144475 0.356252 1.43
v -0.1465 0.356252 1.432025
v -0.1465 0.356252 1.787975
v -0.144475 0.356252 1.79
v -0.144475 0.361202 1.79
v -0.1465 0.361202 1.787975
v -0.1215 0.356252 1.432025
v -0.123525 0.356252 1.43
v -0.123525 0.361202 1.43
v -0.1215 0.361202 1.432025
v -0.1215 0.361202 1.787975
v -0.123525 0.361202 1.79
v -0.123525 0.356252 1.79
v -0.1215 0.356252 1.787975
v -0.144475 0.354227 1.432025
v -0.144475 0.356252 1.43
v -0.123525 0.356252 1.43
v -0.123525 0.354227 1.432025
v -0.123525 0.354227 1.787975
v -0.123525 0.356252 1.79
v -0.144475 0.356252 1.79
v -0.144475 0.354227 1.787975
v -0.123525 0.363227 1.432025
v -0.123525 0.361202 1.43
v -0.144475 0.361202 1.43
v -0.144475 0.363227 1.432025
v -0.144475 0.363227 1.787975
v -0.144475 0.361202 1.79
v -0.123525 0.361202 1.79
v -0.123525 0.363227 1.787975
v -0.144475 0.356252 1.43
v -0.144475 0.354227 1.432025
v -0.1465 0.356252 1.432025
v -0.1465 0.356252 1.787975
v -0.144475 0.354227 1.787975
v -0.144475 0.356252 1.79
v -0.1465 0.361202 1.432025
v -0.144475 0.363227 1.432025
v -0.144475 0.361202 1.43
v -0.144475 0.361202 1.79
v -0.144475 0.363227 1.787975
v -0.1465 0.361202 1.787975
v -0.1215 0.356252 1.432025
v -0.123525 0.354227 1.432025
v -0.123525 0.356252 1.43
v -0.123525 0.356252 1.79
v -0.123525 0.354227 1.787975
v -0.1215 0.356252 1.787975
v -0.123525 0.361202 1.43
v -0.123525 0.363227 1.432025
v -0.1215 0.361202 1.432025
v -0.1215 0.361202 1.787975
v -0.123525 0.363227 1.787975
v -0.123525 0.361202 1.79
v 0.125 0.356252 1.717975
v 0.125 0.361202 1.717975
v 0.125 0.361202 1.422025
v 0.125 0.356252 1.422025
v 0.147 0.356252 1.422025
v 0.147 0.361202 1.422025
v 0.147 0.361202 1.717975
v 0.147 0.356252 1.717975
v 0.127025 0.354227 1.422025
v 0.144975 0.354227 1.422025
v 0.144975 0.354227 1.717975
v 0.127025 0.354227 1.717975
v 0.127025 0.363227 1.717975
v 0.144975 0.363227 1.717975
v 0.144975 0.363227 1.422025
v 0.127025 0.363227 1.422025
v 0.127025 0.361202 1.42
v 0.144975 0.361202 1.42
v 0.144975 0.356252 1.42
v 0.127025 0.356252 1.42
v 0.127025 0.356252 1.72
v 0.144975 0.356252 1.72
v 0.144975 0.361202 1.72
v 0.127025 0.361202 1.72
v 0.125 0.356252 1.422025
v 0.127025 0.354227 1.422025
v 0.127025 0.354227 1.717975
v 0.125 0.356252 1.717975
v 0.125 0.361202 1.717975
v 0.127025 0.363227 1.717975
v 0.127025 0.363227 1.422025
v 0.125 0.361202 1.422025
v 0.147 0.356252 1.717975
v 0.144975 0.354227 1.717975
v 0.144975 0.354227 1.422025
v 0.147 0.356252 1.422025
v 0.147 0.361202 1.422025
v 0.144975 0.363227 1.422025
v 0.144975 0.363227 1.717975
v 0.147 0.361202 1.717975
v 0.125 0.361202 1.422025
v 0.127025 0.361202 1.42
v 0.127025 0.356252 1.42
v 0.125 0.356252 1.422025
v 0.125 0.356252 1.717975
v 0.127025 0.356252 1.72
v 0.127025 0.361202 1.72
v 0.125 0.361202 1.717975
v 0.147 0.356252 1.422025
v 0.144975 0.356252 1.42
v 0.144975 0.361202 1.42
v 0.147 0.361202 1.422025
v 0.147 0.361202 1.717975
v 0.144975 0.361202 1.72
v 0.144975 0.356252 1.72
v 0.147 0.356252 1.717975
v 0.127025 0.354227 1.422025
v 0.127025 0.356252 1.42
v 0.144975 0.356252 1.42
v 0.144975 0.354227 1.422025
v 0.144975 0.354227 1.717975
v 0.144975 0.356252 1.72
v 0.127025 0.356252 1.72
v 0.127025 0.354227 1.717975
v 0.144975 0.363227 1.422025
v 0.144975 0.361202 1.42
v 0.127025 0.361202 1.42
v 0.127025 0.363227 1.422025
v 0.127025 0.363227 1.717975
v 0.127025 0.361202 1.72
v 0.144975 0.361202 1.72
v 0.144975 0.363227 1.717975
v 0.127025 0.356252 1.42
v 0.127025 0.354227 1.422025
v 0.125 0.356252 1.422025
v 0.125 0.356252 1.717975
v 0.127025 0.354227 1.717975
v 0.127025 0.356252 1.72
v 0.125 0.361202 1.422025
v 0.127025 0.363227 1.422025
v 0.127025 0.361202 1.42
v 0.127025 0.361202 1.72
v 0.127025 0.363227 1.717975
v 0.125 0.361202 1.717975
v 0.147 0.356252 1.422025
v 0.144975 0.354227 1.422025
v 0.144975 0.356252 1.42
v 0.144975 0.356252 1.72
v 0.144975 0.354227 1.717975
v 0.147 0.356252 1.717975
v 0.144975 0.361202 1.42
v 0.144975 0.363227 1.422025
v 0.147 0.361202 1.422025
v 0.147 0.361202 1.717975
v 0.144975 0.363227 1.717975
v 0.144975 0.361202 1.72
v -0.149 0.356252 1.468975
v -0.149 0.361202 1.468975
v -0.149 0.361202 1.451025
v -0.149 0.356252 1.451025
v 0.161 0.356252 1.451025
v 0.161 0.361202 1.451025
v 0.161 0.361202 1.468975
v 0.161 0.356252 1.468975
v -0.146975 0.354227 1.451025
v 0.158975 0.354227 1.451025
v 0.158975 0.354227 1.468975
v -0.146975 0.354227 1.468975
v -0.146975 0.363227 1.468975
v 0.158975 0.363227 1.468975
v 0.158975 0.363227 1.451025
v -0.146975 0.363227 1.451025
v -0.146975 0.361202 1.449
v 0.158975 0.361202 1.449
v 0.158975 0.356252 1.449
v -0.146975 0.356252 1.449
v -0.146975 0.356252 1.471
v 0.158975 0.356252 1.471
v 0.158975 0.361202 1.471
v -0.146975 0.361202 1.471
v -0.149 0.356252 1.451025
v -0.146975 0.354227 1.451025
v -0.146975 0.354227 1.468975
v -0.149 0.356252 1.468975
v -0.149 0.361202 1.468975
v -0.146975 0.363227 1.468975
v -0.146975 0.363227 1.451025
v -0.149 0.361202 1.451025
v 0.161 0.356252 1.468975
v 0.158975 0.354227 1.468975
v 0.158975 0.354227 1.451025
v 0.161 0.356252 1.451025
v 0.161 0.361202 1.451025
v 0.158975 0.363227 1.451025
v 0.158975 0.363227 1.468975
v 0.161 0.361202 1.468975
v -0.149 0.361202 1.451025
v -0.146975 0.361202 1.449
v -0.146975 0.356252 1.449
v -0.149 0.356252 1.451025
v -0.149 0.356252 1.468975
v -0.146975 0.356252 1.471
v -0.146975 0.361202 1.471
v -0.149 0.361202 1.468975
v 0.161 0.356252 1.451025
v 0.158975 0.356252 1.449
v 0.158975 0.361202 1.449
v 0.161 0.361202 1.451025
v 0.161 0.361202 1.468975
v 0.158975 0.361202 1.471
v 0.158975 0.356252 1.471
v 0.161 0.356252 1.468975
v -0.146975 0.354227 1.451025
v -0.146975 0.356252 1.449
v 0.158975 0.356252 1.449
v 0.158975 0.354227 1.451025
v 0.158975 0.354227 1.468975
v 0.158975 0.356252 1.471
v -0.146975 0.356252 1.471
v -0.146975 0.354227 1.468975
v 0.158975 0.363227 1.451025
v 0.158975 0.361202 1.449
v -0.146975 0.361202 1.449
v -0.146975 0.363227 1.451025
v -0.146975 0.363227 1.468975
v -0.146975 0.361202 1.471
v 0.158975 0.361202 1.471
v 0.158975 0.363227 1.468975
v -0.146975 0.356252 1.449
v -0.146975 0.354227 1.451025
v -0.149 0.356252 1.451025
v -0.149 0.356252 1.468975
v -0.146975 0.354227 1.468975
v -0.146975 0.356252 1.471
v -0.149 0.361202 1.451025
v -0.146975 0.363227 1.451025
v -0.146975 0.361202 1.449
v -0.146975 0.361202 1.471
v -0.146975 0.363227 1.468975
v -0.149 0.361202 1.468975
v 0.161 0.356252 1.451025
v 0.158975 0.354227 1.451025
v 0.158975 0.356252 1.449
v 0.158975 0.356252 1.471
v 0.158975 0.354227 1.468975
v 0.161 0.356252 1.468975
v 0.158975 0.361202 1.449
v 0.158975 0.363227 1.451025
v 0.161 0.361202 1.451025
v 0.161 0.361202 1.468975
v 0.158975 0.363227 1.468975
v 0.158975 0.361202 1.471
v -0.136 0.348727 1.84
v -0.137783 0.348727 1.83219
v -0.137783 0.360727 1.83219
v -0.136 0.360727 1.84
v -0.137783 0.348727 1.83219
v -0.142777 0.348727 1.825927
v -0.142777 0.360727 1.825927
v -0.137783 0.360727 1.83219
v -0.142777 0.348727 1.825927
v -0.149995 0.348727 1.822451
v -0.149995 0.360727 1.822451
v -0.142777 0.360727 1.825927
v -0.149995 0.348727 1.822451
v -0.158005 0.348727 1.822451
v -0.158005 0.360727 1.822451
v -0.149995 0.360727 1.822451
v -0.158005 0.348727 1.822451
v -0.165223 0.348727 1.825927
v -0.165223 0.360727 1.825927
v -0.158005 0.360727 1.822451
v -0.165223 0.348727 1.825927
v -0.170217 0.348727 1.83219
v -0.170217 0.360727 1.83219
v -0.165223 0.360727 1.825927
v -0.170217 0.348727 1.83219
v -0.172 0.348727 1.84
v -0.172 0.360727 1.84
v -0.170217 0.360727 1.83219
v -0.172 0.348727 1.84
v -0.170217 0.348727 1.84781
v -0.170217 0.360727 1.84781
v -0.172 0.360727 1.84
v -0.170217 0.348727 1.84781
v -0.165223 0.348727 1.854073
v -0.165223 0.360727 1.854073
v -0.170217 0.360727 1.84781
v -0.165223 0.348727 1.854073
v -0.158005 0.348727 1.857549
v -0.158005 0.360727 1.857549
v -0.165223 0.360727 1.854073
v -0.158005 0.348727 1.857549
v -0.149995 0.348727 1.857549
v -0.149995 0.360727 1.857549
v -0.158005 0.360727 1.857549
v -0.149995 0.348727 1.857549
v -0.142777 0.348727 1.854073
v -0.142777 0.360727 1.854073
v -0.149995 0.360727 1.857549
v -0.142777 0.348727 1.854073
v -0.137783 0.348727 1.84781
v -0.137783 0.360727 1.84781
v -0.142777 0.360727 1.854073
v -0.137783 0.348727 1.84781
v -0.136 0.348727 1.84
v -0.136 0.360727 1.84
v -0.137783 0.360727 1.84781
v -0.136 0.348727 1.84
v -0.137783 0.348727 1.83219
v -0.142777 0.348727 1.825927
v -0.149995 0.348727 1.822451
v -0.158005 0.348727 1.822451
v -0.165223 0.348727 1.825927
v -0.170217 0.348727 1.83219
v -0.172 0.348727 1.84
v -0.170217 0.348727 1.84781
v -0.165223 0.348727 1.854073
v -0.158005 0.348727 1.857549
v -0.149995 0.348727 1.857549
v -0.142777 0.348727 1.854073
v -0.137783 0.348727 1.84781
v -0.137783 0.360727 1.84781
v -0.142777 0.360727 1.854073
v -0.149995 0.360727 1.857549
v -0.158005 0.360727 1.857549
v -0.165223 0.360727 1.854073
v -0.170217 0.360727 1.84781
v -0.172 0.360727 1.84
v -0.170217 0.360727 1.83219
v -0.165223 0.360727 1.825927
v -0.158005 0.360727 1.822451
v -0.149995 0.360727 1.822451
v -0.142777 0.360727 1.825927
v -0.137783 0.360727 1.83219
v -0.136 0.360727 1.84
v 0.184 0.348727 1.84
v 0.182217 0.348727 1.83219
v 0.182217 0.360727 1.83219
v 0.184 0.360727 1.84
v 0.182217 0.348727 1.83219
v 0.177223 0.348727 1.825927
v 0.177223 0.360727 1.825927
v 0.182217 0.360727 1.83219
v 0.177223 0.348727 1.825927
v 0.170005 0.348727 1.822451
v 0.170005 0.360727 1.822451
v 0.177223 0.360727 1.825927
v 0.170005 0.348727 1.822451
v 0.161995 0.348727 1.822451
v 0.161995 0.360727 1.822451
v 0.170005 0.360727 1.822451
v 0.161995 0.348727 1.822451
v 0.154777 0.348727 1.825927
v 0.154777 0.360727 1.825927
v 0.161995 0.360727 1.822451
v 0.154777 0.348727 1.825927
v 0.149783 0.348727 1.83219
v 0.149783 0.360727 1.83219
v 0.154777 0.360727 1.825927
v 0.149783 0.348727 1.83219
v 0.148 0.348727 1.84
v 0.148 0.360727 1.84
v 0.149783 0.360727 1.83219
v 0.148 0.348727 1.84
v 0.149783 0.348727 1.84781
v 0.149783 0.360727 1.84781
v 0.148 0.360727 1.84
v 0.149783 0.348727 1.84781
v 0.154777 0.348727 1.854073
v 0.154777 0.360727 1.854073
v 0.149783 0.360727 1.84781
v 0.154777 0.348727 1.854073
v 0.161995 0.348727 1.857549
v 0.161995 0.360727 1.857549
v 0.154777 0.360727 1.854073
v 0.161995 0.348727 1.857549
v 0.170005 0.348727 1.857549
v 0.170005 0.360727 1.857549
v 0.161995 0.360727 1.857549
v 0.170005 0.348727 1.857549
v 0.177223 0.348727 1.854073
v 0.177223 0.360727 1.854073
v 0.170005 0.360727 1.857549
v 0.177223 0.348727 1.854073
v 0.182217 0.348727 1.84781
v 0.182217 0.360727 1.84781
v 0.177223 0.360727 1.854073
v 0.182217 0.348727 1.84781
v 0.184 0.348727 1.84
v 0.184 0.360727 1.84
v 0.182217 0.360727 1.84781
v 0.184 0.348727 1.84
v 0.182217 0.348727 1.83219
v 0.177223 0.348727 1.825927
v 0.170005 0.348727 1.822451
v 0.161995 0.348727 1.822451
v 0.154777 0.348727 1.825927
v 0.149783 0.348727 1.83219
v 0.148 0.348727 1.84
v 0.149783 0.348727 1.84781
v 0.154777 0.348727 1.854073
v 0.161995 0.348727 1.857549
v 0.170005 0.348727 1.857549
v 0.177223 0.348727 1.854073
v 0.182217 0.348727 1.84781
v 0.182217 0.360727 1.84781
v 0.177223 0.360727 1.854073
v 0.170005 0.360727 1.857549
v 0.161995 0.360727 1.857549
v 0.154777 0.360727 1.854073
v 0.149783 0.360727 1.84781
v 0.148 0.360727 1.84
v 0.149783 0.360727 1.83219
v 0.154777 0.360727 1.825927
v 0.161995 0.360727 1.822451
v 0.170005 0.360727 1.822451
v 0.177223 0.360727 1.825927
v 0.182217 0.360727 1.83219
v 0.184 0.360727 1.84
v -0.006 0.372727 1.14
v -0.004392 0.366727 1.14
v -0.004392 0.366727 1.3
v -0.006 0.372727 1.3
v -0.004392 0.366727 1.14
v 0 0.362335 1.14
v 0 0.362335 1.3
v -0.004392 0.366727 1.3
v 0 0.362335 1.14
v 0.006 0.360727 1.14
v 0.006 0.360727 1.3
v 0 0.362335 1.3
v 0.006 0.360727 1.14
v 0.012 0.362335 1.14
v 0.012 0.362335 1.3
v 0.006 0.360727 1.3
v 0.012 0.362335 1.14
v 0.016392 0.366727 1.14
v 0.016392 0.366727 1.3
v 0.012 0.362335 1.3
v 0.016392 0.366727 1.14
v 0.018 0.372727 1.14
v 0.018 0.372727 1.3
v 0.016392 0.366727 1.3
v 0.018 0.372727 1.14
v 0.016392 0.378727 1.14
v 0.016392 0.378727 1.3
v 0.018 0.372727 1.3
v 0.016392 0.378727 1.14
v 0.012 0.38312 1.14
v 0.012 0.38312 1.3
v 0.016392 0.378727 1.3
v 0.012 0.38312 1.14
v 0.006 0.384727 1.14
v 0.006 0.384727 1.3
v 0.012 0.38312 1.3
v 0.006 0.384727 1.14
v 0 0.38312 1.14
v 0 0.38312 1.3
v 0.006 0.384727 1.3
v 0 0.38312 1.14
v -0.004392 0.378727 1.14
v -0.004392 0.378727 1.3
v 0 0.38312 1.3
v -0.004392 0.378727 1.14
v -0.006 0.372727 1.14
v -0.006 0.372727 1.3
v -0.004392 0.378727 1.3
v -0.006 0.372727 1.14
v -0.004392 0.366727 1.14
v 0 0.362335 1.14
v 0.006 0.360727 1.14
v 0.012 0.362335 1.14
v 0.016392 0.366727 1.14
v 0.018 0.372727 1.14
v 0.016392 0.378727 1.14
v 0.012 0.38312 1.14
v 0.006 0.384727 1.14
v 0 0.38312 1.14
v -0.004392 0.378727 1.14
v -0.006 0.372727 1.3
v -0.004392 0.366727 1.3
v 0 0.362335 1.3
v 0.006 0.360727 1.3
v 0.012 0.362335 1.3
v 0.016392 0.366727 1.3
v 0.018 0.372727 1.3
v 0.016392 0.378727 1.3
v 0.012 0.38312 1.3
v 0.006 0.384727 1.3
v 0 0.38312 1.3
v -0.004392 0.378727 1.3
v 0.032 0.521818 1.976
v 0.028237 0.521818 1.959512
v 0.024633 0.528746 1.961248
v 0.028 0.528746 1.976
v 0.028 0.528746 1.976
v 0.024633 0.528746 1.961248
v 0.017425 0.528746 1.964719
v 0.02 0.528746 1.976
v 0.02 0.528746 1.976
v 0.017425 0.528746 1.964719
v 0.013821 0.521818 1.966455
v 0.016 0.521818 1.976
v 0.016 0.521818 1.976
v 0.013821 0.521818 1.966455
v 0.017425 0.51489 1.964719
v 0.02 0.51489 1.976
v 0.02 0.51489 1.976
v 0.017425 0.51489 1.964719
v 0.024633 0.51489 1.961248
v 0.028 0.51489 1.976
v 0.028 0.51489 1.976
v 0.024633 0.51489 1.961248
v 0.028237 0.521818 1.959512
v 0.032 0.521818 1.976
v 0.028237 0.521818 1.959512
v 0.017693 0.521818 1.94629
v 0.015199 0.528746 1.949418
v 0.024633 0.528746 1.961248
v 0.024633 0.528746 1.961248
v 0.015199 0.528746 1.949418
v 0.010211 0.528746 1.955672
v 0.017425 0.528746 1.964719
v 0.017425 0.528746 1.964719
v 0.010211 0.528746 1.955672
v 0.007717 0.521818 1.9588
v 0.013821 0.521818 1.966455
v 0.013821 0.521818 1.966455
v 0.007717 0.521818 1.9588
v 0.010211 0.51489 1.955672
v 0.017425 0.51489 1.964719
v 0.017425 0.51489 1.964719
v 0.010211 0.51489 1.955672
v 0.015199 0.51489 1.949418
v 0.024633 0.51489 1.961248
v 0.024633 0.51489 1.961248
v 0.015199 0.51489 1.949418
v 0.017693 0.521818 1.94629
v 0.028237 0.521818 1.959512
v 0.017693 0.521818 1.94629
v 0.002456 0.521818 1.938953
v 0.001566 0.528746 1.942852
v 0.015199 0.528746 1.949418
v 0.015199 0.528746 1.949418
v 0.001566 0.528746 1.942852
v -0.000214 0.528746 1.950652
v 0.010211 0.528746 1.955672
v 0.010211 0.528746 1.955672
v -0.000214 0.528746 1.950652
v -0.001105 0.521818 1.954552
v 0.007717 0.521818 1.9588
v 0.007717 0.521818 1.9588
v -0.001105 0.521818 1.954552
v -0.000214 0.51489 1.950652
v 0.010211 0.51489 1.955672
v 0.010211 0.51489 1.955672
v -0.000214 0.51489 1.950652
v 0.001566 0.51489 1.942852
v 0.015199 0.51489 1.949418
v 0.015199 0.51489 1.949418
v 0.001566 0.51489 1.942852
v 0.002456 0.521818 1.938953
v 0.017693 0.521818 1.94629
v 0.002456 0.521818 1.938953
v -0.014456 0.521818 1.938953
v -0.013566 0.528746 1.942852
v 0.001566 0.528746 1.942852
v 0.001566 0.528746 1.942852
v -0.013566 0.528746 1.942852
v -0.011786 0.528746 1.950652
v -0.000214 0.528746 1.950652
v -0.000214 0.528746 1.950652
v -0.011786 0.528746 1.950652
v -0.010895 0.521818 1.954552
v -0.001105 0.521818 1.954552
v -0.001105 0.521818 1.954552
v -0.010895 0.521818 1.954552
v -0.011786 0.51489 1.950652
v -0.000214 0.51489 1.950652
v -0.000214 0.51489 1.950652
v -0.011786 0.51489 1.950652
v -0.013566 0.51489 1.942852
v 0.001566 0.51489 1.942852
v 0.001566 0.51489 1.942852
v -0.013566 0.51489 1.942852
v -0.014456 0.521818 1.938953
v 0.002456 0.521818 1.938953
v -0.014456 0.521818 1.938953
v -0.029693 0.521818 1.94629
v -0.027199 0.528746 1.949418
v -0.013566 0.528746 1.942852
v -0.013566 0.528746 1.942852
v -0.027199 0.528746 1.949418
v -0.022211 0.528746 1.955672
v -0.011786 0.528746 1.950652
v -0.011786 0.528746 1.950652
v -0.022211 0.528746 1.955672
v -0.019717 0.521818 1.9588
v -0.010895 0.521818 1.954552
v -0.010895 0.521818 1.954552
v -0.019717 0.521818 1.9588
v -0.022211 0.51489 1.955672
v -0.011786 0.51489 1.950652
v -0.011786 0.51489 1.950652
v -0.022211 0.51489 1.955672
v -0.027199 0.51489 1.949418
v -0.013566 0.51489 1.942852
v -0.013566 0.51489 1.942852
v -0.027199 0.51489 1.949418
v -0.029693 0.521818 1.94629
v -0.014456 0.521818 1.938953
v -0.029693 0.521818 1.94629
v -0.040237 0.521818 1.959512
v -0.036633 0.528746 1.961248
v -0.027199 0.528746 1.949418
v -0.027199 0.528746 1.949418
v -0.036633 0.528746 1.961248
v -0.029425 0.528746 1.964719
v -0.022211 0.528746 1.955672
v -0.022211 0.528746 1.955672
v -0.029425 0.528746 1.964719
v -0.025821 0.521818 1.966455
v -0.019717 0.521818 1.9588
v -0.019717 0.521818 1.9588
v -0.025821 0.521818 1.966455
v -0.029425 0.51489 1.964719
v -0.022211 0.51489 1.955672
v -0.022211 0.51489 1.955672
v -0.029425 0.51489 1.964719
v -0.036633 0.51489 1.961248
v -0.027199 0.51489 1.949418
v -0.027199 0.51489 1.949418
v -0.036633 0.51489 1.961248
v -0.040237 0.521818 1.959512
v -0.029693 0.521818 1.94629
v -0.040237 0.521818 1.959512
v -0.044 0.521818 1.976
v -0.04 0.528746 1.976
v -0.036633 0.528746 1.961248
v -0.036633 0.528746 1.961248
v -0.04 0.528746 1.976
v -0.032 0.528746 1.976
v -0.029425 0.528746 1.964719
v -0.029425 0.528746 1.964719
v -0.032 0.528746 1.976
v -0.028 0.521818 1.976
v -0.025821 0.521818 1.966455
v -0.025821 0.521818 1.966455
v -0.028 0.521818 1.976
v -0.032 0.51489 1.976
v -0.029425 0.51489 1.964719
v -0.029425 0.51489 1.964719
v -0.032 0.51489 1.976
v -0.04 0.51489 1.976
v -0.036633 0.51489 1.961248
v -0.036633 0.51489 1.961248
v -0.04 0.51489 1.976
v -0.044 0.521818 1.976
v -0.040237 0.521818 1.959512
v -0.044 0.521818 1.976
v -0.040237 0.521818 1.992488
v -0.036633 0.528746 1.990752
v -0.04 0.528746 1.976
v -0.04 0.528746 1.976
v -0.036633 0.528746 1.990752
v -0.029425 0.528746 1.987281
v -0.032 0.528746 1.976
v -0.032 0.528746 1.976
v -0.029425 0.528746 1.987281
v -0.025821 0.521818 1.985545
v -0.028 0.521818 1.976
v -0.028 0.521818 1.976
v -0.025821 0.521818 1.985545
v -0.029425 0.51489 1.987281
v -0.032 0.51489 1.976
v -0.032 0.51489 1.976
v -0.029425 0.51489 1.987281
v -0.036633 0.51489 1.990752
v -0.04 0.51489 1.976
v -0.04 0.51489 1.976
v -0.036633 0.51489 1.990752
v -0.040237 0.521818 1.992488
v -0.044 0.521818 1.976
v -0.040237 0.521818 1.992488
v -0.029693 0.521818 2.00571
v -0.027199 0.528746 2.002582
v -0.036633 0.528746 1.990752
v -0.036633 0.528746 1.990752
v -0.027199 0.528746 2.002582
v -0.022211 0.528746 1.996328
v -0.029425 0.528746 1.987281
v -0.029425 0.528746 1.987281
v -0.022211 0.528746 1.996328
v -0.019717 0.521818 1.9932
v -0.025821 0.521818 1.985545
v -0.025821 0.521818 1.985545
v -0.019717 0.521818 1.9932
v -0.022211 0.51489 1.996328
v -0.029425 0.51489 1.987281
v -0.029425 0.51489 1.987281
v -0.022211 0.51489 1.996328
v -0.027199 0.51489 2.002582
v -0.036633 0.51489 1.990752
v -0.036633 0.51489 1.990752
v -0.027199 0.51489 2.002582
v -0.029693 0.521818 2.00571
v -0.040237 0.521818 1.992488
v -0.029693 0.521818 2.00571
v -0.014456 0.521818 2.013047
v -0.013566 0.528746 2.009148
v -0.027199 0.528746 2.002582
v -0.027199 0.528746 2.002582
v -0.013566 0.528746 2.009148
v -0.011786 0.528746 2.001348
v -0.022211 0.528746 1.996328
v -0.022211 0.528746 1.996328
v -0.011786 0.528746 2.001348
v -0.010895 0.521818 1.997448
v -0.019717 0.521818 1.9932
v -0.019717 0.521818 1.9932
v -0.010895 0.521818 1.997448
v -0.011786 0.51489 2.001348
v -0.022211 0.51489 1.996328
v -0.022211 0.51489 1.996328
v -0.011786 0.51489 2.001348
v -0.013566 0.51489 2.009148
v -0.027199 0.51489 2.002582
v -0.027199 0.51489 2.002582
v -0.013566 0.51489 2.009148
v -0.014456 0.521818 2.013047
v -0.029693 0.521818 2.00571
v -0.014456 0.521818 2.013047
v 0.002456 0.521818 2.013047
v 0.001566 0.528746 2.009148
v -0.013566 0.528746 2.009148
v -0.013566 0.528746 2.009148
v 0.001566 0.528746 2.009148
v -0.000214 0.528746 2.001348
v -0.011786 0.528746 2.001348
v -0.011786 0.528746 2.001348
v -0.000214 0.528746 2.001348
v -0.001105 0.521818 1.997448
v -0.010895 0.521818 1.997448
v -0.010895 0.521818 1.997448
v -0.001105 0.521818 1.997448
v -0.000214 0.51489 2.001348
v -0.011786 0.51489 2.001348
v -0.011786 0.51489 2.001348
v -0.000214 0.51489 2.001348
v 0.001566 0.51489 2.009148
v -0.013566 0.51489 2.009148
v -0.013566 0.51489 2.009148
v 0.001566 0.51489 2.009148
v 0.002456 0.521818 2.013047
v -0.014456 0.521818 2.013047
v 0.002456 0.521818 2.013047
v 0.017693 0.521818 2.00571
v 0.015199 0.528746 2.002582
v 0.001566 0.528746 2.009148
v 0.001566 0.528746 2.009148
v 0.015199 0.528746 2.002582
v 0.010211 0.528746 1.996328
v -0.000214 0.528746 2.001348
v -0.000214 0.528746 2.001348
v 0.010211 0.528746 1.996328
v 0.007717 0.521818 1.9932
v -0.001105 0.521818 1.997448
v -0.001105 0.521818 1.997448
v 0.007717 0.521818 1.9932
v 0.010211 0.51489 1.996328
v -0.000214 0.51489 2.001348
v -0.000214 0.51489 2.001348
v 0.010211 0.51489 1.996328
v 0.015199 0.51489 2.002582
v 0.001566 0.51489 2.009148
v 0.001566 0.51489 2.009148
v 0.015199 0.51489 2.002582
v 0.017693 0.521818 2.00571
v 0.002456 0.521818 2.013047
v 0.017693 0.521818 2.00571
v 0.028237 0.521818 1.992488
v 0.024633 0.528746 1.990752
v 0.015199 0.528746 2.002582
v 0.015199 0.528746 2.002582
v 0.024633 0.528746 1.990752
v 0.017425 0.528746 1.987281
v 0.010211 0.528746 1.996328
v 0.010211 0.528746 1.996328
v 0.017425 0.528746 1.987281
v 0.013821 0.521818 1.985545
v 0.007717 0.521818 1.9932
v 0.007717 0.521818 1.9932
v 0.013821 0.521818 1.985545
v 0.017425 0.51489 1.987281
v 0.010211 0.51489 1.996328
v 0.010211 0.51489 1.996328
v 0.017425 0.51489 1.987281
v 0.024633 0.51489 1.990752
v 0.015199 0.51489 2.002582
v 0.015199 0.51489 2.002582
v 0.024633 0.51489 1.990752
v 0.028237 0.521818 1.992488
v 0.017693 0.521818 2.00571
v 0.028237 0.521818 1.992488
v 0.032 0.521818 1.976
v 0.028 0.528746 1.976
v 0.024633 0.528746 1.990752
v 0.024633 0.528746 1.990752
v 0.028 0.528746 1.976
v 0.02 0.528746 1.976
v 0.017425 0.528746 1.987281
v 0.017425 0.528746 1.987281
v 0.02 0.528746 1.976
v 0.016 0.521818 1.976
v 0.013821 0.521818 1.985545
v 0.013821 0.521818 1.985545
v 0.016 0.521818 1.976
v 0.02 0.51489 1.976
v 0.017425 0.51489 1.987281
v 0.017425 0.51489 1.987281
v 0.02 0.51489 1.976
v 0.028 0.51489 1.976
v 0.024633 0.51489 1.990752
v 0.024633 0.51489 1.990752
v 0.028 0.51489 1.976
v 0.032 0.521818 1.976
v 0.028237 0.521818 1.992488
v -0.006 0.483818 1.928
v -0.006 0.487581 1.911512
v 0.000928 0.491185 1.913248
v 0.000928 0.487818 1.928
v 0.000928 0.487818 1.928
v 0.000928 0.491185 1.913248
v 0.000928 0.498393 1.916719
v 0.000928 0.495818 1.928
v 0.000928 0.495818 1.928
v 0.000928 0.498393 1.916719
v -0.006 0.501997 1.918455
v -0.006 0.499818 1.928
v -0.006 0.499818 1.928
v -0.006 0.501997 1.918455
v -0.012928 0.498393 1.916719
v -0.012928 0.495818 1.928
v -0.012928 0.495818 1.928
v -0.012928 0.498393 1.916719
v -0.012928 0.491185 1.913248
v -0.012928 0.487818 1.928
v -0.012928 0.487818 1.928
v -0.012928 0.491185 1.913248
v -0.006 0.487581 1.911512
v -0.006 0.483818 1.928
v -0.006 0.487581 1.911512
v -0.006 0.498126 1.89829
v 0.000928 0.50062 1.901418
v 0.000928 0.491185 1.913248
v 0.000928 0.491185 1.913248
v 0.000928 0.50062 1.901418
v 0.000928 0.505607 1.907672
v 0.000928 0.498393 1.916719
v 0.000928 0.498393 1.916719
v 0.000928 0.505607 1.907672
v -0.006 0.508101 1.9108
v -0.006 0.501997 1.918455
v -0.006 0.501997 1.918455
v -0.006 0.508101 1.9108
v -0.012928 0.505607 1.907672
v -0.012928 0.498393 1.916719
v -0.012928 0.498393 1.916719
v -0.012928 0.505607 1.907672
v -0.012928 0.50062 1.901418
v -0.012928 0.491185 1.913248
v -0.012928 0.491185 1.913248
v -0.012928 0.50062 1.901418
v -0.006 0.498126 1.89829
v -0.006 0.487581 1.911512
v -0.006 0.498126 1.89829
v -0.006 0.513362 1.890953
v 0.000928 0.514252 1.894852
v 0.000928 0.50062 1.901418
v 0.000928 0.50062 1.901418
v 0.000928 0.514252 1.894852
v 0.000928 0.516033 1.902652
v 0.000928 0.505607 1.907672
v 0.000928 0.505607 1.907672
v 0.000928 0.516033 1.902652
v -0.006 0.516923 1.906552
v -0.006 0.508101 1.9108
v -0.006 0.508101 1.9108
v -0.006 0.516923 1.906552
v -0.012928 0.516033 1.902652
v -0.012928 0.505607 1.907672
v -0.012928 0.505607 1.907672
v -0.012928 0.516033 1.902652
v -0.012928 0.514252 1.894852
v -0.012928 0.50062 1.901418
v -0.012928 0.50062 1.901418
v -0.012928 0.514252 1.894852
v -0.006 0.513362 1.890953
v -0.006 0.498126 1.89829
v -0.006 0.513362 1.890953
v -0.006 0.530274 1.890953
v 0.000928 0.529384 1.894852
v 0.000928 0.514252 1.894852
v 0.000928 0.514252 1.894852
v 0.000928 0.529384 1.894852
v 0.000928 0.527604 1.902652
v 0.000928 0.516033 1.902652
v 0.000928 0.516033 1.902652
v 0.000928 0.527604 1.902652
v -0.006 0.526714 1.906552
v -0.006 0.516923 1.906552
v -0.006 0.516923 1.906552
v -0.006 0.526714 1.906552
v -0.012928 0.527604 1.902652
v -0.012928 0.516033 1.902652
v -0.012928 0.516033 1.902652
v -0.012928 0.527604 1.902652
v -0.012928 0.529384 1.894852
v -0.012928 0.514252 1.894852
v -0.012928 0.514252 1.894852
v -0.012928 0.529384 1.894852
v -0.006 0.530274 1.890953
v -0.006 0.513362 1.890953
v -0.006 0.530274 1.890953
v -0.006 0.545511 1.89829
v 0.000928 0.543017 1.901418
v 0.000928 0.529384 1.894852
v 0.000928 0.529384 1.894852
v 0.000928 0.543017 1.901418
v 0.000928 0.538029 1.907672
v 0.000928 0.527604 1.902652
v 0.000928 0.527604 1.902652
v 0.000928 0.538029 1.907672
v -0.006 0.535535 1.9108
v -0.006 0.526714 1.906552
v -0.006 0.526714 1.906552
v -0.006 0.535535 1.9108
v -0.012928 0.538029 1.907672
v -0.012928 0.527604 1.902652
v -0.012928 0.527604 1.902652
v -0.012928 0.538029 1.907672
v -0.012928 0.543017 1.901418
v -0.012928 0.529384 1.894852
v -0.012928 0.529384 1.894852
v -0.012928 0.543017 1.901418
v -0.006 0.545511 1.89829
v -0.006 0.530274 1.890953
v -0.006 0.545511 1.89829
v -0.006 0.556055 1.911512
v 0.000928 0.552451 1.913248
v 0.000928 0.543017 1.901418
v 0.000928 0.543017 1.901418
v 0.000928 0.552451 1.913248
v 0.000928 0.545243 1.916719
v 0.000928 0.538029 1.907672
v 0.000928 0.538029 1.907672
v 0.000928 0.545243 1.916719
v -0.006 0.541639 1.918455
v -0.006 0.535535 1.9108
v -0.006 0.535535 1.9108
v -0.006 0.541639 1.918455
v -0.012928 0.545243 1.916719
v -0.012928 0.538029 1.907672
v -0.012928 0.538029 1.907672
v -0.012928 0.545243 1.916719
v -0.012928 0.552451 1.913248
v -0.012928 0.543017 1.901418
v -0.012928 0.543017 1.901418
v -0.012928 0.552451 1.913248
v -0.006 0.556055 1.911512
v -0.006 0.545511 1.89829
v -0.006 0.556055 1.911512
v -0.006 0.559818 1.928
v 0.000928 0.555818 1.928
v 0.000928 0.552451 1.913248
v 0.000928 0.552451 1.913248
v 0.000928 0.555818 1.928
v 0.000928 0.547818 1.928
v 0.000928 0.545243 1.916719
v 0.000928 0.545243 1.916719
v 0.000928 0.547818 1.928
v -0.006 0.543818 1.928
v -0.006 0.541639 1.918455
v -0.006 0.541639 1.918455
v -0.006 0.543818 1.928
v -0.012928 0.547818 1.928
v -0.012928 0.545243 1.916719
v -0.012928 0.545243 1.916719
v -0.012928 0.547818 1.928
v -0.012928 0.555818 1.928
v -0.012928 0.552451 1.913248
v -0.012928 0.552451 1.913248
v -0.012928 0.555818 1.928
v -0.006 0.559818 1.928
v -0.006 0.556055 1.911512
v -0.006 0.559818 1.928
v -0.006 0.556055 1.944488
v 0.000928 0.552451 1.942752
v 0.000928 0.555818 1.928
v 0.000928 0.555818 1.928
v 0.000928 0.552451 1.942752
v 0.000928 0.545243 1.939281
v 0.000928 0.547818 1.928
v 0.000928 0.547818 1.928
v 0.000928 0.545243 1.939281
v -0.006 0.541639 1.937545
v -0.006 0.543818 1.928
v -0.006 0.543818 1.928
v -0.006 0.541639 1.937545
v -0.012928 0.545243 1.939281
v -0.012928 0.547818 1.928
v -0.012928 0.547818 1.928
v -0.012928 0.545243 1.939281
v -0.012928 0.552451 1.942752
v -0.012928 0.555818 1.928
v -0.012928 0.555818 1.928
v -0.012928 0.552451 1.942752
v -0.006 0.556055 1.944488
v -0.006 0.559818 1.928
v -0.006 0.556055 1.944488
v -0.006 0.545511 1.95771
v 0.000928 0.543017 1.954582
v 0.000928 0.552451 1.942752
v 0.000928 0.552451 1.942752
v 0.000928 0.543017 1.954582
v 0.000928 0.538029 1.948328
v 0.000928 0.545243 1.939281
v 0.000928 0.545243 1.939281
v 0.000928 0.538029 1.948328
v -0.006 0.535535 1.9452
v -0.006 0.541639 1.937545
v -0.006 0.541639 1.937545
v -0.006 0.535535 1.9452
v -0.012928 0.538029 1.948328
v -0.012928 0.545243 1.939281
v -0.012928 0.545243 1.939281
v -0.012928 0.538029 1.948328
v -0.012928 0.543017 1.954582
v -0.012928 0.552451 1.942752
v -0.012928 0.552451 1.942752
v -0.012928 0.543017 1.954582
v -0.006 0.545511 1.95771
v -0.006 0.556055 1.944488
v -0.006 0.545511 1.95771
v -0.006 0.530274 1.965047
v 0.000928 0.529384 1.961148
v 0.000928 0.543017 1.954582
v 0.000928 0.543017 1.954582
v 0.000928 0.529384 1.961148
v 0.000928 0.527604 1.953348
v 0.000928 0.538029 1.948328
v 0.000928 0.538029 1.948328
v 0.000928 0.527604 1.953348
v -0.006 0.526714 1.949448
v -0.006 0.535535 1.9452
v -0.006 0.535535 1.9452
v -0.006 0.526714 1.949448
v -0.012928 0.527604 1.953348
v -0.012928 0.538029 1.948328
v -0.012928 0.538029 1.948328
v -0.012928 0.527604 1.953348
v -0.012928 0.529384 1.961148
v -0.012928 0.543017 1.954582
v -0.012928 0.543017 1.954582
v -0.012928 0.529384 1.961148
v -0.006 0.530274 1.965047
v -0.006 0.545511 1.95771
v -0.006 0.530274 1.965047
v -0.006 0.513362 1.965047
v 0.000928 0.514252 1.961148
v 0.000928 0.529384 1.961148
v 0.000928 0.529384 1.961148
v 0.000928 0.514252 1.961148
v 0.000928 0.516033 1.953348
v 0.000928 0.527604 1.953348
v 0.000928 0.527604 1.953348
v 0.000928 0.516033 1.953348
v -0.006 0.516923 1.949448
v -0.006 0.526714 1.949448
v -0.006 0.526714 1.949448
v -0.006 0.516923 1.949448
v -0.012928 0.516033 1.953348
v -0.012928 0.527604 1.953348
v -0.012928 0.527604 1.953348
v -0.012928 0.516033 1.953348
v -0.012928 0.514252 1.961148
v -0.012928 0.529384 1.961148
v -0.012928 0.529384 1.961148
v -0.012928 0.514252 1.961148
v -0.006 0.513362 1.965047
v -0.006 0.530274 1.965047
v -0.006 0.513362 1.965047
v -0.006 0.498126 1.95771
v 0.000928 0.50062 1.954582
v 0.000928 0.514252 1.961148
v 0.000928 0.514252 1.961148
v 0.000928 0.50062 1.954582
v 0.000928 0.505607 1.948328
v 0.000928 0.516033 1.953348
v 0.000928 0.516033 1.953348
v 0.000928 0.505607 1.948328
v -0.006 0.508101 1.9452
v -0.006 0.516923 1.949448
v -0.006 0.516923 1.949448
v -0.006 0.508101 1.9452
v -0.012928 0.505607 1.948328
v -0.012928 0.516033 1.953348
v -0.012928 0.516033 1.953348
v -0.012928 0.505607 1.948328
v -0.012928 0.50062 1.954582
v -0.012928 0.514252 1.961148
v -0.012928 0.514252 1.961148
v -0.012928 0.50062 1.954582
v -0.006 0.498126 1.95771
v -0.006 0.513362 1.965047
v -0.006 0.498126 1.95771
v -0.006 0.487581 1.944488
v 0.000928 0.491185 1.942752
v 0.000928 0.50062 1.954582
v 0.000928 0.50062 1.954582
v 0.000928 0.491185 1.942752
v 0.000928 0.498393 1.939281
v 0.000928 0.505607 1.948328
v 0.000928 0.505607 1.948328
v 0.000928 0.498393 1.939281
v -0.006 0.501997 1.937545
v -0.006 0.508101 1.9452
v -0.006 0.508101 1.9452
v -0.006 0.501997 1.937545
v -0.012928 0.498393 1.939281
v -0.012928 0.505607 1.948328
v -0.012928 0.505607 1.948328
v -0.012928 0.498393 1.939281
v -0.012928 0.491185 1.942752
v -0.012928 0.50062 1.954582
v -0.012928 0.50062 1.954582
v -0.012928 0.491185 1.942752
v -0.006 0.487581 1.944488
v -0.006 0.498126 1.95771
v -0.006 0.487581 1.944488
v -0.006 0.483818 1.928
v 0.000928 0.487818 1.928
v 0.000928 0.491185 1.942752
v 0.000928 0.491185 1.942752
v 0.000928 0.487818 1.928
v 0.000928 0.495818 1.928
v 0.000928 0.498393 1.939281
v 0.000928 0.498393 1.939281
v 0.000928 0.495818 1.928
v -0.006 0.499818 1.928
v -0.006 0.501997 1.937545
v -0.006 0.501997 1.937545
v -0.006 0.499818 1.928
v -0.012928 0.495818 1.928
v -0.012928 0.498393 1.939281
v -0.012928 0.498393 1.939281
v -0.012928 0.495818 1.928
v -0.012928 0.487818 1.928
v -0.012928 0.491185 1.942752
v -0.012928 0.491185 1.942752
v -0.012928 0.487818 1.928
v -0.006 0.483818 1.928
v -0.006 0.487581 1.944488
v 0.032 0.521818 1.88
v 0.028237 0.521818 1.863512
v 0.024633 0.528746 1.865248
v 0.028 0.528746 1.88
v 0.028 0.528746 1.88
v 0.024633 0.528746 1.865248
v 0.017425 0.528746 1.868719
v 0.02 0.528746 1.88
v 0.02 0.528746 1.88
v 0.017425 0.528746 1.868719
v 0.013821 0.521818 1.870455
v 0.016 0.521818 1.88
v 0.016 0.521818 1.88
v 0.013821 0.521818 1.870455
v 0.017425 0.51489 1.868719
v 0.02 0.51489 1.88
v 0.02 0.51489 1.88
v 0.017425 0.51489 1.868719
v 0.024633 0.51489 1.865248
v 0.028 0.51489 1.88
v 0.028 0.51489 1.88
v 0.024633 0.51489 1.865248
v 0.028237 0.521818 1.863512
v 0.032 0.521818 1.88
v 0.028237 0.521818 1.863512
v 0.017693 0.521818 1.85029
v 0.015199 0.528746 1.853418
v 0.024633 0.528746 1.865248
v 0.024633 0.528746 1.865248
v 0.015199 0.528746 1.853418
v 0.010211 0.528746 1.859672
v 0.017425 0.528746 1.868719
v 0.017425 0.528746 1.868719
v 0.010211 0.528746 1.859672
v 0.007717 0.521818 1.8628
v 0.013821 0.521818 1.870455
v 0.013821 0.521818 1.870455
v 0.007717 0.521818 1.8628
v 0.010211 0.51489 1.859672
v 0.017425 0.51489 1.868719
v 0.017425 0.51489 1.868719
v 0.010211 0.51489 1.859672
v 0.015199 0.51489 1.853418
v 0.024633 0.51489 1.865248
v 0.024633 0.51489 1.865248
v 0.015199 0.51489 1.853418
v 0.017693 0.521818 1.85029
v 0.028237 0.521818 1.863512
v 0.017693 0.521818 1.85029
v 0.002456 0.521818 1.842953
v 0.001566 0.528746 1.846852
v 0.015199 0.528746 1.853418
v 0.015199 0.528746 1.853418
v 0.001566 0.528746 1.846852
v -0.000214 0.528746 1.854652
v 0.010211 0.528746 1.859672
v 0.010211 0.528746 1.859672
v -0.000214 0.528746 1.854652
v -0.001105 0.521818 1.858552
v 0.007717 0.521818 1.8628
v 0.007717 0.521818 1.8628
v -0.001105 0.521818 1.858552
v -0.000214 0.51489 1.854652
v 0.010211 0.51489 1.859672
v 0.010211 0.51489 1.859672
v -0.000214 0.51489 1.854652
v 0.001566 0.51489 1.846852
v 0.015199 0.51489 1.853418
v 0.015199 0.51489 1.853418
v 0.001566 0.51489 1.846852
v 0.002456 0.521818 1.842953
v 0.017693 0.521818 1.85029
v 0.002456 0.521818 1.842953
v -0.014456 0.521818 1.842953
v -0.013566 0.528746 1.846852
v 0.001566 0.528746 1.846852
v 0.001566 0.528746 1.846852
v -0.013566 0.528746 1.846852
v -0.011786 0.528746 1.854652
v -0.000214 0.528746 1.854652
v -0.000214 0.528746 1.854652
v -0.011786 0.528746 1.854652
v -0.010895 0.521818 1.858552
v -0.001105 0.521818 1.858552
v -0.001105 0.521818 1.858552
v -0.010895 0.521818 1.858552
v -0.011786 0.51489 1.854652
v -0.000214 0.51489 1.854652
v -0.000214 0.51489 1.854652
v -0.011786 0.51489 1.854652
v -0.013566 0.51489 1.846852
v 0.001566 0.51489 1.846852
v 0.001566 0.51489 1.846852
v -0.013566 0.51489 1.846852
v -0.014456 0.521818 1.842953
v 0.002456 0.521818 1.842953
v -0.014456 0.521818 1.842953
v -0.029693 0.521818 1.85029
v -0.027199 0.528746 1.853418
v -0.013566 0.528746 1.846852
v -0.013566 0.528746 1.846852
v -0.027199 0.528746 1.853418
v -0.022211 0.528746 1.859672
v -0.011786 0.528746 1.854652
v -0.011786 0.528746 1.854652
v -0.022211 0.528746 1.859672
v -0.019717 0.521818 1.8628
v -0.010895 0.521818 1.858552
v -0.010895 0.521818 1.858552
v -0.019717 0.521818 1.8628
v -0.022211 0.51489 1.859672
v -0.011786 0.51489 1.854652
v -0.011786 0.51489 1.854652
v -0.022211 0.51489 1.859672
v -0.027199 0.51489 1.853418
v -0.013566 0.51489 1.846852
v -0.013566 0.51489 1.846852
v -0.027199 0.51489 1.853418
v -0.029693 0.521818 1.85029
v -0.014456 0.521818 1.842953
v -0.029693 0.521818 1.85029
v -0.040237 0.521818 1.863512
v -0.036633 0.528746 1.865248
v -0.027199 0.528746 1.853418
v -0.027199 0.528746 1.853418
v -0.036633 0.528746 1.865248
v -0.029425 0.528746 1.868719
v -0.022211 0.528746 1.859672
v -0.022211 0.528746 1.859672
v -0.029425 0.528746 1.868719
v -0.025821 0.521818 1.870455
v -0.019717 0.521818 1.8628
v -0.019717 0.521818 1.8628
v -0.025821 0.521818 1.870455
v -0.029425 0.51489 1.868719
v -0.022211 0.51489 1.859672
v -0.022211 0.51489 1.859672
v -0.029425 0.51489 1.868719
v -0.036633 0.51489 1.865248
v -0.027199 0.51489 1.853418
v -0.027199 0.51489 1.853418
v -0.036633 0.51489 1.865248
v -0.040237 0.521818 1.863512
v -0.029693 0.521818 1.85029
v -0.040237 0.521818 1.863512
v -0.044 0.521818 1.88
v -0.04 0.528746 1.88
v -0.036633 0.528746 1.865248
v -0.036633 0.528746 1.865248
v -0.04 0.528746 1.88
v -0.032 0.528746 1.88
v -0.029425 0.528746 1.868719
v -0.029425 0.528746 1.868719
v -0.032 0.528746 1.88
v -0.028 0.521818 1.88
v -0.025821 0.521818 1.870455
v -0.025821 0.521818 1.870455
v -0.028 0.521818 1.88
v -0.032 0.51489 1.88
v -0.029425 0.51489 1.868719
v -0.029425 0.51489 1.868719
v -0.032 0.51489 1.88
v -0.04 0.51489 1.88
v -0.036633 0.51489 1.865248
v -0.036633 0.51489 1.865248
v -0.04 0.51489 1.88
v -0.044 0.521818 1.88
v -0.040237 0.521818 1.863512
v -0.044 0.521818 1.88
v -0.040237 0.521818 1.896488
v -0.036633 0.528746 1.894752
v -0.04 0.528746 1.88
v -0.04 0.528746 1.88
v -0.036633 0.528746 1.894752
v -0.029425 0.528746 1.891281
v -0.032 0.528746 1.88
v -0.032 0.528746 1.88
v -0.029425 0.528746 1.891281
v -0.025821 0.521818 1.889545
v -0.028 0.521818 1.88
v -0.028 0.521818 1.88
v -0.025821 0.521818 1.889545
v -0.029425 0.51489 1.891281
v -0.032 0.51489 1.88
v -0.032 0.51489 1.88
v -0.029425 0.51489 1.891281
v -0.036633 0.51489 1.894752
v -0.04 0.51489 1.88
v -0.04 0.51489 1.88
v -0.036633 0.51489 1.894752
v -0.040237 0.521818 1.896488
v -0.044 0.521818 1.88
v -0.040237 0.521818 1.896488
v -0.029693 0.521818 1.90971
v -0.027199 0.528746 1.906582
v -0.036633 0.528746 1.894752
v -0.036633 0.528746 1.894752
v -0.027199 0.528746 1.906582
v -0.022211 0.528746 1.900328
v -0.029425 0.528746 1.891281
v -0.029425 0.528746 1.891281
v -0.022211 0.528746 1.900328
v -0.019717 0.521818 1.8972
v -0.025821 0.521818 1.889545
v -0.025821 0.521818 1.889545
v -0.019717 0.521818 1.8972
v -0.022211 0.51489 1.900328
v -0.029425 0.51489 1.891281
v -0.029425 0.51489 1.891281
v -0.022211 0.51489 1.900328
v -0.027199 0.51489 1.906582
v -0.036633 0.51489 1.894752
v -0.036633 0.51489 1.894752
v -0.027199 0.51489 1.906582
v -0.029693 0.521818 1.90971
v -0.040237 0.521818 1.896488
v -0.029693 0.521818 1.90971
v -0.014456 0.521818 1.917047
v -0.013566 0.528746 1.913148
v -0.027199 0.528746 1.906582
v -0.027199 0.528746 1.906582
v -0.013566 0.528746 1.913148
v -0.011786 0.528746 1.905348
v -0.022211 0.528746 1.900328
v -0.022211 0.528746 1.900328
v -0.011786 0.528746 1.905348
v -0.010895 0.521818 1.901448
v -0.019717 0.521818 1.8972
v -0.019717 0.521818 1.8972
v -0.010895 0.521818 1.901448
v -0.011786 0.51489 1.905348
v -0.022211 0.51489 1.900328
v -0.022211 0.51489 1.900328
v -0.011786 0.51489 1.905348
v -0.013566 0.51489 1.913148
v -0.027199 0.51489 1.906582
v -0.027199 0.51489 1.906582
v -0.013566 0.51489 1.913148
v -0.014456 0.521818 1.917047
v -0.029693 0.521818 1.90971
v -0.014456 0.521818 1.917047
v 0.002456 0.521818 1.917047
v 0.001566 0.528746 1.913148
v -0.013566 0.528746 1.913148
v -0.013566 0.528746 1.913148
v 0.001566 0.528746 1.913148
v -0.000214 0.528746 1.905348
v -0.011786 0.528746 1.905348
v -0.011786 0.528746 1.905348
v -0.000214 0.528746 1.905348
v -0.001105 0.521818 1.901448
v -0.010895 0.521818 1.901448
v -0.010895 0.521818 1.901448
v -0.001105 0.521818 1.901448
v -0.000214 0.51489 1.905348
v -0.011786 0.51489 1.905348
v -0.011786 0.51489 1.905348
v -0.000214 0.51489 1.905348
v 0.001566 0.51489 1.913148
v -0.013566 0.51489 1.913148
v -0.013566 0.51489 1.913148
v 0.001566 0.51489 1.913148
v 0.002456 0.521818 1.917047
v -0.014456 0.521818 1.917047
v 0.002456 0.521818 1.917047
v 0.017693 0.521818 1.90971
v 0.015199 0.528746 1.906582
v 0.001566 0.528746 1.913148
v 0.001566 0.528746 1.913148
v 0.015199 0.528746 1.906582
v 0.010211 0.528746 1.900328
v -0.000214 0.528746 1.905348
v -0.000214 0.528746 1.905348
v 0.010211 0.528746 1.900328
v 0.007717 0.521818 1.8972
v -0.001105 0.521818 1.901448
v -0.001105 0.521818 1.901448
v 0.007717 0.521818 1.8972
v 0.010211 0.51489 1.900328
v -0.000214 0.51489 1.905348
v -0.000214 0.51489 1.905348
v 0.010211 0.51489 1.900328
v 0.015199 0.51489 1.906582
v 0.001566 0.51489 1.913148
v 0.001566 0.51489 1.913148
v 0.015199 0.51489 1.906582
v 0.017693 0.521818 1.90971
v 0.002456 0.521818 1.917047
v 0.017693 0.521818 1.90971
v 0.028237 0.521818 1.896488
v 0.024633 0.528746 1.894752
v 0.015199 0.528746 1.906582
v 0.015199 0.528746 1.906582
v 0.024633 0.528746 1.894752
v 0.017425 0.528746 1.891281
v 0.010211 0.528746 1.900328
v 0.010211 0.528746 1.900328
v 0.017425 0.528746 1.891281
v 0.013821 0.521818 1.889545
v 0.007717 0.521818 1.8972
v 0.007717 0.521818 1.8972
v 0.013821 0.521818 1.889545
v 0.017425 0.51489 1.891281
v 0.010211 0.51489 1.900328
v 0.010211 0.51489 1.900328
v 0.017425 0.51489 1.891281
v 0.024633 0.51489 1.894752
v 0.015199 0.51489 1.906582
v 0.015199 0.51489 1.906582
v 0.024633 0.51489 1.894752
v 0.028237 0.521818 1.896488
v 0.017693 0.521818 1.90971
v 0.028237 0.521818 1.896488
v 0.032 0.521818 1.88
v 0.028 0.528746 1.88
v 0.024633 0.528746 1.894752
v 0.024633 0.528746 1.894752
v 0.028 0.528746 1.88
v 0.02 0.528746 1.88
v 0.017425 0.528746 1.891281
v 0.017425 0.528746 1.891281
v 0.02 0.528746 1.88
v 0.016 0.521818 1.88
v 0.013821 0.521818 1.889545
v 0.013821 0.521818 1.889545
v 0.016 0.521818 1.88
v 0.02 0.51489 1.88
v 0.017425 0.51489 1.891281
v 0.017425 0.51489 1.891281
v 0.02 0.51489 1.88
v 0.028 0.51489 1.88
v 0.024633 0.51489 1.894752
v 0.024633 0.51489 1.894752
v 0.028 0.51489 1.88
v 0.032 0.521818 1.88
v 0.028237 0.521818 1.896488
v 0.041 0.521818 1.826
v 0.037422 0.521818 1.808014
v 0.033265 0.529612 1.809736
v 0.0365 0.529612 1.826
v 0.0365 0.529612 1.826
v 0.033265 0.529612 1.809736
v 0.02495 0.529612 1.81318
v 0.0275 0.529612 1.826
v 0.0275 0.529612 1.826
v 0.02495 0.529612 1.81318
v 0.020793 0.521818 1.814902
v 0.023 0.521818 1.826
v 0.023 0.521818 1.826
v 0.020793 0.521818 1.814902
v 0.02495 0.514024 1.81318
v 0.0275 0.514024 1.826
v 0.0275 0.514024 1.826
v 0.02495 0.514024 1.81318
v 0.033265 0.514024 1.809736
v 0.0365 0.514024 1.826
v 0.0365 0.514024 1.826
v 0.033265 0.514024 1.809736
v 0.037422 0.521818 1.808014
v 0.041 0.521818 1.826
v 0.037422 0.521818 1.808014
v 0.027234 0.521818 1.792766
v 0.024052 0.529612 1.795948
v 0.033265 0.529612 1.809736
v 0.033265 0.529612 1.809736
v 0.024052 0.529612 1.795948
v 0.017688 0.529612 1.802312
v 0.02495 0.529612 1.81318
v 0.02495 0.529612 1.81318
v 0.017688 0.529612 1.802312
v 0.014506 0.521818 1.805494
v 0.020793 0.521818 1.814902
v 0.020793 0.521818 1.814902
v 0.014506 0.521818 1.805494
v 0.017688 0.514024 1.802312
v 0.02495 0.514024 1.81318
v 0.02495 0.514024 1.81318
v 0.017688 0.514024 1.802312
v 0.024052 0.514024 1.795948
v 0.033265 0.514024 1.809736
v 0.033265 0.514024 1.809736
v 0.024052 0.514024 1.795948
v 0.027234 0.521818 1.792766
v 0.037422 0.521818 1.808014
v 0.027234 0.521818 1.792766
v 0.011986 0.521818 1.782578
v 0.010264 0.529612 1.786735
v 0.024052 0.529612 1.795948
v 0.024052 0.529612 1.795948
v 0.010264 0.529612 1.786735
v 0.00682 0.529612 1.79505
v 0.017688 0.529612 1.802312
v 0.017688 0.529612 1.802312
v 0.00682 0.529612 1.79505
v 0.005098 0.521818 1.799207
v 0.014506 0.521818 1.805494
v 0.014506 0.521818 1.805494
v 0.005098 0.521818 1.799207
v 0.00682 0.514024 1.79505
v 0.017688 0.514024 1.802312
v 0.017688 0.514024 1.802312
v 0.00682 0.514024 1.79505
v 0.010264 0.514024 1.786735
v 0.024052 0.514024 1.795948
v 0.024052 0.514024 1.795948
v 0.010264 0.514024 1.786735
v 0.011986 0.521818 1.782578
v 0.027234 0.521818 1.792766
v 0.011986 0.521818 1.782578
v -0.006 0.521818 1.779
v -0.006 0.529612 1.7835
v 0.010264 0.529612 1.786735
v 0.010264 0.529612 1.786735
v -0.006 0.529612 1.7835
v -0.006 0.529612 1.7925
v 0.00682 0.529612 1.79505
v 0.00682 0.529612 1.79505
v -0.006 0.529612 1.7925
v -0.006 0.521818 1.797
v 0.005098 0.521818 1.799207
v 0.005098 0.521818 1.799207
v -0.006 0.521818 1.797
v -0.006 0.514024 1.7925
v 0.00682 0.514024 1.79505
v 0.00682 0.514024 1.79505
v -0.006 0.514024 1.7925
v -0.006 0.514024 1.7835
v 0.010264 0.514024 1.786735
v 0.010264 0.514024 1.786735
v -0.006 0.514024 1.7835
v -0.006 0.521818 1.779
v 0.011986 0.521818 1.782578
v -0.006 0.521818 1.779
v -0.023986 0.521818 1.782578
v -0.022264 0.529612 1.786735
v -0.006 0.529612 1.7835
v -0.006 0.529612 1.7835
v -0.022264 0.529612 1.786735
v -0.01882 0.529612 1.79505
v -0.006 0.529612 1.7925
v -0.006 0.529612 1.7925
v -0.01882 0.529612 1.79505
v -0.017098 0.521818 1.799207
v -0.006 0.521818 1.797
v -0.006 0.521818 1.797
v -0.017098 0.521818 1.799207
v -0.01882 0.514024 1.79505
v -0.006 0.514024 1.7925
v -0.006 0.514024 1.7925
v -0.01882 0.514024 1.79505
v -0.022264 0.514024 1.786735
v -0.006 0.514024 1.7835
v -0.006 0.514024 1.7835
v -0.022264 0.514024 1.786735
v -0.023986 0.521818 1.782578
v -0.006 0.521818 1.779
v -0.023986 0.521818 1.782578
v -0.039234 0.521818 1.792766
v -0.036052 0.529612 1.795948
v -0.022264 0.529612 1.786735
v -0.022264 0.529612 1.786735
v -0.036052 0.529612 1.795948
v -0.029688 0.529612 1.802312
v -0.01882 0.529612 1.79505
v -0.01882 0.529612 1.79505
v -0.029688 0.529612 1.802312
v -0.026506 0.521818 1.805494
v -0.017098 0.521818 1.799207
v -0.017098 0.521818 1.799207
v -0.026506 0.521818 1.805494
v -0.029688 0.514024 1.802312
v -0.01882 0.514024 1.79505
v -0.01882 0.514024 1.79505
v -0.029688 0.514024 1.802312
v -0.036052 0.514024 1.795948
v -0.022264 0.514024 1.786735
v -0.022264 0.514024 1.786735
v -0.036052 0.514024 1.795948
v -0.039234 0.521818 1.792766
v -0.023986 0.521818 1.782578
v -0.039234 0.521818 1.792766
v -0.049422 0.521818 1.808014
v -0.045265 0.529612 1.809736
v -0.036052 0.529612 1.795948
v -0.036052 0.529612 1.795948
v -0.045265 0.529612 1.809736
v -0.03695 0.529612 1.81318
v -0.029688 0.529612 1.802312
v -0.029688 0.529612 1.802312
v -0.03695 0.529612 1.81318
v -0.032793 0.521818 1.814902
v -0.026506 0.521818 1.805494
v -0.026506 0.521818 1.805494
v -0.032793 0.521818 1.814902
v -0.03695 0.514024 1.81318
v -0.029688 0.514024 1.802312
v -0.029688 0.514024 1.802312
v -0.03695 0.514024 1.81318
v -0.045265 0.514024 1.809736
v -0.036052 0.514024 1.795948
v -0.036052 0.514024 1.795948
v -0.045265 0.514024 1.809736
v -0.049422 0.521818 1.808014
v -0.039234 0.521818 1.792766
v -0.049422 0.521818 1.808014
v -0.053 0.521818 1.826
v -0.0485 0.529612 1.826
v -0.045265 0.529612 1.809736
v -0.045265 0.529612 1.809736
v -0.0485 0.529612 1.826
v -0.0395 0.529612 1.826
v -0.03695 0.529612 1.81318
v -0.03695 0.529612 1.81318
v -0.0395 0.529612 1.826
v -0.035 0.521818 1.826
v -0.032793 0.521818 1.814902
v -0.032793 0.521818 1.814902
v -0.035 0.521818 1.826
v -0.0395 0.514024 1.826
v -0.03695 0.514024 1.81318
v -0.03695 0.514024 1.81318
v -0.0395 0.514024 1.826
v -0.0485 0.514024 1.826
v -0.045265 0.514024 1.809736
v -0.045265 0.514024 1.809736
v -0.0485 0.514024 1.826
v -0.053 0.521818 1.826
v -0.049422 0.521818 1.808014
v -0.053 0.521818 1.826
v -0.049422 0.521818 1.843986
v -0.045265 0.529612 1.842264
v -0.0485 0.529612 1.826
v -0.0485 0.529612 1.826
v -0.045265 0.529612 1.842264
v -0.03695 0.529612 1.83882
v -0.0395 0.529612 1.826
v -0.0395 0.529612 1.826
v -0.03695 0.529612 1.83882
v -0.032793 0.521818 1.837098
v -0.035 0.521818 1.826
v -0.035 0.521818 1.826
v -0.032793 0.521818 1.837098
v -0.03695 0.514024 1.83882
v -0.0395 0.514024 1.826
v -0.0395 0.514024 1.826
v -0.03695 0.514024 1.83882
v -0.045265 0.514024 1.842264
v -0.0485 0.514024 1.826
v -0.0485 0.514024 1.826
v -0.045265 0.514024 1.842264
v -0.049422 0.521818 1.843986
v -0.053 0.521818 1.826
v -0.049422 0.521818 1.843986
v -0.039234 0.521818 1.859234
v -0.036052 0.529612 1.856052
v -0.045265 0.529612 1.842264
v -0.045265 0.529612 1.842264
v -0.036052 0.529612 1.856052
v -0.029688 0.529612 1.849688
v -0.03695 0.529612 1.83882
v -0.03695 0.529612 1.83882
v -0.029688 0.529612 1.849688
v -0.026506 0.521818 1.846506
v -0.032793 0.521818 1.837098
v -0.032793 0.521818 1.837098
v -0.026506 0.521818 1.846506
v -0.029688 0.514024 1.849688
v -0.03695 0.514024 1.83882
v -0.03695 0.514024 1.83882
v -0.029688 0.514024 1.849688
v -0.036052 0.514024 1.856052
v -0.045265 0.514024 1.842264
v -0.045265 0.514024 1.842264
v -0.036052 0.514024 1.856052
v -0.039234 0.521818 1.859234
v -0.049422 0.521818 1.843986
v -0.039234 0.521818 1.859234
v -0.023986 0.521818 1.869422
v -0.022264 0.529612 1.865265
v -0.036052 0.529612 1.856052
v -0.036052 0.529612 1.856052
v -0.022264 0.529612 1.865265
v -0.01882 0.529612 1.85695
v -0.029688 0.529612 1.849688
v -0.029688 0.529612 1.849688
v -0.01882 0.529612 1.85695
v -0.017098 0.521818 1.852793
v -0.026506 0.521818 1.846506
v -0.026506 0.521818 1.846506
v -0.017098 0.521818 1.852793
v -0.01882 0.514024 1.85695
v -0.029688 0.514024 1.849688
v -0.029688 0.514024 1.849688
v -0.01882 0.514024 1.85695
v -0.022264 0.514024 1.865265
v -0.036052 0.514024 1.856052
v -0.036052 0.514024 1.856052
v -0.022264 0.514024 1.865265
v -0.023986 0.521818 1.869422
v -0.039234 0.521818 1.859234
v -0.023986 0.521818 1.869422
v -0.006 0.521818 1.873
v -0.006 0.529612 1.8685
v -0.022264 0.529612 1.865265
v -0.022264 0.529612 1.865265
v -0.006 0.529612 1.8685
v -0.006 0.529612 1.8595
v -0.01882 0.529612 1.85695
v -0.01882 0.529612 1.85695
v -0.006 0.529612 1.8595
v -0.006 0.521818 1.855
v -0.017098 0.521818 1.852793
v -0.017098 0.521818 1.852793
v -0.006 0.521818 1.855
v -0.006 0.514024 1.8595
v -0.01882 0.514024 1.85695
v -0.01882 0.514024 1.85695
v -0.006 0.514024 1.8595
v -0.006 0.514024 1.8685
v -0.022264 0.514024 1.865265
v -0.022264 0.514024 1.865265
v -0.006 0.514024 1.8685
v -0.006 0.521818 1.873
v -0.023986 0.521818 1.869422
v -0.006 0.521818 1.873
v 0.011986 0.521818 1.869422
v 0.010264 0.529612 1.865265
v -0.006 0.529612 1.8685
v -0.006 0.529612 1.8685
v 0.010264 0.529612 1.865265
v 0.00682 0.529612 1.85695
v -0.006 0.529612 1.8595
v -0.006 0.529612 1.8595
v 0.00682 0.529612 1.85695
v 0.005098 0.521818 1.852793
v -0.006 0.521818 1.855
v -0.006 0.521818 1.855
v 0.005098 0.521818 1.852793
v 0.00682 0.514024 1.85695
v -0.006 0.514024 1.8595
v -0.006 0.514024 1.8595
v 0.00682 0.514024 1.85695
v 0.010264 0.514024 1.865265
v -0.006 0.514024 1.8685
v -0.006 0.514024 1.8685
v 0.010264 0.514024 1.865265
v 0.011986 0.521818 1.869422
v -0.006 0.521818 1.873
v 0.011986 0.521818 1.869422
v 0.027234 0.521818 1.859234
v 0.024052 0.529612 1.856052
v 0.010264 0.529612 1.865265
v 0.010264 0.529612 1.865265
v 0.024052 0.529612 1.856052
v 0.017688 0.529612 1.849688
v 0.00682 0.529612 1.85695
v 0.00682 0.529612 1.85695
v 0.017688 0.529612 1.849688
v 0.014506 0.521818 1.846506
v 0.005098 0.521818 1.852793
v 0.005098 0.521818 1.852793
v 0.014506 0.521818 1.846506
v 0.017688 0.514024 1.849688
v 0.00682 0.514024 1.85695
v 0.00682 0.514024 1.85695
v 0.017688 0.514024 1.849688
v 0.024052 0.514024 1.856052
v 0.010264 0.514024 1.865265
v 0.010264 0.514024 1.865265
v 0.024052 0.514024 1.856052
v 0.027234 0.521818 1.859234
v 0.011986 0.521818 1.869422
v 0.027234 0.521818 1.859234
v 0.037422 0.521818 1.843986
v 0.033265 0.529612 1.842264
v 0.024052 0.529612 1.856052
v 0.024052 0.529612 1.856052
v 0.033265 0.529612 1.842264
v 0.02495 0.529612 1.83882
v 0.017688 0.529612 1.849688
v 0.017688 0.529612 1.849688
v 0.02495 0.529612 1.83882
v 0.020793 0.521818 1.837098
v 0.014506 0.521818 1.846506
v 0.014506 0.521818 1.846506
v 0.020793 0.521818 1.837098
v 0.02495 0.514024 1.83882
v 0.017688 0.514024 1.849688
v 0.017688 0.514024 1.849688
v 0.02495 0.514024 1.83882
v 0.033265 0.514024 1.842264
v 0.024052 0.514024 1.856052
v 0.024052 0.514024 1.856052
v 0.033265 0.514024 1.842264
v 0.037422 0.521818 1.843986
v 0.027234 0.521818 1.859234
v 0.037422 0.521818 1.843986
v 0.041 0.521818 1.826
v 0.0365 0.529612 1.826
v 0.033265 0.529612 1.842264
v 0.033265 0.529612 1.842264
v 0.0365 0.529612 1.826
v 0.0275 0.529612 1.826
v 0.02495 0.529612 1.83882
v 0.02495 0.529612 1.83882
v 0.0275 0.529612 1.826
v 0.023 0.521818 1.826
v 0.020793 0.521818 1.837098
v 0.020793 0.521818 1.837098
v 0.023 0.521818 1.826
v 0.0275 0.514024 1.826
v 0.02495 0.514024 1.83882
v 0.02495 0.514024 1.83882
v 0.0275 0.514024 1.826
v 0.0365 0.514024 1.826
v 0.033265 0.514024 1.842264
v 0.033265 0.514024 1.842264
v 0.0365 0.514024 1.826
v 0.041 0.521818 1.826
v 0.037422 0.521818 1.843986
v -0.066 0.504318 1.7935
v -0.066 0.539318 1.7935
v -0.066 0.539318 1.7485
v -0.066 0.504318 1.7485
v 0.054 0.504318 1.7485
v 0.054 0.539318 1.7485
v 0.054 0.539318 1.7935
v 0.054 0.504318 1.7935
v -0.056 0.494318 1.7485
v 0.044 0.494318 1.7485
v 0.044 0.494318 1.7935
v -0.056 0.494318 1.7935
v -0.056 0.549318 1.7935
v 0.044 0.549318 1.7935
v 0.044 0.549318 1.7485
v -0.056 0.549318 1.7485
v -0.056 0.539318 1.7385
v 0.044 0.539318 1.7385
v 0.044 0.504318 1.7385
v -0.056 0.504318 1.7385
v -0.056 0.504318 1.8035
v 0.044 0.504318 1.8035
v 0.044 0.539318 1.8035
v -0.056 0.539318 1.8035
v -0.066 0.504318 1.7485
v -0.056 0.494318 1.7485
v -0.056 0.494318 1.7935
v -0.066 0.504318 1.7935
v -0.066 0.539318 1.7935
v -0.056 0.549318 1.7935
v -0.056 0.549318 1.7485
v -0.066 0.539318 1.7485
v 0.054 0.504318 1.7935
v 0.044 0.494318 1.7935
v 0.044 0.494318 1.7485
v 0.054 0.504318 1.7485
v 0.054 0.539318 1.7485
v 0.044 0.549318 1.7485
v 0.044 0.549318 1.7935
v 0.054 0.539318 1.7935
v -0.066 0.539318 1.7485
v -0.056 0.539318 1.7385
v -0.056 0.504318 1.7385
v -0.066 0.504318 1.7485
v -0.066 0.504318 1.7935
v -0.056 0.504318 1.8035
v -0.056 0.539318 1.8035
v -0.066 0.539318 1.7935
v 0.054 0.504318 1.7485
v 0.044 0.504318 1.7385
v 0.044 0.539318 1.7385
v 0.054 0.539318 1.7485
v 0.054 0.539318 1.7935
v 0.044 0.539318 1.8035
v 0.044 0.504318 1.8035
v 0.054 0.504318 1.7935
v -0.056 0.494318 1.7485
v -0.056 0.504318 1.7385
v 0.044 0.504318 1.7385
v 0.044 0.494318 1.7485
v 0.044 0.494318 1.7935
v 0.044 0.504318 1.8035
v -0.056 0.504318 1.8035
v -0.056 0.494318 1.7935
v 0.044 0.549318 1.7485
v 0.044 0.539318 1.7385
v -0.056 0.539318 1.7385
v -0.056 0.549318 1.7485
v -0.056 0.549318 1.7935
v -0.056 0.539318 1.8035
v 0.044 0.539318 1.8035
v 0.044 0.549318 1.7935
v -0.056 0.504318 1.7385
v -0.056 0.494318 1.7485
v -0.066 0.504318 1.7485
v -0.066 0.504318 1.7935
v -0.056 0.494318 1.7935
v -0.056 0.504318 1.8035
v -0.066 0.539318 1.7485
v -0.056 0.549318 1.7485
v -0.056 0.539318 1.7385
v -0.056 0.539318 1.8035
v -0.056 0.549318 1.7935
v -0.066 0.539318 1.7935
v 0.054 0.504318 1.7485
v 0.044 0.494318 1.7485
v 0.044 0.504318 1.7385
v 0.044 0.504318 1.8035
v 0.044 0.494318 1.7935
v 0.054 0.504318 1.7935
v 0.044 0.539318 1.7385
v 0.044 0.549318 1.7485
v 0.054 0.539318 1.7485
v 0.054 0.539318 1.7935
v 0.044 0.549318 1.7935
v 0.044 0.539318 1.8035
v -0.236 0.515768 1.90105
v -0.236 0.527868 1.90105
v -0.236 0.527868 1.29095
v -0.236 0.515768 1.29095
v 0.224 0.515768 1.29095
v 0.224 0.527868 1.29095
v 0.224 0.527868 1.90105
v 0.224 0.515768 1.90105
v -0.23105 0.510818 1.29095
v 0.21905 0.510818 1.29095
v 0.21905 0.510818 1.90105
v -0.23105 0.510818 1.90105
v -0.23105 0.532818 1.90105
v 0.21905 0.532818 1.90105
v 0.21905 0.532818 1.29095
v -0.23105 0.532818 1.29095
v -0.23105 0.527868 1.286
v 0.21905 0.527868 1.286
v 0.21905 0.515768 1.286
v -0.23105 0.515768 1.286
v -0.23105 0.515768 1.906
v 0.21905 0.515768 1.906
v 0.21905 0.527868 1.906
v -0.23105 0.527868 1.906
v -0.236 0.515768 1.29095
v -0.23105 0.510818 1.29095
v -0.23105 0.510818 1.90105
v -0.236 0.515768 1.90105
v -0.236 0.527868 1.90105
v -0.23105 0.532818 1.90105
v -0.23105 0.532818 1.29095
v -0.236 0.527868 1.29095
v 0.224 0.515768 1.90105
v 0.21905 0.510818 1.90105
v 0.21905 0.510818 1.29095
v 0.224 0.515768 1.29095
v 0.224 0.527868 1.29095
v 0.21905 0.532818 1.29095
v 0.21905 0.532818 1.90105
v 0.224 0.527868 1.90105
v -0.236 0.527868 1.29095
v -0.23105 0.527868 1.286
v -0.23105 0.515768 1.286
v -0.236 0.515768 1.29095
v -0.236 0.515768 1.90105
v -0.23105 0.515768 1.906
v -0.23105 0.527868 1.906
v -0.236 0.527868 1.90105
v 0.224 0.515768 1.29095
v 0.21905 0.515768 1.286
v 0.21905 0.527868 1.286
v 0.224 0.527868 1.29095
v 0.224 0.527868 1.90105
v 0.21905 0.527868 1.906
v 0.21905 0.515768 1.906
v 0.224 0.515768 1.90105
v -0.23105 0.510818 1.29095
v -0.23105 0.515768 1.286
v 0.21905 0.515768 1.286
v 0.21905 0.510818 1.29095
v 0.21905 0.510818 1.90105
v 0.21905 0.515768 1.906
v -0.23105 0.515768 1.906
v -0.23105 0.510818 1.90105
v 0.21905 0.532818 1.29095
v 0.21905 0.527868 1.286
v -0.23105 0.527868 1.286
v -0.23105 0.532818 1.29095
v -0.23105 0.532818 1.90105
v -0.23105 0.527868 1.906
v 0.21905 0.527868 1.906
v 0.21905 0.532818 1.90105
v -0.23105 0.515768 1.286
v -0.23105 0.510818 1.29095
v -0.236 0.515768 1.29095
v -0.236 0.515768 1.90105
v -0.23105 0.510818 1.90105
v -0.23105 0.515768 1.906
v -0.236 0.527868 1.29095
v -0.23105 0.532818 1.29095
v -0.23105 0.527868 1.286
v -0.23105 0.527868 1.906
v -0.23105 0.532818 1.90105
v -0.236 0.527868 1.90105
v 0.224 0.515768 1.29095
v 0.21905 0.510818 1.29095
v 0.21905 0.515768 1.286
v 0.21905 0.515768 1.906
v 0.21905 0.510818 1.90105
v 0.224 0.515768 1.90105
v 0.21905 0.527868 1.286
v 0.21905 0.532818 1.29095
v 0.224 0.527868 1.29095
v 0.224 0.527868 1.90105
v 0.21905 0.532818 1.90105
v 0.21905 0.527868 1.906
v -0.176 0.506343 1.871475
v -0.176 0.511293 1.871475
v -0.176 0.511293 1.830525
v -0.176 0.506343 1.830525
v 0.164 0.506343 1.830525
v 0.164 0.511293 1.830525
v 0.164 0.511293 1.871475
v 0.164 0.506343 1.871475
v -0.173975 0.504318 1.830525
v 0.161975 0.504318 1.830525
v 0.161975 0.504318 1.871475
v -0.173975 0.504318 1.871475
v -0.173975 0.513318 1.871475
v 0.161975 0.513318 1.871475
v 0.161975 0.513318 1.830525
v -0.173975 0.513318 1.830525
v -0.173975 0.511293 1.8285
v 0.161975 0.511293 1.8285
v 0.161975 0.506343 1.8285
v -0.173975 0.506343 1.8285
v -0.173975 0.506343 1.8735
v 0.161975 0.506343 1.8735
v 0.161975 0.511293 1.8735
v -0.173975 0.511293 1.8735
v -0.176 0.506343 1.830525
v -0.173975 0.504318 1.830525
v -0.173975 0.504318 1.871475
v -0.176 0.506343 1.871475
v -0.176 0.511293 1.871475
v -0.173975 0.513318 1.871475
v -0.173975 0.513318 1.830525
v -0.176 0.511293 1.830525
v 0.164 0.506343 1.871475
v 0.161975 0.504318 1.871475
v 0.161975 0.504318 1.830525
v 0.164 0.506343 1.830525
v 0.164 0.511293 1.830525
v 0.161975 0.513318 1.830525
v 0.161975 0.513318 1.871475
v 0.164 0.511293 1.871475
v -0.176 0.511293 1.830525
v -0.173975 0.511293 1.8285
v -0.173975 0.506343 1.8285
v -0.176 0.506343 1.830525
v -0.176 0.506343 1.871475
v -0.173975 0.506343 1.8735
v -0.173975 0.511293 1.8735
v -0.176 0.511293 1.871475
v 0.164 0.506343 1.830525
v 0.161975 0.506343 1.8285
v 0.161975 0.511293 1.8285
v 0.164 0.511293 1.830525
v 0.164 0.511293 1.871475
v 0.161975 0.511293 1.8735
v 0.161975 0.506343 1.8735
v 0.164 0.506343 1.871475
v -0.173975 0.504318 1.830525
v -0.173975 0.506343 1.8285
v 0.161975 0.506343 1.8285
v 0.161975 0.504318 1.830525
v 0.161975 0.504318 1.871475
v 0.161975 0.506343 1.8735
v -0.173975 0.506343 1.8735
v -0.173975 0.504318 1.871475
v 0.161975 0.513318 1.830525
v 0.161975 0.511293 1.8285
v -0.173975 0.511293 1.8285
v -0.173975 0.513318 1.830525
v -0.173975 0.513318 1.871475
v -0.173975 0.511293 1.8735
v 0.161975 0.511293 1.8735
v 0.161975 0.513318 1.871475
v -0.173975 0.506343 1.8285
v -0.173975 0.504318 1.830525
v -0.176 0.506343 1.830525
v -0.176 0.506343 1.871475
v -0.173975 0.504318 1.871475
v -0.173975 0.506343 1.8735
v -0.176 0.511293 1.830525
v -0.173975 0.513318 1.830525
v -0.173975 0.511293 1.8285
v -0.173975 0.511293 1.8735
v -0.173975 0.513318 1.871475
v -0.176 0.511293 1.871475
v 0.164 0.506343 1.830525
v 0.161975 0.504318 1.830525
v 0.161975 0.506343 1.8285
v 0.161975 0.506343 1.8735
v 0.161975 0.504318 1.871475
v 0.164 0.506343 1.871475
v 0.161975 0.511293 1.8285
v 0.161975 0.513318 1.830525
v 0.164 0.511293 1.830525
v 0.164 0.511293 1.871475
v 0.161975 0.513318 1.871475
v 0.161975 0.511293 1.8735
v -0.1585 0.505343 1.793975
v -0.1585 0.510293 1.793975
v -0.1585 0.510293 1.438025
v -0.1585 0.505343 1.438025
v -0.1335 0.505343 1.438025
v -0.1335 0.510293 1.438025
v -0.1335 0.510293 1.793975
v -0.1335 0.505343 1.793975
v -0.156475 0.503318 1.438025
v -0.135525 0.503318 1.438025
v -0.135525 0.503318 1.793975
v -0.156475 0.503318 1.793975
v -0.156475 0.512318 1.793975
v -0.135525 0.512318 1.793975
v -0.135525 0.512318 1.438025
v -0.156475 0.512318 1.438025
v -0.156475 0.510293 1.436
v -0.135525 0.510293 1.436
v -0.135525 0.505343 1.436
v -0.156475 0.505343 1.436
v -0.156475 0.505343 1.796
v -0.135525 0.505343 1.796
v -0.135525 0.510293 1.796
v -0.156475 0.510293 1.796
v -0.1585 0.505343 1.438025
v -0.156475 0.503318 1.438025
v -0.156475 0.503318 1.793975
v -0.1585 0.505343 1.793975
v -0.1585 0.510293 1.793975
v -0.156475 0.512318 1.793975
v -0.156475 0.512318 1.438025
v -0.1585 0.510293 1.438025
v -0.1335 0.505343 1.793975
v -0.135525 0.503318 1.793975
v -0.135525 0.503318 1.438025
v -0.1335 0.505343 1.438025
v -0.1335 0.510293 1.438025
v -0.135525 0.512318 1.438025
v -0.135525 0.512318 1.793975
v -0.1335 0.510293 1.793975
v -0.1585 0.510293 1.438025
v -0.156475 0.510293 1.436
v -0.156475 0.505343 1.436
v -0.1585 0.505343 1.438025
v -0.1585 0.505343 1.793975
v -0.156475 0.505343 1.796
v -0.156475 0.510293 1.796
v -0.1585 0.510293 1.793975
v -0.1335 0.505343 1.438025
v -0.135525 0.505343 1.436
v -0.135525 0.510293 1.436
v -0.1335 0.510293 1.438025
v -0.1335 0.510293 1.793975
v -0.135525 0.510293 1.796
v -0.135525 0.505343 1.796
v -0.1335 0.505343 1.793975
v -0.156475 0.503318 1.438025
v -0.156475 0.505343 1.436
v -0.135525 0.505343 1.436
v -0.135525 0.503318 1.438025
v -0.135525 0.503318 1.793975
v -0.135525 0.505343 1.796
v -0.156475 0.505343 1.796
v -0.156475 0.503318 1.793975
v -0.135525 0.512318 1.438025
v -0.135525 0.510293 1.436
v -0.156475 0.510293 1.436
v -0.156475 0.512318 1.438025
v -0.156475 0.512318 1.793975
v -0.156475 0.510293 1.796
v -0.135525 0.510293 1.796
v -0.135525 0.512318 1.793975
v -0.156475 0.505343 1.436
v -0.156475 0.503318 1.438025
v -0.1585 0.505343 1.438025
v -0.1585 0.505343 1.793975
v -0.156475 0.503318 1.793975
v -0.156475 0.505343 1.796
v -0.1585 0.510293 1.438025
v -0.156475 0.512318 1.438025
v -0.156475 0.510293 1.436
v -0.156475 0.510293 1.796
v -0.156475 0.512318 1.793975
v -0.1585 0.510293 1.793975
v -0.1335 0.505343 1.438025
v -0.135525 0.503318 1.438025
v -0.135525 0.505343 1.436
v -0.135525 0.505343 1.796
v -0.135525 0.503318 1.793975
v -0.1335 0.505343 1.793975
v -0.135525 0.510293 1.436
v -0.135525 0.512318 1.438025
v -0.1335 0.510293 1.438025
v -0.1335 0.510293 1.793975
v -0.135525 0.512318 1.793975
v -0.135525 0.510293 1.796
v 0.113 0.505343 1.723975
v 0.113 0.510293 1.723975
v 0.113 0.510293 1.428025
v 0.113 0.505343 1.428025
v 0.135 0.505343 1.428025
v 0.135 0.510293 1.428025
v 0.135 0.510293 1.723975
v 0.135 0.505343 1.723975
v 0.115025 0.503318 1.428025
v 0.132975 0.503318 1.428025
v 0.132975 0.503318 1.723975
v 0.115025 0.503318 1.723975
v 0.115025 0.512318 1.723975
v 0.132975 0.512318 1.723975
v 0.132975 0.512318 1.428025
v 0.115025 0.512318 1.428025
v 0.115025 0.510293 1.426
v 0.132975 0.510293 1.426
v 0.132975 0.505343 1.426
v 0.115025 0.505343 1.426
v 0.115025 0.505343 1.726
v 0.132975 0.505343 1.726
v 0.132975 0.510293 1.726
v 0.115025 0.510293 1.726
v 0.113 0.505343 1.428025
v 0.115025 0.503318 1.428025
v 0.115025 0.503318 1.723975
v 0.113 0.505343 1.723975
v 0.113 0.510293 1.723975
v 0.115025 0.512318 1.723975
v 0.115025 0.512318 1.428025
v 0.113 0.510293 1.428025
v 0.135 0.505343 1.723975
v 0.132975 0.503318 1.723975
v 0.132975 0.503318 1.428025
v 0.135 0.505343 1.428025
v 0.135 0.510293 1.428025
v 0.132975 0.512318 1.428025
v 0.132975 0.512318 1.723975
v 0.135 0.510293 1.723975
v 0.113 0.510293 1.428025
v 0.115025 0.510293 1.426
v 0.115025 0.505343 1.426
v 0.113 0.505343 1.428025
v 0.113 0.505343 1.723975
v 0.115025 0.505343 1.726
v 0.115025 0.510293 1.726
v 0.113 0.510293 1.723975
v 0.135 0.505343 1.428025
v 0.132975 0.505343 1.426
v 0.132975 0.510293 1.426
v 0.135 0.510293 1.428025
v 0.135 0.510293 1.723975
v 0.132975 0.510293 1.726
v 0.132975 0.505343 1.726
v 0.135 0.505343 1.723975
v 0.115025 0.503318 1.428025
v 0.115025 0.505343 1.426
v 0.132975 0.505343 1.426
v 0.132975 0.503318 1.428025
v 0.132975 0.503318 1.723975
v 0.132975 0.505343 1.726
v 0.115025 0.505343 1.726
v 0.115025 0.503318 1.723975
v 0.132975 0.512318 1.428025
v 0.132975 0.510293 1.426
v 0.115025 0.510293 1.426
v 0.115025 0.512318 1.428025
v 0.115025 0.512318 1.723975
v 0.115025 0.510293 1.726
v 0.132975 0.510293 1.726
v 0.132975 0.512318 1.723975
v 0.115025 0.505343 1.426
v 0.115025 0.503318 1.428025
v 0.113 0.505343 1.428025
v 0.113 0.505343 1.723975
v 0.115025 0.503318 1.723975
v 0.115025 0.505343 1.726
v 0.113 0.510293 1.428025
v 0.115025 0.512318 1.428025
v 0.115025 0.510293 1.426
v 0.115025 0.510293 1.726
v 0.115025 0.512318 1.723975
v 0.113 0.510293 1.723975
v 0.135 0.505343 1.428025
v 0.132975 0.503318 1.428025
v 0.132975 0.505343 1.426
v 0.132975 0.505343 1.726
v 0.132975 0.503318 1.723975
v 0.135 0.505343 1.723975
v 0.132975 0.510293 1.426
v 0.132975 0.512318 1.428025
v 0.135 0.510293 1.428025
v 0.135 0.510293 1.723975
v 0.132975 0.512318 1.723975
v 0.132975 0.510293 1.726
v -0.161 0.505343 1.474975
v -0.161 0.510293 1.474975
v -0.161 0.510293 1.457025
v -0.161 0.505343 1.457025
v 0.149 0.505343 1.457025
v 0.149 0.510293 1.457025
v 0.149 0.510293 1.474975
v 0.149 0.505343 1.474975
v -0.158975 0.503318 1.457025
v 0.146975 0.503318 1.457025
v 0.146975 0.503318 1.474975
v -0.158975 0.503318 1.474975
v -0.158975 0.512318 1.474975
v 0.146975 0.512318 1.474975
v 0.146975 0.512318 1.457025
v -0.158975 0.512318 1.457025
v -0.158975 0.510293 1.455
v 0.146975 0.510293 1.455
v 0.146975 0.505343 1.455
v -0.158975 0.505343 1.455
v -0.158975 0.505343 1.477
v 0.146975 0.505343 1.477
v 0.146975 0.510293 1.477
v -0.158975 0.510293 1.477
v -0.161 0.505343 1.457025
v -0.158975 0.503318 1.457025
v -0.158975 0.503318 1.474975
v -0.161 0.505343 1.474975
v -0.161 0.510293 1.474975
v -0.158975 0.512318 1.474975
v -0.158975 0.512318 1.457025
v -0.161 0.510293 1.457025
v 0.149 0.505343 1.474975
v 0.146975 0.503318 1.474975
v 0.146975 0.503318 1.457025
v 0.149 0.505343 1.457025
v 0.149 0.510293 1.457025
v 0.146975 0.512318 1.457025
v 0.146975 0.512318 1.474975
v 0.149 0.510293 1.474975
v -0.161 0.510293 1.457025
v -0.158975 0.510293 1.455
v -0.158975 0.505343 1.455
v -0.161 0.505343 1.457025
v -0.161 0.505343 1.474975
v -0.158975 0.505343 1.477
v -0.158975 0.510293 1.477
v -0.161 0.510293 1.474975
v 0.149 0.505343 1.457025
v 0.146975 0.505343 1.455
v 0.146975 0.510293 1.455
v 0.149 0.510293 1.457025
v 0.149 0.510293 1.474975
v 0.146975 0.510293 1.477
v 0.146975 0.505343 1.477
v 0.149 0.505343 1.474975
v -0.158975 0.503318 1.457025
v -0.158975 0.505343 1.455
v 0.146975 0.505343 1.455
v 0.146975 0.503318 1.457025
v 0.146975 0.503318 1.474975
v 0.146975 0.505343 1.477
v -0.158975 0.505343 1.477
v -0.158975 0.503318 1.474975
v 0.146975 0.512318 1.457025
v 0.146975 0.510293 1.455
v -0.158975 0.510293 1.455
v -0.158975 0.512318 1.457025
v -0.158975 0.512318 1.474975
v -0.158975 0.510293 1.477
v 0.146975 0.510293 1.477
v 0.146975 0.512318 1.474975
v -0.158975 0.505343 1.455
v -0.158975 0.503318 1.457025
v -0.161 0.505343 1.457025
v -0.161 0.505343 1.474975
v -0.158975 0.503318 1.474975
v -0.158975 0.505343 1.477
v -0.161 0.510293 1.457025
v -0.158975 0.512318 1.457025
v -0.158975 0.510293 1.455
v -0.158975 0.510293 1.477
v -0.158975 0.512318 1.474975
v -0.161 0.510293 1.474975
v 0.149 0.505343 1.457025
v 0.146975 0.503318 1.457025
v 0.146975 0.505343 1.455
v 0.146975 0.505343 1.477
v 0.146975 0.503318 1.474975
v 0.149 0.505343 1.474975
v 0.146975 0.510293 1.455
v 0.146975 0.512318 1.457025
v 0.149 0.510293 1.457025
v 0.149 0.510293 1.474975
v 0.146975 0.512318 1.474975
v 0.146975 0.510293 1.477
v -0.148 0.497818 1.846
v -0.149783 0.497818 1.83819
v -0.149783 0.509818 1.83819
v -0.148 0.509818 1.846
v -0.149783 0.497818 1.83819
v -0.154777 0.497818 1.831927
v -0.154777 0.509818 1.831927
v -0.149783 0.509818 1.83819
v -0.154777 0.497818 1.831927
v -0.161995 0.497818 1.828451
v -0.161995 0.509818 1.828451
v -0.154777 0.509818 1.831927
v -0.161995 0.497818 1.828451
v -0.170005 0.497818 1.828451
v -0.170005 0.509818 1.828451
v -0.161995 0.509818 1.828451
v -0.170005 0.497818 1.828451
v -0.177223 0.497818 1.831927
v -0.177223 0.509818 1.831927
v -0.170005 0.509818 1.828451
v -0.177223 0.497818 1.831927
v -0.182217 0.497818 1.83819
v -0.182217 0.509818 1.83819
v -0.177223 0.509818 1.831927
v -0.182217 0.497818 1.83819
v -0.184 0.497818 1.846
v -0.184 0.509818 1.846
v -0.182217 0.509818 1.83819
v -0.184 0.497818 1.846
v -0.182217 0.497818 1.85381
v -0.182217 0.509818 1.85381
v -0.184 0.509818 1.846
v -0.182217 0.497818 1.85381
v -0.177223 0.497818 1.860073
v -0.177223 0.509818 1.860073
v -0.182217 0.509818 1.85381
v -0.177223 0.497818 1.860073
v -0.170005 0.497818 1.863549
v -0.170005 0.509818 1.863549
v -0.177223 0.509818 1.860073
v -0.170005 0.497818 1.863549
v -0.161995 0.497818 1.863549
v -0.161995 0.509818 1.863549
v -0.170005 0.509818 1.863549
v -0.161995 0.497818 1.863549
v -0.154777 0.497818 1.860073
v -0.154777 0.509818 1.860073
v -0.161995 0.509818 1.863549
v -0.154777 0.497818 1.860073
v -0.149783 0.497818 1.85381
v -0.149783 0.509818 1.85381
v -0.154777 0.509818 1.860073
v -0.149783 0.497818 1.85381
v -0.148 0.497818 1.846
v -0.148 0.509818 1.846
v -0.149783 0.509818 1.85381
v -0.149783 0.497818 1.85381
v -0.154777 0.497818 1.860073
v -0.161995 0.497818 1.863549
v -0.170005 0.497818 1.863549
v -0.177223 0.497818 1.860073
v -0.182217 0.497818 1.85381
v -0.184 0.497818 1.846
v -0.182217 0.497818 1.83819
v -0.177223 0.497818 1.831927
v -0.170005 0.497818 1.828451
v -0.161995 0.497818 1.828451
v -0.154777 0.497818 1.831927
v -0.149783 0.497818 1.83819
v -0.148 0.497818 1.846
v -0.148 0.509818 1.846
v -0.149783 0.509818 1.83819
v -0.154777 0.509818 1.831927
v -0.161995 0.509818 1.828451
v -0.170005 0.509818 1.828451
v -0.177223 0.509818 1.831927
v -0.182217 0.509818 1.83819
v -0.184 0.509818 1.846
v -0.182217 0.509818 1.85381
v -0.177223 0.509818 1.860073
v -0.170005 0.509818 1.863549
v -0.161995 0.509818 1.863549
v -0.154777 0.509818 1.860073
v -0.149783 0.509818 1.85381
v 0.172 0.497818 1.846
v 0.170217 0.497818 1.83819
v 0.170217 0.509818 1.83819
v 0.172 0.509818 1.846
v 0.170217 0.497818 1.83819
v 0.165223 0.497818 1.831927
v 0.165223 0.509818 1.831927
v 0.170217 0.509818 1.83819
v 0.165223 0.497818 1.831927
v 0.158005 0.497818 1.828451
v 0.158005 0.509818 1.828451
v 0.165223 0.509818 1.831927
v 0.158005 0.497818 1.828451
v 0.149995 0.497818 1.828451
v 0.149995 0.509818 1.828451
v 0.158005 0.509818 1.828451
v 0.149995 0.497818 1.828451
v 0.142777 0.497818 1.831927
v 0.142777 0.509818 1.831927
v 0.149995 0.509818 1.828451
v 0.142777 0.497818 1.831927
v 0.137783 0.497818 1.83819
v 0.137783 0.509818 1.83819
v 0.142777 0.509818 1.831927
v 0.137783 0.497818 1.83819
v 0.136 0.497818 1.846
v 0.136 0.509818 1.846
v 0.137783 0.509818 1.83819
v 0.136 0.497818 1.846
v 0.137783 0.497818 1.85381
v 0.137783 0.509818 1.85381
v 0.136 0.509818 1.846
v 0.137783 0.497818 1.85381
v 0.142777 0.497818 1.860073
v 0.142777 0.509818 1.860073
v 0.137783 0.509818 1.85381
v 0.142777 0.497818 1.860073
v 0.149995 0.497818 1.863549
v 0.149995 0.509818 1.863549
v 0.142777 0.509818 1.860073
v 0.149995 0.497818 1.863549
v 0.158005 0.497818 1.863549
v 0.158005 0.509818 1.863549
v 0.149995 0.509818 1.863549
v 0.158005 0.497818 1.863549
v 0.165223 0.497818 1.860073
v 0.165223 0.509818 1.860073
v 0.158005 0.509818 1.863549
v 0.165223 0.497818 1.860073
v 0.170217 0.497818 1.85381
v 0.170217 0.509818 1.85381
v 0.165223 0.509818 1.860073
v 0.170217 0.497818 1.85381
v 0.172 0.497818 1.846
v 0.172 0.509818 1.846
v 0.170217 0.509818 1.85381
v 0.170217 0.497818 1.85381
v 0.165223 0.497818 1.860073
v 0.158005 0.497818 1.863549
v 0.149995 0.497818 1.863549
v 0.142777 0.497818 1.860073
v 0.137783 0.497818 1.85381
v 0.136 0.497818 1.846
v 0.137783 0.497818 1.83819
v 0.142777 0.497818 1.831927
v 0.149995 0.497818 1.828451
v 0.158005 0.497818 1.828451
v 0.165223 0.497818 1.831927
v 0.170217 0.497818 1.83819
v 0.172 0.497818 1.846
v 0.172 0.509818 1.846
v 0.170217 0.509818 1.83819
v 0.165223 0.509818 1.831927
v 0.158005 0.509818 1.828451
v 0.149995 0.509818 1.828451
v 0.142777 0.509818 1.831927
v 0.137783 0.509818 1.83819
v 0.136 0.509818 1.846
v 0.137783 0.509818 1.85381
v 0.142777 0.509818 1.860073
v 0.149995 0.509818 1.863549
v 0.158005 0.509818 1.863549
v 0.165223 0.509818 1.860073
v 0.170217 0.509818 1.85381
v -0.018 0.521818 1.146
v -0.016392 0.515818 1.146
v -0.016392 0.515818 1.306
v -0.018 0.521818 1.306
v -0.016392 0.515818 1.146
v -0.012 0.511426 1.146
v -0.012 0.511426 1.306
v -0.016392 0.515818 1.306
v -0.012 0.511426 1.146
v -0.006 0.509818 1.146
v -0.006 0.509818 1.306
v -0.012 0.511426 1.306
v -0.006 0.509818 1.146
v 0 0.511426 1.146
v 0 0.511426 1.306
v -0.006 0.509818 1.306
v 0 0.511426 1.146
v 0.004392 0.515818 1.146
v 0.004392 0.515818 1.306
v 0 0.511426 1.306
v 0.004392 0.515818 1.146
v 0.006 0.521818 1.146
v 0.006 0.521818 1.306
v 0.004392 0.515818 1.306
v 0.006 0.521818 1.146
v 0.004392 0.527818 1.146
v 0.004392 0.527818 1.306
v 0.006 0.521818 1.306
v 0.004392 0.527818 1.146
v 0 0.53221 1.146
v 0 0.53221 1.306
v 0.004392 0.527818 1.306
v 0 0.53221 1.146
v -0.006 0.533818 1.146
v -0.006 0.533818 1.306
v 0 0.53221 1.306
v -0.006 0.533818 1.146
v -0.012 0.53221 1.146
v -0.012 0.53221 1.306
v -0.006 0.533818 1.306
v -0.012 0.53221 1.146
v -0.016392 0.527818 1.146
v -0.016392 0.527818 1.306
v -0.012 0.53221 1.306
v -0.016392 0.527818 1.146
v -0.018 0.521818 1.146
v -0.018 0.521818 1.306
v -0.016392 0.527818 1.306
v -0.018 0.521818 1.146
v -0.016392 0.515818 1.146
v -0.012 0.511426 1.146
v -0.006 0.509818 1.146
v 0 0.511426 1.146
v 0.004392 0.515818 1.146
v 0.006 0.521818 1.146
v 0.004392 0.527818 1.146
v 0 0.53221 1.146
v -0.006 0.533818 1.146
v -0.012 0.53221 1.146
v -0.016392 0.527818 1.146
v -0.018 0.521818 1.306
v -0.016392 0.515818 1.306
v -0.012 0.511426 1.306
v -0.006 0.509818 1.306
v 0 0.511426 1.306
v 0.004392 0.515818 1.306
v 0.006 0.521818 1.306
v 0.004392 0.527818 1.306
v 0 0.53221 1.306
v -0.006 0.533818 1.306
v -0.012 0.53221 1.306
v -0.016392 0.527818 1.306
v 0.038 0.670909 1.97
v 0.034237 0.670909 1.953512
v 0.030633 0.677837 1.955248
v 0.034 0.677837 1.97
v 0.034 0.677837 1.97
v 0.030633 0.677837 1.955248
v 0.023425 0.677837 1.958719
v 0.026 0.677837 1.97
v 0.026 0.677837 1.97
v 0.023425 0.677837 1.958719
v 0.019821 0.670909 1.960455
v 0.022 0.670909 1.97
v 0.022 0.670909 1.97
v 0.019821 0.670909 1.960455
v 0.023425 0.663981 1.958719
v 0.026 0.663981 1.97
v 0.026 0.663981 1.97
v 0.023425 0.663981 1.958719
v 0.030633 0.663981 1.955248
v 0.034 0.663981 1.97
v 0.034 0.663981 1.97
v 0.030633 0.663981 1.955248
v 0.034237 0.670909 1.953512
v 0.038 0.670909 1.97
v 0.034237 0.670909 1.953512
v 0.023693 0.670909 1.94029
v 0.021199 0.677837 1.943418
v 0.030633 0.677837 1.955248
v 0.030633 0.677837 1.955248
v 0.021199 0.677837 1.943418
v 0.016211 0.677837 1.949672
v 0.023425 0.677837 1.958719
v 0.023425 0.677837 1.958719
v 0.016211 0.677837 1.949672
v 0.013717 0.670909 1.9528
v 0.019821 0.670909 1.960455
v 0.019821 0.670909 1.960455
v 0.013717 0.670909 1.9528
v 0.016211 0.663981 1.949672
v 0.023425 0.663981 1.958719
v 0.023425 0.663981 1.958719
v 0.016211 0.663981 1.949672
v 0.021199 0.663981 1.943418
v 0.030633 0.663981 1.955248
v 0.030633 0.663981 1.955248
v 0.021199 0.663981 1.943418
v 0.023693 0.670909 1.94029
v 0.034237 0.670909 1.953512
v 0.023693 0.670909 1.94029
v 0.008456 0.670909 1.932953
v 0.007566 0.677837 1.936852
v 0.021199 0.677837 1.943418
v 0.021199 0.677837 1.943418
v 0.007566 0.677837 1.936852
v 0.005786 0.677837 1.944652
v 0.016211 0.677837 1.949672
v 0.016211 0.677837 1.949672
v 0.005786 0.677837 1.944652
v 0.004895 0.670909 1.948552
v 0.013717 0.670909 1.9528
v 0.013717 0.670909 1.9528
v 0.004895 0.670909 1.948552
v 0.005786 0.663981 1.944652
v 0.016211 0.663981 1.949672
v 0.016211 0.663981 1.949672
v 0.005786 0.663981 1.944652
v 0.007566 0.663981 1.936852
v 0.021199 0.663981 1.943418
v 0.021199 0.663981 1.943418
v 0.007566 0.663981 1.936852
v 0.008456 0.670909 1.932953
v 0.023693 0.670909 1.94029
v 0.008456 0.670909 1.932953
v -0.008456 0.670909 1.932953
v -0.007566 0.677837 1.936852
v 0.007566 0.677837 1.936852
v 0.007566 0.677837 1.936852
v -0.007566 0.677837 1.936852
v -0.005786 0.677837 1.944652
v 0.005786 0.677837 1.944652
v 0.005786 0.677837 1.944652
v -0.005786 0.677837 1.944652
v -0.004895 0.670909 1.948552
v 0.004895 0.670909 1.948552
v 0.004895 0.670909 1.948552
v -0.004895 0.670909 1.948552
v -0.005786 0.663981 1.944652
v 0.005786 0.663981 1.944652
v 0.005786 0.663981 1.944652
v -0.005786 0.663981 1.944652
v -0.007566 0.663981 1.936852
v 0.007566 0.663981 1.936852
v 0.007566 0.663981 1.936852
v -0.007566 0.663981 1.936852
v -0.008456 0.670909 1.932953
v 0.008456 0.670909 1.932953
v -0.008456 0.670909 1.932953
v -0.023693 0.670909 1.94029
v -0.021199 0.677837 1.943418
v -0.007566 0.677837 1.936852
v -0.007566 0.677837 1.936852
v -0.021199 0.677837 1.943418
v -0.016211 0.677837 1.949672
v -0.005786 0.677837 1.944652
v -0.005786 0.677837 1.944652
v -0.016211 0.677837 1.949672
v -0.013717 0.670909 1.9528
v -0.004895 0.670909 1.948552
v -0.004895 0.670909 1.948552
v -0.013717 0.670909 1.9528
v -0.016211 0.663981 1.949672
v -0.005786 0.663981 1.944652
v -0.005786 0.663981 1.944652
v -0.016211 0.663981 1.949672
v -0.021199 0.663981 1.943418
v -0.007566 0.663981 1.936852
v -0.007566 0.663981 1.936852
v -0.021199 0.663981 1.943418
v -0.023693 0.670909 1.94029
v -0.008456 0.670909 1.932953
v -0.023693 0.670909 1.94029
v -0.034237 0.670909 1.953512
v -0.030633 0.677837 1.955248
v -0.021199 0.677837 1.943418
v -0.021199 0.677837 1.943418
v -0.030633 0.677837 1.955248
v -0.023425 0.677837 1.958719
v -0.016211 0.677837 1.949672
v -0.016211 0.677837 1.949672
v -0.023425 0.677837 1.958719
v -0.019821 0.670909 1.960455
v -0.013717 0.670909 1.9528
v -0.013717 0.670909 1.9528
v -0.019821 0.670909 1.960455
v -0.023425 0.663981 1.958719
v -0.016211 0.663981 1.949672
v -0.016211 0.663981 1.949672
v -0.023425 0.663981 1.958719
v -0.030633 0.663981 1.955248
v -0.021199 0.663981 1.943418
v -0.021199 0.663981 1.943418
v -0.030633 0.663981 1.955248
v -0.034237 0.670909 1.953512
v -0.023693 0.670909 1.94029
v -0.034237 0.670909 1.953512
v -0.038 0.670909 1.97
v -0.034 0.677837 1.97
v -0.030633 0.677837 1.955248
v -0.030633 0.677837 1.955248
v -0.034 0.677837 1.97
v -0.026 0.677837 1.97
v -0.023425 0.677837 1.958719
v -0.023425 0.677837 1.958719
v -0.026 0.677837 1.97
v -0.022 0.670909 1.97
v -0.019821 0.670909 1.960455
v -0.019821 0.670909 1.960455
v -0.022 0.670909 1.97
v -0.026 0.663981 1.97
v -0.023425 0.663981 1.958719
v -0.023425 0.663981 1.958719
v -0.026 0.663981 1.97
v -0.034 0.663981 1.97
v -0.030633 0.663981 1.955248
v -0.030633 0.663981 1.955248
v -0.034 0.663981 1.97
v -0.038 0.670909 1.97
v -0.034237 0.670909 1.953512
v -0.038 0.670909 1.97
v -0.034237 0.670909 1.986488
v -0.030633 0.677837 1.984752
v -0.034 0.677837 1.97
v -0.034 0.677837 1.97
v -0.030633 0.677837 1.984752
v -0.023425 0.677837 1.981281
v -0.026 0.677837 1.97
v -0.026 0.677837 1.97
v -0.023425 0.677837 1.981281
v -0.019821 0.670909 1.979545
v -0.022 0.670909 1.97
v -0.022 0.670909 1.97
v -0.019821 0.670909 1.979545
v -0.023425 0.663981 1.981281
v -0.026 0.663981 1.97
v -0.026 0.663981 1.97
v -0.023425 0.663981 1.981281
v -0.030633 0.663981 1.984752
v -0.034 0.663981 1.97
v -0.034 0.663981 1.97
v -0.030633 0.663981 1.984752
v -0.034237 0.670909 1.986488
v -0.038 0.670909 1.97
v -0.034237 0.670909 1.986488
v -0.023693 0.670909 1.99971
v -0.021199 0.677837 1.996582
v -0.030633 0.677837 1.984752
v -0.030633 0.677837 1.984752
v -0.021199 0.677837 1.996582
v -0.016211 0.677837 1.990328
v -0.023425 0.677837 1.981281
v -0.023425 0.677837 1.981281
v -0.016211 0.677837 1.990328
v -0.013717 0.670909 1.9872
v -0.019821 0.670909 1.979545
v -0.019821 0.670909 1.979545
v -0.013717 0.670909 1.9872
v -0.016211 0.663981 1.990328
v -0.023425 0.663981 1.981281
v -0.023425 0.663981 1.981281
v -0.016211 0.663981 1.990328
v -0.021199 0.663981 1.996582
v -0.030633 0.663981 1.984752
v -0.030633 0.663981 1.984752
v -0.021199 0.663981 1.996582
v -0.023693 0.670909 1.99971
v -0.034237 0.670909 1.986488
v -0.023693 0.670909 1.99971
v -0.008456 0.670909 2.007047
v -0.007566 0.677837 2.003148
v -0.021199 0.677837 1.996582
v -0.021199 0.677837 1.996582
v -0.007566 0.677837 2.003148
v -0.005786 0.677837 1.995348
v -0.016211 0.677837 1.990328
v -0.016211 0.677837 1.990328
v -0.005786 0.677837 1.995348
v -0.004895 0.670909 1.991448
v -0.013717 0.670909 1.9872
v -0.013717 0.670909 1.9872
v -0.004895 0.670909 1.991448
v -0.005786 0.663981 1.995348
v -0.016211 0.663981 1.990328
v -0.016211 0.663981 1.990328
v -0.005786 0.663981 1.995348
v -0.007566 0.663981 2.003148
v -0.021199 0.663981 1.996582
v -0.021199 0.663981 1.996582
v -0.007566 0.663981 2.003148
v -0.008456 0.670909 2.007047
v -0.023693 0.670909 1.99971
v -0.008456 0.670909 2.007047
v 0.008456 0.670909 2.007047
v 0.007566 0.677837 2.003148
v -0.007566 0.677837 2.003148
v -0.007566 0.677837 2.003148
v 0.007566 0.677837 2.003148
v 0.005786 0.677837 1.995348
v -0.005786 0.677837 1.995348
v -0.005786 0.677837 1.995348
v 0.005786 0.677837 1.995348
v 0.004895 0.670909 1.991448
v -0.004895 0.670909 1.991448
v -0.004895 0.670909 1.991448
v 0.004895 0.670909 1.991448
v 0.005786 0.663981 1.995348
v -0.005786 0.663981 1.995348
v -0.005786 0.663981 1.995348
v 0.005786 0.663981 1.995348
v 0.007566 0.663981 2.003148
v -0.007566 0.663981 2.003148
v -0.007566 0.663981 2.003148
v 0.007566 0.663981 2.003148
v 0.008456 0.670909 2.007047
v -0.008456 0.670909 2.007047
v 0.008456 0.670909 2.007047
v 0.023693 0.670909 1.99971
v 0.021199 0.677837 1.996582
v 0.007566 0.677837 2.003148
v 0.007566 0.677837 2.003148
v 0.021199 0.677837 1.996582
v 0.016211 0.677837 1.990328
v 0.005786 0.677837 1.995348
v 0.005786 0.677837 1.995348
v 0.016211 0.677837 1.990328
v 0.013717 0.670909 1.9872
v 0.004895 0.670909 1.991448
v 0.004895 0.670909 1.991448
v 0.013717 0.670909 1.9872
v 0.016211 0.663981 1.990328
v 0.005786 0.663981 1.995348
v 0.005786 0.663981 1.995348
v 0.016211 0.663981 1.990328
v 0.021199 0.663981 1.996582
v 0.007566 0.663981 2.003148
v 0.007566 0.663981 2.003148
v 0.021199 0.663981 1.996582
v 0.023693 0.670909 1.99971
v 0.008456 0.670909 2.007047
v 0.023693 0.670909 1.99971
v 0.034237 0.670909 1.986488
v 0.030633 0.677837 1.984752
v 0.021199 0.677837 1.996582
v 0.021199 0.677837 1.996582
v 0.030633 0.677837 1.984752
v 0.023425 0.677837 1.981281
v 0.016211 0.677837 1.990328
v 0.016211 0.677837 1.990328
v 0.023425 0.677837 1.981281
v 0.019821 0.670909 1.979545
v 0.013717 0.670909 1.9872
v 0.013717 0.670909 1.9872
v 0.019821 0.670909 1.979545
v 0.023425 0.663981 1.981281
v 0.016211 0.663981 1.990328
v 0.016211 0.663981 1.990328
v 0.023425 0.663981 1.981281
v 0.030633 0.663981 1.984752
v 0.021199 0.663981 1.996582
v 0.021199 0.663981 1.996582
v 0.030633 0.663981 1.984752
v 0.034237 0.670909 1.986488
v 0.023693 0.670909 1.99971
v 0.034237 0.670909 1.986488
v 0.038 0.670909 1.97
v 0.034 0.677837 1.97
v 0.030633 0.677837 1.984752
v 0.030633 0.677837 1.984752
v 0.034 0.677837 1.97
v 0.026 0.677837 1.97
v 0.023425 0.677837 1.981281
v 0.023425 0.677837 1.981281
v 0.026 0.677837 1.97
v 0.022 0.670909 1.97
v 0.019821 0.670909 1.979545
v 0.019821 0.670909 1.979545
v 0.022 0.670909 1.97
v 0.026 0.663981 1.97
v 0.023425 0.663981 1.981281
v 0.023425 0.663981 1.981281
v 0.026 0.663981 1.97
v 0.034 0.663981 1.97
v 0.030633 0.663981 1.984752
v 0.030633 0.663981 1.984752
v 0.034 0.663981 1.97
v 0.038 0.670909 1.97
v 0.034237 0.670909 1.986488
v 0 0.632909 1.922
v 0 0.636672 1.905512
v 0.006928 0.640276 1.907248
v 0.006928 0.636909 1.922
v 0.006928 0.636909 1.922
v 0.006928 0.640276 1.907248
v 0.006928 0.647484 1.910719
v 0.006928 0.644909 1.922
v 0.006928 0.644909 1.922
v 0.006928 0.647484 1.910719
v 0 0.651088 1.912455
v 0 0.648909 1.922
v 0 0.648909 1.922
v 0 0.651088 1.912455
v -0.006928 0.647484 1.910719
v -0.006928 0.644909 1.922
v -0.006928 0.644909 1.922
v -0.006928 0.647484 1.910719
v -0.006928 0.640276 1.907248
v -0.006928 0.636909 1.922
v -0.006928 0.636909 1.922
v -0.006928 0.640276 1.907248
v 0 0.636672 1.905512
v 0 0.632909 1.922
v 0 0.636672 1.905512
v 0 0.647216 1.89229
v 0.006928 0.64971 1.895418
v 0.006928 0.640276 1.907248
v 0.006928 0.640276 1.907248
v 0.006928 0.64971 1.895418
v 0.006928 0.654698 1.901672
v 0.006928 0.647484 1.910719
v 0.006928 0.647484 1.910719
v 0.006928 0.654698 1.901672
v 0 0.657192 1.9048
v 0 0.651088 1.912455
v 0 0.651088 1.912455
v 0 0.657192 1.9048
v -0.006928 0.654698 1.901672
v -0.006928 0.647484 1.910719
v -0.006928 0.647484 1.910719
v -0.006928 0.654698 1.901672
v -0.006928 0.64971 1.895418
v -0.006928 0.640276 1.907248
v -0.006928 0.640276 1.907248
v -0.006928 0.64971 1.895418
v 0 0.647216 1.89229
v 0 0.636672 1.905512
v 0 0.647216 1.89229
v 0 0.662453 1.884953
v 0.006928 0.663343 1.888852
v 0.006928 0.64971 1.895418
v 0.006928 0.64971 1.895418
v 0.006928 0.663343 1.888852
v 0.006928 0.665124 1.896652
v 0.006928 0.654698 1.901672
v 0.006928 0.654698 1.901672
v 0.006928 0.665124 1.896652
v 0 0.666014 1.900552
v 0 0.657192 1.9048
v 0 0.657192 1.9048
v 0 0.666014 1.900552
v -0.006928 0.665124 1.896652
v -0.006928 0.654698 1.901672
v -0.006928 0.654698 1.901672
v -0.006928 0.665124 1.896652
v -0.006928 0.663343 1.888852
v -0.006928 0.64971 1.895418
v -0.006928 0.64971 1.895418
v -0.006928 0.663343 1.888852
v 0 0.662453 1.884953
v 0 0.647216 1.89229
v 0 0.662453 1.884953
v 0 0.679365 1.884953
v 0.006928 0.678475 1.888852
v 0.006928 0.663343 1.888852
v 0.006928 0.663343 1.888852
v 0.006928 0.678475 1.888852
v 0.006928 0.676695 1.896652
v 0.006928 0.665124 1.896652
v 0.006928 0.665124 1.896652
v 0.006928 0.676695 1.896652
v 0 0.675805 1.900552
v 0 0.666014 1.900552
v 0 0.666014 1.900552
v 0 0.675805 1.900552
v -0.006928 0.676695 1.896652
v -0.006928 0.665124 1.896652
v -0.006928 0.665124 1.896652
v -0.006928 0.676695 1.896652
v -0.006928 0.678475 1.888852
v -0.006928 0.663343 1.888852
v -0.006928 0.663343 1.888852
v -0.006928 0.678475 1.888852
v 0 0.679365 1.884953
v 0 0.662453 1.884953
v 0 0.679365 1.884953
v 0 0.694602 1.89229
v 0.006928 0.692108 1.895418
v 0.006928 0.678475 1.888852
v 0.006928 0.678475 1.888852
v 0.006928 0.692108 1.895418
v 0.006928 0.68712 1.901672
v 0.006928 0.676695 1.896652
v 0.006928 0.676695 1.896652
v 0.006928 0.68712 1.901672
v 0 0.684626 1.9048
v 0 0.675805 1.900552
v 0 0.675805 1.900552
v 0 0.684626 1.9048
v -0.006928 0.68712 1.901672
v -0.006928 0.676695 1.896652
v -0.006928 0.676695 1.896652
v -0.006928 0.68712 1.901672
v -0.006928 0.692108 1.895418
v -0.006928 0.678475 1.888852
v -0.006928 0.678475 1.888852
v -0.006928 0.692108 1.895418
v 0 0.694602 1.89229
v 0 0.679365 1.884953
v 0 0.694602 1.89229
v 0 0.705146 1.905512
v 0.006928 0.701542 1.907248
v 0.006928 0.692108 1.895418
v 0.006928 0.692108 1.895418
v 0.006928 0.701542 1.907248
v 0.006928 0.694334 1.910719
v 0.006928 0.68712 1.901672
v 0.006928 0.68712 1.901672
v 0.006928 0.694334 1.910719
v 0 0.69073 1.912455
v 0 0.684626 1.9048
v 0 0.684626 1.9048
v 0 0.69073 1.912455
v -0.006928 0.694334 1.910719
v -0.006928 0.68712 1.901672
v -0.006928 0.68712 1.901672
v -0.006928 0.694334 1.910719
v -0.006928 0.701542 1.907248
v -0.006928 0.692108 1.895418
v -0.006928 0.692108 1.895418
v -0.006928 0.701542 1.907248
v 0 0.705146 1.905512
v 0 0.694602 1.89229
v 0 0.705146 1.905512
v 0 0.708909 1.922
v 0.006928 0.704909 1.922
v 0.006928 0.701542 1.907248
v 0.006928 0.701542 1.907248
v 0.006928 0.704909 1.922
v 0.006928 0.696909 1.922
v 0.006928 0.694334 1.910719
v 0.006928 0.694334 1.910719
v 0.006928 0.696909 1.922
v 0 0.692909 1.922
v 0 0.69073 1.912455
v 0 0.69073 1.912455
v 0 0.692909 1.922
v -0.006928 0.696909 1.922
v -0.006928 0.694334 1.910719
v -0.006928 0.694334 1.910719
v -0.006928 0.696909 1.922
v -0.006928 0.704909 1.922
v -0.006928 0.701542 1.907248
v -0.006928 0.701542 1.907248
v -0.006928 0.704909 1.922
v 0 0.708909 1.922
v 0 0.705146 1.905512
v 0 0.708909 1.922
v 0 0.705146 1.938488
v 0.006928 0.701542 1.936752
v 0.006928 0.704909 1.922
v 0.006928 0.704909 1.922
v 0.006928 0.701542 1.936752
v 0.006928 0.694334 1.933281
v 0.006928 0.696909 1.922
v 0.006928 0.696909 1.922
v 0.006928 0.694334 1.933281
v 0 0.69073 1.931545
v 0 0.692909 1.922
v 0 0.692909 1.922
v 0 0.69073 1.931545
v -0.006928 0.694334 1.933281
v -0.006928 0.696909 1.922
v -0.006928 0.696909 1.922
v -0.006928 0.694334 1.933281
v -0.006928 0.701542 1.936752
v -0.006928 0.704909 1.922
v -0.006928 0.704909 1.922
v -0.006928 0.701542 1.936752
v 0 0.705146 1.938488
v 0 0.708909 1.922
v 0 0.705146 1.938488
v 0 0.694602 1.95171
v 0.006928 0.692108 1.948582
v 0.006928 0.701542 1.936752
v 0.006928 0.701542 1.936752
v 0.006928 0.692108 1.948582
v 0.006928 0.68712 1.942328
v 0.006928 0.694334 1.933281
v 0.006928 0.694334 1.933281
v 0.006928 0.68712 1.942328
v 0 0.684626 1.9392
v 0 0.69073 1.931545
v 0 0.69073 1.931545
v 0 0.684626 1.9392
v -0.006928 0.68712 1.942328
v -0.006928 0.694334 1.933281
v -0.006928 0.694334 1.933281
v -0.006928 0.68712 1.942328
v -0.006928 0.692108 1.948582
v -0.006928 0.701542 1.936752
v -0.006928 0.701542 1.936752
v -0.006928 0.692108 1.948582
v 0 0.694602 1.95171
v 0 0.705146 1.938488
v 0 0.694602 1.95171
v 0 0.679365 1.959047
v 0.006928 0.678475 1.955148
v 0.006928 0.692108 1.948582
v 0.006928 0.692108 1.948582
v 0.006928 0.678475 1.955148
v 0.006928 0.676695 1.947348
v 0.006928 0.68712 1.942328
v 0.006928 0.68712 1.942328
v 0.006928 0.676695 1.947348
v 0 0.675805 1.943448
v 0 0.684626 1.9392
v 0 0.684626 1.9392
v 0 0.675805 1.943448
v -0.006928 0.676695 1.947348
v -0.006928 0.68712 1.942328
v -0.006928 0.68712 1.942328
v -0.006928 0.676695 1.947348
v -0.006928 0.678475 1.955148
v -0.006928 0.692108 1.948582
v -0.006928 0.692108 1.948582
v -0.006928 0.678475 1.955148
v 0 0.679365 1.959047
v 0 0.694602 1.95171
v 0 0.679365 1.959047
v 0 0.662453 1.959047
v 0.006928 0.663343 1.955148
v 0.006928 0.678475 1.955148
v 0.006928 0.678475 1.955148
v 0.006928 0.663343 1.955148
v 0.006928 0.665124 1.947348
v 0.006928 0.676695 1.947348
v 0.006928 0.676695 1.947348
v 0.006928 0.665124 1.947348
v 0 0.666014 1.943448
v 0 0.675805 1.943448
v 0 0.675805 1.943448
v 0 0.666014 1.943448
v -0.006928 0.665124 1.947348
v -0.006928 0.676695 1.947348
v -0.006928 0.676695 1.947348
v -0.006928 0.665124 1.947348
v -0.006928 0.663343 1.955148
v -0.006928 0.678475 1.955148
v -0.006928 0.678475 1.955148
v -0.006928 0.663343 1.955148
v 0 0.662453 1.959047
v 0 0.679365 1.959047
v 0 0.662453 1.959047
v 0 0.647216 1.95171
v 0.006928 0.64971 1.948582
v 0.006928 0.663343 1.955148
v 0.006928 0.663343 1.955148
v 0.006928 0.64971 1.948582
v 0.006928 0.654698 1.942328
v 0.006928 0.665124 1.947348
v 0.006928 0.665124 1.947348
v 0.006928 0.654698 1.942328
v 0 0.657192 1.9392
v 0 0.666014 1.943448
v 0 0.666014 1.943448
v 0 0.657192 1.9392
v -0.006928 0.654698 1.942328
v -0.006928 0.665124 1.947348
v -0.006928 0.665124 1.947348
v -0.006928 0.654698 1.942328
v -0.006928 0.64971 1.948582
v -0.006928 0.663343 1.955148
v -0.006928 0.663343 1.955148
v -0.006928 0.64971 1.948582
v 0 0.647216 1.95171
v 0 0.662453 1.959047
v 0 0.647216 1.95171
v 0 0.636672 1.938488
v 0.006928 0.640276 1.936752
v 0.006928 0.64971 1.948582
v 0.006928 0.64971 1.948582
v 0.006928 0.640276 1.936752
v 0.006928 0.647484 1.933281
v 0.006928 0.654698 1.942328
v 0.006928 0.654698 1.942328
v 0.006928 0.647484 1.933281
v 0 0.651088 1.931545
v 0 0.657192 1.9392
v 0 0.657192 1.9392
v 0 0.651088 1.931545
v -0.006928 0.647484 1.933281
v -0.006928 0.654698 1.942328
v -0.006928 0.654698 1.942328
v -0.006928 0.647484 1.933281
v -0.006928 0.640276 1.936752
v -0.006928 0.64971 1.948582
v -0.006928 0.64971 1.948582
v -0.006928 0.640276 1.936752
v 0 0.636672 1.938488
v 0 0.647216 1.95171
v 0 0.636672 1.938488
v 0 0.632909 1.922
v 0.006928 0.636909 1.922
v 0.006928 0.640276 1.936752
v 0.006928 0.640276 1.936752
v 0.006928 0.636909 1.922
v 0.006928 0.644909 1.922
v 0.006928 0.647484 1.933281
v 0.006928 0.647484 1.933281
v 0.006928 0.644909 1.922
v 0 0.648909 1.922
v 0 0.651088 1.931545
v 0 0.651088 1.931545
v 0 0.648909 1.922
v -0.006928 0.644909 1.922
v -0.006928 0.647484 1.933281
v -0.006928 0.647484 1.933281
v -0.006928 0.644909 1.922
v -0.006928 0.636909 1.922
v -0.006928 0.640276 1.936752
v -0.006928 0.640276 1.936752
v -0.006928 0.636909 1.922
v 0 0.632909 1.922
v 0 0.636672 1.938488
v 0.038 0.670909 1.874
v 0.034237 0.670909 1.857512
v 0.030633 0.677837 1.859248
v 0.034 0.677837 1.874
v 0.034 0.677837 1.874
v 0.030633 0.677837 1.859248
v 0.023425 0.677837 1.862719
v 0.026 0.677837 1.874
v 0.026 0.677837 1.874
v 0.023425 0.677837 1.862719
v 0.019821 0.670909 1.864455
v 0.022 0.670909 1.874
v 0.022 0.670909 1.874
v 0.019821 0.670909 1.864455
v 0.023425 0.663981 1.862719
v 0.026 0.663981 1.874
v 0.026 0.663981 1.874
v 0.023425 0.663981 1.862719
v 0.030633 0.663981 1.859248
v 0.034 0.663981 1.874
v 0.034 0.663981 1.874
v 0.030633 0.663981 1.859248
v 0.034237 0.670909 1.857512
v 0.038 0.670909 1.874
v 0.034237 0.670909 1.857512
v 0.023693 0.670909 1.84429
v 0.021199 0.677837 1.847418
v 0.030633 0.677837 1.859248
v 0.030633 0.677837 1.859248
v 0.021199 0.677837 1.847418
v 0.016211 0.677837 1.853672
v 0.023425 0.677837 1.862719
v 0.023425 0.677837 1.862719
v 0.016211 0.677837 1.853672
v 0.013717 0.670909 1.8568
v 0.019821 0.670909 1.864455
v 0.019821 0.670909 1.864455
v 0.013717 0.670909 1.8568
v 0.016211 0.663981 1.853672
v 0.023425 0.663981 1.862719
v 0.023425 0.663981 1.862719
v 0.016211 0.663981 1.853672
v 0.021199 0.663981 1.847418
v 0.030633 0.663981 1.859248
v 0.030633 0.663981 1.859248
v 0.021199 0.663981 1.847418
v 0.023693 0.670909 1.84429
v 0.034237 0.670909 1.857512
v 0.023693 0.670909 1.84429
v 0.008456 0.670909 1.836953
v 0.007566 0.677837 1.840852
v 0.021199 0.677837 1.847418
v 0.021199 0.677837 1.847418
v 0.007566 0.677837 1.840852
v 0.005786 0.677837 1.848652
v 0.016211 0.677837 1.853672
v 0.016211 0.677837 1.853672
v 0.005786 0.677837 1.848652
v 0.004895 0.670909 1.852552
v 0.013717 0.670909 1.8568
v 0.013717 0.670909 1.8568
v 0.004895 0.670909 1.852552
v 0.005786 0.663981 1.848652
v 0.016211 0.663981 1.853672
v 0.016211 0.663981 1.853672
v 0.005786 0.663981 1.848652
v 0.007566 0.663981 1.840852
v 0.021199 0.663981 1.847418
v 0.021199 0.663981 1.847418
v 0.007566 0.663981 1.840852
v 0.008456 0.670909 1.836953
v 0.023693 0.670909 1.84429
v 0.008456 0.670909 1.836953
v -0.008456 0.670909 1.836953
v -0.007566 0.677837 1.840852
v 0.007566 0.677837 1.840852
v 0.007566 0.677837 1.840852
v -0.007566 0.677837 1.840852
v -0.005786 0.677837 1.848652
v 0.005786 0.677837 1.848652
v 0.005786 0.677837 1.848652
v -0.005786 0.677837 1.848652
v -0.004895 0.670909 1.852552
v 0.004895 0.670909 1.852552
v 0.004895 0.670909 1.852552
v -0.004895 0.670909 1.852552
v -0.005786 0.663981 1.848652
v 0.005786 0.663981 1.848652
v 0.005786 0.663981 1.848652
v -0.005786 0.663981 1.848652
v -0.007566 0.663981 1.840852
v 0.007566 0.663981 1.840852
v 0.007566 0.663981 1.840852
v -0.007566 0.663981 1.840852
v -0.008456 0.670909 1.836953
v 0.008456 0.670909 1.836953
v -0.008456 0.670909 1.836953
v -0.023693 0.670909 1.84429
v -0.021199 0.677837 1.847418
v -0.007566 0.677837 1.840852
v -0.007566 0.677837 1.840852
v -0.021199 0.677837 1.847418
v -0.016211 0.677837 1.853672
v -0.005786 0.677837 1.848652
v -0.005786 0.677837 1.848652
v -0.016211 0.677837 1.853672
v -0.013717 0.670909 1.8568
v -0.004895 0.670909 1.852552
v -0.004895 0.670909 1.852552
v -0.013717 0.670909 1.8568
v -0.016211 0.663981 1.853672
v -0.005786 0.663981 1.848652
v -0.005786 0.663981 1.848652
v -0.016211 0.663981 1.853672
v -0.021199 0.663981 1.847418
v -0.007566 0.663981 1.840852
v -0.007566 0.663981 1.840852
v -0.021199 0.663981 1.847418
v -0.023693 0.670909 1.84429
v -0.008456 0.670909 1.836953
v -0.023693 0.670909 1.84429
v -0.034237 0.670909 1.857512
v -0.030633 0.677837 1.859248
v -0.021199 0.677837 1.847418
v -0.021199 0.677837 1.847418
v -0.030633 0.677837 1.859248
v -0.023425 0.677837 1.862719
v -0.016211 0.677837 1.853672
v -0.016211 0.677837 1.853672
v -0.023425 0.677837 1.862719
v -0.019821 0.670909 1.864455
v -0.013717 0.670909 1.8568
v -0.013717 0.670909 1.8568
v -0.019821 0.670909 1.864455
v -0.023425 0.663981 1.862719
v -0.016211 0.663981 1.853672
v -0.016211 0.663981 1.853672
v -0.023425 0.663981 1.862719
v -0.030633 0.663981 1.859248
v -0.021199 0.663981 1.847418
v -0.021199 0.663981 1.847418
v -0.030633 0.663981 1.859248
v -0.034237 0.670909 1.857512
v -0.023693 0.670909 1.84429
v -0.034237 0.670909 1.857512
v -0.038 0.670909 1.874
v -0.034 0.677837 1.874
v -0.030633 0.677837 1.859248
v -0.030633 0.677837 1.859248
v -0.034 0.677837 1.874
v -0.026 0.677837 1.874
v -0.023425 0.677837 1.862719
v -0.023425 0.677837 1.862719
v -0.026 0.677837 1.874
v -0.022 0.670909 1.874
v -0.019821 0.670909 1.864455
v -0.019821 0.670909 1.864455
v -0.022 0.670909 1.874
v -0.026 0.663981 1.874
v -0.023425 0.663981 1.862719
v -0.023425 0.663981 1.862719
v -0.026 0.663981 1.874
v -0.034 0.663981 1.874
v -0.030633 0.663981 1.859248
v -0.030633 0.663981 1.859248
v -0.034 0.663981 1.874
v -0.038 0.670909 1.874
v -0.034237 0.670909 1.857512
v -0.038 0.670909 1.874
v -0.034237 0.670909 1.890488
v -0.030633 0.677837 1.888752
v -0.034 0.677837 1.874
v -0.034 0.677837 1.874
v -0.030633 0.677837 1.888752
v -0.023425 0.677837 1.885281
v -0.026 0.677837 1.874
v -0.026 0.677837 1.874
v -0.023425 0.677837 1.885281
v -0.019821 0.670909 1.883545
v -0.022 0.670909 1.874
v -0.022 0.670909 1.874
v -0.019821 0.670909 1.883545
v -0.023425 0.663981 1.885281
v -0.026 0.663981 1.874
v -0.026 0.663981 1.874
v -0.023425 0.663981 1.885281
v -0.030633 0.663981 1.888752
v -0.034 0.663981 1.874
v -0.034 0.663981 1.874
v -0.030633 0.663981 1.888752
v -0.034237 0.670909 1.890488
v -0.038 0.670909 1.874
v -0.034237 0.670909 1.890488
v -0.023693 0.670909 1.90371
v -0.021199 0.677837 1.900582
v -0.030633 0.677837 1.888752
v -0.030633 0.677837 1.888752
v -0.021199 0.677837 1.900582
v -0.016211 0.677837 1.894328
v -0.023425 0.677837 1.885281
v -0.023425 0.677837 1.885281
v -0.016211 0.677837 1.894328
v -0.013717 0.670909 1.8912
v -0.019821 0.670909 1.883545
v -0.019821 0.670909 1.883545
v -0.013717 0.670909 1.8912
v -0.016211 0.663981 1.894328
v -0.023425 0.663981 1.885281
v -0.023425 0.663981 1.885281
v -0.016211 0.663981 1.894328
v -0.021199 0.663981 1.900582
v -0.030633 0.663981 1.888752
v -0.030633 0.663981 1.888752
v -0.021199 0.663981 1.900582
v -0.023693 0.670909 1.90371
v -0.034237 0.670909 1.890488
v -0.023693 0.670909 1.90371
v -0.008456 0.670909 1.911047
v -0.007566 0.677837 1.907148
v -0.021199 0.677837 1.900582
v -0.021199 0.677837 1.900582
v -0.007566 0.677837 1.907148
v -0.005786 0.677837 1.899348
v -0.016211 0.677837 1.894328
v -0.016211 0.677837 1.894328
v -0.005786 0.677837 1.899348
v -0.004895 0.670909 1.895448
v -0.013717 0.670909 1.8912
v -0.013717 0.670909 1.8912
v -0.004895 0.670909 1.895448
v -0.005786 0.663981 1.899348
v -0.016211 0.663981 1.894328
v -0.016211 0.663981 1.894328
v -0.005786 0.663981 1.899348
v -0.007566 0.663981 1.907148
v -0.021199 0.663981 1.900582
v -0.021199 0.663981 1.900582
v -0.007566 0.663981 1.907148
v -0.008456 0.670909 1.911047
v -0.023693 0.670909 1.90371
v -0.008456 0.670909 1.911047
v 0.008456 0.670909 1.911047
v 0.007566 0.677837 1.907148
v -0.007566 0.677837 1.907148
v -0.007566 0.677837 1.907148
v 0.007566 0.677837 1.907148
v 0.005786 0.677837 1.899348
v -0.005786 0.677837 1.899348
v -0.005786 0.677837 1.899348
v 0.005786 0.677837 1.899348
v 0.004895 0.670909 1.895448
v -0.004895 0.670909 1.895448
v -0.004895 0.670909 1.895448
v 0.004895 0.670909 1.895448
v 0.005786 0.663981 1.899348
v -0.005786 0.663981 1.899348
v -0.005786 0.663981 1.899348
v 0.005786 0.663981 1.899348
v 0.007566 0.663981 1.907148
v -0.007566 0.663981 1.907148
v -0.007566 0.663981 1.907148
v 0.007566 0.663981 1.907148
v 0.008456 0.670909 1.911047
v -0.008456 0.670909 1.911047
v 0.008456 0.670909 1.911047
v 0.023693 0.670909 1.90371
v 0.021199 0.677837 1.900582
v 0.007566 0.677837 1.907148
v 0.007566 0.677837 1.907148
v 0.021199 0.677837 1.900582
v 0.016211 0.677837 1.894328
v 0.005786 0.677837 1.899348
v 0.005786 0.677837 1.899348
v 0.016211 0.677837 1.894328
v 0.013717 0.670909 1.8912
v 0.004895 0.670909 1.895448
v 0.004895 0.670909 1.895448
v 0.013717 0.670909 1.8912
v 0.016211 0.663981 1.894328
v 0.005786 0.663981 1.899348
v 0.005786 0.663981 1.899348
v 0.016211 0.663981 1.894328
v 0.021199 0.663981 1.900582
v 0.007566 0.663981 1.907148
v 0.007566 0.663981 1.907148
v 0.021199 0.663981 1.900582
v 0.023693 0.670909 1.90371
v 0.008456 0.670909 1.911047
v 0.023693 0.670909 1.90371
v 0.034237 0.670909 1.890488
v 0.030633 0.677837 1.888752
v 0.021199 0.677837 1.900582
v 0.021199 0.677837 1.900582
v 0.030633 0.677837 1.888752
v 0.023425 0.677837 1.885281
v 0.016211 0.677837 1.894328
v 0.016211 0.677837 1.894328
v 0.023425 0.677837 1.885281
v 0.019821 0.670909 1.883545
v 0.013717 0.670909 1.8912
v 0.013717 0.670909 1.8912
v 0.019821 0.670909 1.883545
v 0.023425 0.663981 1.885281
v 0.016211 0.663981 1.894328
v 0.016211 0.663981 1.894328
v 0.023425 0.663981 1.885281
v 0.030633 0.663981 1.888752
v 0.021199 0.663981 1.900582
v 0.021199 0.663981 1.900582
v 0.030633 0.663981 1.888752
v 0.034237 0.670909 1.890488
v 0.023693 0.670909 1.90371
v 0.034237 0.670909 1.890488
v 0.038 0.670909 1.874
v 0.034 0.677837 1.874
v 0.030633 0.677837 1.888752
v 0.030633 0.677837 1.888752
v 0.034 0.677837 1.874
v 0.026 0.677837 1.874
v 0.023425 0.677837 1.885281
v 0.023425 0.677837 1.885281
v 0.026 0.677837 1.874
v 0.022 0.670909 1.874
v 0.019821 0.670909 1.883545
v 0.019821 0.670909 1.883545
v 0.022 0.670909 1.874
v 0.026 0.663981 1.874
v 0.023425 0.663981 1.885281
v 0.023425 0.663981 1.885281
v 0.026 0.663981 1.874
v 0.034 0.663981 1.874
v 0.030633 0.663981 1.888752
v 0.030633 0.663981 1.888752
v 0.034 0.663981 1.874
v 0.038 0.670909 1.874
v 0.034237 0.670909 1.890488
v 0.047 0.670909 1.82
v 0.043422 0.670909 1.802014
v 0.039265 0.678703 1.803736
v 0.0425 0.678703 1.82
v 0.0425 0.678703 1.82
v 0.039265 0.678703 1.803736
v 0.03095 0.678703 1.80718
v 0.0335 0.678703 1.82
v 0.0335 0.678703 1.82
v 0.03095 0.678703 1.80718
v 0.026793 0.670909 1.808902
v 0.029 0.670909 1.82
v 0.029 0.670909 1.82
v 0.026793 0.670909 1.808902
v 0.03095 0.663115 1.80718
v 0.0335 0.663115 1.82
v 0.0335 0.663115 1.82
v 0.03095 0.663115 1.80718
v 0.039265 0.663115 1.803736
v 0.0425 0.663115 1.82
v 0.0425 0.663115 1.82
v 0.039265 0.663115 1.803736
v 0.043422 0.670909 1.802014
v 0.047 0.670909 1.82
v 0.043422 0.670909 1.802014
v 0.033234 0.670909 1.786766
v 0.030052 0.678703 1.789948
v 0.039265 0.678703 1.803736
v 0.039265 0.678703 1.803736
v 0.030052 0.678703 1.789948
v 0.023688 0.678703 1.796312
v 0.03095 0.678703 1.80718
v 0.03095 0.678703 1.80718
v 0.023688 0.678703 1.796312
v 0.020506 0.670909 1.799494
v 0.026793 0.670909 1.808902
v 0.026793 0.670909 1.808902
v 0.020506 0.670909 1.799494
v 0.023688 0.663115 1.796312
v 0.03095 0.663115 1.80718
v 0.03095 0.663115 1.80718
v 0.023688 0.663115 1.796312
v 0.030052 0.663115 1.789948
v 0.039265 0.663115 1.803736
v 0.039265 0.663115 1.803736
v 0.030052 0.663115 1.789948
v 0.033234 0.670909 1.786766
v 0.043422 0.670909 1.802014
v 0.033234 0.670909 1.786766
v 0.017986 0.670909 1.776578
v 0.016264 0.678703 1.780735
v 0.030052 0.678703 1.789948
v 0.030052 0.678703 1.789948
v 0.016264 0.678703 1.780735
v 0.01282 0.678703 1.78905
v 0.023688 0.678703 1.796312
v 0.023688 0.678703 1.796312
v 0.01282 0.678703 1.78905
v 0.011098 0.670909 1.793207
v 0.020506 0.670909 1.799494
v 0.020506 0.670909 1.799494
v 0.011098 0.670909 1.793207
v 0.01282 0.663115 1.78905
v 0.023688 0.663115 1.796312
v 0.023688 0.663115 1.796312
v 0.01282 0.663115 1.78905
v 0.016264 0.663115 1.780735
v 0.030052 0.663115 1.789948
v 0.030052 0.663115 1.789948
v 0.016264 0.663115 1.780735
v 0.017986 0.670909 1.776578
v 0.033234 0.670909 1.786766
v 0.017986 0.670909 1.776578
v 0 0.670909 1.773
v 0 0.678703 1.7775
v 0.016264 0.678703 1.780735
v 0.016264 0.678703 1.780735
v 0 0.678703 1.7775
v 0 0.678703 1.7865
v 0.01282 0.678703 1.78905
v 0.01282 0.678703 1.78905
v 0 0.678703 1.7865
v 0 0.670909 1.791
v 0.011098 0.670909 1.793207
v 0.011098 0.670909 1.793207
v 0 0.670909 1.791
v 0 0.663115 1.7865
v 0.01282 0.663115 1.78905
v 0.01282 0.663115 1.78905
v 0 0.663115 1.7865
v 0 0.663115 1.7775
v 0.016264 0.663115 1.780735
v 0.016264 0.663115 1.780735
v 0 0.663115 1.7775
v 0 0.670909 1.773
v 0.017986 0.670909 1.776578
v 0 0.670909 1.773
v -0.017986 0.670909 1.776578
v -0.016264 0.678703 1.780735
v 0 0.678703 1.7775
v 0 0.678703 1.7775
v -0.016264 0.678703 1.780735
v -0.01282 0.678703 1.78905
v 0 0.678703 1.7865
v 0 0.678703 1.7865
v -0.01282 0.678703 1.78905
v -0.011098 0.670909 1.793207
v 0 0.670909 1.791
v 0 0.670909 1.791
v -0.011098 0.670909 1.793207
v -0.01282 0.663115 1.78905
v 0 0.663115 1.7865
v 0 0.663115 1.7865
v -0.01282 0.663115 1.78905
v -0.016264 0.663115 1.780735
v 0 0.663115 1.7775
v 0 0.663115 1.7775
v -0.016264 0.663115 1.780735
v -0.017986 0.670909 1.776578
v 0 0.670909 1.773
v -0.017986 0.670909 1.776578
v -0.033234 0.670909 1.786766
v -0.030052 0.678703 1.789948
v -0.016264 0.678703 1.780735
v -0.016264 0.678703 1.780735
v -0.030052 0.678703 1.789948
v -0.023688 0.678703 1.796312
v -0.01282 0.678703 1.78905
v -0.01282 0.678703 1.78905
v -0.023688 0.678703 1.796312
v -0.020506 0.670909 1.799494
v -0.011098 0.670909 1.793207
v -0.011098 0.670909 1.793207
v -0.020506 0.670909 1.799494
v -0.023688 0.663115 1.796312
v -0.01282 0.663115 1.78905
v -0.01282 0.663115 1.78905
v -0.023688 0.663115 1.796312
v -0.030052 0.663115 1.789948
v -0.016264 0.663115 1.780735
v -0.016264 0.663115 1.780735
v -0.030052 0.663115 1.789948
v -0.033234 0.670909 1.786766
v -0.017986 0.670909 1.776578
v -0.033234 0.670909 1.786766
v -0.043422 0.670909 1.802014
v -0.039265 0.678703 1.803736
v -0.030052 0.678703 1.789948
v -0.030052 0.678703 1.789948
v -0.039265 0.678703 1.803736
v -0.03095 0.678703 1.80718
v -0.023688 0.678703 1.796312
v -0.023688 0.678703 1.796312
v -0.03095 0.678703 1.80718
v -0.026793 0.670909 1.808902
v -0.020506 0.670909 1.799494
v -0.020506 0.670909 1.799494
v -0.026793 0.670909 1.808902
v -0.03095 0.663115 1.80718
v -0.023688 0.663115 1.796312
v -0.023688 0.663115 1.796312
v -0.03095 0.663115 1.80718
v -0.039265 0.663115 1.803736
v -0.030052 0.663115 1.789948
v -0.030052 0.663115 1.789948
v -0.039265 0.663115 1.803736
v -0.043422 0.670909 1.802014
v -0.033234 0.670909 1.786766
v -0.043422 0.670909 1.802014
v -0.047 0.670909 1.82
v -0.0425 0.678703 1.82
v -0.039265 0.678703 1.803736
v -0.039265 0.678703 1.803736
v -0.0425 0.678703 1.82
v -0.0335 0.678703 1.82
v -0.03095 0.678703 1.80718
v -0.03095 0.678703 1.80718
v -0.0335 0.678703 1.82
v -0.029 0.670909 1.82
v -0.026793 0.670909 1.808902
v -0.026793 0.670909 1.808902
v -0.029 0.670909 1.82
v -0.0335 0.663115 1.82
v -0.03095 0.663115 1.80718
v -0.03095 0.663115 1.80718
v -0.0335 0.663115 1.82
v -0.0425 0.663115 1.82
v -0.039265 0.663115 1.803736
v -0.039265 0.663115 1.803736
v -0.0425 0.663115 1.82
v -0.047 0.670909 1.82
v -0.043422 0.670909 1.802014
v -0.047 0.670909 1.82
v -0.043422 0.670909 1.837986
v -0.039265 0.678703 1.836264
v -0.0425 0.678703 1.82
v -0.0425 0.678703 1.82
v -0.039265 0.678703 1.836264
v -0.03095 0.678703 1.83282
v -0.0335 0.678703 1.82
v -0.0335 0.678703 1.82
v -0.03095 0.678703 1.83282
v -0.026793 0.670909 1.831098
v -0.029 0.670909 1.82
v -0.029 0.670909 1.82
v -0.026793 0.670909 1.831098
v -0.03095 0.663115 1.83282
v -0.0335 0.663115 1.82
v -0.0335 0.663115 1.82
v -0.03095 0.663115 1.83282
v -0.039265 0.663115 1.836264
v -0.0425 0.663115 1.82
v -0.0425 0.663115 1.82
v -0.039265 0.663115 1.836264
v -0.043422 0.670909 1.837986
v -0.047 0.670909 1.82
v -0.043422 0.670909 1.837986
v -0.033234 0.670909 1.853234
v -0.030052 0.678703 1.850052
v -0.039265 0.678703 1.836264
v -0.039265 0.678703 1.836264
v -0.030052 0.678703 1.850052
v -0.023688 0.678703 1.843688
v -0.03095 0.678703 1.83282
v -0.03095 0.678703 1.83282
v -0.023688 0.678703 1.843688
v -0.020506 0.670909 1.840506
v -0.026793 0.670909 1.831098
v -0.026793 0.670909 1.831098
v -0.020506 0.670909 1.840506
v -0.023688 0.663115 1.843688
v -0.03095 0.663115 1.83282
v -0.03095 0.663115 1.83282
v -0.023688 0.663115 1.843688
v -0.030052 0.663115 1.850052
v -0.039265 0.663115 1.836264
v -0.039265 0.663115 1.836264
v -0.030052 0.663115 1.850052
v -0.033234 0.670909 1.853234
v -0.043422 0.670909 1.837986
v -0.033234 0.670909 1.853234
v -0.017986 0.670909 1.863422
v -0.016264 0.678703 1.859265
v -0.030052 0.678703 1.850052
v -0.030052 0.678703 1.850052
v -0.016264 0.678703 1.859265
v -0.01282 0.678703 1.85095
v -0.023688 0.678703 1.843688
v -0.023688 0.678703 1.843688
v -0.01282 0.678703 1.85095
v -0.011098 0.670909 1.846793
v -0.020506 0.670909 1.840506
v -0.020506 0.670909 1.840506
v -0.011098 0.670909 1.846793
v -0.01282 0.663115 1.85095
v -0.023688 0.663115 1.843688
v -0.023688 0.663115 1.843688
v -0.01282 0.663115 1.85095
v -0.016264 0.663115 1.859265
v -0.030052 0.663115 1.850052
v -0.030052 0.663115 1.850052
v -0.016264 0.663115 1.859265
v -0.017986 0.670909 1.863422
v -0.033234 0.670909 1.853234
v -0.017986 0.670909 1.863422
v 0 0.670909 1.867
v 0 0.678703 1.8625
v -0.016264 0.678703 1.859265
v -0.016264 0.678703 1.859265
v 0 0.678703 1.8625
v 0 0.678703 1.8535
v -0.01282 0.678703 1.85095
v -0.01282 0.678703 1.85095
v 0 0.678703 1.8535
v 0 0.670909 1.849
v -0.011098 0.670909 1.846793
v -0.011098 0.670909 1.846793
v 0 0.670909 1.849
v 0 0.663115 1.8535
v -0.01282 0.663115 1.85095
v -0.01282 0.663115 1.85095
v 0 0.663115 1.8535
v 0 0.663115 1.8625
v -0.016264 0.663115 1.859265
v -0.016264 0.663115 1.859265
v 0 0.663115 1.8625
v 0 0.670909 1.867
v -0.017986 0.670909 1.863422
v 0 0.670909 1.867
v 0.017986 0.670909 1.863422
v 0.016264 0.678703 1.859265
v 0 0.678703 1.8625
v 0 0.678703 1.8625
v 0.016264 0.678703 1.859265
v 0.01282 0.678703 1.85095
v 0 0.678703 1.8535
v 0 0.678703 1.8535
v 0.01282 0.678703 1.85095
v 0.011098 0.670909 1.846793
v 0 0.670909 1.849
v 0 0.670909 1.849
v 0.011098 0.670909 1.846793
v 0.01282 0.663115 1.85095
v 0 0.663115 1.8535
v 0 0.663115 1.8535
v 0.01282 0.663115 1.85095
v 0.016264 0.663115 1.859265
v 0 0.663115 1.8625
v 0 0.663115 1.8625
v 0.016264 0.663115 1.859265
v 0.017986 0.670909 1.863422
v 0 0.670909 1.867
v 0.017986 0.670909 1.863422
v 0.033234 0.670909 1.853234
v 0.030052 0.678703 1.850052
v 0.016264 0.678703 1.859265
v 0.016264 0.678703 1.859265
v 0.030052 0.678703 1.850052
v 0.023688 0.678703 1.843688
v 0.01282 0.678703 1.85095
v 0.01282 0.678703 1.85095
v 0.023688 0.678703 1.843688
v 0.020506 0.670909 1.840506
v 0.011098 0.670909 1.846793
v 0.011098 0.670909 1.846793
v 0.020506 0.670909 1.840506
v 0.023688 0.663115 1.843688
v 0.01282 0.663115 1.85095
v 0.01282 0.663115 1.85095
v 0.023688 0.663115 1.843688
v 0.030052 0.663115 1.850052
v 0.016264 0.663115 1.859265
v 0.016264 0.663115 1.859265
v 0.030052 0.663115 1.850052
v 0.033234 0.670909 1.853234
v 0.017986 0.670909 1.863422
v 0.033234 0.670909 1.853234
v 0.043422 0.670909 1.837986
v 0.039265 0.678703 1.836264
v 0.030052 0.678703 1.850052
v 0.030052 0.678703 1.850052
v 0.039265 0.678703 1.836264
v 0.03095 0.678703 1.83282
v 0.023688 0.678703 1.843688
v 0.023688 0.678703 1.843688
v 0.03095 0.678703 1.83282
v 0.026793 0.670909 1.831098
v 0.020506 0.670909 1.840506
v 0.020506 0.670909 1.840506
v 0.026793 0.670909 1.831098
v 0.03095 0.663115 1.83282
v 0.023688 0.663115 1.843688
v 0.023688 0.663115 1.843688
v 0.03095 0.663115 1.83282
v 0.039265 0.663115 1.836264
v 0.030052 0.663115 1.850052
v 0.030052 0.663115 1.850052
v 0.039265 0.663115 1.836264
v 0.043422 0.670909 1.837986
v 0.033234 0.670909 1.853234
v 0.043422 0.670909 1.837986
v 0.047 0.670909 1.82
v 0.0425 0.678703 1.82
v 0.039265 0.678703 1.836264
v 0.039265 0.678703 1.836264
v 0.0425 0.678703 1.82
v 0.0335 0.678703 1.82
v 0.03095 0.678703 1.83282
v 0.03095 0.678703 1.83282
v 0.0335 0.678703 1.82
v 0.029 0.670909 1.82
v 0.026793 0.670909 1.831098
v 0.026793 0.670909 1.831098
v 0.029 0.670909 1.82
v 0.0335 0.663115 1.82
v 0.03095 0.663115 1.83282
v 0.03095 0.663115 1.83282
v 0.0335 0.663115 1.82
v 0.0425 0.663115 1.82
v 0.039265 0.663115 1.836264
v 0.039265 0.663115 1.836264
v 0.0425 0.663115 1.82
v 0.047 0.670909 1.82
v 0.043422 0.670909 1.837986
v -0.06 0.653409 1.7875
v -0.06 0.688409 1.7875
v -0.06 0.688409 1.7425
v -0.06 0.653409 1.7425
v 0.06 0.653409 1.7425
v 0.06 0.688409 1.7425
v 0.06 0.688409 1.7875
v 0.06 0.653409 1.7875
v -0.05 0.643409 1.7425
v 0.05 0.643409 1.7425
v 0.05 0.643409 1.7875
v -0.05 0.643409 1.7875
v -0.05 0.698409 1.7875
v 0.05 0.698409 1.7875
v 0.05 0.698409 1.7425
v -0.05 0.698409 1.7425
v -0.05 0.688409 1.7325
v 0.05 0.688409 1.7325
v 0.05 0.653409 1.7325
v -0.05 0.653409 1.7325
v -0.05 0.653409 1.7975
v 0.05 0.653409 1.7975
v 0.05 0.688409 1.7975
v -0.05 0.688409 1.7975
v -0.06 0.653409 1.7425
v -0.05 0.643409 1.7425
v -0.05 0.643409 1.7875
v -0.06 0.653409 1.7875
v -0.06 0.688409 1.7875
v -0.05 0.698409 1.7875
v -0.05 0.698409 1.7425
v -0.06 0.688409 1.7425
v 0.06 0.653409 1.7875
v 0.05 0.643409 1.7875
v 0.05 0.643409 1.7425
v 0.06 0.653409 1.7425
v 0.06 0.688409 1.7425
v 0.05 0.698409 1.7425
v 0.05 0.698409 1.7875
v 0.06 0.688409 1.7875
v -0.06 0.688409 1.7425
v -0.05 0.688409 1.7325
v -0.05 0.653409 1.7325
v -0.06 0.653409 1.7425
v -0.06 0.653409 1.7875
v -0.05 0.653409 1.7975
v -0.05 0.688409 1.7975
v -0.06 0.688409 1.7875
v 0.06 0.653409 1.7425
v 0.05 0.653409 1.7325
v 0.05 0.688409 1.7325
v 0.06 0.688409 1.7425
v 0.06 0.688409 1.7875
v 0.05 0.688409 1.7975
v 0.05 0.653409 1.7975
v 0.06 0.653409 1.7875
v -0.05 0.643409 1.7425
v -0.05 0.653409 1.7325
v 0.05 0.653409 1.7325
v 0.05 0.643409 1.7425
v 0.05 0.643409 1.7875
v 0.05 0.653409 1.7975
v -0.05 0.653409 1.7975
v -0.05 0.643409 1.7875
v 0.05 0.698409 1.7425
v 0.05 0.688409 1.7325
v -0.05 0.688409 1.7325
v -0.05 0.698409 1.7425
v -0.05 0.698409 1.7875
v -0.05 0.688409 1.7975
v 0.05 0.688409 1.7975
v 0.05 0.698409 1.7875
v -0.05 0.653409 1.7325
v -0.05 0.643409 1.7425
v -0.06 0.653409 1.7425
v -0.06 0.653409 1.7875
v -0.05 0.643409 1.7875
v -0.05 0.653409 1.7975
v -0.06 0.688409 1.7425
v -0.05 0.698409 1.7425
v -0.05 0.688409 1.7325
v -0.05 0.688409 1.7975
v -0.05 0.698409 1.7875
v -0.06 0.688409 1.7875
v 0.06 0.653409 1.7425
v 0.05 0.643409 1.7425
v 0.05 0.653409 1.7325
v 0.05 0.653409 1.7975
v 0.05 0.643409 1.7875
v 0.06 0.653409 1.7875
v 0.05 0.688409 1.7325
v 0.05 0.698409 1.7425
v 0.06 0.688409 1.7425
v 0.06 0.688409 1.7875
v 0.05 0.698409 1.7875
v 0.05 0.688409 1.7975
v -0.23 0.664859 1.89505
v -0.23 0.676959 1.89505
v -0.23 0.676959 1.28495
v -0.23 0.664859 1.28495
v 0.23 0.664859 1.28495
v 0.23 0.676959 1.28495
v 0.23 0.676959 1.89505
v 0.23 0.664859 1.89505
v -0.22505 0.659909 1.28495
v 0.22505 0.659909 1.28495
v 0.22505 0.659909 1.89505
v -0.22505 0.659909 1.89505
v -0.22505 0.681909 1.89505
v 0.22505 0.681909 1.89505
v 0.22505 0.681909 1.28495
v -0.22505 0.681909 1.28495
v -0.22505 0.676959 1.28
v 0.22505 0.676959 1.28
v 0.22505 0.664859 1.28
v -0.22505 0.664859 1.28
v -0.22505 0.664859 1.9
v 0.22505 0.664859 1.9
v 0.22505 0.676959 1.9
v -0.22505 0.676959 1.9
v -0.23 0.664859 1.28495
v -0.22505 0.659909 1.28495
v -0.22505 0.659909 1.89505
v -0.23 0.664859 1.89505
v -0.23 0.676959 1.89505
v -0.22505 0.681909 1.89505
v -0.22505 0.681909 1.28495
v -0.23 0.676959 1.28495
v 0.23 0.664859 1.89505
v 0.22505 0.659909 1.89505
v 0.22505 0.659909 1.28495
v 0.23 0.664859 1.28495
v 0.23 0.676959 1.28495
v 0.22505 0.681909 1.28495
v 0.22505 0.681909 1.89505
v 0.23 0.676959 1.89505
v -0.23 0.676959 1.28495
v -0.22505 0.676959 1.28
v -0.22505 0.664859 1.28
v -0.23 0.664859 1.28495
v -0.23 0.664859 1.89505
v -0.22505 0.664859 1.9
v -0.22505 0.676959 1.9
v -0.23 0.676959 1.89505
v 0.23 0.664859 1.28495
v 0.22505 0.664859 1.28
v 0.22505 0.676959 1.28
v 0.23 0.676959 1.28495
v 0.23 0.676959 1.89505
v 0.22505 0.676959 1.9
v 0.22505 0.664859 1.9
v 0.23 0.664859 1.89505
v -0.22505 0.659909 1.28495
v -0.22505 0.664859 1.28
v 0.22505 0.664859 1.28
v 0.22505 0.659909 1.28495
v 0.22505 0.659909 1.89505
v 0.22505 0.664859 1.9
v -0.22505 0.664859 1.9
v -0.22505 0.659909 1.89505
v 0.22505 0.681909 1.28495
v 0.22505 0.676959 1.28
v -0.22505 0.676959 1.28
v -0.22505 0.681909 1.28495
v -0.22505 0.681909 1.89505
v -0.22505 0.676959 1.9
v 0.22505 0.676959 1.9
v 0.22505 0.681909 1.89505
v -0.22505 0.664859 1.28
v -0.22505 0.659909 1.28495
v -0.23 0.664859 1.28495
v -0.23 0.664859 1.89505
v -0.22505 0.659909 1.89505
v -0.22505 0.664859 1.9
v -0.23 0.676959 1.28495
v -0.22505 0.681909 1.28495
v -0.22505 0.676959 1.28
v -0.22505 0.676959 1.9
v -0.22505 0.681909 1.89505
v -0.23 0.676959 1.89505
v 0.23 0.664859 1.28495
v 0.22505 0.659909 1.28495
v 0.22505 0.664859 1.28
v 0.22505 0.664859 1.9
v 0.22505 0.659909 1.89505
v 0.23 0.664859 1.89505
v 0.22505 0.676959 1.28
v 0.22505 0.681909 1.28495
v 0.23 0.676959 1.28495
v 0.23 0.676959 1.89505
v 0.22505 0.681909 1.89505
v 0.22505 0.676959 1.9
v -0.17 0.655434 1.865475
v -0.17 0.660384 1.865475
v -0.17 0.660384 1.824525
v -0.17 0.655434 1.824525
v 0.17 0.655434 1.824525
v 0.17 0.660384 1.824525
v 0.17 0.660384 1.865475
v 0.17 0.655434 1.865475
v -0.167975 0.653409 1.824525
v 0.167975 0.653409 1.824525
v 0.167975 0.653409 1.865475
v -0.167975 0.653409 1.865475
v -0.167975 0.662409 1.865475
v 0.167975 0.662409 1.865475
v 0.167975 0.662409 1.824525
v -0.167975 0.662409 1.824525
v -0.167975 0.660384 1.8225
v 0.167975 0.660384 1.8225
v 0.167975 0.655434 1.8225
v -0.167975 0.655434 1.8225
v -0.167975 0.655434 1.8675
v 0.167975 0.655434 1.8675
v 0.167975 0.660384 1.8675
v -0.167975 0.660384 1.8675
v -0.17 0.655434 1.824525
v -0.167975 0.653409 1.824525
v -0.167975 0.653409 1.865475
v -0.17 0.655434 1.865475
v -0.17 0.660384 1.865475
v -0.167975 0.662409 1.865475
v -0.167975 0.662409 1.824525
v -0.17 0.660384 1.824525
v 0.17 0.655434 1.865475
v 0.167975 0.653409 1.865475
v 0.167975 0.653409 1.824525
v 0.17 0.655434 1.824525
v 0.17 0.660384 1.824525
v 0.167975 0.662409 1.824525
v 0.167975 0.662409 1.865475
v 0.17 0.660384 1.865475
v -0.17 0.660384 1.824525
v -0.167975 0.660384 1.8225
v -0.167975 0.655434 1.8225
v -0.17 0.655434 1.824525
v -0.17 0.655434 1.865475
v -0.167975 0.655434 1.8675
v -0.167975 0.660384 1.8675
v -0.17 0.660384 1.865475
v 0.17 0.655434 1.824525
v 0.167975 0.655434 1.8225
v 0.167975 0.660384 1.8225
v 0.17 0.660384 1.824525
v 0.17 0.660384 1.865475
v 0.167975 0.660384 1.8675
v 0.167975 0.655434 1.8675
v 0.17 0.655434 1.865475
v -0.167975 0.653409 1.824525
v -0.167975 0.655434 1.8225
v 0.167975 0.655434 1.8225
v 0.167975 0.653409 1.824525
v 0.167975 0.653409 1.865475
v 0.167975 0.655434 1.8675
v -0.167975 0.655434 1.8675
v -0.167975 0.653409 1.865475
v 0.167975 0.662409 1.824525
v 0.167975 0.660384 1.8225
v -0.167975 0.660384 1.8225
v -0.167975 0.662409 1.824525
v -0.167975 0.662409 1.865475
v -0.167975 0.660384 1.8675
v 0.167975 0.660384 1.8675
v 0.167975 0.662409 1.865475
v -0.167975 0.655434 1.8225
v -0.167975 0.653409 1.824525
v -0.17 0.655434 1.824525
v -0.17 0.655434 1.865475
v -0.167975 0.653409 1.865475
v -0.167975 0.655434 1.8675
v -0.17 0.660384 1.824525
v -0.167975 0.662409 1.824525
v -0.167975 0.660384 1.8225
v -0.167975 0.660384 1.8675
v -0.167975 0.662409 1.865475
v -0.17 0.660384 1.865475
v 0.17 0.655434 1.824525
v 0.167975 0.653409 1.824525
v 0.167975 0.655434 1.8225
v 0.167975 0.655434 1.8675
v 0.167975 0.653409 1.865475
v 0.17 0.655434 1.865475
v 0.167975 0.660384 1.8225
v 0.167975 0.662409 1.824525
v 0.17 0.660384 1.824525
v 0.17 0.660384 1.865475
v 0.167975 0.662409 1.865475
v 0.167975 0.660384 1.8675
v -0.1525 0.654434 1.787975
v -0.1525 0.659384 1.787975
v -0.1525 0.659384 1.432025
v -0.1525 0.654434 1.432025
v -0.1275 0.654434 1.432025
v -0.1275 0.659384 1.432025
v -0.1275 0.659384 1.787975
v -0.1275 0.654434 1.787975
v -0.150475 0.652409 1.432025
v -0.129525 0.652409 1.432025
v -0.129525 0.652409 1.787975
v -0.150475 0.652409 1.787975
v -0.150475 0.661409 1.787975
v -0.129525 0.661409 1.787975
v -0.129525 0.661409 1.432025
v -0.150475 0.661409 1.432025
v -0.150475 0.659384 1.43
v -0.129525 0.659384 1.43
v -0.129525 0.654434 1.43
v -0.150475 0.654434 1.43
v -0.150475 0.654434 1.79
v -0.129525 0.654434 1.79
v -0.129525 0.659384 1.79
v -0.150475 0.659384 1.79
v -0.1525 0.654434 1.432025
v -0.150475 0.652409 1.432025
v -0.150475 0.652409 1.787975
v -0.1525 0.654434 1.787975
v -0.1525 0.659384 1.787975
v -0.150475 0.661409 1.787975
v -0.150475 0.661409 1.432025
v -0.1525 0.659384 1.432025
v -0.1275 0.654434 1.787975
v -0.129525 0.652409 1.787975
v -0.129525 0.652409 1.432025
v -0.1275 0.654434 1.432025
v -0.1275 0.659384 1.432025
v -0.129525 0.661409 1.432025
v -0.129525 0.661409 1.787975
v -0.1275 0.659384 1.787975
v -0.1525 0.659384 1.432025
v -0.150475 0.659384 1.43
v -0.150475 0.654434 1.43
v -0.1525 0.654434 1.432025
v -0.1525 0.654434 1.787975
v -0.150475 0.654434 1.79
v -0.150475 0.659384 1.79
v -0.1525 0.659384 1.787975
v -0.1275 0.654434 1.432025
v -0.129525 0.654434 1.43
v -0.129525 0.659384 1.43
v -0.1275 0.659384 1.432025
v -0.1275 0.659384 1.787975
v -0.129525 0.659384 1.79
v -0.129525 0.654434 1.79
v -0.1275 0.654434 1.787975
v -0.150475 0.652409 1.432025
v -0.150475 0.654434 1.43
v -0.129525 0.654434 1.43
v -0.129525 0.652409 1.432025
v -0.129525 0.652409 1.787975
v -0.129525 0.654434 1.79
v -0.150475 0.654434 1.79
v -0.150475 0.652409 1.787975
v -0.129525 0.661409 1.432025
v -0.129525 0.659384 1.43
v -0.150475 0.659384 1.43
v -0.150475 0.661409 1.432025
v -0.150475 0.661409 1.787975
v -0.150475 0.659384 1.79
v -0.129525 0.659384 1.79
v -0.129525 0.661409 1.787975
v -0.150475 0.654434 1.43
v -0.150475 0.652409 1.432025
v -0.1525 0.654434 1.432025
v -0.1525 0.654434 1.787975
v -0.150475 0.652409 1.787975
v -0.150475 0.654434 1.79
v -0.1525 0.659384 1.432025
v -0.150475 0.661409 1.432025
v -0.150475 0.659384 1.43
v -0.150475 0.659384 1.79
v -0.150475 0.661409 1.787975
v -0.1525 0.659384 1.787975
v -0.1275 0.654434 1.432025
v -0.129525 0.652409 1.432025
v -0.129525 0.654434 1.43
v -0.129525 0.654434 1.79
v -0.129525 0.652409 1.787975
v -0.1275 0.654434 1.787975
v -0.129525 0.659384 1.43
v -0.129525 0.661409 1.432025
v -0.1275 0.659384 1.432025
v -0.1275 0.659384 1.787975
v -0.129525 0.661409 1.787975
v -0.129525 0.659384 1.79
v 0.119 0.654434 1.717975
v 0.119 0.659384 1.717975
v 0.119 0.659384 1.422025
v 0.119 0.654434 1.422025
v 0.141 0.654434 1.422025
v 0.141 0.659384 1.422025
v 0.141 0.659384 1.717975
v 0.141 0.654434 1.717975
v 0.121025 0.652409 1.422025
v 0.138975 0.652409 1.422025
v 0.138975 0.652409 1.717975
v 0.121025 0.652409 1.717975
v 0.121025 0.661409 1.717975
v 0.138975 0.661409 1.717975
v 0.138975 0.661409 1.422025
v 0.121025 0.661409 1.422025
v 0.121025 0.659384 1.42
v 0.138975 0.659384 1.42
v 0.138975 0.654434 1.42
v 0.121025 0.654434 1.42
v 0.121025 0.654434 1.72
v 0.138975 0.654434 1.72
v 0.138975 0.659384 1.72
v 0.121025 0.659384 1.72
v 0.119 0.654434 1.422025
v 0.121025 0.652409 1.422025
v 0.121025 0.652409 1.717975
v 0.119 0.654434 1.717975
v 0.119 0.659384 1.717975
v 0.121025 0.661409 1.717975
v 0.121025 0.661409 1.422025
v 0.119 0.659384 1.422025
v 0.141 0.654434 1.717975
v 0.138975 0.652409 1.717975
v 0.138975 0.652409 1.422025
v 0.141 0.654434 1.422025
v 0.141 0.659384 1.422025
v 0.138975 0.661409 1.422025
v 0.138975 0.661409 1.717975
v 0.141 0.659384 1.717975
v 0.119 0.659384 1.422025
v 0.121025 0.659384 1.42
v 0.121025 0.654434 1.42
v 0.119 0.654434 1.422025
v 0.119 0.654434 1.717975
v 0.121025 0.654434 1.72
v 0.121025 0.659384 1.72
v 0.119 0.659384 1.717975
v 0.141 0.654434 1.422025
v 0.138975 0.654434 1.42
v 0.138975 0.659384 1.42
v 0.141 0.659384 1.422025
v 0.141 0.659384 1.717975
v 0.138975 0.659384 1.72
v 0.138975 0.654434 1.72
v 0.141 0.654434 1.717975
v 0.121025 0.652409 1.422025
v 0.121025 0.654434 1.42
v 0.138975 0.654434 1.42
v 0.138975 0.652409 1.422025
v 0.138975 0.652409 1.717975
v 0.138975 0.654434 1.72
v 0.121025 0.654434 1.72
v 0.121025 0.652409 1.717975
v 0.138975 0.661409 1.422025
v 0.138975 0.659384 1.42
v 0.121025 0.659384 1.42
v 0.121025 0.661409 1.422025
v 0.121025 0.661409 1.717975
v 0.121025 0.659384 1.72
v 0.138975 0.659384 1.72
v 0.138975 0.661409 1.717975
v 0.121025 0.654434 1.42
v 0.121025 0.652409 1.422025
v 0.119 0.654434 1.422025
v 0.119 0.654434 1.717975
v 0.121025 0.652409 1.717975
v 0.121025 0.654434 1.72
v 0.119 0.659384 1.422025
v 0.121025 0.661409 1.422025
v 0.121025 0.659384 1.42
v 0.121025 0.659384 1.72
v 0.121025 0.661409 1.717975
v 0.119 0.659384 1.717975
v 0.141 0.654434 1.422025
v 0.138975 0.652409 1.422025
v 0.138975 0.654434 1.42
v 0.138975 0.654434 1.72
v 0.138975 0.652409 1.717975
v 0.141 0.654434 1.717975
v 0.138975 0.659384 1.42
v 0.138975 0.661409 1.422025
v 0.141 0.659384 1.422025
v 0.141 0.659384 1.717975
v 0.138975 0.661409 1.717975
v 0.138975 0.659384 1.72
v -0.155 0.654434 1.468975
v -0.155 0.659384 1.468975
v -0.155 0.659384 1.451025
v -0.155 0.654434 1.451025
v 0.155 0.654434 1.451025
v 0.155 0.659384 1.451025
v 0.155 0.659384 1.468975
v 0.155 0.654434 1.468975
v -0.152975 0.652409 1.451025
v 0.152975 0.652409 1.451025
v 0.152975 0.652409 1.468975
v -0.152975 0.652409 1.468975
v -0.152975 0.661409 1.468975
v 0.152975 0.661409 1.468975
v 0.152975 0.661409 1.451025
v -0.152975 0.661409 1.451025
v -0.152975 0.659384 1.449
v 0.152975 0.659384 1.449
v 0.152975 0.654434 1.449
v -0.152975 0.654434 1.449
v -0.152975 0.654434 1.471
v 0.152975 0.654434 1.471
v 0.152975 0.659384 1.471
v -0.152975 0.659384 1.471
v -0.155 0.654434 1.451025
v -0.152975 0.652409 1.451025
v -0.152975 0.652409 1.468975
v -0.155 0.654434 1.468975
v -0.155 0.659384 1.468975
v -0.152975 0.661409 1.468975
v -0.152975 0.661409 1.451025
v -0.155 0.659384 1.451025
v 0.155 0.654434 1.468975
v 0.152975 0.652409 1.468975
v 0.152975 0.652409 1.451025
v 0.155 0.654434 1.451025
v 0.155 0.659384 1.451025
v 0.152975 0.661409 1.451025
v 0.152975 0.661409 1.468975
v 0.155 0.659384 1.468975
v -0.155 0.659384 1.451025
v -0.152975 0.659384 1.449
v -0.152975 0.654434 1.449
v -0.155 0.654434 1.451025
v -0.155 0.654434 1.468975
v -0.152975 0.654434 1.471
v -0.152975 0.659384 1.471
v -0.155 0.659384 1.468975
v 0.155 0.654434 1.451025
v 0.152975 0.654434 1.449
v 0.152975 0.659384 1.449
v 0.155 0.659384 1.451025
v 0.155 0.659384 1.468975
v 0.152975 0.659384 1.471
v 0.152975 0.654434 1.471
v 0.155 0.654434 1.468975
v -0.152975 0.652409 1.451025
v -0.152975 0.654434 1.449
v 0.152975 0.654434 1.449
v 0.152975 0.652409 1.451025
v 0.152975 0.652409 1.468975
v 0.152975 0.654434 1.471
v -0.152975 0.654434 1.471
v -0.152975 0.652409 1.468975
v 0.152975 0.661409 1.451025
v 0.152975 0.659384 1.449
v -0.152975 0.659384 1.449
v -0.152975 0.661409 1.451025
v -0.152975 0.661409 1.468975
v -0.152975 0.659384 1.471
v 0.152975 0.659384 1.471
v 0.152975 0.661409 1.468975
v -0.152975 0.654434 1.449
v -0.152975 0.652409 1.451025
v -0.155 0.654434 1.451025
v -0.155 0.654434 1.468975
v -0.152975 0.652409 1.468975
v -0.152975 0.654434 1.471
v -0.155 0.659384 1.451025
v -0.152975 0.661409 1.451025
v -0.152975 0.659384 1.449
v -0.152975 0.659384 1.471
v -0.152975 0.661409 1.468975
v -0.155 0.659384 1.468975
v 0.155 0.654434 1.451025
v 0.152975 0.652409 1.451025
v 0.152975 0.654434 1.449
v 0.152975 0.654434 1.471
v 0.152975 0.652409 1.468975
v 0.155 0.654434 1.468975
v 0.152975 0.659384 1.449
v 0.152975 0.661409 1.451025
v 0.155 0.659384 1.451025
v 0.155 0.659384 1.468975
v 0.152975 0.661409 1.468975
v 0.152975 0.659384 1.471
v -0.142 0.646909 1.84
v -0.143783 0.646909 1.83219
v -0.143783 0.658909 1.83219
v -0.142 0.658909 1.84
v -0.143783 0.646909 1.83219
v -0.148777 0.646909 1.825927
v -0.148777 0.658909 1.825927
v -0.143783 0.658909 1.83219
v -0.148777 0.646909 1.825927
v -0.155995 0.646909 1.822451
v -0.155995 0.658909 1.822451
v -0.148777 0.658909 1.825927
v -0.155995 0.646909 1.822451
v -0.164005 0.646909 1.822451
v -0.164005 0.658909 1.822451
v -0.155995 0.658909 1.822451
v -0.164005 0.646909 1.822451
v -0.171223 0.646909 1.825927
v -0.171223 0.658909 1.825927
v -0.164005 0.658909 1.822451
v -0.171223 0.646909 1.825927
v -0.176217 0.646909 1.83219
v -0.176217 0.658909 1.83219
v -0.171223 0.658909 1.825927
v -0.176217 0.646909 1.83219
v -0.178 0.646909 1.84
v -0.178 0.658909 1.84
v -0.176217 0.658909 1.83219
v -0.178 0.646909 1.84
v -0.176217 0.646909 1.84781
v -0.176217 0.658909 1.84781
v -0.178 0.658909 1.84
v -0.176217 0.646909 1.84781
v -0.171223 0.646909 1.854073
v -0.171223 0.658909 1.854073
v -0.176217 0.658909 1.84781
v -0.171223 0.646909 1.854073
v -0.164005 0.646909 1.857549
v -0.164005 0.658909 1.857549
v -0.171223 0.658909 1.854073
v -0.164005 0.646909 1.857549
v -0.155995 0.646909 1.857549
v -0.155995 0.658909 1.857549
v -0.164005 0.658909 1.857549
v -0.155995 0.646909 1.857549
v -0.148777 0.646909 1.854073
v -0.148777 0.658909 1.854073
v -0.155995 0.658909 1.857549
v -0.148777 0.646909 1.854073
v -0.143783 0.646909 1.84781
v -0.143783 0.658909 1.84781
v -0.148777 0.658909 1.854073
v -0.143783 0.646909 1.84781
v -0.142 0.646909 1.84
v -0.142 0.658909 1.84
v -0.143783 0.658909 1.84781
v -0.142 0.646909 1.84
v -0.143783 0.646909 1.83219
v -0.148777 0.646909 1.825927
v -0.155995 0.646909 1.822451
v -0.164005 0.646909 1.822451
v -0.171223 0.646909 1.825927
v -0.176217 0.646909 1.83219
v -0.178 0.646909 1.84
v -0.176217 0.646909 1.84781
v -0.171223 0.646909 1.854073
v -0.164005 0.646909 1.857549
v -0.155995 0.646909 1.857549
v -0.148777 0.646909 1.854073
v -0.143783 0.646909 1.84781
v -0.143783 0.658909 1.84781
v -0.148777 0.658909 1.854073
v -0.155995 0.658909 1.857549
v -0.164005 0.658909 1.857549
v -0.171223 0.658909 1.854073
v -0.176217 0.658909 1.84781
v -0.178 0.658909 1.84
v -0.176217 0.658909 1.83219
v -0.171223 0.658909 1.825927
v -0.164005 0.658909 1.822451
v -0.155995 0.658909 1.822451
v -0.148777 0.658909 1.825927
v -0.143783 0.658909 1.83219
v -0.142 0.658909 1.84
v 0.178 0.646909 1.84
v 0.176217 0.646909 1.83219
v 0.176217 0.658909 1.83219
v 0.178 0.658909 1.84
v 0.176217 0.646909 1.83219
v 0.171223 0.646909 1.825927
v 0.171223 0.658909 1.825927
v 0.176217 0.658909 1.83219
v 0.171223 0.646909 1.825927
v 0.164005 0.646909 1.822451
v 0.164005 0.658909 1.822451
v 0.171223 0.658909 1.825927
v 0.164005 0.646909 1.822451
v 0.155995 0.646909 1.822451
v 0.155995 0.658909 1.822451
v 0.164005 0.658909 1.822451
v 0.155995 0.646909 1.822451
v 0.148777 0.646909 1.825927
v 0.148777 0.658909 1.825927
v 0.155995 0.658909 1.822451
v 0.148777 0.646909 1.825927
v 0.143783 0.646909 1.83219
v 0.143783 0.658909 1.83219
v 0.148777 0.658909 1.825927
v 0.143783 0.646909 1.83219
v 0.142 0.646909 1.84
v 0.142 0.658909 1.84
v 0.143783 0.658909 1.83219
v 0.142 0.646909 1.84
v 0.143783 0.646909 1.84781
v 0.143783 0.658909 1.84781
v 0.142 0.658909 1.84
v 0.143783 0.646909 1.84781
v 0.148777 0.646909 1.854073
v 0.148777 0.658909 1.854073
v 0.143783 0.658909 1.84781
v 0.148777 0.646909 1.854073
v 0.155995 0.646909 1.857549
v 0.155995 0.658909 1.857549
v 0.148777 0.658909 1.854073
v 0.155995 0.646909 1.857549
v 0.164005 0.646909 1.857549
v 0.164005 0.658909 1.857549
v 0.155995 0.658909 1.857549
v 0.164005 0.646909 1.857549
v 0.171223 0.646909 1.854073
v 0.171223 0.658909 1.854073
v 0.164005 0.658909 1.857549
v 0.171223 0.646909 1.854073
v 0.176217 0.646909 1.84781
v 0.176217 0.658909 1.84781
v 0.171223 0.658909 1.854073
v 0.176217 0.646909 1.84781
v 0.178 0.646909 1.84
v 0.178 0.658909 1.84
v 0.176217 0.658909 1.84781
v 0.178 0.646909 1.84
v 0.176217 0.646909 1.83219
v 0.171223 0.646909 1.825927
v 0.164005 0.646909 1.822451
v 0.155995 0.646909 1.822451
v 0.148777 0.646909 1.825927
v 0.143783 0.646909 1.83219
v 0.142 0.646909 1.84
v 0.143783 0.646909 1.84781
v 0.148777 0.646909 1.854073
v 0.155995 0.646909 1.857549
v 0.164005 0.646909 1.857549
v 0.171223 0.646909 1.854073
v 0.176217 0.646909 1.84781
v 0.176217 0.658909 1.84781
v 0.171223 0.658909 1.854073
v 0.164005 0.658909 1.857549
v 0.155995 0.658909 1.857549
v 0.148777 0.658909 1.854073
v 0.143783 0.658909 1.84781
v 0.142 0.658909 1.84
v 0.143783 0.658909 1.83219
v 0.148777 0.658909 1.825927
v 0.155995 0.658909 1.822451
v 0.164005 0.658909 1.822451
v 0.171223 0.658909 1.825927
v 0.176217 0.658909 1.83219
v 0.178 0.658909 1.84
v -0.012 0.670909 1.14
v -0.010392 0.664909 1.14
v -0.010392 0.664909 1.3
v -0.012 0.670909 1.3
v -0.010392 0.664909 1.14
v -0.006 0.660517 1.14
v -0.006 0.660517 1.3
v -0.010392 0.664909 1.3
v -0.006 0.660517 1.14
v 0 0.658909 1.14
v 0 0.658909 1.3
v -0.006 0.660517 1.3
v 0 0.658909 1.14
v 0.006 0.660517 1.14
v 0.006 0.660517 1.3
v 0 0.658909 1.3
v 0.006 0.660517 1.14
v 0.010392 0.664909 1.14
v 0.010392 0.664909 1.3
v 0.006 0.660517 1.3
v 0.010392 0.664909 1.14
v 0.012 0.670909 1.14
v 0.012 0.670909 1.3
v 0.010392 0.664909 1.3
v 0.012 0.670909 1.14
v 0.010392 0.676909 1.14
v 0.010392 0.676909 1.3
v 0.012 0.670909 1.3
v 0.010392 0.676909 1.14
v 0.006 0.681301 1.14
v 0.006 0.681301 1.3
v 0.010392 0.676909 1.3
v 0.006 0.681301 1.14
v 0 0.682909 1.14
v 0 0.682909 1.3
v 0.006 0.681301 1.3
v 0 0.682909 1.14
v -0.006 0.681301 1.14
v -0.006 0.681301 1.3
v 0 0.682909 1.3
v -0.006 0.681301 1.14
v -0.010392 0.676909 1.14
v -0.010392 0.676909 1.3
v -0.006 0.681301 1.3
v -0.010392 0.676909 1.14
v -0.012 0.670909 1.14
v -0.012 0.670909 1.3
v -0.010392 0.676909 1.3
v -0.012 0.670909 1.14
v -0.010392 0.664909 1.14
v -0.006 0.660517 1.14
v 0 0.658909 1.14
v 0.006 0.660517 1.14
v 0.010392 0.664909 1.14
v 0.012 0.670909 1.14
v 0.010392 0.676909 1.14
v 0.006 0.681301 1.14
v 0 0.682909 1.14
v -0.006 0.681301 1.14
v -0.010392 0.676909 1.14
v -0.012 0.670909 1.3
v -0.010392 0.664909 1.3
v -0.006 0.660517 1.3
v 0 0.658909 1.3
v 0.006 0.660517 1.3
v 0.010392 0.664909 1.3
v 0.012 0.670909 1.3
v 0.010392 0.676909 1.3
v 0.006 0.681301 1.3
v 0 0.682909 1.3
v -0.006 0.681301 1.3
v -0.010392 0.676909 1.3
v 0.044 0.82 1.976
v 0.040237 0.82 1.959512
v 0.036633 0.826928 1.961248
v 0.04 0.826928 1.976
v 0.04 0.826928 1.976
v 0.036633 0.826928 1.961248
v 0.029425 0.826928 1.964719
v 0.032 0.826928 1.976
v 0.032 0.826928 1.976
v 0.029425 0.826928 1.964719
v 0.025821 0.82 1.966455
v 0.028 0.82 1.976
v 0.028 0.82 1.976
v 0.025821 0.82 1.966455
v 0.029425 0.813072 1.964719
v 0.032 0.813072 1.976
v 0.032 0.813072 1.976
v 0.029425 0.813072 1.964719
v 0.036633 0.813072 1.961248
v 0.04 0.813072 1.976
v 0.04 0.813072 1.976
v 0.036633 0.813072 1.961248
v 0.040237 0.82 1.959512
v 0.044 0.82 1.976
v 0.040237 0.82 1.959512
v 0.029693 0.82 1.94629
v 0.027199 0.826928 1.949418
v 0.036633 0.826928 1.961248
v 0.036633 0.826928 1.961248
v 0.027199 0.826928 1.949418
v 0.022211 0.826928 1.955672
v 0.029425 0.826928 1.964719
v 0.029425 0.826928 1.964719
v 0.022211 0.826928 1.955672
v 0.019717 0.82 1.9588
v 0.025821 0.82 1.966455
v 0.025821 0.82 1.966455
v 0.019717 0.82 1.9588
v 0.022211 0.813072 1.955672
v 0.029425 0.813072 1.964719
v 0.029425 0.813072 1.964719
v 0.022211 0.813072 1.955672
v 0.027199 0.813072 1.949418
v 0.036633 0.813072 1.961248
v 0.036633 0.813072 1.961248
v 0.027199 0.813072 1.949418
v 0.029693 0.82 1.94629
v 0.040237 0.82 1.959512
v 0.029693 0.82 1.94629
v 0.014456 0.82 1.938953
v 0.013566 0.826928 1.942852
v 0.027199 0.826928 1.949418
v 0.027199 0.826928 1.949418
v 0.013566 0.826928 1.942852
v 0.011786 0.826928 1.950652
v 0.022211 0.826928 1.955672
v 0.022211 0.826928 1.955672
v 0.011786 0.826928 1.950652
v 0.010895 0.82 1.954552
v 0.019717 0.82 1.9588
v 0.019717 0.82 1.9588
v 0.010895 0.82 1.954552
v 0.011786 0.813072 1.950652
v 0.022211 0.813072 1.955672
v 0.022211 0.813072 1.955672
v 0.011786 0.813072 1.950652
v 0.013566 0.813072 1.942852
v 0.027199 0.813072 1.949418
v 0.027199 0.813072 1.949418
v 0.013566 0.813072 1.942852
v 0.014456 0.82 1.938953
v 0.029693 0.82 1.94629
v 0.014456 0.82 1.938953
v -0.002456 0.82 1.938953
v -0.001566 0.826928 1.942852
v 0.013566 0.826928 1.942852
v 0.013566 0.826928 1.942852
v -0.001566 0.826928 1.942852
v 0.000214 0.826928 1.950652
v 0.011786 0.826928 1.950652
v 0.011786 0.826928 1.950652
v 0.000214 0.826928 1.950652
v 0.001105 0.82 1.954552
v 0.010895 0.82 1.954552
v 0.010895 0.82 1.954552
v 0.001105 0.82 1.954552
v 0.000214 0.813072 1.950652
v 0.011786 0.813072 1.950652
v 0.011786 0.813072 1.950652
v 0.000214 0.813072 1.950652
v -0.001566 0.813072 1.942852
v 0.013566 0.813072 1.942852
v 0.013566 0.813072 1.942852
v -0.001566 0.813072 1.942852
v -0.002456 0.82 1.938953
v 0.014456 0.82 1.938953
v -0.002456 0.82 1.938953
v -0.017693 0.82 1.94629
v -0.015199 0.826928 1.949418
v -0.001566 0.826928 1.942852
v -0.001566 0.826928 1.942852
v -0.015199 0.826928 1.949418
v -0.010211 0.826928 1.955672
v 0.000214 0.826928 1.950652
v 0.000214 0.826928 1.950652
v -0.010211 0.826928 1.955672
v -0.007717 0.82 1.9588
v 0.001105 0.82 1.954552
v 0.001105 0.82 1.954552
v -0.007717 0.82 1.9588
v -0.010211 0.813072 1.955672
v 0.000214 0.813072 1.950652
v 0.000214 0.813072 1.950652
v -0.010211 0.813072 1.955672
v -0.015199 0.813072 1.949418
v -0.001566 0.813072 1.942852
v -0.001566 0.813072 1.942852
v -0.015199 0.813072 1.949418
v -0.017693 0.82 1.94629
v -0.002456 0.82 1.938953
v -0.017693 0.82 1.94629
v -0.028237 0.82 1.959512
v -0.024633 0.826928 1.961248
v -0.015199 0.826928 1.949418
v -0.015199 0.826928 1.949418
v -0.024633 0.826928 1.961248
v -0.017425 0.826928 1.964719
v -0.010211 0.826928 1.955672
v -0.010211 0.826928 1.955672
v -0.017425 0.826928 1.964719
v -0.013821 0.82 1.966455
v -0.007717 0.82 1.9588
v -0.007717 0.82 1.9588
v -0.013821 0.82 1.966455
v -0.017425 0.813072 1.964719
v -0.010211 0.813072 1.955672
v -0.010211 0.813072 1.955672
v -0.017425 0.813072 1.964719
v -0.024633 0.813072 1.961248
v -0.015199 0.813072 1.949418
v -0.015199 0.813072 1.949418
v -0.024633 0.813072 1.961248
v -0.028237 0.82 1.959512
v -0.017693 0.82 1.94629
v -0.028237 0.82 1.959512
v -0.032 0.82 1.976
v -0.028 0.826928 1.976
v -0.024633 0.826928 1.961248
v -0.024633 0.826928 1.961248
v -0.028 0.826928 1.976
v -0.02 0.826928 1.976
v -0.017425 0.826928 1.964719
v -0.017425 0.826928 1.964719
v -0.02 0.826928 1.976
v -0.016 0.82 1.976
v -0.013821 0.82 1.966455
v -0.013821 0.82 1.966455
v -0.016 0.82 1.976
v -0.02 0.813072 1.976
v -0.017425 0.813072 1.964719
v -0.017425 0.813072 1.964719
v -0.02 0.813072 1.976
v -0.028 0.813072 1.976
v -0.024633 0.813072 1.961248
v -0.024633 0.813072 1.961248
v -0.028 0.813072 1.976
v -0.032 0.82 1.976
v -0.028237 0.82 1.959512
v -0.032 0.82 1.976
v -0.028237 0.82 1.992488
v -0.024633 0.826928 1.990752
v -0.028 0.826928 1.976
v -0.028 0.826928 1.976
v -0.024633 0.826928 1.990752
v -0.017425 0.826928 1.987281
v -0.02 0.826928 1.976
v -0.02 0.826928 1.976
v -0.017425 0.826928 1.987281
v -0.013821 0.82 1.985545
v -0.016 0.82 1.976
v -0.016 0.82 1.976
v -0.013821 0.82 1.985545
v -0.017425 0.813072 1.987281
v -0.02 0.813072 1.976
v -0.02 0.813072 1.976
v -0.017425 0.813072 1.987281
v -0.024633 0.813072 1.990752
v -0.028 0.813072 1.976
v -0.028 0.813072 1.976
v -0.024633 0.813072 1.990752
v -0.028237 0.82 1.992488
v -0.032 0.82 1.976
v -0.028237 0.82 1.992488
v -0.017693 0.82 2.00571
v -0.015199 0.826928 2.002582
v -0.024633 0.826928 1.990752
v -0.024633 0.826928 1.990752
v -0.015199 0.826928 2.002582
v -0.010211 0.826928 1.996328
v -0.017425 0.826928 1.987281
v -0.017425 0.826928 1.987281
v -0.010211 0.826928 1.996328
v -0.007717 0.82 1.9932
v -0.013821 0.82 1.985545
v -0.013821 0.82 1.985545
v -0.007717 0.82 1.9932
v -0.010211 0.813072 1.996328
v -0.017425 0.813072 1.987281
v -0.017425 0.813072 1.987281
v -0.010211 0.813072 1.996328
v -0.015199 0.813072 2.002582
v -0.024633 0.813072 1.990752
v -0.024633 0.813072 1.990752
v -0.015199 0.813072 2.002582
v -0.017693 0.82 2.00571
v -0.028237 0.82 1.992488
v -0.017693 0.82 2.00571
v -0.002456 0.82 2.013047
v -0.001566 0.826928 2.009148
v -0.015199 0.826928 2.002582
v -0.015199 0.826928 2.002582
v -0.001566 0.826928 2.009148
v 0.000214 0.826928 2.001348
v -0.010211 0.826928 1.996328
v -0.010211 0.826928 1.996328
v 0.000214 0.826928 2.001348
v 0.001105 0.82 1.997448
v -0.007717 0.82 1.9932
v -0.007717 0.82 1.9932
v 0.001105 0.82 1.997448
v 0.000214 0.813072 2.001348
v -0.010211 0.813072 1.996328
v -0.010211 0.813072 1.996328
v 0.000214 0.813072 2.001348
v -0.001566 0.813072 2.009148
v -0.015199 0.813072 2.002582
v -0.015199 0.813072 2.002582
v -0.001566 0.813072 2.009148
v -0.002456 0.82 2.013047
v -0.017693 0.82 2.00571
v -0.002456 0.82 2.013047
v 0.014456 0.82 2.013047
v 0.013566 0.826928 2.009148
v -0.001566 0.826928 2.009148
v -0.001566 0.826928 2.009148
v 0.013566 0.826928 2.009148
v 0.011786 0.826928 2.001348
v 0.000214 0.826928 2.001348
v 0.000214 0.826928 2.001348
v 0.011786 0.826928 2.001348
v 0.010895 0.82 1.997448
v 0.001105 0.82 1.997448
v 0.001105 0.82 1.997448
v 0.010895 0.82 1.997448
v 0.011786 0.813072 2.001348
v 0.000214 0.813072 2.001348
v 0.000214 0.813072 2.001348
v 0.011786 0.813072 2.001348
v 0.013566 0.813072 2.009148
v -0.001566 0.813072 2.009148
v -0.001566 0.813072 2.009148
v 0.013566 0.813072 2.009148
v 0.014456 0.82 2.013047
v -0.002456 0.82 2.013047
v 0.014456 0.82 2.013047
v 0.029693 0.82 2.00571
v 0.027199 0.826928 2.002582
v 0.013566 0.826928 2.009148
v 0.013566 0.826928 2.009148
v 0.027199 0.826928 2.002582
v 0.022211 0.826928 1.996328
v 0.011786 0.826928 2.001348
v 0.011786 0.826928 2.001348
v 0.022211 0.826928 1.996328
v 0.019717 0.82 1.9932
v 0.010895 0.82 1.997448
v 0.010895 0.82 1.997448
v 0.019717 0.82 1.9932
v 0.022211 0.813072 1.996328
v 0.011786 0.813072 2.001348
v 0.011786 0.813072 2.001348
v 0.022211 0.813072 1.996328
v 0.027199 0.813072 2.002582
v 0.013566 0.813072 2.009148
v 0.013566 0.813072 2.009148
v 0.027199 0.813072 2.002582
v 0.029693 0.82 2.00571
v 0.014456 0.82 2.013047
v 0.029693 0.82 2.00571
v 0.040237 0.82 1.992488
v 0.036633 0.826928 1.990752
v 0.027199 0.826928 2.002582
v 0.027199 0.826928 2.002582
v 0.036633 0.826928 1.990752
v 0.029425 0.826928 1.987281
v 0.022211 0.826928 1.996328
v 0.022211 0.826928 1.996328
v 0.029425 0.826928 1.987281
v 0.025821 0.82 1.985545
v 0.019717 0.82 1.9932
v 0.019717 0.82 1.9932
v 0.025821 0.82 1.985545
v 0.029425 0.813072 1.987281
v 0.022211 0.813072 1.996328
v 0.022211 0.813072 1.996328
v 0.029425 0.813072 1.987281
v 0.036633 0.813072 1.990752
v 0.027199 0.813072 2.002582
v 0.027199 0.813072 2.002582
v 0.036633 0.813072 1.990752
v 0.040237 0.82 1.992488
v 0.029693 0.82 2.00571
v 0.040237 0.82 1.992488
v 0.044 0.82 1.976
v 0.04 0.826928 1.976
v 0.036633 0.826928 1.990752
v 0.036633 0.826928 1.990752
v 0.04 0.826928 1.976
v 0.032 0.826928 1.976
v 0.029425 0.826928 1.987281
v 0.029425 0.826928 1.987281
v 0.032 0.826928 1.976
v 0.028 0.82 1.976
v 0.025821 0.82 1.985545
v 0.025821 0.82 1.985545
v 0.028 0.82 1.976
v 0.032 0.813072 1.976
v 0.029425 0.813072 1.987281
v 0.029425 0.813072 1.987281
v 0.032 0.813072 1.976
v 0.04 0.813072 1.976
v 0.036633 0.813072 1.990752
v 0.036633 0.813072 1.990752
v 0.04 0.813072 1.976
v 0.044 0.82 1.976
v 0.040237 0.82 1.992488
v 0.006 0.782 1.928
v 0.006 0.785763 1.911512
v 0.012928 0.789367 1.913248
v 0.012928 0.786 1.928
v 0.012928 0.786 1.928
v 0.012928 0.789367 1.913248
v 0.012928 0.796575 1.916719
v 0.012928 0.794 1.928
v 0.012928 0.794 1.928
v 0.012928 0.796575 1.916719
v 0.006 0.800179 1.918455
v 0.006 0.798 1.928
v 0.006 0.798 1.928
v 0.006 0.800179 1.918455
v -0.000928 0.796575 1.916719
v -0.000928 0.794 1.928
v -0.000928 0.794 1.928
v -0.000928 0.796575 1.916719
v -0.000928 0.789367 1.913248
v -0.000928 0.786 1.928
v -0.000928 0.786 1.928
v -0.000928 0.789367 1.913248
v 0.006 0.785763 1.911512
v 0.006 0.782 1.928
v 0.006 0.785763 1.911512
v 0.006 0.796307 1.89829
v 0.012928 0.798801 1.901418
v 0.012928 0.789367 1.913248
v 0.012928 0.789367 1.913248
v 0.012928 0.798801 1.901418
v 0.012928 0.803789 1.907672
v 0.012928 0.796575 1.916719
v 0.012928 0.796575 1.916719
v 0.012928 0.803789 1.907672
v 0.006 0.806283 1.9108
v 0.006 0.800179 1.918455
v 0.006 0.800179 1.918455
v 0.006 0.806283 1.9108
v -0.000928 0.803789 1.907672
v -0.000928 0.796575 1.916719
v -0.000928 0.796575 1.916719
v -0.000928 0.803789 1.907672
v -0.000928 0.798801 1.901418
v -0.000928 0.789367 1.913248
v -0.000928 0.789367 1.913248
v -0.000928 0.798801 1.901418
v 0.006 0.796307 1.89829
v 0.006 0.785763 1.911512
v 0.006 0.796307 1.89829
v 0.006 0.811544 1.890953
v 0.012928 0.812434 1.894852
v 0.012928 0.798801 1.901418
v 0.012928 0.798801 1.901418
v 0.012928 0.812434 1.894852
v 0.012928 0.814214 1.902652
v 0.012928 0.803789 1.907672
v 0.012928 0.803789 1.907672
v 0.012928 0.814214 1.902652
v 0.006 0.815105 1.906552
v 0.006 0.806283 1.9108
v 0.006 0.806283 1.9108
v 0.006 0.815105 1.906552
v -0.000928 0.814214 1.902652
v -0.000928 0.803789 1.907672
v -0.000928 0.803789 1.907672
v -0.000928 0.814214 1.902652
v -0.000928 0.812434 1.894852
v -0.000928 0.798801 1.901418
v -0.000928 0.798801 1.901418
v -0.000928 0.812434 1.894852
v 0.006 0.811544 1.890953
v 0.006 0.796307 1.89829
v 0.006 0.811544 1.890953
v 0.006 0.828456 1.890953
v 0.012928 0.827566 1.894852
v 0.012928 0.812434 1.894852
v 0.012928 0.812434 1.894852
v 0.012928 0.827566 1.894852
v 0.012928 0.825786 1.902652
v 0.012928 0.814214 1.902652
v 0.012928 0.814214 1.902652
v 0.012928 0.825786 1.902652
v 0.006 0.824895 1.906552
v 0.006 0.815105 1.906552
v 0.006 0.815105 1.906552
v 0.006 0.824895 1.906552
v -0.000928 0.825786 1.902652
v -0.000928 0.814214 1.902652
v -0.000928 0.814214 1.902652
v -0.000928 0.825786 1.902652
v -0.000928 0.827566 1.894852
v -0.000928 0.812434 1.894852
v -0.000928 0.812434 1.894852
v -0.000928 0.827566 1.894852
v 0.006 0.828456 1.890953
v 0.006 0.811544 1.890953
v 0.006 0.828456 1.890953
v 0.006 0.843693 1.89829
v 0.012928 0.841199 1.901418
v 0.012928 0.827566 1.894852
v 0.012928 0.827566 1.894852
v 0.012928 0.841199 1.901418
v 0.012928 0.836211 1.907672
v 0.012928 0.825786 1.902652
v 0.012928 0.825786 1.902652
v 0.012928 0.836211 1.907672
v 0.006 0.833717 1.9108
v 0.006 0.824895 1.906552
v 0.006 0.824895 1.906552
v 0.006 0.833717 1.9108
v -0.000928 0.836211 1.907672
v -0.000928 0.825786 1.902652
v -0.000928 0.825786 1.902652
v -0.000928 0.836211 1.907672
v -0.000928 0.841199 1.901418
v -0.000928 0.827566 1.894852
v -0.000928 0.827566 1.894852
v -0.000928 0.841199 1.901418
v 0.006 0.843693 1.89829
v 0.006 0.828456 1.890953
v 0.006 0.843693 1.89829
v 0.006 0.854237 1.911512
v 0.012928 0.850633 1.913248
v 0.012928 0.841199 1.901418
v 0.012928 0.841199 1.901418
v 0.012928 0.850633 1.913248
v 0.012928 0.843425 1.916719
v 0.012928 0.836211 1.907672
v 0.012928 0.836211 1.907672
v 0.012928 0.843425 1.916719
v 0.006 0.839821 1.918455
v 0.006 0.833717 1.9108
v 0.006 0.833717 1.9108
v 0.006 0.839821 1.918455
v -0.000928 0.843425 1.916719
v -0.000928 0.836211 1.907672
v -0.000928 0.836211 1.907672
v -0.000928 0.843425 1.916719
v -0.000928 0.850633 1.913248
v -0.000928 0.841199 1.901418
v -0.000928 0.841199 1.901418
v -0.000928 0.850633 1.913248
v 0.006 0.854237 1.911512
v 0.006 0.843693 1.89829
v 0.006 0.854237 1.911512
v 0.006 0.858 1.928
v 0.012928 0.854 1.928
v 0.012928 0.850633 1.913248
v 0.012928 0.850633 1.913248
v 0.012928 0.854 1.928
v 0.012928 0.846 1.928
v 0.012928 0.843425 1.916719
v 0.012928 0.843425 1.916719
v 0.012928 0.846 1.928
v 0.006 0.842 1.928
v 0.006 0.839821 1.918455
v 0.006 0.839821 1.918455
v 0.006 0.842 1.928
v -0.000928 0.846 1.928
v -0.000928 0.843425 1.916719
v -0.000928 0.843425 1.916719
v -0.000928 0.846 1.928
v -0.000928 0.854 1.928
v -0.000928 0.850633 1.913248
v -0.000928 0.850633 1.913248
v -0.000928 0.854 1.928
v 0.006 0.858 1.928
v 0.006 0.854237 1.911512
v 0.006 0.858 1.928
v 0.006 0.854237 1.944488
v 0.012928 0.850633 1.942752
v 0.012928 0.854 1.928
v 0.012928 0.854 1.928
v 0.012928 0.850633 1.942752
v 0.012928 0.843425 1.939281
v 0.012928 0.846 1.928
v 0.012928 0.846 1.928
v 0.012928 0.843425 1.939281
v 0.006 0.839821 1.937545
v 0.006 0.842 1.928
v 0.006 0.842 1.928
v 0.006 0.839821 1.937545
v -0.000928 0.843425 1.939281
v -0.000928 0.846 1.928
v -0.000928 0.846 1.928
v -0.000928 0.843425 1.939281
v -0.000928 0.850633 1.942752
v -0.000928 0.854 1.928
v -0.000928 0.854 1.928
v -0.000928 0.850633 1.942752
v 0.006 0.854237 1.944488
v 0.006 0.858 1.928
v 0.006 0.854237 1.944488
v 0.006 0.843693 1.95771
v 0.012928 0.841199 1.954582
v 0.012928 0.850633 1.942752
v 0.012928 0.850633 1.942752
v 0.012928 0.841199 1.954582
v 0.012928 0.836211 1.948328
v 0.012928 0.843425 1.939281
v 0.012928 0.843425 1.939281
v 0.012928 0.836211 1.948328
v 0.006 0.833717 1.9452
v 0.006 0.839821 1.937545
v 0.006 0.839821 1.937545
v 0.006 0.833717 1.9452
v -0.000928 0.836211 1.948328
v -0.000928 0.843425 1.939281
v -0.000928 0.843425 1.939281
v -0.000928 0.836211 1.948328
v -0.000928 0.841199 1.954582
v -0.000928 0.850633 1.942752
v -0.000928 0.850633 1.942752
v -0.000928 0.841199 1.954582
v 0.006 0.843693 1.95771
v 0.006 0.854237 1.944488
v 0.006 0.843693 1.95771
v 0.006 0.828456 1.965047
v 0.012928 0.827566 1.961148
v 0.012928 0.841199 1.954582
v 0.012928 0.841199 1.954582
v 0.012928 0.827566 1.961148
v 0.012928 0.825786 1.953348
v 0.012928 0.836211 1.948328
v 0.012928 0.836211 1.948328
v 0.012928 0.825786 1.953348
v 0.006 0.824895 1.949448
v 0.006 0.833717 1.9452
v 0.006 0.833717 1.9452
v 0.006 0.824895 1.949448
v -0.000928 0.825786 1.953348
v -0.000928 0.836211 1.948328
v -0.000928 0.836211 1.948328
v -0.000928 0.825786 1.953348
v -0.000928 0.827566 1.961148
v -0.000928 0.841199 1.954582
v -0.000928 0.841199 1.954582
v -0.000928 0.827566 1.961148
v 0.006 0.828456 1.965047
v 0.006 0.843693 1.95771
v 0.006 0.828456 1.965047
v 0.006 0.811544 1.965047
v 0.012928 0.812434 1.961148
v 0.012928 0.827566 1.961148
v 0.012928 0.827566 1.961148
v 0.012928 0.812434 1.961148
v 0.012928 0.814214 1.953348
v 0.012928 0.825786 1.953348
v 0.012928 0.825786 1.953348
v 0.012928 0.814214 1.953348
v 0.006 0.815105 1.949448
v 0.006 0.824895 1.949448
v 0.006 0.824895 1.949448
v 0.006 0.815105 1.949448
v -0.000928 0.814214 1.953348
v -0.000928 0.825786 1.953348
v -0.000928 0.825786 1.953348
v -0.000928 0.814214 1.953348
v -0.000928 0.812434 1.961148
v -0.000928 0.827566 1.961148
v -0.000928 0.827566 1.961148
v -0.000928 0.812434 1.961148
v 0.006 0.811544 1.965047
v 0.006 0.828456 1.965047
v 0.006 0.811544 1.965047
v 0.006 0.796307 1.95771
v 0.012928 0.798801 1.954582
v 0.012928 0.812434 1.961148
v 0.012928 0.812434 1.961148
v 0.012928 0.798801 1.954582
v 0.012928 0.803789 1.948328
v 0.012928 0.814214 1.953348
v 0.012928 0.814214 1.953348
v 0.012928 0.803789 1.948328
v 0.006 0.806283 1.9452
v 0.006 0.815105 1.949448
v 0.006 0.815105 1.949448
v 0.006 0.806283 1.9452
v -0.000928 0.803789 1.948328
v -0.000928 0.814214 1.953348
v -0.000928 0.814214 1.953348
v -0.000928 0.803789 1.948328
v -0.000928 0.798801 1.954582
v -0.000928 0.812434 1.961148
v -0.000928 0.812434 1.961148
v -0.000928 0.798801 1.954582
v 0.006 0.796307 1.95771
v 0.006 0.811544 1.965047
v 0.006 0.796307 1.95771
v 0.006 0.785763 1.944488
v 0.012928 0.789367 1.942752
v 0.012928 0.798801 1.954582
v 0.012928 0.798801 1.954582
v 0.012928 0.789367 1.942752
v 0.012928 0.796575 1.939281
v 0.012928 0.803789 1.948328
v 0.012928 0.803789 1.948328
v 0.012928 0.796575 1.939281
v 0.006 0.800179 1.937545
v 0.006 0.806283 1.9452
v 0.006 0.806283 1.9452
v 0.006 0.800179 1.937545
v -0.000928 0.796575 1.939281
v -0.000928 0.803789 1.948328
v -0.000928 0.803789 1.948328
v -0.000928 0.796575 1.939281
v -0.000928 0.789367 1.942752
v -0.000928 0.798801 1.954582
v -0.000928 0.798801 1.954582
v -0.000928 0.789367 1.942752
v 0.006 0.785763 1.944488
v 0.006 0.796307 1.95771
v 0.006 0.785763 1.944488
v 0.006 0.782 1.928
v 0.012928 0.786 1.928
v 0.012928 0.789367 1.942752
v 0.012928 0.789367 1.942752
v 0.012928 0.786 1.928
v 0.012928 0.794 1.928
v 0.012928 0.796575 1.939281
v 0.012928 0.796575 1.939281
v 0.012928 0.794 1.928
v 0.006 0.798 1.928
v 0.006 0.800179 1.937545
v 0.006 0.800179 1.937545
v 0.006 0.798 1.928
v -0.000928 0.794 1.928
v -0.000928 0.796575 1.939281
v -0.000928 0.796575 1.939281
v -0.000928 0.794 1.928
v -0.000928 0.786 1.928
v -0.000928 0.789367 1.942752
v -0.000928 0.789367 1.942752
v -0.000928 0.786 1.928
v 0.006 0.782 1.928
v 0.006 0.785763 1.944488
v 0.044 0.82 1.88
v 0.040237 0.82 1.863512
v 0.036633 0.826928 1.865248
v 0.04 0.826928 1.88
v 0.04 0.826928 1.88
v 0.036633 0.826928 1.865248
v 0.029425 0.826928 1.868719
v 0.032 0.826928 1.88
v 0.032 0.826928 1.88
v 0.029425 0.826928 1.868719
v 0.025821 0.82 1.870455
v 0.028 0.82 1.88
v 0.028 0.82 1.88
v 0.025821 0.82 1.870455
v 0.029425 0.813072 1.868719
v 0.032 0.813072 1.88
v 0.032 0.813072 1.88
v 0.029425 0.813072 1.868719
v 0.036633 0.813072 1.865248
v 0.04 0.813072 1.88
v 0.04 0.813072 1.88
v 0.036633 0.813072 1.865248
v 0.040237 0.82 1.863512
v 0.044 0.82 1.88
v 0.040237 0.82 1.863512
v 0.029693 0.82 1.85029
v 0.027199 0.826928 1.853418
v 0.036633 0.826928 1.865248
v 0.036633 0.826928 1.865248
v 0.027199 0.826928 1.853418
v 0.022211 0.826928 1.859672
v 0.029425 0.826928 1.868719
v 0.029425 0.826928 1.868719
v 0.022211 0.826928 1.859672
v 0.019717 0.82 1.8628
v 0.025821 0.82 1.870455
v 0.025821 0.82 1.870455
v 0.019717 0.82 1.8628
v 0.022211 0.813072 1.859672
v 0.029425 0.813072 1.868719
v 0.029425 0.813072 1.868719
v 0.022211 0.813072 1.859672
v 0.027199 0.813072 1.853418
v 0.036633 0.813072 1.865248
v 0.036633 0.813072 1.865248
v 0.027199 0.813072 1.853418
v 0.029693 0.82 1.85029
v 0.040237 0.82 1.863512
v 0.029693 0.82 1.85029
v 0.014456 0.82 1.842953
v 0.013566 0.826928 1.846852
v 0.027199 0.826928 1.853418
v 0.027199 0.826928 1.853418
v 0.013566 0.826928 1.846852
v 0.011786 0.826928 1.854652
v 0.022211 0.826928 1.859672
v 0.022211 0.826928 1.859672
v 0.011786 0.826928 1.854652
v 0.010895 0.82 1.858552
v 0.019717 0.82 1.8628
v 0.019717 0.82 1.8628
v 0.010895 0.82 1.858552
v 0.011786 0.813072 1.854652
v 0.022211 0.813072 1.859672
v 0.022211 0.813072 1.859672
v 0.011786 0.813072 1.854652
v 0.013566 0.813072 1.846852
v 0.027199 0.813072 1.853418
v 0.027199 0.813072 1.853418
v 0.013566 0.813072 1.846852
v 0.014456 0.82 1.842953
v 0.029693 0.82 1.85029
v 0.014456 0.82 1.842953
v -0.002456 0.82 1.842953
v -0.001566 0.826928 1.846852
v 0.013566 0.826928 1.846852
v 0.013566 0.826928 1.846852
v -0.001566 0.826928 1.846852
v 0.000214 0.826928 1.854652
v 0.011786 0.826928 1.854652
v 0.011786 0.826928 1.854652
v 0.000214 0.826928 1.854652
v 0.001105 0.82 1.858552
v 0.010895 0.82 1.858552
v 0.010895 0.82 1.858552
v 0.001105 0.82 1.858552
v 0.000214 0.813072 1.854652
v 0.011786 0.813072 1.854652
v 0.011786 0.813072 1.854652
v 0.000214 0.813072 1.854652
v -0.001566 0.813072 1.846852
v 0.013566 0.813072 1.846852
v 0.013566 0.813072 1.846852
v -0.001566 0.813072 1.846852
v -0.002456 0.82 1.842953
v 0.014456 0.82 1.842953
v -0.002456 0.82 1.842953
v -0.017693 0.82 1.85029
v -0.015199 0.826928 1.853418
v -0.001566 0.826928 1.846852
v -0.001566 0.826928 1.846852
v -0.015199 0.826928 1.853418
v -0.010211 0.826928 1.859672
v 0.000214 0.826928 1.854652
v 0.000214 0.826928 1.854652
v -0.010211 0.826928 1.859672
v -0.007717 0.82 1.8628
v 0.001105 0.82 1.858552
v 0.001105 0.82 1.858552
v -0.007717 0.82 1.8628
v -0.010211 0.813072 1.859672
v 0.000214 0.813072 1.854652
v 0.000214 0.813072 1.854652
v -0.010211 0.813072 1.859672
v -0.015199 0.813072 1.853418
v -0.001566 0.813072 1.846852
v -0.001566 0.813072 1.846852
v -0.015199 0.813072 1.853418
v -0.017693 0.82 1.85029
v -0.002456 0.82 1.842953
v -0.017693 0.82 1.85029
v -0.028237 0.82 1.863512
v -0.024633 0.826928 1.865248
v -0.015199 0.826928 1.853418
v -0.015199 0.826928 1.853418
v -0.024633 0.826928 1.865248
v -0.017425 0.826928 1.868719
v -0.010211 0.826928 1.859672
v -0.010211 0.826928 1.859672
v -0.017425 0.826928 1.868719
v -0.013821 0.82 1.870455
v -0.007717 0.82 1.8628
v -0.007717 0.82 1.8628
v -0.013821 0.82 1.870455
v -0.017425 0.813072 1.868719
v -0.010211 0.813072 1.859672
v -0.010211 0.813072 1.859672
v -0.017425 0.813072 1.868719
v -0.024633 0.813072 1.865248
v -0.015199 0.813072 1.853418
v -0.015199 0.813072 1.853418
v -0.024633 0.813072 1.865248
v -0.028237 0.82 1.863512
v -0.017693 0.82 1.85029
v -0.028237 0.82 1.863512
v -0.032 0.82 1.88
v -0.028 0.826928 1.88
v -0.024633 0.826928 1.865248
v -0.024633 0.826928 1.865248
v -0.028 0.826928 1.88
v -0.02 0.826928 1.88
v -0.017425 0.826928 1.868719
v -0.017425 0.826928 1.868719
v -0.02 0.826928 1.88
v -0.016 0.82 1.88
v -0.013821 0.82 1.870455
v -0.013821 0.82 1.870455
v -0.016 0.82 1.88
v -0.02 0.813072 1.88
v -0.017425 0.813072 1.868719
v -0.017425 0.813072 1.868719
v -0.02 0.813072 1.88
v -0.028 0.813072 1.88
v -0.024633 0.813072 1.865248
v -0.024633 0.813072 1.865248
v -0.028 0.813072 1.88
v -0.032 0.82 1.88
v -0.028237 0.82 1.863512
v -0.032 0.82 1.88
v -0.028237 0.82 1.896488
v -0.024633 0.826928 1.894752
v -0.028 0.826928 1.88
v -0.028 0.826928 1.88
v -0.024633 0.826928 1.894752
v -0.017425 0.826928 1.891281
v -0.02 0.826928 1.88
v -0.02 0.826928 1.88
v -0.017425 0.826928 1.891281
v -0.013821 0.82 1.889545
v -0.016 0.82 1.88
v -0.016 0.82 1.88
v -0.013821 0.82 1.889545
v -0.017425 0.813072 1.891281
v -0.02 0.813072 1.88
v -0.02 0.813072 1.88
v -0.017425 0.813072 1.891281
v -0.024633 0.813072 1.894752
v -0.028 0.813072 1.88
v -0.028 0.813072 1.88
v -0.024633 0.813072 1.894752
v -0.028237 0.82 1.896488
v -0.032 0.82 1.88
v -0.028237 0.82 1.896488
v -0.017693 0.82 1.90971
v -0.015199 0.826928 1.906582
v -0.024633 0.826928 1.894752
v -0.024633 0.826928 1.894752
v -0.015199 0.826928 1.906582
v -0.010211 0.826928 1.900328
v -0.017425 0.826928 1.891281
v -0.017425 0.826928 1.891281
v -0.010211 0.826928 1.900328
v -0.007717 0.82 1.8972
v -0.013821 0.82 1.889545
v -0.013821 0.82 1.889545
v -0.007717 0.82 1.8972
v -0.010211 0.813072 1.900328
v -0.017425 0.813072 1.891281
v -0.017425 0.813072 1.891281
v -0.010211 0.813072 1.900328
v -0.015199 0.813072 1.906582
v -0.024633 0.813072 1.894752
v -0.024633 0.813072 1.894752
v -0.015199 0.813072 1.906582
v -0.017693 0.82 1.90971
v -0.028237 0.82 1.896488
v -0.017693 0.82 1.90971
v -0.002456 0.82 1.917047
v -0.001566 0.826928 1.913148
v -0.015199 0.826928 1.906582
v -0.015199 0.826928 1.906582
v -0.001566 0.826928 1.913148
v 0.000214 0.826928 1.905348
v -0.010211 0.826928 1.900328
v -0.010211 0.826928 1.900328
v 0.000214 0.826928 1.905348
v 0.001105 0.82 1.901448
v -0.007717 0.82 1.8972
v -0.007717 0.82 1.8972
v 0.001105 0.82 1.901448
v 0.000214 0.813072 1.905348
v -0.010211 0.813072 1.900328
v -0.010211 0.813072 1.900328
v 0.000214 0.813072 1.905348
v -0.001566 0.813072 1.913148
v -0.015199 0.813072 1.906582
v -0.015199 0.813072 1.906582
v -0.001566 0.813072 1.913148
v -0.002456 0.82 1.917047
v -0.017693 0.82 1.90971
v -0.002456 0.82 1.917047
v 0.014456 0.82 1.917047
v 0.013566 0.826928 1.913148
v -0.001566 0.826928 1.913148
v -0.001566 0.826928 1.913148
v 0.013566 0.826928 1.913148
v 0.011786 0.826928 1.905348
v 0.000214 0.826928 1.905348
v 0.000214 0.826928 1.905348
v 0.011786 0.826928 1.905348
v 0.010895 0.82 1.901448
v 0.001105 0.82 1.901448
v 0.001105 0.82 1.901448
v 0.010895 0.82 1.901448
v 0.011786 0.813072 1.905348
v 0.000214 0.813072 1.905348
v 0.000214 0.813072 1.905348
v 0.011786 0.813072 1.905348
v 0.013566 0.813072 1.913148
v -0.001566 0.813072 1.913148
v -0.001566 0.813072 1.913148
v 0.013566 0.813072 1.913148
v 0.014456 0.82 1.917047
v -0.002456 0.82 1.917047
v 0.014456 0.82 1.917047
v 0.029693 0.82 1.90971
v 0.027199 0.826928 1.906582
v 0.013566 0.826928 1.913148
v 0.013566 0.826928 1.913148
v 0.027199 0.826928 1.906582
v 0.022211 0.826928 1.900328
v 0.011786 0.826928 1.905348
v 0.011786 0.826928 1.905348
v 0.022211 0.826928 1.900328
v 0.019717 0.82 1.8972
v 0.010895 0.82 1.901448
v 0.010895 0.82 1.901448
v 0.019717 0.82 1.8972
v 0.022211 0.813072 1.900328
v 0.011786 0.813072 1.905348
v 0.011786 0.813072 1.905348
v 0.022211 0.813072 1.900328
v 0.027199 0.813072 1.906582
v 0.013566 0.813072 1.913148
v 0.013566 0.813072 1.913148
v 0.027199 0.813072 1.906582
v 0.029693 0.82 1.90971
v 0.014456 0.82 1.917047
v 0.029693 0.82 1.90971
v 0.040237 0.82 1.896488
v 0.036633 0.826928 1.894752
v 0.027199 0.826928 1.906582
v 0.027199 0.826928 1.906582
v 0.036633 0.826928 1.894752
v 0.029425 0.826928 1.891281
v 0.022211 0.826928 1.900328
v 0.022211 0.826928 1.900328
v 0.029425 0.826928 1.891281
v 0.025821 0.82 1.889545
v 0.019717 0.82 1.8972
v 0.019717 0.82 1.8972
v 0.025821 0.82 1.889545
v 0.029425 0.813072 1.891281
v 0.022211 0.813072 1.900328
v 0.022211 0.813072 1.900328
v 0.029425 0.813072 1.891281
v 0.036633 0.813072 1.894752
v 0.027199 0.813072 1.906582
v 0.027199 0.813072 1.906582
v 0.036633 0.813072 1.894752
v 0.040237 0.82 1.896488
v 0.029693 0.82 1.90971
v 0.040237 0.82 1.896488
v 0.044 0.82 1.88
v 0.04 0.826928 1.88
v 0.036633 0.826928 1.894752
v 0.036633 0.826928 1.894752
v 0.04 0.826928 1.88
v 0.032 0.826928 1.88
v 0.029425 0.826928 1.891281
v 0.029425 0.826928 1.891281
v 0.032 0.826928 1.88
v 0.028 0.82 1.88
v 0.025821 0.82 1.889545
v 0.025821 0.82 1.889545
v 0.028 0.82 1.88
v 0.032 0.813072 1.88
v 0.029425 0.813072 1.891281
v 0.029425 0.813072 1.891281
v 0.032 0.813072 1.88
v 0.04 0.813072 1.88
v 0.036633 0.813072 1.894752
v 0.036633 0.813072 1.894752
v 0.04 0.813072 1.88
v 0.044 0.82 1.88
v 0.040237 0.82 1.896488
v 0.053 0.82 1.826
v 0.049422 0.82 1.808014
v 0.045265 0.827794 1.809736
v 0.0485 0.827794 1.826
v 0.0485 0.827794 1.826
v 0.045265 0.827794 1.809736
v 0.03695 0.827794 1.81318
v 0.0395 0.827794 1.826
v 0.0395 0.827794 1.826
v 0.03695 0.827794 1.81318
v 0.032793 0.82 1.814902
v 0.035 0.82 1.826
v 0.035 0.82 1.826
v 0.032793 0.82 1.814902
v 0.03695 0.812206 1.81318
v 0.0395 0.812206 1.826
v 0.0395 0.812206 1.826
v 0.03695 0.812206 1.81318
v 0.045265 0.812206 1.809736
v 0.0485 0.812206 1.826
v 0.0485 0.812206 1.826
v 0.045265 0.812206 1.809736
v 0.049422 0.82 1.808014
v 0.053 0.82 1.826
v 0.049422 0.82 1.808014
v 0.039234 0.82 1.792766
v 0.036052 0.827794 1.795948
v 0.045265 0.827794 1.809736
v 0.045265 0.827794 1.809736
v 0.036052 0.827794 1.795948
v 0.029688 0.827794 1.802312
v 0.03695 0.827794 1.81318
v 0.03695 0.827794 1.81318
v 0.029688 0.827794 1.802312
v 0.026506 0.82 1.805494
v 0.032793 0.82 1.814902
v 0.032793 0.82 1.814902
v 0.026506 0.82 1.805494
v 0.029688 0.812206 1.802312
v 0.03695 0.812206 1.81318
v 0.03695 0.812206 1.81318
v 0.029688 0.812206 1.802312
v 0.036052 0.812206 1.795948
v 0.045265 0.812206 1.809736
v 0.045265 0.812206 1.809736
v 0.036052 0.812206 1.795948
v 0.039234 0.82 1.792766
v 0.049422 0.82 1.808014
v 0.039234 0.82 1.792766
v 0.023986 0.82 1.782578
v 0.022264 0.827794 1.786735
v 0.036052 0.827794 1.795948
v 0.036052 0.827794 1.795948
v 0.022264 0.827794 1.786735
v 0.01882 0.827794 1.79505
v 0.029688 0.827794 1.802312
v 0.029688 0.827794 1.802312
v 0.01882 0.827794 1.79505
v 0.017098 0.82 1.799207
v 0.026506 0.82 1.805494
v 0.026506 0.82 1.805494
v 0.017098 0.82 1.799207
v 0.01882 0.812206 1.79505
v 0.029688 0.812206 1.802312
v 0.029688 0.812206 1.802312
v 0.01882 0.812206 1.79505
v 0.022264 0.812206 1.786735
v 0.036052 0.812206 1.795948
v 0.036052 0.812206 1.795948
v 0.022264 0.812206 1.786735
v 0.023986 0.82 1.782578
v 0.039234 0.82 1.792766
v 0.023986 0.82 1.782578
v 0.006 0.82 1.779
v 0.006 0.827794 1.7835
v 0.022264 0.827794 1.786735
v 0.022264 0.827794 1.786735
v 0.006 0.827794 1.7835
v 0.006 0.827794 1.7925
v 0.01882 0.827794 1.79505
v 0.01882 0.827794 1.79505
v 0.006 0.827794 1.7925
v 0.006 0.82 1.797
v 0.017098 0.82 1.799207
v 0.017098 0.82 1.799207
v 0.006 0.82 1.797
v 0.006 0.812206 1.7925
v 0.01882 0.812206 1.79505
v 0.01882 0.812206 1.79505
v 0.006 0.812206 1.7925
v 0.006 0.812206 1.7835
v 0.022264 0.812206 1.786735
v 0.022264 0.812206 1.786735
v 0.006 0.812206 1.7835
v 0.006 0.82 1.779
v 0.023986 0.82 1.782578
v 0.006 0.82 1.779
v -0.011986 0.82 1.782578
v -0.010264 0.827794 1.786735
v 0.006 0.827794 1.7835
v 0.006 0.827794 1.7835
v -0.010264 0.827794 1.786735
v -0.00682 0.827794 1.79505
v 0.006 0.827794 1.7925
v 0.006 0.827794 1.7925
v -0.00682 0.827794 1.79505
v -0.005098 0.82 1.799207
v 0.006 0.82 1.797
v 0.006 0.82 1.797
v -0.005098 0.82 1.799207
v -0.00682 0.812206 1.79505
v 0.006 0.812206 1.7925
v 0.006 0.812206 1.7925
v -0.00682 0.812206 1.79505
v -0.010264 0.812206 1.786735
v 0.006 0.812206 1.7835
v 0.006 0.812206 1.7835
v -0.010264 0.812206 1.786735
v -0.011986 0.82 1.782578
v 0.006 0.82 1.779
v -0.011986 0.82 1.782578
v -0.027234 0.82 1.792766
v -0.024052 0.827794 1.795948
v -0.010264 0.827794 1.786735
v -0.010264 0.827794 1.786735
v -0.024052 0.827794 1.795948
v -0.017688 0.827794 1.802312
v -0.00682 0.827794 1.79505
v -0.00682 0.827794 1.79505
v -0.017688 0.827794 1.802312
v -0.014506 0.82 1.805494
v -0.005098 0.82 1.799207
v -0.005098 0.82 1.799207
v -0.014506 0.82 1.805494
v -0.017688 0.812206 1.802312
v -0.00682 0.812206 1.79505
v -0.00682 0.812206 1.79505
v -0.017688 0.812206 1.802312
v -0.024052 0.812206 1.795948
v -0.010264 0.812206 1.786735
v -0.010264 0.812206 1.786735
v -0.024052 0.812206 1.795948
v -0.027234 0.82 1.792766
v -0.011986 0.82 1.782578
v -0.027234 0.82 1.792766
v -0.037422 0.82 1.808014
v -0.033265 0.827794 1.809736
v -0.024052 0.827794 1.795948
v -0.024052 0.827794 1.795948
v -0.033265 0.827794 1.809736
v -0.02495 0.827794 1.81318
v -0.017688 0.827794 1.802312
v -0.017688 0.827794 1.802312
v -0.02495 0.827794 1.81318
v -0.020793 0.82 1.814902
v -0.014506 0.82 1.805494
v -0.014506 0.82 1.805494
v -0.020793 0.82 1.814902
v -0.02495 0.812206 1.81318
v -0.017688 0.812206 1.802312
v -0.017688 0.812206 1.802312
v -0.02495 0.812206 1.81318
v -0.033265 0.812206 1.809736
v -0.024052 0.812206 1.795948
v -0.024052 0.812206 1.795948
v -0.033265 0.812206 1.809736
v -0.037422 0.82 1.808014
v -0.027234 0.82 1.792766
v -0.037422 0.82 1.808014
v -0.041 0.82 1.826
v -0.0365 0.827794 1.826
v -0.033265 0.827794 1.809736
v -0.033265 0.827794 1.809736
v -0.0365 0.827794 1.826
v -0.0275 0.827794 1.826
v -0.02495 0.827794 1.81318
v -0.02495 0.827794 1.81318
v -0.0275 0.827794 1.826
v -0.023 0.82 1.826
v -0.020793 0.82 1.814902
v -0.020793 0.82 1.814902
v -0.023 0.82 1.826
v -0.0275 0.812206 1.826
v -0.02495 0.812206 1.81318
v -0.02495 0.812206 1.81318
v -0.0275 0.812206 1.826
v -0.0365 0.812206 1.826
v -0.033265 0.812206 1.809736
v -0.033265 0.812206 1.809736
v -0.0365 0.812206 1.826
v -0.041 0.82 1.826
v -0.037422 0.82 1.808014
v -0.041 0.82 1.826
v -0.037422 0.82 1.843986
v -0.033265 0.827794 1.842264
v -0.0365 0.827794 1.826
v -0.0365 0.827794 1.826
v -0.033265 0.827794 1.842264
v -0.02495 0.827794 1.83882
v -0.0275 0.827794 1.826
v -0.0275 0.827794 1.826
v -0.02495 0.827794 1.83882
v -0.020793 0.82 1.837098
v -0.023 0.82 1.826
v -0.023 0.82 1.826
v -0.020793 0.82 1.837098
v -0.02495 0.812206 1.83882
v -0.0275 0.812206 1.826
v -0.0275 0.812206 1.826
v -0.02495 0.812206 1.83882
v -0.033265 0.812206 1.842264
v -0.0365 0.812206 1.826
v -0.0365 0.812206 1.826
v -0.033265 0.812206 1.842264
v -0.037422 0.82 1.843986
v -0.041 0.82 1.826
v -0.037422 0.82 1.843986
v -0.027234 0.82 1.859234
v -0.024052 0.827794 1.856052
v -0.033265 0.827794 1.842264
v -0.033265 0.827794 1.842264
v -0.024052 0.827794 1.856052
v -0.017688 0.827794 1.849688
v -0.02495 0.827794 1.83882
v -0.02495 0.827794 1.83882
v -0.017688 0.827794 1.849688
v -0.014506 0.82 1.846506
v -0.020793 0.82 1.837098
v -0.020793 0.82 1.837098
v -0.014506 0.82 1.846506
v -0.017688 0.812206 1.849688
v -0.02495 0.812206 1.83882
v -0.02495 0.812206 1.83882
v -0.017688 0.812206 1.849688
v -0.024052 0.812206 1.856052
v -0.033265 0.812206 1.842264
v -0.033265 0.812206 1.842264
v -0.024052 0.812206 1.856052
v -0.027234 0.82 1.859234
v -0.037422 0.82 1.843986
v -0.027234 0.82 1.859234
v -0.011986 0.82 1.869422
v -0.010264 0.827794 1.865265
v -0.024052 0.827794 1.856052
v -0.024052 0.827794 1.856052
v -0.010264 0.827794 1.865265
v -0.00682 0.827794 1.85695
v -0.017688 0.827794 1.849688
v -0.017688 0.827794 1.849688
v -0.00682 0.827794 1.85695
v -0.005098 0.82 1.852793
v -0.014506 0.82 1.846506
v -0.014506 0.82 1.846506
v -0.005098 0.82 1.852793
v -0.00682 0.812206 1.85695
v -0.017688 0.812206 1.849688
v -0.017688 0.812206 1.849688
v -0.00682 0.812206 1.85695
v -0.010264 0.812206 1.865265
v -0.024052 0.812206 1.856052
v -0.024052 0.812206 1.856052
v -0.010264 0.812206 1.865265
v -0.011986 0.82 1.869422
v -0.027234 0.82 1.859234
v -0.011986 0.82 1.869422
v 0.006 0.82 1.873
v 0.006 0.827794 1.8685
v -0.010264 0.827794 1.865265
v -0.010264 0.827794 1.865265
v 0.006 0.827794 1.8685
v 0.006 0.827794 1.8595
v -0.00682 0.827794 1.85695
v -0.00682 0.827794 1.85695
v 0.006 0.827794 1.8595
v 0.006 0.82 1.855
v -0.005098 0.82 1.852793
v -0.005098 0.82 1.852793
v 0.006 0.82 1.855
v 0.006 0.812206 1.8595
v -0.00682 0.812206 1.85695
v -0.00682 0.812206 1.85695
v 0.006 0.812206 1.8595
v 0.006 0.812206 1.8685
v -0.010264 0.812206 1.865265
v -0.010264 0.812206 1.865265
v 0.006 0.812206 1.8685
v 0.006 0.82 1.873
v -0.011986 0.82 1.869422
v 0.006 0.82 1.873
v 0.023986 0.82 1.869422
v 0.022264 0.827794 1.865265
v 0.006 0.827794 1.8685
v 0.006 0.827794 1.8685
v 0.022264 0.827794 1.865265
v 0.01882 0.827794 1.85695
v 0.006 0.827794 1.8595
v 0.006 0.827794 1.8595
v 0.01882 0.827794 1.85695
v 0.017098 0.82 1.852793
v 0.006 0.82 1.855
v 0.006 0.82 1.855
v 0.017098 0.82 1.852793
v 0.01882 0.812206 1.85695
v 0.006 0.812206 1.8595
v 0.006 0.812206 1.8595
v 0.01882 0.812206 1.85695
v 0.022264 0.812206 1.865265
v 0.006 0.812206 1.8685
v 0.006 0.812206 1.8685
v 0.022264 0.812206 1.865265
v 0.023986 0.82 1.869422
v 0.006 0.82 1.873
v 0.023986 0.82 1.869422
v 0.039234 0.82 1.859234
v 0.036052 0.827794 1.856052
v 0.022264 0.827794 1.865265
v 0.022264 0.827794 1.865265
v 0.036052 0.827794 1.856052
v 0.029688 0.827794 1.849688
v 0.01882 0.827794 1.85695
v 0.01882 0.827794 1.85695
v 0.029688 0.827794 1.849688
v 0.026506 0.82 1.846506
v 0.017098 0.82 1.852793
v 0.017098 0.82 1.852793
v 0.026506 0.82 1.846506
v 0.029688 0.812206 1.849688
v 0.01882 0.812206 1.85695
v 0.01882 0.812206 1.85695
v 0.029688 0.812206 1.849688
v 0.036052 0.812206 1.856052
v 0.022264 0.812206 1.865265
v 0.022264 0.812206 1.865265
v 0.036052 0.812206 1.856052
v 0.039234 0.82 1.859234
v 0.023986 0.82 1.869422
v 0.039234 0.82 1.859234
v 0.049422 0.82 1.843986
v 0.045265 0.827794 1.842264
v 0.036052 0.827794 1.856052
v 0.036052 0.827794 1.856052
v 0.045265 0.827794 1.842264
v 0.03695 0.827794 1.83882
v 0.029688 0.827794 1.849688
v 0.029688 0.827794 1.849688
v 0.03695 0.827794 1.83882
v 0.032793 0.82 1.837098
v 0.026506 0.82 1.846506
v 0.026506 0.82 1.846506
v 0.032793 0.82 1.837098
v 0.03695 0.812206 1.83882
v 0.029688 0.812206 1.849688
v 0.029688 0.812206 1.849688
v 0.03695 0.812206 1.83882
v 0.045265 0.812206 1.842264
v 0.036052 0.812206 1.856052
v 0.036052 0.812206 1.856052
v 0.045265 0.812206 1.842264
v 0.049422 0.82 1.843986
v 0.039234 0.82 1.859234
v 0.049422 0.82 1.843986
v 0.053 0.82 1.826
v 0.0485 0.827794 1.826
v 0.045265 0.827794 1.842264
v 0.045265 0.827794 1.842264
v 0.0485 0.827794 1.826
v 0.0395 0.827794 1.826
v 0.03695 0.827794 1.83882
v 0.03695 0.827794 1.83882
v 0.0395 0.827794 1.826
v 0.035 0.82 1.826
v 0.032793 0.82 1.837098
v 0.032793 0.82 1.837098
v 0.035 0.82 1.826
v 0.0395 0.812206 1.826
v 0.03695 0.812206 1.83882
v 0.03695 0.812206 1.83882
v 0.0395 0.812206 1.826
v 0.0485 0.812206 1.826
v 0.045265 0.812206 1.842264
v 0.045265 0.812206 1.842264
v 0.0485 0.812206 1.826
v 0.053 0.82 1.826
v 0.049422 0.82 1.843986
v -0.054 0.8025 1.7935
v -0.054 0.8375 1.7935
v -0.054 0.8375 1.7485
v -0.054 0.8025 1.7485
v 0.066 0.8025 1.7485
v 0.066 0.8375 1.7485
v 0.066 0.8375 1.7935
v 0.066 0.8025 1.7935
v -0.044 0.7925 1.7485
v 0.056 0.7925 1.7485
v 0.056 0.7925 1.7935
v -0.044 0.7925 1.7935
v -0.044 0.8475 1.7935
v 0.056 0.8475 1.7935
v 0.056 0.8475 1.7485
v -0.044 0.8475 1.7485
v -0.044 0.8375 1.7385
v 0.056 0.8375 1.7385
v 0.056 0.8025 1.7385
v -0.044 0.8025 1.7385
v -0.044 0.8025 1.8035
v 0.056 0.8025 1.8035
v 0.056 0.8375 1.8035
v -0.044 0.8375 1.8035
v -0.054 0.8025 1.7485
v -0.044 0.7925 1.7485
v -0.044 0.7925 1.7935
v -0.054 0.8025 1.7935
v -0.054 0.8375 1.7935
v -0.044 0.8475 1.7935
v -0.044 0.8475 1.7485
v -0.054 0.8375 1.7485
v 0.066 0.8025 1.7935
v 0.056 0.7925 1.7935
v 0.056 0.7925 1.7485
v 0.066 0.8025 1.7485
v 0.066 0.8375 1.7485
v 0.056 0.8475 1.7485
v 0.056 0.8475 1.7935
v 0.066 0.8375 1.7935
v -0.054 0.8375 1.7485
v -0.044 0.8375 1.7385
v -0.044 0.8025 1.7385
v -0.054 0.8025 1.7485
v -0.054 0.8025 1.7935
v -0.044 0.8025 1.8035
v -0.044 0.8375 1.8035
v -0.054 0.8375 1.7935
v 0.066 0.8025 1.7485
v 0.056 0.8025 1.7385
v 0.056 0.8375 1.7385
v 0.066 0.8375 1.7485
v 0.066 0.8375 1.7935
v 0.056 0.8375 1.8035
v 0.056 0.8025 1.8035
v 0.066 0.8025 1.7935
v -0.044 0.7925 1.7485
v -0.044 0.8025 1.7385
v 0.056 0.8025 1.7385
v 0.056 0.7925 1.7485
v 0.056 0.7925 1.7935
v 0.056 0.8025 1.8035
v -0.044 0.8025 1.8035
v -0.044 0.7925 1.7935
v 0.056 0.8475 1.7485
v 0.056 0.8375 1.7385
v -0.044 0.8375 1.7385
v -0.044 0.8475 1.7485
v -0.044 0.8475 1.7935
v -0.044 0.8375 1.8035
v 0.056 0.8375 1.8035
v 0.056 0.8475 1.7935
v -0.044 0.8025 1.7385
v -0.044 0.7925 1.7485
v -0.054 0.8025 1.7485
v -0.054 0.8025 1.7935
v -0.044 0.7925 1.7935
v -0.044 0.8025 1.8035
v -0.054 0.8375 1.7485
v -0.044 0.8475 1.7485
v -0.044 0.8375 1.7385
v -0.044 0.8375 1.8035
v -0.044 0.8475 1.7935
v -0.054 0.8375 1.7935
v 0.066 0.8025 1.7485
v 0.056 0.7925 1.7485
v 0.056 0.8025 1.7385
v 0.056 0.8025 1.8035
v 0.056 0.7925 1.7935
v 0.066 0.8025 1.7935
v 0.056 0.8375 1.7385
v 0.056 0.8475 1.7485
v 0.066 0.8375 1.7485
v 0.066 0.8375 1.7935
v 0.056 0.8475 1.7935
v 0.056 0.8375 1.8035
v -0.224 0.81395 1.90105
v -0.224 0.82605 1.90105
v -0.224 0.82605 1.29095
v -0.224 0.81395 1.29095
v 0.236 0.81395 1.29095
v 0.236 0.82605 1.29095
v 0.236 0.82605 1.90105
v 0.236 0.81395 1.90105
v -0.21905 0.809 1.29095
v 0.23105 0.809 1.29095
v 0.23105 0.809 1.90105
v -0.21905 0.809 1.90105
v -0.21905 0.831 1.90105
v 0.23105 0.831 1.90105
v 0.23105 0.831 1.29095
v -0.21905 0.831 1.29095
v -0.21905 0.82605 1.286
v 0.23105 0.82605 1.286
v 0.23105 0.81395 1.286
v -0.21905 0.81395 1.286
v -0.21905 0.81395 1.906
v 0.23105 0.81395 1.906
v 0.23105 0.82605 1.906
v -0.21905 0.82605 1.906
v -0.224 0.81395 1.29095
v -0.21905 0.809 1.29095
v -0.21905 0.809 1.90105
v -0.224 0.81395 1.90105
v -0.224 0.82605 1.90105
v -0.21905 0.831 1.90105
v -0.21905 0.831 1.29095
v -0.224 0.82605 1.29095
v 0.236 0.81395 1.90105
v 0.23105 0.809 1.90105
v 0.23105 0.809 1.29095
v 0.236 0.81395 1.29095
v 0.236 0.82605 1.29095
v 0.23105 0.831 1.29095
v 0.23105 0.831 1.90105
v 0.236 0.82605 1.90105
v -0.224 0.82605 1.29095
v -0.21905 0.82605 1.286
v -0.21905 0.81395 1.286
v -0.224 0.81395 1.29095
v -0.224 0.81395 1.90105
v -0.21905 0.81395 1.906
v -0.21905 0.82605 1.906
v -0.224 0.82605 1.90105
v 0.236 0.81395 1.29095
v 0.23105 0.81395 1.286
v 0.23105 0.82605 1.286
v 0.236 0.82605 1.29095
v 0.236 0.82605 1.90105
v 0.23105 0.82605 1.906
v 0.23105 0.81395 1.906
v 0.236 0.81395 1.90105
v -0.21905 0.809 1.29095
v -0.21905 0.81395 1.286
v 0.23105 0.81395 1.286
v 0.23105 0.809 1.29095
v 0.23105 0.809 1.90105
v 0.23105 0.81395 1.906
v -0.21905 0.81395 1.906
v -0.21905 0.809 1.90105
v 0.23105 0.831 1.29095
v 0.23105 0.82605 1.286
v -0.21905 0.82605 1.286
v -0.21905 0.831 1.29095
v -0.21905 0.831 1.90105
v -0.21905 0.82605 1.906
v 0.23105 0.82605 1.906
v 0.23105 0.831 1.90105
v -0.21905 0.81395 1.286
v -0.21905 0.809 1.29095
v -0.224 0.81395 1.29095
v -0.224 0.81395 1.90105
v -0.21905 0.809 1.90105
v -0.21905 0.81395 1.906
v -0.224 0.82605 1.29095
v -0.21905 0.831 1.29095
v -0.21905 0.82605 1.286
v -0.21905 0.82605 1.906
v -0.21905 0.831 1.90105
v -0.224 0.82605 1.90105
v 0.236 0.81395 1.29095
v 0.23105 0.809 1.29095
v 0.23105 0.81395 1.286
v 0.23105 0.81395 1.906
v 0.23105 0.809 1.90105
v 0.236 0.81395 1.90105
v 0.23105 0.82605 1.286
v 0.23105 0.831 1.29095
v 0.236 0.82605 1.29095
v 0.236 0.82605 1.90105
v 0.23105 0.831 1.90105
v 0.23105 0.82605 1.906
v -0.164 0.804525 1.871475
v -0.164 0.809475 1.871475
v -0.164 0.809475 1.830525
v -0.164 0.804525 1.830525
v 0.176 0.804525 1.830525
v 0.176 0.809475 1.830525
v 0.176 0.809475 1.871475
v 0.176 0.804525 1.871475
v -0.161975 0.8025 1.830525
v 0.173975 0.8025 1.830525
v 0.173975 0.8025 1.871475
v -0.161975 0.8025 1.871475
v -0.161975 0.8115 1.871475
v 0.173975 0.8115 1.871475
v 0.173975 0.8115 1.830525
v -0.161975 0.8115 1.830525
v -0.161975 0.809475 1.8285
v 0.173975 0.809475 1.8285
v 0.173975 0.804525 1.8285
v -0.161975 0.804525 1.8285
v -0.161975 0.804525 1.8735
v 0.173975 0.804525 1.8735
v 0.173975 0.809475 1.8735
v -0.161975 0.809475 1.8735
v -0.164 0.804525 1.830525
v -0.161975 0.8025 1.830525
v -0.161975 0.8025 1.871475
v -0.164 0.804525 1.871475
v -0.164 0.809475 1.871475
v -0.161975 0.8115 1.871475
v -0.161975 0.8115 1.830525
v -0.164 0.809475 1.830525
v 0.176 0.804525 1.871475
v 0.173975 0.8025 1.871475
v 0.173975 0.8025 1.830525
v 0.176 0.804525 1.830525
v 0.176 0.809475 1.830525
v 0.173975 0.8115 1.830525
v 0.173975 0.8115 1.871475
v 0.176 0.809475 1.871475
v -0.164 0.809475 1.830525
v -0.161975 0.809475 1.8285
v -0.161975 0.804525 1.8285
v -0.164 0.804525 1.830525
v -0.164 0.804525 1.871475
v -0.161975 0.804525 1.8735
v -0.161975 0.809475 1.8735
v -0.164 0.809475 1.871475
v 0.176 0.804525 1.830525
v 0.173975 0.804525 1.8285
v 0.173975 0.809475 1.8285
v 0.176 0.809475 1.830525
v 0.176 0.809475 1.871475
v 0.173975 0.809475 1.8735
v 0.173975 0.804525 1.8735
v 0.176 0.804525 1.871475
v -0.161975 0.8025 1.830525
v -0.161975 0.804525 1.8285
v 0.173975 0.804525 1.8285
v 0.173975 0.8025 1.830525
v 0.173975 0.8025 1.871475
v 0.173975 0.804525 1.8735
v -0.161975 0.804525 1.8735
v -0.161975 0.8025 1.871475
v 0.173975 0.8115 1.830525
v 0.173975 0.809475 1.8285
v -0.161975 0.809475 1.8285
v -0.161975 0.8115 1.830525
v -0.161975 0.8115 1.871475
v -0.161975 0.809475 1.8735
v 0.173975 0.809475 1.8735
v 0.173975 0.8115 1.871475
v -0.161975 0.804525 1.8285
v -0.161975 0.8025 1.830525
v -0.164 0.804525 1.830525
v -0.164 0.804525 1.871475
v -0.161975 0.8025 1.871475
v -0.161975 0.804525 1.8735
v -0.164 0.809475 1.830525
v -0.161975 0.8115 1.830525
v -0.161975 0.809475 1.8285
v -0.161975 0.809475 1.8735
v -0.161975 0.8115 1.871475
v -0.164 0.809475 1.871475
v 0.176 0.804525 1.830525
v 0.173975 0.8025 1.830525
v 0.173975 0.804525 1.8285
v 0.173975 0.804525 1.8735
v 0.173975 0.8025 1.871475
v 0.176 0.804525 1.871475
v 0.173975 0.809475 1.8285
v 0.173975 0.8115 1.830525
v 0.176 0.809475 1.830525
v 0.176 0.809475 1.871475
v 0.173975 0.8115 1.871475
v 0.173975 0.809475 1.8735
v -0.1465 0.803525 1.793975
v -0.1465 0.808475 1.793975
v -0.1465 0.808475 1.438025
v -0.1465 0.803525 1.438025
v -0.1215 0.803525 1.438025
v -0.1215 0.808475 1.438025
v -0.1215 0.808475 1.793975
v -0.1215 0.803525 1.793975
v -0.144475 0.8015 1.438025
v -0.123525 0.8015 1.438025
v -0.123525 0.8015 1.793975
v -0.144475 0.8015 1.793975
v -0.144475 0.8105 1.793975
v -0.123525 0.8105 1.793975
v -0.123525 0.8105 1.438025
v -0.144475 0.8105 1.438025
v -0.144475 0.808475 1.436
v -0.123525 0.808475 1.436
v -0.123525 0.803525 1.436
v -0.144475 0.803525 1.436
v -0.144475 0.803525 1.796
v -0.123525 0.803525 1.796
v -0.123525 0.808475 1.796
v -0.144475 0.808475 1.796
v -0.1465 0.803525 1.438025
v -0.144475 0.8015 1.438025
v -0.144475 0.8015 1.793975
v -0.1465 0.803525 1.793975
v -0.1465 0.808475 1.793975
v -0.144475 0.8105 1.793975
v -0.144475 0.8105 1.438025
v -0.1465 0.808475 1.438025
v -0.1215 0.803525 1.793975
v -0.123525 0.8015 1.793975
v -0.123525 0.8015 1.438025
v -0.1215 0.803525 1.438025
v -0.1215 0.808475 1.438025
v -0.123525 0.8105 1.438025
v -0.123525 0.8105 1.793975
v -0.1215 0.808475 1.793975
v -0.1465 0.808475 1.438025
v -0.144475 0.808475 1.436
v -0.144475 0.803525 1.436
v -0.1465 0.803525 1.438025
v -0.1465 0.803525 1.793975
v -0.144475 0.803525 1.796
v -0.144475 0.808475 1.796
v -0.1465 0.808475 1.793975
v -0.1215 0.803525 1.438025
v -0.123525 0.803525 1.436
v -0.123525 0.808475 1.436
v -0.1215 0.808475 1.438025
v -0.1215 0.808475 1.793975
v -0.123525 0.808475 1.796
v -0.123525 0.803525 1.796
v -0.1215 0.803525 1.793975
v -0.144475 0.8015 1.438025
v -0.144475 0.803525 1.436
v -0.123525 0.803525 1.436
v -0.123525 0.8015 1.438025
v -0.123525 0.8015 1.793975
v -0.123525 0.803525 1.796
v -0.144475 0.803525 1.796
v -0.144475 0.8015 1.793975
v -0.123525 0.8105 1.438025
v -0.123525 0.808475 1.436
v -0.144475 0.808475 1.436
v -0.144475 0.8105 1.438025
v -0.144475 0.8105 1.793975
v -0.144475 0.808475 1.796
v -0.123525 0.808475 1.796
v -0.123525 0.8105 1.793975
v -0.144475 0.803525 1.436
v -0.144475 0.8015 1.438025
v -0.1465 0.803525 1.438025
v -0.1465 0.803525 1.793975
v -0.144475 0.8015 1.793975
v -0.144475 0.803525 1.796
v -0.1465 0.808475 1.438025
v -0.144475 0.8105 1.438025
v -0.144475 0.808475 1.436
v -0.144475 0.808475 1.796
v -0.144475 0.8105 1.793975
v -0.1465 0.808475 1.793975
v -0.1215 0.803525 1.438025
v -0.123525 0.8015 1.438025
v -0.123525 0.803525 1.436
v -0.123525 0.803525 1.796
v -0.123525 0.8015 1.793975
v -0.1215 0.803525 1.793975
v -0.123525 0.808475 1.436
v -0.123525 0.8105 1.438025
v -0.1215 0.808475 1.438025
v -0.1215 0.808475 1.793975
v -0.123525 0.8105 1.793975
v -0.123525 0.808475 1.796
v 0.125 0.803525 1.723975
v 0.125 0.808475 1.723975
v 0.125 0.808475 1.428025
v 0.125 0.803525 1.428025
v 0.147 0.803525 1.428025
v 0.147 0.808475 1.428025
v 0.147 0.808475 1.723975
v 0.147 0.803525 1.723975
v 0.127025 0.8015 1.428025
v 0.144975 0.8015 1.428025
v 0.144975 0.8015 1.723975
v 0.127025 0.8015 1.723975
v 0.127025 0.8105 1.723975
v 0.144975 0.8105 1.723975
v 0.144975 0.8105 1.428025
v 0.127025 0.8105 1.428025
v 0.127025 0.808475 1.426
v 0.144975 0.808475 1.426
v 0.144975 0.803525 1.426
v 0.127025 0.803525 1.426
v 0.127025 0.803525 1.726
v 0.144975 0.803525 1.726
v 0.144975 0.808475 1.726
v 0.127025 0.808475 1.726
v 0.125 0.803525 1.428025
v 0.127025 0.8015 1.428025
v 0.127025 0.8015 1.723975
v 0.125 0.803525 1.723975
v 0.125 0.808475 1.723975
v 0.127025 0.8105 1.723975
v 0.127025 0.8105 1.428025
v 0.125 0.808475 1.428025
v 0.147 0.803525 1.723975
v 0.144975 0.8015 1.723975
v 0.144975 0.8015 1.428025
v 0.147 0.803525 1.428025
v 0.147 0.808475 1.428025
v 0.144975 0.8105 1.428025
v 0.144975 0.8105 1.723975
v 0.147 0.808475 1.723975
v 0.125 0.808475 1.428025
v 0.127025 0.808475 1.426
v 0.127025 0.803525 1.426
v 0.125 0.803525 1.428025
v 0.125 0.803525 1.723975
v 0.127025 0.803525 1.726
v 0.127025 0.808475 1.726
v 0.125 0.808475 1.723975
v 0.147 0.803525 1.428025
v 0.144975 0.803525 1.426
v 0.144975 0.808475 1.426
v 0.147 0.808475 1.428025
v 0.147 0.808475 1.723975
v 0.144975 0.808475 1.726
v 0.144975 0.803525 1.726
v 0.147 0.803525 1.723975
v 0.127025 0.8015 1.428025
v 0.127025 0.803525 1.426
v 0.144975 0.803525 1.426
v 0.144975 0.8015 1.428025
v 0.144975 0.8015 1.723975
v 0.144975 0.803525 1.726
v 0.127025 0.803525 1.726
v 0.127025 0.8015 1.723975
v 0.144975 0.8105 1.428025
v 0.144975 0.808475 1.426
v 0.127025 0.808475 1.426
v 0.127025 0.8105 1.428025
v 0.127025 0.8105 1.723975
v 0.127025 0.808475 1.726
v 0.144975 0.808475 1.726
v 0.144975 0.8105 1.723975
v 0.127025 0.803525 1.426
v 0.127025 0.8015 1.428025
v 0.125 0.803525 1.428025
v 0.125 0.803525 1.723975
v 0.127025 0.8015 1.723975
v 0.127025 0.803525 1.726
v 0.125 0.808475 1.428025
v 0.127025 0.8105 1.428025
v 0.127025 0.808475 1.426
v 0.127025 0.808475 1.726
v 0.127025 0.8105 1.723975
v 0.125 0.808475 1.723975
v 0.147 0.803525 1.428025
v 0.144975 0.8015 1.428025
v 0.144975 0.803525 1.426
v 0.144975 0.803525 1.726
v 0.144975 0.8015 1.723975
v 0.147 0.803525 1.723975
v 0.144975 0.808475 1.426
v 0.144975 0.8105 1.428025
v 0.147 0.808475 1.428025
v 0.147 0.808475 1.723975
v 0.144975 0.8105 1.723975
v 0.144975 0.808475 1.726
v -0.149 0.803525 1.474975
v -0.149 0.808475 1.474975
v -0.149 0.808475 1.457025
v -0.149 0.803525 1.457025
v 0.161 0.803525 1.457025
v 0.161 0.808475 1.457025
v 0.161 0.808475 1.474975
v 0.161 0.803525 1.474975
v -0.146975 0.8015 1.457025
v 0.158975 0.8015 1.457025
v 0.158975 0.8015 1.474975
v -0.146975 0.8015 1.474975
v -0.146975 0.8105 1.474975
v 0.158975 0.8105 1.474975
v 0.158975 0.8105 1.457025
v -0.146975 0.8105 1.457025
v -0.146975 0.808475 1.455
v 0.158975 0.808475 1.455
v 0.158975 0.803525 1.455
v -0.146975 0.803525 1.455
v -0.146975 0.803525 1.477
v 0.158975 0.803525 1.477
v 0.158975 0.808475 1.477
v -0.146975 0.808475 1.477
v -0.149 0.803525 1.457025
v -0.146975 0.8015 1.457025
v -0.146975 0.8015 1.474975
v -0.149 0.803525 1.474975
v -0.149 0.808475 1.474975
v -0.146975 0.8105 1.474975
v -0.146975 0.8105 1.457025
v -0.149 0.808475 1.457025
v 0.161 0.803525 1.474975
v 0.158975 0.8015 1.474975
v 0.158975 0.8015 1.457025
v 0.161 0.803525 1.457025
v 0.161 0.808475 1.457025
v 0.158975 0.8105 1.457025
v 0.158975 0.8105 1.474975
v 0.161 0.808475 1.474975
v -0.149 0.808475 1.457025
v -0.146975 0.808475 1.455
v -0.146975 0.803525 1.455
v -0.149 0.803525 1.457025
v -0.149 0.803525 1.474975
v -0.146975 0.803525 1.477
v -0.146975 0.808475 1.477
v -0.149 0.808475 1.474975
v 0.161 0.803525 1.457025
v 0.158975 0.803525 1.455
v 0.158975 0.808475 1.455
v 0.161 0.808475 1.457025
v 0.161 0.808475 1.474975
v 0.158975 0.808475 1.477
v 0.158975 0.803525 1.477
v 0.161 0.803525 1.474975
v -0.146975 0.8015 1.457025
v -0.146975 0.803525 1.455
v 0.158975 0.803525 1.455
v 0.158975 0.8015 1.457025
v 0.158975 0.8015 1.474975
v 0.158975 0.803525 1.477
v -0.146975 0.803525 1.477
v -0.146975 0.8015 1.474975
v 0.158975 0.8105 1.457025
v 0.158975 0.808475 1.455
v -0.146975 0.808475 1.455
v -0.146975 0.8105 1.457025
v -0.146975 0.8105 1.474975
v -0.146975 0.808475 1.477
v 0.158975 0.808475 1.477
v 0.158975 0.8105 1.474975
v -0.146975 0.803525 1.455
v -0.146975 0.8015 1.457025
v -0.149 0.803525 1.457025
v -0.149 0.803525 1.474975
v -0.146975 0.8015 1.474975
v -0.146975 0.803525 1.477
v -0.149 0.808475 1.457025
v -0.146975 0.8105 1.457025
v -0.146975 0.808475 1.455
v -0.146975 0.808475 1.477
v -0.146975 0.8105 1.474975
v -0.149 0.808475 1.474975
v 0.161 0.803525 1.457025
v 0.158975 0.8015 1.457025
v 0.158975 0.803525 1.455
v 0.158975 0.803525 1.477
v 0.158975 0.8015 1.474975
v 0.161 0.803525 1.474975
v 0.158975 0.808475 1.455
v 0.158975 0.8105 1.457025
v 0.161 0.808475 1.457025
v 0.161 0.808475 1.474975
v 0.158975 0.8105 1.474975
v 0.158975 0.808475 1.477
v -0.136 0.796 1.846
v -0.137783 0.796 1.83819
v -0.137783 0.808 1.83819
v -0.136 0.808 1.846
v -0.137783 0.796 1.83819
v -0.142777 0.796 1.831927
v -0.142777 0.808 1.831927
v -0.137783 0.808 1.83819
v -0.142777 0.796 1.831927
v -0.149995 0.796 1.828451
v -0.149995 0.808 1.828451
v -0.142777 0.808 1.831927
v -0.149995 0.796 1.828451
v -0.158005 0.796 1.828451
v -0.158005 0.808 1.828451
v -0.149995 0.808 1.828451
v -0.158005 0.796 1.828451
v -0.165223 0.796 1.831927
v -0.165223 0.808 1.831927
v -0.158005 0.808 1.828451
v -0.165223 0.796 1.831927
v -0.170217 0.796 1.83819
v -0.170217 0.808 1.83819
v -0.165223 0.808 1.831927
v -0.170217 0.796 1.83819
v -0.172 0.796 1.846
v -0.172 0.808 1.846
v -0.170217 0.808 1.83819
v -0.172 0.796 1.846
v -0.170217 0.796 1.85381
v -0.170217 0.808 1.85381
v -0.172 0.808 1.846
v -0.170217 0.796 1.85381
v -0.165223 0.796 1.860073
v -0.165223 0.808 1.860073
v -0.170217 0.808 1.85381
v -0.165223 0.796 1.860073
v -0.158005 0.796 1.863549
v -0.158005 0.808 1.863549
v -0.165223 0.808 1.860073
v -0.158005 0.796 1.863549
v -0.149995 0.796 1.863549
v -0.149995 0.808 1.863549
v -0.158005 0.808 1.863549
v -0.149995 0.796 1.863549
v -0.142777 0.796 1.860073
v -0.142777 0.808 1.860073
v -0.149995 0.808 1.863549
v -0.142777 0.796 1.860073
v -0.137783 0.796 1.85381
v -0.137783 0.808 1.85381
v -0.142777 0.808 1.860073
v -0.137783 0.796 1.85381
v -0.136 0.796 1.846
v -0.136 0.808 1.846
v -0.137783 0.808 1.85381
v -0.136 0.796 1.846
v -0.137783 0.796 1.83819
v -0.142777 0.796 1.831927
v -0.149995 0.796 1.828451
v -0.158005 0.796 1.828451
v -0.165223 0.796 1.831927
v -0.170217 0.796 1.83819
v -0.172 0.796 1.846
v -0.170217 0.796 1.85381
v -0.165223 0.796 1.860073
v -0.158005 0.796 1.863549
v -0.149995 0.796 1.863549
v -0.142777 0.796 1.860073
v -0.137783 0.796 1.85381
v -0.136 0.808 1.846
v -0.137783 0.808 1.83819
v -0.142777 0.808 1.831927
v -0.149995 0.808 1.828451
v -0.158005 0.808 1.828451
v -0.165223 0.808 1.831927
v -0.170217 0.808 1.83819
v -0.172 0.808 1.846
v -0.170217 0.808 1.85381
v -0.165223 0.808 1.860073
v -0.158005 0.808 1.863549
v -0.149995 0.808 1.863549
v -0.142777 0.808 1.860073
v -0.137783 0.808 1.85381
v 0.184 0.796 1.846
v 0.182217 0.796 1.83819
v 0.182217 0.808 1.83819
v 0.184 0.808 1.846
v 0.182217 0.796 1.83819
v 0.177223 0.796 1.831927
v 0.177223 0.808 1.831927
v 0.182217 0.808 1.83819
v 0.177223 0.796 1.831927
v 0.170005 0.796 1.828451
v 0.170005 0.808 1.828451
v 0.177223 0.808 1.831927
v 0.170005 0.796 1.828451
v 0.161995 0.796 1.828451
v 0.161995 0.808 1.828451
v 0.170005 0.808 1.828451
v 0.161995 0.796 1.828451
v 0.154777 0.796 1.831927
v 0.154777 0.808 1.831927
v 0.161995 0.808 1.828451
v 0.154777 0.796 1.831927
v 0.149783 0.796 1.83819
v 0.149783 0.808 1.83819
v 0.154777 0.808 1.831927
v 0.149783 0.796 1.83819
v 0.148 0.796 1.846
v 0.148 0.808 1.846
v 0.149783 0.808 1.83819
v 0.148 0.796 1.846
v 0.149783 0.796 1.85381
v 0.149783 0.808 1.85381
v 0.148 0.808 1.846
v 0.149783 0.796 1.85381
v 0.154777 0.796 1.860073
v 0.154777 0.808 1.860073
v 0.149783 0.808 1.85381
v 0.154777 0.796 1.860073
v 0.161995 0.796 1.863549
v 0.161995 0.808 1.863549
v 0.154777 0.808 1.860073
v 0.161995 0.796 1.863549
v 0.170005 0.796 1.863549
v 0.170005 0.808 1.863549
v 0.161995 0.808 1.863549
v 0.170005 0.796 1.863549
v 0.177223 0.796 1.860073
v 0.177223 0.808 1.860073
v 0.170005 0.808 1.863549
v 0.177223 0.796 1.860073
v 0.182217 0.796 1.85381
v 0.182217 0.808 1.85381
v 0.177223 0.808 1.860073
v 0.182217 0.796 1.85381
v 0.184 0.796 1.846
v 0.184 0.808 1.846
v 0.182217 0.808 1.85381
v 0.184 0.796 1.846
v 0.182217 0.796 1.83819
v 0.177223 0.796 1.831927
v 0.170005 0.796 1.828451
v 0.161995 0.796 1.828451
v 0.154777 0.796 1.831927
v 0.149783 0.796 1.83819
v 0.148 0.796 1.846
v 0.149783 0.796 1.85381
v 0.154777 0.796 1.860073
v 0.161995 0.796 1.863549
v 0.170005 0.796 1.863549
v 0.177223 0.796 1.860073
v 0.182217 0.796 1.85381
v 0.184 0.808 1.846
v 0.182217 0.808 1.83819
v 0.177223 0.808 1.831927
v 0.170005 0.808 1.828451
v 0.161995 0.808 1.828451
v 0.154777 0.808 1.831927
v 0.149783 0.808 1.83819
v 0.148 0.808 1.846
v 0.149783 0.808 1.85381
v 0.154777 0.808 1.860073
v 0.161995 0.808 1.863549
v 0.170005 0.808 1.863549
v 0.177223 0.808 1.860073
v 0.182217 0.808 1.85381
v -0.006 0.82 1.146
v -0.004392 0.814 1.146
v -0.004392 0.814 1.306
v -0.006 0.82 1.306
v -0.004392 0.814 1.146
v 0 0.809608 1.146
v 0 0.809608 1.306
v -0.004392 0.814 1.306
v 0 0.809608 1.146
v 0.006 0.808 1.146
v 0.006 0.808 1.306
v 0 0.809608 1.306
v 0.006 0.808 1.146
v 0.012 0.809608 1.146
v 0.012 0.809608 1.306
v 0.006 0.808 1.306
v 0.012 0.809608 1.146
v 0.016392 0.814 1.146
v 0.016392 0.814 1.306
v 0.012 0.809608 1.306
v 0.016392 0.814 1.146
v 0.018 0.82 1.146
v 0.018 0.82 1.306
v 0.016392 0.814 1.306
v 0.018 0.82 1.146
v 0.016392 0.826 1.146
v 0.016392 0.826 1.306
v 0.018 0.82 1.306
v 0.016392 0.826 1.146
v 0.012 0.830392 1.146
v 0.012 0.830392 1.306
v 0.016392 0.826 1.306
v 0.012 0.830392 1.146
v 0.006 0.832 1.146
v 0.006 0.832 1.306
v 0.012 0.830392 1.306
v 0.006 0.832 1.146
v 0 0.830392 1.146
v 0 0.830392 1.306
v 0.006 0.832 1.306
v 0 0.830392 1.146
v -0.004392 0.826 1.146
v -0.004392 0.826 1.306
v 0 0.830392 1.306
v -0.004392 0.826 1.146
v -0.006 0.82 1.146
v -0.006 0.82 1.306
v -0.004392 0.826 1.306
v -0.006 0.82 1.146
v -0.004392 0.814 1.146
v 0 0.809608 1.146
v 0.006 0.808 1.146
v 0.012 0.809608 1.146
v 0.016392 0.814 1.146
v 0.018 0.82 1.146
v 0.016392 0.826 1.146
v 0.012 0.830392 1.146
v 0.006 0.832 1.146
v 0 0.830392 1.146
v -0.004392 0.826 1.146
v -0.006 0.82 1.306
v -0.004392 0.814 1.306
v 0 0.809608 1.306
v 0.006 0.808 1.306
v 0.012 0.809608 1.306
v 0.016392 0.814 1.306
v 0.018 0.82 1.306
v 0.016392 0.826 1.306
v 0.012 0.830392 1.306
v 0.006 0.832 1.306
v 0 0.830392 1.306
v -0.004392 0.826 1.306
usemtl ChainSteel
f 1 2 3 4
f 5 6 7 8
f 9 10 11 12
f 13 14 15 16
f 17 18 19 20
f 21 22 23 24
f 25 26 27 28
f 29 30 31 32
f 33 34 35 36
f 37 38 39 40
f 41 42 43 44
f 45 46 47 48
f 49 50 51 52
f 53 54 55 56
f 57 58 59 60
f 61 62 63 64
f 65 66 67 68
f 69 70 71 72
f 73 74 75 76
f 77 78 79 80
f 81 82 83 84
f 85 86 87 88
f 89 90 91 92
f 93 94 95 96
f 97 98 99 100
f 101 102 103 104
f 105 106 107 108
f 109 110 111 112
f 113 114 115 116
f 117 118 119 120
f 121 122 123 124
f 125 126 127 128
f 129 130 131 132
f 133 134 135 136
f 137 138 139 140
f 141 142 143 144
f 145 146 147 148
f 149 150 151 152
f 153 154 155 156
f 157 158 159 160
f 161 162 163 164
f 165 166 167 168
f 169 170 171 172
f 173 174 175 176
f 177 178 179 180
f 181 182 183 184
f 185 186 187 188
f 189 190 191 192
f 193 194 195 196
f 197 198 199 200
f 201 202 203 204
f 205 206 207 208
f 209 210 211 212
f 213 214 215 216
f 217 218 219 220
f 221 222 223 224
f 225 226 227 228
f 229 230 231 232
f 233 234 235 236
f 237 238 239 240
f 241 242 243 244
f 245 246 247 248
f 249 250 251 252
f 253 254 255 256
f 257 258 259 260
f 261 262 263 264
f 265 266 267 268
f 269 270 271 272
f 273 274 275 276
f 277 278 279 280
f 281 282 283 284
f 285 286 287 288
f 289 290 291 292
f 293 294 295 296
f 297 298 299 300
f 301 302 303 304
f 305 306 307 308
f 309 310 311 312
f 313 314 315 316
f 317 318 319 320
f 321 322 323 324
f 325 326 327 328
f 329 330 331 332
f 333 334 335 336
f 337 338 339 340
f 341 342 343 344
f 345 346 347 348
f 349 350 351 352
f 353 354 355 356
f 357 358 359 360
f 361 362 363 364
f 365 366 367 368
f 369 370 371 372
f 373 374 375 376
f 377 378 379 380
f 381 382 383 384
f 385 386 387 388
f 389 390 391 392
f 393 394 395 396
f 397 398 399 400
f 401 402 403 404
f 405 406 407 408
f 409 410 411 412
f 413 414 415 416
f 417 418 419 420
f 421 422 423 424
f 425 426 427 428
f 429 430 431 432
f 433 434 435 436
f 437 438 439 440
f 441 442 443 444
f 445 446 447 448
f 449 450 451 452
f 453 454 455 456
f 457 458 459 460
f 461 462 463 464
f 465 466 467 468
f 469 470 471 472
f 473 474 475 476
f 477 478 479 480
f 481 482 483 484
f 485 486 487 488
f 489 490 491 492
f 493 494 495 496
f 497 498 499 500
f 501 502 503 504
f 505 506 507 508
f 509 510 511 512
f 513 514 515 516
f 517 518 519 520
f 521 522 523 524
f 525 526 527 528
f 529 530 531 532
f 533 534 535 536
f 537 538 539 540
f 541 542 543 544
f 545 546 547 548
f 549 550 551 552
f 553 554 555 556
f 557 558 559 560
f 561 562 563 564
f 565 566 567 568
f 569 570 571 572
f 573 574 575 576
f 577 578 579 580
f 581 582 583 584
f 585 586 587 588
f 589 590 591 592
f 593 594 595 596
f 597 598 599 600
f 601 602 603 604
f 605 606 607 608
f 609 610 611 612
f 613 614 615 616
f 617 618 619 620
f 621 622 623 624
f 625 626 627 628
f 629 630 631 632
f 633 634 635 636
f 637 638 639 640
f 641 642 643 644
f 645 646 647 648
f 649 650 651 652
f 653 654 655 656
f 657 658 659 660
f 661 662 663 664
f 665 666 667 668
f 669 670 671 672
f 673 674 675 676
f 677 678 679 680
f 681 682 683 684
f 685 686 687 688
f 689 690 691 692
f 693 694 695 696
f 697 698 699 700
f 701 702 703 704
f 705 706 707 708
f 709 710 711 712
f 713 714 715 716
f 717 718 719 720
f 721 722 723 724
f 725 726 727 728
f 729 730 731 732
f 733 734 735 736
f 737 738 739 740
f 741 742 743 744
f 745 746 747 748
f 749 750 751 752
f 753 754 755 756
f 757 758 759 760
f 761 762 763 764
f 765 766 767 768
f 769 770 771 772
f 773 774 775 776
f 777 778 779 780
f 781 782 783 784
f 785 786 787 788
f 789 790 791 792
f 793 794 795 796
f 797 798 799 800
f 801 802 803 804
f 805 806 807 808
f 809 810 811 812
f 813 814 815 816
f 817 818 819 820
f 821 822 823 824
f 825 826 827 828
f 829 830 831 832
f 833 834 835 836
f 837 838 839 840
f 841 842 843 844
f 845 846 847 848
f 849 850 851 852
f 853 854 855 856
f 857 858 859 860
f 861 862 863 864
f 865 866 867 868
f 869 870 871 872
f 873 874 875 876
f 877 878 879 880
f 881 882 883 884
f 885 886 887 888
f 889 890 891 892
f 893 894 895 896
f 897 898 899 900
f 901 902 903 904
f 905 906 907 908
f 909 910 911 912
f 913 914 915 916
f 917 918 919 920
f 921 922 923 924
f 925 926 927 928
f 929 930 931 932
f 933 934 935 936
f 937 938 939 940
f 941 942 943 944
f 945 946 947 948
f 949 950 951 952
f 953 954 955 956
f 957 958 959 960
f 961 962 963 964
f 965 966 967 968
f 969 970 971 972
f 973 974 975 976
f 977 978 979 980
f 981 982 983 984
f 985 986 987 988
f 989 990 991 992
f 993 994 995 996
f 997 998 999 1000
f 1001 1002 1003 1004
f 1005 1006 1007 1008
f 1009 1010 1011 1012
f 1013 1014 1015 1016
f 1017 1018 1019 1020
f 1021 1022 1023 1024
f 1025 1026 1027 1028
f 1029 1030 1031 1032
f 1033 1034 1035 1036
f 1037 1038 1039 1040
f 1041 1042 1043 1044
f 1045 1046 1047 1048
f 1049 1050 1051 1052
f 1053 1054 1055 1056
f 1057 1058 1059 1060
f 1061 1062 1063 1064
f 1065 1066 1067 1068
f 1069 1070 1071 1072
f 1073 1074 1075 1076
f 1077 1078 1079 1080
f 1081 1082 1083 1084
f 1085 1086 1087 1088
f 1089 1090 1091 1092
f 1093 1094 1095 1096
f 1097 1098 1099 1100
f 1101 1102 1103 1104
f 1105 1106 1107 1108
f 1109 1110 1111 1112
f 1113 1114 1115 1116
f 1117 1118 1119 1120
f 1121 1122 1123 1124
f 1125 1126 1127 1128
f 1129 1130 1131 1132
f 1133 1134 1135 1136
f 1137 1138 1139 1140
f 1141 1142 1143 1144
f 1145 1146 1147 1148
f 1149 1150 1151 1152
f 1153 1154 1155 1156
f 1157 1158 1159 1160
f 1161 1162 1163 1164
f 1165 1166 1167 1168
f 1169 1170 1171 1172
f 1173 1174 1175 1176
f 1177 1178 1179 1180
f 1181 1182 1183 1184
f 1185 1186 1187 1188
f 1189 1190 1191 1192
f 1193 1194 1195 1196
f 1197 1198 1199 1200
f 1201 1202 1203 1204
f 1205 1206 1207 1208
f 1209 1210 1211 1212
f 1213 1214 1215 1216
f 1217 1218 1219 1220
f 1221 1222 1223 1224
f 1225 1226 1227 1228
f 1229 1230 1231 1232
f 1233 1234 1235 1236
f 1237 1238 1239 1240
f 1241 1242 1243 1244
f 1245 1246 1247 1248
f 1249 1250 1251 1252
f 1253 1254 1255 1256
f 1257 1258 1259 1260
f 1261 1262 1263 1264
f 1265 1266 1267 1268
f 1269 1270 1271 1272
f 1273 1274 1275 1276
f 1277 1278 1279 1280
f 1281 1282 1283 1284
f 1285 1286 1287 1288
f 1289 1290 1291 1292
f 1293 1294 1295 1296
f 1297 1298 1299 1300
f 1301 1302 1303 1304
f 1305 1306 1307 1308
f 1309 1310 1311 1312
f 1313 1314 1315 1316
f 1317 1318 1319 1320
f 1321 1322 1323 1324
f 1325 1326 1327 1328
f 1329 1330 1331 1332
f 1333 1334 1335 1336
f 1337 1338 1339 1340
f 1341 1342 1343 1344
f 1345 1346 1347 1348
f 1349 1350 1351 1352
f 1353 1354 1355 1356
f 1357 1358 1359 1360
f 1361 1362 1363 1364
f 1365 1366 1367 1368
f 1369 1370 1371 1372
f 1373 1374 1375 1376
f 1377 1378 1379 1380
f 1381 1382 1383 1384
f 1385 1386 1387 1388
f 1389 1390 1391 1392
usemtl Stainless
f 1393 1394 1395 1396
f 1397 1398 1399 1400
f 1401 1402 1403 1404
f 1405 1406 1407 1408
f 1409 1410 1411 1412
f 1413 1414 1415 1416
f 1417 1418 1419 1420
f 1421 1422 1423 1424
f 1425 1426 1427 1428
f 1429 1430 1431 1432
f 1433 1434 1435 1436
f 1437 1438 1439 1440
f 1441 1442 1443 1444
f 1445 1446 1447 1448
f 1449 1450 1451 1452
f 1453 1454 1455 1456
f 1457 1458 1459 1460
f 1461 1462 1463 1464
f 1465 1466 1467
f 1468 1469 1470
f 1471 1472 1473
f 1474 1475 1476
f 1477 1478 1479
f 1480 1481 1482
f 1483 1484 1485
f 1486 1487 1488
usemtl PcbGreen
f 1489 1490 1491 1492
f 1493 1494 1495 1496
f 1497 1498 1499 1500
f 1501 1502 1503 1504
f 1505 1506 1507 1508
f 1509 1510 1511 1512
f 1513 1514 1515 1516
f 1517 1518 1519 1520
f 1521 1522 1523 1524
f 1525 1526 1527 1528
f 1529 1530 1531 1532
f 1533 1534 1535 1536
f 1537 1538 1539 1540
f 1541 1542 1543 1544
f 1545 1546 1547 1548
f 1549 1550 1551 1552
f 1553 1554 1555 1556
f 1557 1558 1559 1560
f 1561 1562 1563
f 1564 1565 1566
f 1567 1568 1569
f 1570 1571 1572
f 1573 1574 1575
f 1576 1577 1578
f 1579 1580 1581
f 1582 1583 1584
usemtl Copper
f 1585 1586 1587 1588
f 1589 1590 1591 1592
f 1593 1594 1595 1596
f 1597 1598 1599 1600
f 1601 1602 1603 1604
f 1605 1606 1607 1608
f 1609 1610 1611 1612
f 1613 1614 1615 1616
f 1617 1618 1619 1620
f 1621 1622 1623 1624
f 1625 1626 1627 1628
f 1629 1630 1631 1632
f 1633 1634 1635 1636
f 1637 1638 1639 1640
f 1641 1642 1643 1644
f 1645 1646 1647 1648
f 1649 1650 1651 1652
f 1653 1654 1655 1656
f 1657 1658 1659
f 1660 1661 1662
f 1663 1664 1665
f 1666 1667 1668
f 1669 1670 1671
f 1672 1673 1674
f 1675 1676 1677
f 1678 1679 1680
f 1681 1682 1683 1684
f 1685 1686 1687 1688
f 1689 1690 1691 1692
f 1693 1694 1695 1696
f 1697 1698 1699 1700
f 1701 1702 1703 1704
f 1705 1706 1707 1708
f 1709 1710 1711 1712
f 1713 1714 1715 1716
f 1717 1718 1719 1720
f 1721 1722 1723 1724
f 1725 1726 1727 1728
f 1729 1730 1731 1732
f 1733 1734 1735 1736
f 1737 1738 1739 1740
f 1741 1742 1743 1744
f 1745 1746 1747 1748
f 1749 1750 1751 1752
f 1753 1754 1755
f 1756 1757 1758
f 1759 1760 1761
f 1762 1763 1764
f 1765 1766 1767
f 1768 1769 1770
f 1771 1772 1773
f 1774 1775 1776
f 1777 1778 1779 1780
f 1781 1782 1783 1784
f 1785 1786 1787 1788
f 1789 1790 1791 1792
f 1793 1794 1795 1796
f 1797 1798 1799 1800
f 1801 1802 1803 1804
f 1805 1806 1807 1808
f 1809 1810 1811 1812
f 1813 1814 1815 1816
f 1817 1818 1819 1820
f 1821 1822 1823 1824
f 1825 1826 1827 1828
f 1829 1830 1831 1832
f 1833 1834 1835 1836
f 1837 1838 1839 1840
f 1841 1842 1843 1844
f 1845 1846 1847 1848
f 1849 1850 1851
f 1852 1853 1854
f 1855 1856 1857
f 1858 1859 1860
f 1861 1862 1863
f 1864 1865 1866
f 1867 1868 1869
f 1870 1871 1872
f 1873 1874 1875 1876
f 1877 1878 1879 1880
f 1881 1882 1883 1884
f 1885 1886 1887 1888
f 1889 1890 1891 1892
f 1893 1894 1895 1896
f 1897 1898 1899 1900
f 1901 1902 1903 1904
f 1905 1906 1907 1908
f 1909 1910 1911 1912
f 1913 1914 1915 1916
f 1917 1918 1919 1920
f 1921 1922 1923 1924
f 1925 1926 1927 1928
f 1929 1930 1931 1932
f 1933 1934 1935 1936
f 1937 1938 1939 1940
f 1941 1942 1943 1944
f 1945 1946 1947
f 1948 1949 1950
f 1951 1952 1953
f 1954 1955 1956
f 1957 1958 1959
f 1960 1961 1962
f 1963 1964 1965
f 1966 1967 1968
usemtl DarkSteel
f 1969 1970 1971 1972
f 1973 1974 1975 1976
f 1977 1978 1979 1980
f 1981 1982 1983 1984
f 1985 1986 1987 1988
f 1989 1990 1991 1992
f 1993 1994 1995 1996
f 1997 1998 1999 2000
f 2001 2002 2003 2004
f 2005 2006 2007 2008
f 2009 2010 2011 2012
f 2013 2014 2015 2016
f 2017 2018 2019 2020
f 2021 2022 2023 2024
f 2025 2026 2027 2028 2029 2030 2031 2032 2033 2034 2035 2036 2037 2038
f 2039 2040 2041 2042 2043 2044 2045 2046 2047 2048 2049 2050 2051 2052
f 2053 2054 2055 2056
f 2057 2058 2059 2060
f 2061 2062 2063 2064
f 2065 2066 2067 2068
f 2069 2070 2071 2072
f 2073 2074 2075 2076
f 2077 2078 2079 2080
f 2081 2082 2083 2084
f 2085 2086 2087 2088
f 2089 2090 2091 2092
f 2093 2094 2095 2096
f 2097 2098 2099 2100
f 2101 2102 2103 2104
f 2105 2106 2107 2108
f 2109 2110 2111 2112 2113 2114 2115 2116 2117 2118 2119 2120 2121 2122
f 2123 2124 2125 2126 2127 2128 2129 2130 2131 2132 2133 2134 2135 2136
usemtl Copper
f 2137 2138 2139 2140
f 2141 2142 2143 2144
f 2145 2146 2147 2148
f 2149 2150 2151 2152
f 2153 2154 2155 2156
f 2157 2158 2159 2160
f 2161 2162 2163 2164
f 2165 2166 2167 2168
f 2169 2170 2171 2172
f 2173 2174 2175 2176
f 2177 2178 2179 2180
f 2181 2182 2183 2184
f 2185 2186 2187 2188 2189 2190 2191 2192 2193 2194 2195 2196
f 2197 2198 2199 2200 2201 2202 2203 2204 2205 2206 2207 2208
usemtl ChainSteel
f 2209 2210 2211 2212
f 2213 2214 2215 2216
f 2217 2218 2219 2220
f 2221 2222 2223 2224
f 2225 2226 2227 2228
f 2229 2230 2231 2232
f 2233 2234 2235 2236
f 2237 2238 2239 2240
f 2241 2242 2243 2244
f 2245 2246 2247 2248
f 2249 2250 2251 2252
f 2253 2254 2255 2256
f 2257 2258 2259 2260
f 2261 2262 2263 2264
f 2265 2266 2267 2268
f 2269 2270 2271 2272
f 2273 2274 2275 2276
f 2277 2278 2279 2280
f 2281 2282 2283 2284
f 2285 2286 2287 2288
f 2289 2290 2291 2292
f 2293 2294 2295 2296
f 2297 2298 2299 2300
f 2301 2302 2303 2304
f 2305 2306 2307 2308
f 2309 2310 2311 2312
f 2313 2314 2315 2316
f 2317 2318 2319 2320
f 2321 2322 2323 2324
f 2325 2326 2327 2328
f 2329 2330 2331 2332
f 2333 2334 2335 2336
f 2337 2338 2339 2340
f 2341 2342 2343 2344
f 2345 2346 2347 2348
f 2349 2350 2351 2352
f 2353 2354 2355 2356
f 2357 2358 2359 2360
f 2361 2362 2363 2364
f 2365 2366 2367 2368
f 2369 2370 2371 2372
f 2373 2374 2375 2376
f 2377 2378 2379 2380
f 2381 2382 2383 2384
f 2385 2386 2387 2388
f 2389 2390 2391 2392
f 2393 2394 2395 2396
f 2397 2398 2399 2400
f 2401 2402 2403 2404
f 2405 2406 2407 2408
f 2409 2410 2411 2412
f 2413 2414 2415 2416
f 2417 2418 2419 2420
f 2421 2422 2423 2424
f 2425 2426 2427 2428
f 2429 2430 2431 2432
f 2433 2434 2435 2436
f 2437 2438 2439 2440
f 2441 2442 2443 2444
f 2445 2446 2447 2448
f 2449 2450 2451 2452
f 2453 2454 2455 2456
f 2457 2458 2459 2460
f 2461 2462 2463 2464
f 2465 2466 2467 2468
f 2469 2470 2471 2472
f 2473 2474 2475 2476
f 2477 2478 2479 2480
f 2481 2482 2483 2484
f 2485 2486 2487 2488
f 2489 2490 2491 2492
f 2493 2494 2495 2496
f 2497 2498 2499 2500
f 2501 2502 2503 2504
f 2505 2506 2507 2508
f 2509 2510 2511 2512
f 2513 2514 2515 2516
f 2517 2518 2519 2520
f 2521 2522 2523 2524
f 2525 2526 2527 2528
f 2529 2530 2531 2532
f 2533 2534 2535 2536
f 2537 2538 2539 2540
f 2541 2542 2543 2544
f 2545 2546 2547 2548
f 2549 2550 2551 2552
f 2553 2554 2555 2556
f 2557 2558 2559 2560
f 2561 2562 2563 2564
f 2565 2566 2567 2568
f 2569 2570 2571 2572
f 2573 2574 2575 2576
f 2577 2578 2579 2580
f 2581 2582 2583 2584
f 2585 2586 2587 2588
f 2589 2590 2591 2592
f 2593 2594 2595 2596
f 2597 2598 2599 2600
f 2601 2602 2603 2604
f 2605 2606 2607 2608
f 2609 2610 2611 2612
f 2613 2614 2615 2616
f 2617 2618 2619 2620
f 2621 2622 2623 2624
f 2625 2626 2627 2628
f 2629 2630 2631 2632
f 2633 2634 2635 2636
f 2637 2638 2639 2640
f 2641 2642 2643 2644
f 2645 2646 2647 2648
f 2649 2650 2651 2652
f 2653 2654 2655 2656
f 2657 2658 2659 2660
f 2661 2662 2663 2664
f 2665 2666 2667 2668
f 2669 2670 2671 2672
f 2673 2674 2675 2676
f 2677 2678 2679 2680
f 2681 2682 2683 2684
f 2685 2686 2687 2688
f 2689 2690 2691 2692
f 2693 2694 2695 2696
f 2697 2698 2699 2700
f 2701 2702 2703 2704
f 2705 2706 2707 2708
f 2709 2710 2711 2712
f 2713 2714 2715 2716
f 2717 2718 2719 2720
f 2721 2722 2723 2724
f 2725 2726 2727 2728
f 2729 2730 2731 2732
f 2733 2734 2735 2736
f 2737 2738 2739 2740
f 2741 2742 2743 2744
f 2745 2746 2747 2748
f 2749 2750 2751 2752
f 2753 2754 2755 2756
f 2757 2758 2759 2760
f 2761 2762 2763 2764
f 2765 2766 2767 2768
f 2769 2770 2771 2772
f 2773 2774 2775 2776
f 2777 2778 2779 2780
f 2781 2782 2783 2784
f 2785 2786 2787 2788
f 2789 2790 2791 2792
f 2793 2794 2795 2796
f 2797 2798 2799 2800
f 2801 2802 2803 2804
f 2805 2806 2807 2808
f 2809 2810 2811 2812
f 2813 2814 2815 2816
f 2817 2818 2819 2820
f 2821 2822 2823 2824
f 2825 2826 2827 2828
f 2829 2830 2831 2832
f 2833 2834 2835 2836
f 2837 2838 2839 2840
f 2841 2842 2843 2844
f 2845 2846 2847 2848
f 2849 2850 2851 2852
f 2853 2854 2855 2856
f 2857 2858 2859 2860
f 2861 2862 2863 2864
f 2865 2866 2867 2868
f 2869 2870 2871 2872
f 2873 2874 2875 2876
f 2877 2878 2879 2880
f 2881 2882 2883 2884
f 2885 2886 2887 2888
f 2889 2890 2891 2892
f 2893 2894 2895 2896
f 2897 2898 2899 2900
f 2901 2902 2903 2904
f 2905 2906 2907 2908
f 2909 2910 2911 2912
f 2913 2914 2915 2916
f 2917 2918 2919 2920
f 2921 2922 2923 2924
f 2925 2926 2927 2928
f 2929 2930 2931 2932
f 2933 2934 2935 2936
f 2937 2938 2939 2940
f 2941 2942 2943 2944
f 2945 2946 2947 2948
f 2949 2950 2951 2952
f 2953 2954 2955 2956
f 2957 2958 2959 2960
f 2961 2962 2963 2964
f 2965 2966 2967 2968
f 2969 2970 2971 2972
f 2973 2974 2975 2976
f 2977 2978 2979 2980
f 2981 2982 2983 2984
f 2985 2986 2987 2988
f 2989 2990 2991 2992
f 2993 2994 2995 2996
f 2997 2998 2999 3000
f 3001 3002 3003 3004
f 3005 3006 3007 3008
f 3009 3010 3011 3012
f 3013 3014 3015 3016
f 3017 3018 3019 3020
f 3021 3022 3023 3024
f 3025 3026 3027 3028
f 3029 3030 3031 3032
f 3033 3034 3035 3036
f 3037 3038 3039 3040
f 3041 3042 3043 3044
f 3045 3046 3047 3048
f 3049 3050 3051 3052
f 3053 3054 3055 3056
f 3057 3058 3059 3060
f 3061 3062 3063 3064
f 3065 3066 3067 3068
f 3069 3070 3071 3072
f 3073 3074 3075 3076
f 3077 3078 3079 3080
f 3081 3082 3083 3084
f 3085 3086 3087 3088
f 3089 3090 3091 3092
f 3093 3094 3095 3096
f 3097 3098 3099 3100
f 3101 3102 3103 3104
f 3105 3106 3107 3108
f 3109 3110 3111 3112
f 3113 3114 3115 3116
f 3117 3118 3119 3120
f 3121 3122 3123 3124
f 3125 3126 3127 3128
f 3129 3130 3131 3132
f 3133 3134 3135 3136
f 3137 3138 3139 3140
f 3141 3142 3143 3144
f 3145 3146 3147 3148
f 3149 3150 3151 3152
f 3153 3154 3155 3156
f 3157 3158 3159 3160
f 3161 3162 3163 3164
f 3165 3166 3167 3168
f 3169 3170 3171 3172
f 3173 3174 3175 3176
f 3177 3178 3179 3180
f 3181 3182 3183 3184
f 3185 3186 3187 3188
f 3189 3190 3191 3192
f 3193 3194 3195 3196
f 3197 3198 3199 3200
f 3201 3202 3203 3204
f 3205 3206 3207 3208
f 3209 3210 3211 3212
f 3213 3214 3215 3216
f 3217 3218 3219 3220
f 3221 3222 3223 3224
f 3225 3226 3227 3228
f 3229 3230 3231 3232
f 3233 3234 3235 3236
f 3237 3238 3239 3240
f 3241 3242 3243 3244
f 3245 3246 3247 3248
f 3249 3250 3251 3252
f 3253 3254 3255 3256
f 3257 3258 3259 3260
f 3261 3262 3263 3264
f 3265 3266 3267 3268
f 3269 3270 3271 3272
f 3273 3274 3275 3276
f 3277 3278 3279 3280
f 3281 3282 3283 3284
f 3285 3286 3287 3288
f 3289 3290 3291 3292
f 3293 3294 3295 3296
f 3297 3298 3299 3300
f 3301 3302 3303 3304
f 3305 3306 3307 3308
f 3309 3310 3311 3312
f 3313 3314 3315 3316
f 3317 3318 3319 3320
f 3321 3322 3323 3324
f 3325 3326 3327 3328
f 3329 3330 3331 3332
f 3333 3334 3335 3336
f 3337 3338 3339 3340
f 3341 3342 3343 3344
f 3345 3346 3347 3348
f 3349 3350 3351 3352
f 3353 3354 3355 3356
f 3357 3358 3359 3360
f 3361 3362 3363 3364
f 3365 3366 3367 3368
f 3369 3370 3371 3372
f 3373 3374 3375 3376
f 3377 3378 3379 3380
f 3381 3382 3383 3384
f 3385 3386 3387 3388
f 3389 3390 3391 3392
f 3393 3394 3395 3396
f 3397 3398 3399 3400
f 3401 3402 3403 3404
f 3405 3406 3407 3408
f 3409 3410 3411 3412
f 3413 3414 3415 3416
f 3417 3418 3419 3420
f 3421 3422 3423 3424
f 3425 3426 3427 3428
f 3429 3430 3431 3432
f 3433 3434 3435 3436
f 3437 3438 3439 3440
f 3441 3442 3443 3444
f 3445 3446 3447 3448
f 3449 3450 3451 3452
f 3453 3454 3455 3456
f 3457 3458 3459 3460
f 3461 3462 3463 3464
f 3465 3466 3467 3468
f 3469 3470 3471 3472
f 3473 3474 3475 3476
f 3477 3478 3479 3480
f 3481 3482 3483 3484
f 3485 3486 3487 3488
f 3489 3490 3491 3492
f 3493 3494 3495 3496
f 3497 3498 3499 3500
f 3501 3502 3503 3504
f 3505 3506 3507 3508
f 3509 3510 3511 3512
f 3513 3514 3515 3516
f 3517 3518 3519 3520
f 3521 3522 3523 3524
f 3525 3526 3527 3528
f 3529 3530 3531 3532
f 3533 3534 3535 3536
f 3537 3538 3539 3540
f 3541 3542 3543 3544
f 3545 3546 3547 3548
f 3549 3550 3551 3552
f 3553 3554 3555 3556
f 3557 3558 3559 3560
f 3561 3562 3563 3564
f 3565 3566 3567 3568
f 3569 3570 3571 3572
f 3573 3574 3575 3576
f 3577 3578 3579 3580
f 3581 3582 3583 3584
f 3585 3586 3587 3588
f 3589 3590 3591 3592
f 3593 3594 3595 3596
f 3597 3598 3599 3600
usemtl Stainless
f 3601 3602 3603 3604
f 3605 3606 3607 3608
f 3609 3610 3611 3612
f 3613 3614 3615 3616
f 3617 3618 3619 3620
f 3621 3622 3623 3624
f 3625 3626 3627 3628
f 3629 3630 3631 3632
f 3633 3634 3635 3636
f 3637 3638 3639 3640
f 3641 3642 3643 3644
f 3645 3646 3647 3648
f 3649 3650 3651 3652
f 3653 3654 3655 3656
f 3657 3658 3659 3660
f 3661 3662 3663 3664
f 3665 3666 3667 3668
f 3669 3670 3671 3672
f 3673 3674 3675
f 3676 3677 3678
f 3679 3680 3681
f 3682 3683 3684
f 3685 3686 3687
f 3688 3689 3690
f 3691 3692 3693
f 3694 3695 3696
usemtl PcbGreen
f 3697 3698 3699 3700
f 3701 3702 3703 3704
f 3705 3706 3707 3708
f 3709 3710 3711 3712
f 3713 3714 3715 3716
f 3717 3718 3719 3720
f 3721 3722 3723 3724
f 3725 3726 3727 3728
f 3729 3730 3731 3732
f 3733 3734 3735 3736
f 3737 3738 3739 3740
f 3741 3742 3743 3744
f 3745 3746 3747 3748
f 3749 3750 3751 3752
f 3753 3754 3755 3756
f 3757 3758 3759 3760
f 3761 3762 3763 3764
f 3765 3766 3767 3768
f 3769 3770 3771
f 3772 3773 3774
f 3775 3776 3777
f 3778 3779 3780
f 3781 3782 3783
f 3784 3785 3786
f 3787 3788 3789
f 3790 3791 3792
usemtl Copper
f 3793 3794 3795 3796
f 3797 3798 3799 3800
f 3801 3802 3803 3804
f 3805 3806 3807 3808
f 3809 3810 3811 3812
f 3813 3814 3815 3816
f 3817 3818 3819 3820
f 3821 3822 3823 3824
f 3825 3826 3827 3828
f 3829 3830 3831 3832
f 3833 3834 3835 3836
f 3837 3838 3839 3840
f 3841 3842 3843 3844
f 3845 3846 3847 3848
f 3849 3850 3851 3852
f 3853 3854 3855 3856
f 3857 3858 3859 3860
f 3861 3862 3863 3864
f 3865 3866 3867
f 3868 3869 3870
f 3871 3872 3873
f 3874 3875 3876
f 3877 3878 3879
f 3880 3881 3882
f 3883 3884 3885
f 3886 3887 3888
f 3889 3890 3891 3892
f 3893 3894 3895 3896
f 3897 3898 3899 3900
f 3901 3902 3903 3904
f 3905 3906 3907 3908
f 3909 3910 3911 3912
f 3913 3914 3915 3916
f 3917 3918 3919 3920
f 3921 3922 3923 3924
f 3925 3926 3927 3928
f 3929 3930 3931 3932
f 3933 3934 3935 3936
f 3937 3938 3939 3940
f 3941 3942 3943 3944
f 3945 3946 3947 3948
f 3949 3950 3951 3952
f 3953 3954 3955 3956
f 3957 3958 3959 3960
f 3961 3962 3963
f 3964 3965 3966
f 3967 3968 3969
f 3970 3971 3972
f 3973 3974 3975
f 3976 3977 3978
f 3979 3980 3981
f 3982 3983 3984
f 3985 3986 3987 3988
f 3989 3990 3991 3992
f 3993 3994 3995 3996
f 3997 3998 3999 4000
f 4001 4002 4003 4004
f 4005 4006 4007 4008
f 4009 4010 4011 4012
f 4013 4014 4015 4016
f 4017 4018 4019 4020
f 4021 4022 4023 4024
f 4025 4026 4027 4028
f 4029 4030 4031 4032
f 4033 4034 4035 4036
f 4037 4038 4039 4040
f 4041 4042 4043 4044
f 4045 4046 4047 4048
f 4049 4050 4051 4052
f 4053 4054 4055 4056
f 4057 4058 4059
f 4060 4061 4062
f 4063 4064 4065
f 4066 4067 4068
f 4069 4070 4071
f 4072 4073 4074
f 4075 4076 4077
f 4078 4079 4080
f 4081 4082 4083 4084
f 4085 4086 4087 4088
f 4089 4090 4091 4092
f 4093 4094 4095 4096
f 4097 4098 4099 4100
f 4101 4102 4103 4104
f 4105 4106 4107 4108
f 4109 4110 4111 4112
f 4113 4114 4115 4116
f 4117 4118 4119 4120
f 4121 4122 4123 4124
f 4125 4126 4127 4128
f 4129 4130 4131 4132
f 4133 4134 4135 4136
f 4137 4138 4139 4140
f 4141 4142 4143 4144
f 4145 4146 4147 4148
f 4149 4150 4151 4152
f 4153 4154 4155
f 4156 4157 4158
f 4159 4160 4161
f 4162 4163 4164
f 4165 4166 4167
f 4168 4169 4170
f 4171 4172 4173
f 4174 4175 4176
usemtl DarkSteel
f 4177 4178 4179 4180
f 4181 4182 4183 4184
f 4185 4186 4187 4188
f 4189 4190 4191 4192
f 4193 4194 4195 4196
f 4197 4198 4199 4200
f 4201 4202 4203 4204
f 4205 4206 4207 4208
f 4209 4210 4211 4212
f 4213 4214 4215 4216
f 4217 4218 4219 4220
f 4221 4222 4223 4224
f 4225 4226 4227 4228
f 4229 4230 4231 4232
f 4233 4234 4235 4236 4237 4238 4239 4240 4241 4242 4243 4244 4245 4246
f 4247 4248 4249 4250 4251 4252 4253 4254 4255 4256 4257 4258 4259 4260
f 4261 4262 4263 4264
f 4265 4266 4267 4268
f 4269 4270 4271 4272
f 4273 4274 4275 4276
f 4277 4278 4279 4280
f 4281 4282 4283 4284
f 4285 4286 4287 4288
f 4289 4290 4291 4292
f 4293 4294 4295 4296
f 4297 4298 4299 4300
f 4301 4302 4303 4304
f 4305 4306 4307 4308
f 4309 4310 4311 4312
f 4313 4314 4315 4316
f 4317 4318 4319 4320 4321 4322 4323 4324 4325 4326 4327 4328 4329 4330
f 4331 4332 4333 4334 4335 4336 4337 4338 4339 4340 4341 4342 4343 4344
usemtl Copper
f 4345 4346 4347 4348
f 4349 4350 4351 4352
f 4353 4354 4355 4356
f 4357 4358 4359 4360
f 4361 4362 4363 4364
f 4365 4366 4367 4368
f 4369 4370 4371 4372
f 4373 4374 4375 4376
f 4377 4378 4379 4380
f 4381 4382 4383 4384
f 4385 4386 4387 4388
f 4389 4390 4391 4392
f 4393 4394 4395 4396 4397 4398 4399 4400 4401 4402 4403 4404
f 4405 4406 4407 4408 4409 4410 4411 4412 4413 4414 4415 4416
usemtl ChainSteel
f 4417 4418 4419 4420
f 4421 4422 4423 4424
f 4425 4426 4427 4428
f 4429 4430 4431 4432
f 4433 4434 4435 4436
f 4437 4438 4439 4440
f 4441 4442 4443 4444
f 4445 4446 4447 4448
f 4449 4450 4451 4452
f 4453 4454 4455 4456
f 4457 4458 4459 4460
f 4461 4462 4463 4464
f 4465 4466 4467 4468
f 4469 4470 4471 4472
f 4473 4474 4475 4476
f 4477 4478 4479 4480
f 4481 4482 4483 4484
f 4485 4486 4487 4488
f 4489 4490 4491 4492
f 4493 4494 4495 4496
f 4497 4498 4499 4500
f 4501 4502 4503 4504
f 4505 4506 4507 4508
f 4509 4510 4511 4512
f 4513 4514 4515 4516
f 4517 4518 4519 4520
f 4521 4522 4523 4524
f 4525 4526 4527 4528
f 4529 4530 4531 4532
f 4533 4534 4535 4536
f 4537 4538 4539 4540
f 4541 4542 4543 4544
f 4545 4546 4547 4548
f 4549 4550 4551 4552
f 4553 4554 4555 4556
f 4557 4558 4559 4560
f 4561 4562 4563 4564
f 4565 4566 4567 4568
f 4569 4570 4571 4572
f 4573 4574 4575 4576
f 4577 4578 4579 4580
f 4581 4582 4583 4584
f 4585 4586 4587 4588
f 4589 4590 4591 4592
f 4593 4594 4595 4596
f 4597 4598 4599 4600
f 4601 4602 4603 4604
f 4605 4606 4607 4608
f 4609 4610 4611 4612
f 4613 4614 4615 4616
f 4617 4618 4619 4620
f 4621 4622 4623 4624
f 4625 4626 4627 4628
f 4629 4630 4631 4632
f 4633 4634 4635 4636
f 4637 4638 4639 4640
f 4641 4642 4643 4644
f 4645 4646 4647 4648
f 4649 4650 4651 4652
f 4653 4654 4655 4656
f 4657 4658 4659 4660
f 4661 4662 4663 4664
f 4665 4666 4667 4668
f 4669 4670 4671 4672
f 4673 4674 4675 4676
f 4677 4678 4679 4680
f 4681 4682 4683 4684
f 4685 4686 4687 4688
f 4689 4690 4691 4692
f 4693 4694 4695 4696
f 4697 4698 4699 4700
f 4701 4702 4703 4704
f 4705 4706 4707 4708
f 4709 4710 4711 4712
f 4713 4714 4715 4716
f 4717 4718 4719 4720
f 4721 4722 4723 4724
f 4725 4726 4727 4728
f 4729 4730 4731 4732
f 4733 4734 4735 4736
f 4737 4738 4739 4740
f 4741 4742 4743 4744
f 4745 4746 4747 4748
f 4749 4750 4751 4752
f 4753 4754 4755 4756
f 4757 4758 4759 4760
f 4761 4762 4763 4764
f 4765 4766 4767 4768
f 4769 4770 4771 4772
f 4773 4774 4775 4776
f 4777 4778 4779 4780
f 4781 4782 4783 4784
f 4785 4786 4787 4788
f 4789 4790 4791 4792
f 4793 4794 4795 4796
f 4797 4798 4799 4800
f 4801 4802 4803 4804
f 4805 4806 4807 4808
f 4809 4810 4811 4812
f 4813 4814 4815 4816
f 4817 4818 4819 4820
f 4821 4822 4823 4824
f 4825 4826 4827 4828
f 4829 4830 4831 4832
f 4833 4834 4835 4836
f 4837 4838 4839 4840
f 4841 4842 4843 4844
f 4845 4846 4847 4848
f 4849 4850 4851 4852
f 4853 4854 4855 4856
f 4857 4858 4859 4860
f 4861 4862 4863 4864
f 4865 4866 4867 4868
f 4869 4870 4871 4872
f 4873 4874 4875 4876
f 4877 4878 4879 4880
f 4881 4882 4883 4884
f 4885 4886 4887 4888
f 4889 4890 4891 4892
f 4893 4894 4895 4896
f 4897 4898 4899 4900
f 4901 4902 4903 4904
f 4905 4906 4907 4908
f 4909 4910 4911 4912
f 4913 4914 4915 4916
f 4917 4918 4919 4920
f 4921 4922 4923 4924
f 4925 4926 4927 4928
f 4929 4930 4931 4932
f 4933 4934 4935 4936
f 4937 4938 4939 4940
f 4941 4942 4943 4944
f 4945 4946 4947 4948
f 4949 4950 4951 4952
f 4953 4954 4955 4956
f 4957 4958 4959 4960
f 4961 4962 4963 4964
f 4965 4966 4967 4968
f 4969 4970 4971 4972
f 4973 4974 4975 4976
f 4977 4978 4979 4980
f 4981 4982 4983 4984
f 4985 4986 4987 4988
f 4989 4990 4991 4992
f 4993 4994 4995 4996
f 4997 4998 4999 5000
f 5001 5002 5003 5004
f 5005 5006 5007 5008
f 5009 5010 5011 5012
f 5013 5014 5015 5016
f 5017 5018 5019 5020
f 5021 5022 5023 5024
f 5025 5026 5027 5028
f 5029 5030 5031 5032
f 5033 5034 5035 5036
f 5037 5038 5039 5040
f 5041 5042 5043 5044
f 5045 5046 5047 5048
f 5049 5050 5051 5052
f 5053 5054 5055 5056
f 5057 5058 5059 5060
f 5061 5062 5063 5064
f 5065 5066 5067 5068
f 5069 5070 5071 5072
f 5073 5074 5075 5076
f 5077 5078 5079 5080
f 5081 5082 5083 5084
f 5085 5086 5087 5088
f 5089 5090 5091 5092
f 5093 5094 5095 5096
f 5097 5098 5099 5100
f 5101 5102 5103 5104
f 5105 5106 5107 5108
f 5109 5110 5111 5112
f 5113 5114 5115 5116
f 5117 5118 5119 5120
f 5121 5122 5123 5124
f 5125 5126 5127 5128
f 5129 5130 5131 5132
f 5133 5134 5135 5136
f 5137 5138 5139 5140
f 5141 5142 5143 5144
f 5145 5146 5147 5148
f 5149 5150 5151 5152
f 5153 5154 5155 5156
f 5157 5158 5159 5160
f 5161 5162 5163 5164
f 5165 5166 5167 5168
f 5169 5170 5171 5172
f 5173 5174 5175 5176
f 5177 5178 5179 5180
f 5181 5182 5183 5184
f 5185 5186 5187 5188
f 5189 5190 5191 5192
f 5193 5194 5195 5196
f 5197 5198 5199 5200
f 5201 5202 5203 5204
f 5205 5206 5207 5208
f 5209 5210 5211 5212
f 5213 5214 5215 5216
f 5217 5218 5219 5220
f 5221 5222 5223 5224
f 5225 5226 5227 5228
f 5229 5230 5231 5232
f 5233 5234 5235 5236
f 5237 5238 5239 5240
f 5241 5242 5243 5244
f 5245 5246 5247 5248
f 5249 5250 5251 5252
f 5253 5254 5255 5256
f 5257 5258 5259 5260
f 5261 5262 5263 5264
f 5265 5266 5267 5268
f 5269 5270 5271 5272
f 5273 5274 5275 5276
f 5277 5278 5279 5280
f 5281 5282 5283 5284
f 5285 5286 5287 5288
f 5289 5290 5291 5292
f 5293 5294 5295 5296
f 5297 5298 5299 5300
f 5301 5302 5303 5304
f 5305 5306 5307 5308
f 5309 5310 5311 5312
f 5313 5314 5315 5316
f 5317 5318 5319 5320
f 5321 5322 5323 5324
f 5325 5326 5327 5328
f 5329 5330 5331 5332
f 5333 5334 5335 5336
f 5337 5338 5339 5340
f 5341 5342 5343 5344
f 5345 5346 5347 5348
f 5349 5350 5351 5352
f 5353 5354 5355 5356
f 5357 5358 5359 5360
f 5361 5362 5363 5364
f 5365 5366 5367 5368
f 5369 5370 5371 5372
f 5373 5374 5375 5376
f 5377 5378 5379 5380
f 5381 5382 5383 5384
f 5385 5386 5387 5388
f 5389 5390 5391 5392
f 5393 5394 5395 5396
f 5397 5398 5399 5400
f 5401 5402 5403 5404
f 5405 5406 5407 5408
f 5409 5410 5411 5412
f 5413 5414 5415 5416
f 5417 5418 5419 5420
f 5421 5422 5423 5424
f 5425 5426 5427 5428
f 5429 5430 5431 5432
f 5433 5434 5435 5436
f 5437 5438 5439 5440
f 5441 5442 5443 5444
f 5445 5446 5447 5448
f 5449 5450 5451 5452
f 5453 5454 5455 5456
f 5457 5458 5459 5460
f 5461 5462 5463 5464
f 5465 5466 5467 5468
f 5469 5470 5471 5472
f 5473 5474 5475 5476
f 5477 5478 5479 5480
f 5481 5482 5483 5484
f 5485 5486 5487 5488
f 5489 5490 5491 5492
f 5493 5494 5495 5496
f 5497 5498 5499 5500
f 5501 5502 5503 5504
f 5505 5506 5507 5508
f 5509 5510 5511 5512
f 5513 5514 5515 5516
f 5517 5518 5519 5520
f 5521 5522 5523 5524
f 5525 5526 5527 5528
f 5529 5530 5531 5532
f 5533 5534 5535 5536
f 5537 5538 5539 5540
f 5541 5542 5543 5544
f 5545 5546 5547 5548
f 5549 5550 5551 5552
f 5553 5554 5555 5556
f 5557 5558 5559 5560
f 5561 5562 5563 5564
f 5565 5566 5567 5568
f 5569 5570 5571 5572
f 5573 5574 5575 5576
f 5577 5578 5579 5580
f 5581 5582 5583 5584
f 5585 5586 5587 5588
f 5589 5590 5591 5592
f 5593 5594 5595 5596
f 5597 5598 5599 5600
f 5601 5602 5603 5604
f 5605 5606 5607 5608
f 5609 5610 5611 5612
f 5613 5614 5615 5616
f 5617 5618 5619 5620
f 5621 5622 5623 5624
f 5625 5626 5627 5628
f 5629 5630 5631 5632
f 5633 5634 5635 5636
f 5637 5638 5639 5640
f 5641 5642 5643 5644
f 5645 5646 5647 5648
f 5649 5650 5651 5652
f 5653 5654 5655 5656
f 5657 5658 5659 5660
f 5661 5662 5663 5664
f 5665 5666 5667 5668
f 5669 5670 5671 5672
f 5673 5674 5675 5676
f 5677 5678 5679 5680
f 5681 5682 5683 5684
f 5685 5686 5687 5688
f 5689 5690 5691 5692
f 5693 5694 5695 5696
f 5697 5698 5699 5700
f 5701 5702 5703 5704
f 5705 5706 5707 5708
f 5709 5710 5711 5712
f 5713 5714 5715 5716
f 5717 5718 5719 5720
f 5721 5722 5723 5724
f 5725 5726 5727 5728
f 5729 5730 5731 5732
f 5733 5734 5735 5736
f 5737 5738 5739 5740
f 5741 5742 5743 5744
f 5745 5746 5747 5748
f 5749 5750 5751 5752
f 5753 5754 5755 5756
f 5757 5758 5759 5760
f 5761 5762 5763 5764
f 5765 5766 5767 5768
f 5769 5770 5771 5772
f 5773 5774 5775 5776
f 5777 5778 5779 5780
f 5781 5782 5783 5784
f 5785 5786 5787 5788
f 5789 5790 5791 5792
f 5793 5794 5795 5796
f 5797 5798 5799 5800
f 5801 5802 5803 5804
f 5805 5806 5807 5808
usemtl Stainless
f 5809 5810 5811 5812
f 5813 5814 5815 5816
f 5817 5818 5819 5820
f 5821 5822 5823 5824
f 5825 5826 5827 5828
f 5829 5830 5831 5832
f 5833 5834 5835 5836
f 5837 5838 5839 5840
f 5841 5842 5843 5844
f 5845 5846 5847 5848
f 5849 5850 5851 5852
f 5853 5854 5855 5856
f 5857 5858 5859 5860
f 5861 5862 5863 5864
f 5865 5866 5867 5868
f 5869 5870 5871 5872
f 5873 5874 5875 5876
f 5877 5878 5879 5880
f 5881 5882 5883
f 5884 5885 5886
f 5887 5888 5889
f 5890 5891 5892
f 5893 5894 5895
f 5896 5897 5898
f 5899 5900 5901
f 5902 5903 5904
usemtl PcbGreen
f 5905 5906 5907 5908
f 5909 5910 5911 5912
f 5913 5914 5915 5916
f 5917 5918 5919 5920
f 5921 5922 5923 5924
f 5925 5926 5927 5928
f 5929 5930 5931 5932
f 5933 5934 5935 5936
f 5937 5938 5939 5940
f 5941 5942 5943 5944
f 5945 5946 5947 5948
f 5949 5950 5951 5952
f 5953 5954 5955 5956
f 5957 5958 5959 5960
f 5961 5962 5963 5964
f 5965 5966 5967 5968
f 5969 5970 5971 5972
f 5973 5974 5975 5976
f 5977 5978 5979
f 5980 5981 5982
f 5983 5984 5985
f 5986 5987 5988
f 5989 5990 5991
f 5992 5993 5994
f 5995 5996 5997
f 5998 5999 6000
usemtl Copper
f 6001 6002 6003 6004
f 6005 6006 6007 6008
f 6009 6010 6011 6012
f 6013 6014 6015 6016
f 6017 6018 6019 6020
f 6021 6022 6023 6024
f 6025 6026 6027 6028
f 6029 6030 6031 6032
f 6033 6034 6035 6036
f 6037 6038 6039 6040
f 6041 6042 6043 6044
f 6045 6046 6047 6048
f 6049 6050 6051 6052
f 6053 6054 6055 6056
f 6057 6058 6059 6060
f 6061 6062 6063 6064
f 6065 6066 6067 6068
f 6069 6070 6071 6072
f 6073 6074 6075
f 6076 6077 6078
f 6079 6080 6081
f 6082 6083 6084
f 6085 6086 6087
f 6088 6089 6090
f 6091 6092 6093
f 6094 6095 6096
f 6097 6098 6099 6100
f 6101 6102 6103 6104
f 6105 6106 6107 6108
f 6109 6110 6111 6112
f 6113 6114 6115 6116
f 6117 6118 6119 6120
f 6121 6122 6123 6124
f 6125 6126 6127 6128
f 6129 6130 6131 6132
f 6133 6134 6135 6136
f 6137 6138 6139 6140
f 6141 6142 6143 6144
f 6145 6146 6147 6148
f 6149 6150 6151 6152
f 6153 6154 6155 6156
f 6157 6158 6159 6160
f 6161 6162 6163 6164
f 6165 6166 6167 6168
f 6169 6170 6171
f 6172 6173 6174
f 6175 6176 6177
f 6178 6179 6180
f 6181 6182 6183
f 6184 6185 6186
f 6187 6188 6189
f 6190 6191 6192
f 6193 6194 6195 6196
f 6197 6198 6199 6200
f 6201 6202 6203 6204
f 6205 6206 6207 6208
f 6209 6210 6211 6212
f 6213 6214 6215 6216
f 6217 6218 6219 6220
f 6221 6222 6223 6224
f 6225 6226 6227 6228
f 6229 6230 6231 6232
f 6233 6234 6235 6236
f 6237 6238 6239 6240
f 6241 6242 6243 6244
f 6245 6246 6247 6248
f 6249 6250 6251 6252
f 6253 6254 6255 6256
f 6257 6258 6259 6260
f 6261 6262 6263 6264
f 6265 6266 6267
f 6268 6269 6270
f 6271 6272 6273
f 6274 6275 6276
f 6277 6278 6279
f 6280 6281 6282
f 6283 6284 6285
f 6286 6287 6288
f 6289 6290 6291 6292
f 6293 6294 6295 6296
f 6297 6298 6299 6300
f 6301 6302 6303 6304
f 6305 6306 6307 6308
f 6309 6310 6311 6312
f 6313 6314 6315 6316
f 6317 6318 6319 6320
f 6321 6322 6323 6324
f 6325 6326 6327 6328
f 6329 6330 6331 6332
f 6333 6334 6335 6336
f 6337 6338 6339 6340
f 6341 6342 6343 6344
f 6345 6346 6347 6348
f 6349 6350 6351 6352
f 6353 6354 6355 6356
f 6357 6358 6359 6360
f 6361 6362 6363
f 6364 6365 6366
f 6367 6368 6369
f 6370 6371 6372
f 6373 6374 6375
f 6376 6377 6378
f 6379 6380 6381
f 6382 6383 6384
usemtl DarkSteel
f 6385 6386 6387 6388
f 6389 6390 6391 6392
f 6393 6394 6395 6396
f 6397 6398 6399 6400
f 6401 6402 6403 6404
f 6405 6406 6407 6408
f 6409 6410 6411 6412
f 6413 6414 6415 6416
f 6417 6418 6419 6420
f 6421 6422 6423 6424
f 6425 6426 6427 6428
f 6429 6430 6431 6432
f 6433 6434 6435 6436
f 6437 6438 6439 6440
f 6441 6442 6443 6444 6445 6446 6447 6448 6449 6450 6451 6452 6453 6454
f 6455 6456 6457 6458 6459 6460 6461 6462 6463 6464 6465 6466 6467 6468
f 6469 6470 6471 6472
f 6473 6474 6475 6476
f 6477 6478 6479 6480
f 6481 6482 6483 6484
f 6485 6486 6487 6488
f 6489 6490 6491 6492
f 6493 6494 6495 6496
f 6497 6498 6499 6500
f 6501 6502 6503 6504
f 6505 6506 6507 6508
f 6509 6510 6511 6512
f 6513 6514 6515 6516
f 6517 6518 6519 6520
f 6521 6522 6523 6524
f 6525 6526 6527 6528 6529 6530 6531 6532 6533 6534 6535 6536 6537 6538
f 6539 6540 6541 6542 6543 6544 6545 6546 6547 6548 6549 6550 6551 6552
usemtl Copper
f 6553 6554 6555 6556
f 6557 6558 6559 6560
f 6561 6562 6563 6564
f 6565 6566 6567 6568
f 6569 6570 6571 6572
f 6573 6574 6575 6576
f 6577 6578 6579 6580
f 6581 6582 6583 6584
f 6585 6586 6587 6588
f 6589 6590 6591 6592
f 6593 6594 6595 6596
f 6597 6598 6599 6600
f 6601 6602 6603 6604 6605 6606 6607 6608 6609 6610 6611 6612
f 6613 6614 6615 6616 6617 6618 6619 6620 6621 6622 6623 6624
usemtl ChainSteel
f 6625 6626 6627 6628
f 6629 6630 6631 6632
f 6633 6634 6635 6636
f 6637 6638 6639 6640
f 6641 6642 6643 6644
f 6645 6646 6647 6648
f 6649 6650 6651 6652
f 6653 6654 6655 6656
f 6657 6658 6659 6660
f 6661 6662 6663 6664
f 6665 6666 6667 6668
f 6669 6670 6671 6672
f 6673 6674 6675 6676
f 6677 6678 6679 6680
f 6681 6682 6683 6684
f 6685 6686 6687 6688
f 6689 6690 6691 6692
f 6693 6694 6695 6696
f 6697 6698 6699 6700
f 6701 6702 6703 6704
f 6705 6706 6707 6708
f 6709 6710 6711 6712
f 6713 6714 6715 6716
f 6717 6718 6719 6720
f 6721 6722 6723 6724
f 6725 6726 6727 6728
f 6729 6730 6731 6732
f 6733 6734 6735 6736
f 6737 6738 6739 6740
f 6741 6742 6743 6744
f 6745 6746 6747 6748
f 6749 6750 6751 6752
f 6753 6754 6755 6756
f 6757 6758 6759 6760
f 6761 6762 6763 6764
f 6765 6766 6767 6768
f 6769 6770 6771 6772
f 6773 6774 6775 6776
f 6777 6778 6779 6780
f 6781 6782 6783 6784
f 6785 6786 6787 6788
f 6789 6790 6791 6792
f 6793 6794 6795 6796
f 6797 6798 6799 6800
f 6801 6802 6803 6804
f 6805 6806 6807 6808
f 6809 6810 6811 6812
f 6813 6814 6815 6816
f 6817 6818 6819 6820
f 6821 6822 6823 6824
f 6825 6826 6827 6828
f 6829 6830 6831 6832
f 6833 6834 6835 6836
f 6837 6838 6839 6840
f 6841 6842 6843 6844
f 6845 6846 6847 6848
f 6849 6850 6851 6852
f 6853 6854 6855 6856
f 6857 6858 6859 6860
f 6861 6862 6863 6864
f 6865 6866 6867 6868
f 6869 6870 6871 6872
f 6873 6874 6875 6876
f 6877 6878 6879 6880
f 6881 6882 6883 6884
f 6885 6886 6887 6888
f 6889 6890 6891 6892
f 6893 6894 6895 6896
f 6897 6898 6899 6900
f 6901 6902 6903 6904
f 6905 6906 6907 6908
f 6909 6910 6911 6912
f 6913 6914 6915 6916
f 6917 6918 6919 6920
f 6921 6922 6923 6924
f 6925 6926 6927 6928
f 6929 6930 6931 6932
f 6933 6934 6935 6936
f 6937 6938 6939 6940
f 6941 6942 6943 6944
f 6945 6946 6947 6948
f 6949 6950 6951 6952
f 6953 6954 6955 6956
f 6957 6958 6959 6960
f 6961 6962 6963 6964
f 6965 6966 6967 6968
f 6969 6970 6971 6972
f 6973 6974 6975 6976
f 6977 6978 6979 6980
f 6981 6982 6983 6984
f 6985 6986 6987 6988
f 6989 6990 6991 6992
f 6993 6994 6995 6996
f 6997 6998 6999 7000
f 7001 7002 7003 7004
f 7005 7006 7007 7008
f 7009 7010 7011 7012
f 7013 7014 7015 7016
f 7017 7018 7019 7020
f 7021 7022 7023 7024
f 7025 7026 7027 7028
f 7029 7030 7031 7032
f 7033 7034 7035 7036
f 7037 7038 7039 7040
f 7041 7042 7043 7044
f 7045 7046 7047 7048
f 7049 7050 7051 7052
f 7053 7054 7055 7056
f 7057 7058 7059 7060
f 7061 7062 7063 7064
f 7065 7066 7067 7068
f 7069 7070 7071 7072
f 7073 7074 7075 7076
f 7077 7078 7079 7080
f 7081 7082 7083 7084
f 7085 7086 7087 7088
f 7089 7090 7091 7092
f 7093 7094 7095 7096
f 7097 7098 7099 7100
f 7101 7102 7103 7104
f 7105 7106 7107 7108
f 7109 7110 7111 7112
f 7113 7114 7115 7116
f 7117 7118 7119 7120
f 7121 7122 7123 7124
f 7125 7126 7127 7128
f 7129 7130 7131 7132
f 7133 7134 7135 7136
f 7137 7138 7139 7140
f 7141 7142 7143 7144
f 7145 7146 7147 7148
f 7149 7150 7151 7152
f 7153 7154 7155 7156
f 7157 7158 7159 7160
f 7161 7162 7163 7164
f 7165 7166 7167 7168
f 7169 7170 7171 7172
f 7173 7174 7175 7176
f 7177 7178 7179 7180
f 7181 7182 7183 7184
f 7185 7186 7187 7188
f 7189 7190 7191 7192
f 7193 7194 7195 7196
f 7197 7198 7199 7200
f 7201 7202 7203 7204
f 7205 7206 7207 7208
f 7209 7210 7211 7212
f 7213 7214 7215 7216
f 7217 7218 7219 7220
f 7221 7222 7223 7224
f 7225 7226 7227 7228
f 7229 7230 7231 7232
f 7233 7234 7235 7236
f 7237 7238 7239 7240
f 7241 7242 7243 7244
f 7245 7246 7247 7248
f 7249 7250 7251 7252
f 7253 7254 7255 7256
f 7257 7258 7259 7260
f 7261 7262 7263 7264
f 7265 7266 7267 7268
f 7269 7270 7271 7272
f 7273 7274 7275 7276
f 7277 7278 7279 7280
f 7281 7282 7283 7284
f 7285 7286 7287 7288
f 7289 7290 7291 7292
f 7293 7294 7295 7296
f 7297 7298 7299 7300
f 7301 7302 7303 7304
f 7305 7306 7307 7308
f 7309 7310 7311 7312
f 7313 7314 7315 7316
f 7317 7318 7319 7320
f 7321 7322 7323 7324
f 7325 7326 7327 7328
f 7329 7330 7331 7332
f 7333 7334 7335 7336
f 7337 7338 7339 7340
f 7341 7342 7343 7344
f 7345 7346 7347 7348
f 7349 7350 7351 7352
f 7353 7354 7355 7356
f 7357 7358 7359 7360
f 7361 7362 7363 7364
f 7365 7366 7367 7368
f 7369 7370 7371 7372
f 7373 7374 7375 7376
f 7377 7378 7379 7380
f 7381 7382 7383 7384
f 7385 7386 7387 7388
f 7389 7390 7391 7392
f 7393 7394 7395 7396
f 7397 7398 7399 7400
f 7401 7402 7403 7404
f 7405 7406 7407 7408
f 7409 7410 7411 7412
f 7413 7414 7415 7416
f 7417 7418 7419 7420
f 7421 7422 7423 7424
f 7425 7426 7427 7428
f 7429 7430 7431 7432
f 7433 7434 7435 7436
f 7437 7438 7439 7440
f 7441 7442 7443 7444
f 7445 7446 7447 7448
f 7449 7450 7451 7452
f 7453 7454 7455 7456
f 7457 7458 7459 7460
f 7461 7462 7463 7464
f 7465 7466 7467 7468
f 7469 7470 7471 7472
f 7473 7474 7475 7476
f 7477 7478 7479 7480
f 7481 7482 7483 7484
f 7485 7486 7487 7488
f 7489 7490 7491 7492
f 7493 7494 7495 7496
f 7497 7498 7499 7500
f 7501 7502 7503 7504
f 7505 7506 7507 7508
f 7509 7510 7511 7512
f 7513 7514 7515 7516
f 7517 7518 7519 7520
f 7521 7522 7523 7524
f 7525 7526 7527 7528
f 7529 7530 7531 7532
f 7533 7534 7535 7536
f 7537 7538 7539 7540
f 7541 7542 7543 7544
f 7545 7546 7547 7548
f 7549 7550 7551 7552
f 7553 7554 7555 7556
f 7557 7558 7559 7560
f 7561 7562 7563 7564
f 7565 7566 7567 7568
f 7569 7570 7571 7572
f 7573 7574 7575 7576
f 7577 7578 7579 7580
f 7581 7582 7583 7584
f 7585 7586 7587 7588
f 7589 7590 7591 7592
f 7593 7594 7595 7596
f 7597 7598 7599 7600
f 7601 7602 7603 7604
f 7605 7606 7607 7608
f 7609 7610 7611 7612
f 7613 7614 7615 7616
f 7617 7618 7619 7620
f 7621 7622 7623 7624
f 7625 7626 7627 7628
f 7629 7630 7631 7632
f 7633 7634 7635 7636
f 7637 7638 7639 7640
f 7641 7642 7643 7644
f 7645 7646 7647 7648
f 7649 7650 7651 7652
f 7653 7654 7655 7656
f 7657 7658 7659 7660
f 7661 7662 7663 7664
f 7665 7666 7667 7668
f 7669 7670 7671 7672
f 7673 7674 7675 7676
f 7677 7678 7679 7680
f 7681 7682 7683 7684
f 7685 7686 7687 7688
f 7689 7690 7691 7692
f 7693 7694 7695 7696
f 7697 7698 7699 7700
f 7701 7702 7703 7704
f 7705 7706 7707 7708
f 7709 7710 7711 7712
f 7713 7714 7715 7716
f 7717 7718 7719 7720
f 7721 7722 7723 7724
f 7725 7726 7727 7728
f 7729 7730 7731 7732
f 7733 7734 7735 7736
f 7737 7738 7739 7740
f 7741 7742 7743 7744
f 7745 7746 7747 7748
f 7749 7750 7751 7752
f 7753 7754 7755 7756
f 7757 7758 7759 7760
f 7761 7762 7763 7764
f 7765 7766 7767 7768
f 7769 7770 7771 7772
f 7773 7774 7775 7776
f 7777 7778 7779 7780
f 7781 7782 7783 7784
f 7785 7786 7787 7788
f 7789 7790 7791 7792
f 7793 7794 7795 7796
f 7797 7798 7799 7800
f 7801 7802 7803 7804
f 7805 7806 7807 7808
f 7809 7810 7811 7812
f 7813 7814 7815 7816
f 7817 7818 7819 7820
f 7821 7822 7823 7824
f 7825 7826 7827 7828
f 7829 7830 7831 7832
f 7833 7834 7835 7836
f 7837 7838 7839 7840
f 7841 7842 7843 7844
f 7845 7846 7847 7848
f 7849 7850 7851 7852
f 7853 7854 7855 7856
f 7857 7858 7859 7860
f 7861 7862 7863 7864
f 7865 7866 7867 7868
f 7869 7870 7871 7872
f 7873 7874 7875 7876
f 7877 7878 7879 7880
f 7881 7882 7883 7884
f 7885 7886 7887 7888
f 7889 7890 7891 7892
f 7893 7894 7895 7896
f 7897 7898 7899 7900
f 7901 7902 7903 7904
f 7905 7906 7907 7908
f 7909 7910 7911 7912
f 7913 7914 7915 7916
f 7917 7918 7919 7920
f 7921 7922 7923 7924
f 7925 7926 7927 7928
f 7929 7930 7931 7932
f 7933 7934 7935 7936
f 7937 7938 7939 7940
f 7941 7942 7943 7944
f 7945 7946 7947 7948
f 7949 7950 7951 7952
f 7953 7954 7955 7956
f 7957 7958 7959 7960
f 7961 7962 7963 7964
f 7965 7966 7967 7968
f 7969 7970 7971 7972
f 7973 7974 7975 7976
f 7977 7978 7979 7980
f 7981 7982 7983 7984
f 7985 7986 7987 7988
f 7989 7990 7991 7992
f 7993 7994 7995 7996
f 7997 7998 7999 8000
f 8001 8002 8003 8004
f 8005 8006 8007 8008
f 8009 8010 8011 8012
f 8013 8014 8015 8016
usemtl Stainless
f 8017 8018 8019 8020
f 8021 8022 8023 8024
f 8025 8026 8027 8028
f 8029 8030 8031 8032
f 8033 8034 8035 8036
f 8037 8038 8039 8040
f 8041 8042 8043 8044
f 8045 8046 8047 8048
f 8049 8050 8051 8052
f 8053 8054 8055 8056
f 8057 8058 8059 8060
f 8061 8062 8063 8064
f 8065 8066 8067 8068
f 8069 8070 8071 8072
f 8073 8074 8075 8076
f 8077 8078 8079 8080
f 8081 8082 8083 8084
f 8085 8086 8087 8088
f 8089 8090 8091
f 8092 8093 8094
f 8095 8096 8097
f 8098 8099 8100
f 8101 8102 8103
f 8104 8105 8106
f 8107 8108 8109
f 8110 8111 8112
usemtl PcbGreen
f 8113 8114 8115 8116
f 8117 8118 8119 8120
f 8121 8122 8123 8124
f 8125 8126 8127 8128
f 8129 8130 8131 8132
f 8133 8134 8135 8136
f 8137 8138 8139 8140
f 8141 8142 8143 8144
f 8145 8146 8147 8148
f 8149 8150 8151 8152
f 8153 8154 8155 8156
f 8157 8158 8159 8160
f 8161 8162 8163 8164
f 8165 8166 8167 8168
f 8169 8170 8171 8172
f 8173 8174 8175 8176
f 8177 8178 8179 8180
f 8181 8182 8183 8184
f 8185 8186 8187
f 8188 8189 8190
f 8191 8192 8193
f 8194 8195 8196
f 8197 8198 8199
f 8200 8201 8202
f 8203 8204 8205
f 8206 8207 8208
usemtl Copper
f 8209 8210 8211 8212
f 8213 8214 8215 8216
f 8217 8218 8219 8220
f 8221 8222 8223 8224
f 8225 8226 8227 8228
f 8229 8230 8231 8232
f 8233 8234 8235 8236
f 8237 8238 8239 8240
f 8241 8242 8243 8244
f 8245 8246 8247 8248
f 8249 8250 8251 8252
f 8253 8254 8255 8256
f 8257 8258 8259 8260
f 8261 8262 8263 8264
f 8265 8266 8267 8268
f 8269 8270 8271 8272
f 8273 8274 8275 8276
f 8277 8278 8279 8280
f 8281 8282 8283
f 8284 8285 8286
f 8287 8288 8289
f 8290 8291 8292
f 8293 8294 8295
f 8296 8297 8298
f 8299 8300 8301
f 8302 8303 8304
f 8305 8306 8307 8308
f 8309 8310 8311 8312
f 8313 8314 8315 8316
f 8317 8318 8319 8320
f 8321 8322 8323 8324
f 8325 8326 8327 8328
f 8329 8330 8331 8332
f 8333 8334 8335 8336
f 8337 8338 8339 8340
f 8341 8342 8343 8344
f 8345 8346 8347 8348
f 8349 8350 8351 8352
f 8353 8354 8355 8356
f 8357 8358 8359 8360
f 8361 8362 8363 8364
f 8365 8366 8367 8368
f 8369 8370 8371 8372
f 8373 8374 8375 8376
f 8377 8378 8379
f 8380 8381 8382
f 8383 8384 8385
f 8386 8387 8388
f 8389 8390 8391
f 8392 8393 8394
f 8395 8396 8397
f 8398 8399 8400
f 8401 8402 8403 8404
f 8405 8406 8407 8408
f 8409 8410 8411 8412
f 8413 8414 8415 8416
f 8417 8418 8419 8420
f 8421 8422 8423 8424
f 8425 8426 8427 8428
f 8429 8430 8431 8432
f 8433 8434 8435 8436
f 8437 8438 8439 8440
f 8441 8442 8443 8444
f 8445 8446 8447 8448
f 8449 8450 8451 8452
f 8453 8454 8455 8456
f 8457 8458 8459 8460
f 8461 8462 8463 8464
f 8465 8466 8467 8468
f 8469 8470 8471 8472
f 8473 8474 8475
f 8476 8477 8478
f 8479 8480 8481
f 8482 8483 8484
f 8485 8486 8487
f 8488 8489 8490
f 8491 8492 8493
f 8494 8495 8496
f 8497 8498 8499 8500
f 8501 8502 8503 8504
f 8505 8506 8507 8508
f 8509 8510 8511 8512
f 8513 8514 8515 8516
f 8517 8518 8519 8520
f 8521 8522 8523 8524
f 8525 8526 8527 8528
f 8529 8530 8531 8532
f 8533 8534 8535 8536
f 8537 8538 8539 8540
f 8541 8542 8543 8544
f 8545 8546 8547 8548
f 8549 8550 8551 8552
f 8553 8554 8555 8556
f 8557 8558 8559 8560
f 8561 8562 8563 8564
f 8565 8566 8567 8568
f 8569 8570 8571
f 8572 8573 8574
f 8575 8576 8577
f 8578 8579 8580
f 8581 8582 8583
f 8584 8585 8586
f 8587 8588 8589
f 8590 8591 8592
usemtl DarkSteel
f 8593 8594 8595 8596
f 8597 8598 8599 8600
f 8601 8602 8603 8604
f 8605 8606 8607 8608
f 8609 8610 8611 8612
f 8613 8614 8615 8616
f 8617 8618 8619 8620
f 8621 8622 8623 8624
f 8625 8626 8627 8628
f 8629 8630 8631 8632
f 8633 8634 8635 8636
f 8637 8638 8639 8640
f 8641 8642 8643 8644
f 8645 8646 8647 8648
f 8649 8650 8651 8652 8653 8654 8655 8656 8657 8658 8659 8660 8661 8662
f 8663 8664 8665 8666 8667 8668 8669 8670 8671 8672 8673 8674 8675 8676
f 8677 8678 8679 8680
f 8681 8682 8683 8684
f 8685 8686 8687 8688
f 8689 8690 8691 8692
f 8693 8694 8695 8696
f 8697 8698 8699 8700
f 8701 8702 8703 8704
f 8705 8706 8707 8708
f 8709 8710 8711 8712
f 8713 8714 8715 8716
f 8717 8718 8719 8720
f 8721 8722 8723 8724
f 8725 8726 8727 8728
f 8729 8730 8731 8732
f 8733 8734 8735 8736 8737 8738 8739 8740 8741 8742 8743 8744 8745 8746
f 8747 8748 8749 8750 8751 8752 8753 8754 8755 8756 8757 8758 8759 8760
usemtl Copper
f 8761 8762 8763 8764
f 8765 8766 8767 8768
f 8769 8770 8771 8772
f 8773 8774 8775 8776
f 8777 8778 8779 8780
f 8781 8782 8783 8784
f 8785 8786 8787 8788
f 8789 8790 8791 8792
f 8793 8794 8795 8796
f 8797 8798 8799 8800
f 8801 8802 8803 8804
f 8805 8806 8807 8808
f 8809 8810 8811 8812 8813 8814 8815 8816 8817 8818 8819 8820
f 8821 8822 8823 8824 8825 8826 8827 8828 8829 8830 8831 8832
usemtl ChainSteel
f 8833 8834 8835 8836
f 8837 8838 8839 8840
f 8841 8842 8843 8844
f 8845 8846 8847 8848
f 8849 8850 8851 8852
f 8853 8854 8855 8856
f 8857 8858 8859 8860
f 8861 8862 8863 8864
f 8865 8866 8867 8868
f 8869 8870 8871 8872
f 8873 8874 8875 8876
f 8877 8878 8879 8880
f 8881 8882 8883 8884
f 8885 8886 8887 8888
f 8889 8890 8891 8892
f 8893 8894 8895 8896
f 8897 8898 8899 8900
f 8901 8902 8903 8904
f 8905 8906 8907 8908
f 8909 8910 8911 8912
f 8913 8914 8915 8916
f 8917 8918 8919 8920
f 8921 8922 8923 8924
f 8925 8926 8927 8928
f 8929 8930 8931 8932
f 8933 8934 8935 8936
f 8937 8938 8939 8940
f 8941 8942 8943 8944
f 8945 8946 8947 8948
f 8949 8950 8951 8952
f 8953 8954 8955 8956
f 8957 8958 8959 8960
f 8961 8962 8963 8964
f 8965 8966 8967 8968
f 8969 8970 8971 8972
f 8973 8974 8975 8976
f 8977 8978 8979 8980
f 8981 8982 8983 8984
f 8985 8986 8987 8988
f 8989 8990 8991 8992
f 8993 8994 8995 8996
f 8997 8998 8999 9000
f 9001 9002 9003 9004
f 9005 9006 9007 9008
f 9009 9010 9011 9012
f 9013 9014 9015 9016
f 9017 9018 9019 9020
f 9021 9022 9023 9024
f 9025 9026 9027 9028
f 9029 9030 9031 9032
f 9033 9034 9035 9036
f 9037 9038 9039 9040
f 9041 9042 9043 9044
f 9045 9046 9047 9048
f 9049 9050 9051 9052
f 9053 9054 9055 9056
f 9057 9058 9059 9060
f 9061 9062 9063 9064
f 9065 9066 9067 9068
f 9069 9070 9071 9072
f 9073 9074 9075 9076
f 9077 9078 9079 9080
f 9081 9082 9083 9084
f 9085 9086 9087 9088
f 9089 9090 9091 9092
f 9093 9094 9095 9096
f 9097 9098 9099 9100
f 9101 9102 9103 9104
f 9105 9106 9107 9108
f 9109 9110 9111 9112
f 9113 9114 9115 9116
f 9117 9118 9119 9120
f 9121 9122 9123 9124
f 9125 9126 9127 9128
f 9129 9130 9131 9132
f 9133 9134 9135 9136
f 9137 9138 9139 9140
f 9141 9142 9143 9144
f 9145 9146 9147 9148
f 9149 9150 9151 9152
f 9153 9154 9155 9156
f 9157 9158 9159 9160
f 9161 9162 9163 9164
f 9165 9166 9167 9168
f 9169 9170 9171 9172
f 9173 9174 9175 9176
f 9177 9178 9179 9180
f 9181 9182 9183 9184
f 9185 9186 9187 9188
f 9189 9190 9191 9192
f 9193 9194 9195 9196
f 9197 9198 9199 9200
f 9201 9202 9203 9204
f 9205 9206 9207 9208
f 9209 9210 9211 9212
f 9213 9214 9215 9216
f 9217 9218 9219 9220
f 9221 9222 9223 9224
f 9225 9226 9227 9228
f 9229 9230 9231 9232
f 9233 9234 9235 9236
f 9237 9238 9239 9240
f 9241 9242 9243 9244
f 9245 9246 9247 9248
f 9249 9250 9251 9252
f 9253 9254 9255 9256
f 9257 9258 9259 9260
f 9261 9262 9263 9264
f 9265 9266 9267 9268
f 9269 9270 9271 9272
f 9273 9274 9275 9276
f 9277 9278 9279 9280
f 9281 9282 9283 9284
f 9285 9286 9287 9288
f 9289 9290 9291 9292
f 9293 9294 9295 9296
f 9297 9298 9299 9300
f 9301 9302 9303 9304
f 9305 9306 9307 9308
f 9309 9310 9311 9312
f 9313 9314 9315 9316
f 9317 9318 9319 9320
f 9321 9322 9323 9324
f 9325 9326 9327 9328
f 9329 9330 9331 9332
f 9333 9334 9335 9336
f 9337 9338 9339 9340
f 9341 9342 9343 9344
f 9345 9346 9347 9348
f 9349 9350 9351 9352
f 9353 9354 9355 9356
f 9357 9358 9359 9360
f 9361 9362 9363 9364
f 9365 9366 9367 9368
f 9369 9370 9371 9372
f 9373 9374 9375 9376
f 9377 9378 9379 9380
f 9381 9382 9383 9384
f 9385 9386 9387 9388
f 9389 9390 9391 9392
f 9393 9394 9395 9396
f 9397 9398 9399 9400
f 9401 9402 9403 9404
f 9405 9406 9407 9408
f 9409 9410 9411 9412
f 9413 9414 9415 9416
f 9417 9418 9419 9420
f 9421 9422 9423 9424
f 9425 9426 9427 9428
f 9429 9430 9431 9432
f 9433 9434 9435 9436
f 9437 9438 9439 9440
f 9441 9442 9443 9444
f 9445 9446 9447 9448
f 9449 9450 9451 9452
f 9453 9454 9455 9456
f 9457 9458 9459 9460
f 9461 9462 9463 9464
f 9465 9466 9467 9468
f 9469 9470 9471 9472
f 9473 9474 9475 9476
f 9477 9478 9479 9480
f 9481 9482 9483 9484
f 9485 9486 9487 9488
f 9489 9490 9491 9492
f 9493 9494 9495 9496
f 9497 9498 9499 9500
f 9501 9502 9503 9504
f 9505 9506 9507 9508
f 9509 9510 9511 9512
f 9513 9514 9515 9516
f 9517 9518 9519 9520
f 9521 9522 9523 9524
f 9525 9526 9527 9528
f 9529 9530 9531 9532
f 9533 9534 9535 9536
f 9537 9538 9539 9540
f 9541 9542 9543 9544
f 9545 9546 9547 9548
f 9549 9550 9551 9552
f 9553 9554 9555 9556
f 9557 9558 9559 9560
f 9561 9562 9563 9564
f 9565 9566 9567 9568
f 9569 9570 9571 9572
f 9573 9574 9575 9576
f 9577 9578 9579 9580
f 9581 9582 9583 9584
f 9585 9586 9587 9588
f 9589 9590 9591 9592
f 9593 9594 9595 9596
f 9597 9598 9599 9600
f 9601 9602 9603 9604
f 9605 9606 9607 9608
f 9609 9610 9611 9612
f 9613 9614 9615 9616
f 9617 9618 9619 9620
f 9621 9622 9623 9624
f 9625 9626 9627 9628
f 9629 9630 9631 9632
f 9633 9634 9635 9636
f 9637 9638 9639 9640
f 9641 9642 9643 9644
f 9645 9646 9647 9648
f 9649 9650 9651 9652
f 9653 9654 9655 9656
f 9657 9658 9659 9660
f 9661 9662 9663 9664
f 9665 9666 9667 9668
f 9669 9670 9671 9672
f 9673 9674 9675 9676
f 9677 9678 9679 9680
f 9681 9682 9683 9684
f 9685 9686 9687 9688
f 9689 9690 9691 9692
f 9693 9694 9695 9696
f 9697 9698 9699 9700
f 9701 9702 9703 9704
f 9705 9706 9707 9708
f 9709 9710 9711 9712
f 9713 9714 9715 9716
f 9717 9718 9719 9720
f 9721 9722 9723 9724
f 9725 9726 9727 9728
f 9729 9730 9731 9732
f 9733 9734 9735 9736
f 9737 9738 9739 9740
f 9741 9742 9743 9744
f 9745 9746 9747 9748
f 9749 9750 9751 9752
f 9753 9754 9755 9756
f 9757 9758 9759 9760
f 9761 9762 9763 9764
f 9765 9766 9767 9768
f 9769 9770 9771 9772
f 9773 9774 9775 9776
f 9777 9778 9779 9780
f 9781 9782 9783 9784
f 9785 9786 9787 9788
f 9789 9790 9791 9792
f 9793 9794 9795 9796
f 9797 9798 9799 9800
f 9801 9802 9803 9804
f 9805 9806 9807 9808
f 9809 9810 9811 9812
f 9813 9814 9815 9816
f 9817 9818 9819 9820
f 9821 9822 9823 9824
f 9825 9826 9827 9828
f 9829 9830 9831 9832
f 9833 9834 9835 9836
f 9837 9838 9839 9840
f 9841 9842 9843 9844
f 9845 9846 9847 9848
f 9849 9850 9851 9852
f 9853 9854 9855 9856
f 9857 9858 9859 9860
f 9861 9862 9863 9864
f 9865 9866 9867 9868
f 9869 9870 9871 9872
f 9873 9874 9875 9876
f 9877 9878 9879 9880
f 9881 9882 9883 9884
f 9885 9886 9887 9888
f 9889 9890 9891 9892
f 9893 9894 9895 9896
f 9897 9898 9899 9900
f 9901 9902 9903 9904
f 9905 9906 9907 9908
f 9909 9910 9911 9912
f 9913 9914 9915 9916
f 9917 9918 9919 9920
f 9921 9922 9923 9924
f 9925 9926 9927 9928
f 9929 9930 9931 9932
f 9933 9934 9935 9936
f 9937 9938 9939 9940
f 9941 9942 9943 9944
f 9945 9946 9947 9948
f 9949 9950 9951 9952
f 9953 9954 9955 9956
f 9957 9958 9959 9960
f 9961 9962 9963 9964
f 9965 9966 9967 9968
f 9969 9970 9971 9972
f 9973 9974 9975 9976
f 9977 9978 9979 9980
f 9981 9982 9983 9984
f 9985 9986 9987 9988
f 9989 9990 9991 9992
f 9993 9994 9995 9996
f 9997 9998 9999 10000
f 10001 10002 10003 10004
f 10005 10006 10007 10008
f 10009 10010 10011 10012
f 10013 10014 10015 10016
f 10017 10018 10019 10020
f 10021 10022 10023 10024
f 10025 10026 10027 10028
f 10029 10030 10031 10032
f 10033 10034 10035 10036
f 10037 10038 10039 10040
f 10041 10042 10043 10044
f 10045 10046 10047 10048
f 10049 10050 10051 10052
f 10053 10054 10055 10056
f 10057 10058 10059 10060
f 10061 10062 10063 10064
f 10065 10066 10067 10068
f 10069 10070 10071 10072
f 10073 10074 10075 10076
f 10077 10078 10079 10080
f 10081 10082 10083 10084
f 10085 10086 10087 10088
f 10089 10090 10091 10092
f 10093 10094 10095 10096
f 10097 10098 10099 10100
f 10101 10102 10103 10104
f 10105 10106 10107 10108
f 10109 10110 10111 10112
f 10113 10114 10115 10116
f 10117 10118 10119 10120
f 10121 10122 10123 10124
f 10125 10126 10127 10128
f 10129 10130 10131 10132
f 10133 10134 10135 10136
f 10137 10138 10139 10140
f 10141 10142 10143 10144
f 10145 10146 10147 10148
f 10149 10150 10151 10152
f 10153 10154 10155 10156
f 10157 10158 10159 10160
f 10161 10162 10163 10164
f 10165 10166 10167 10168
f 10169 10170 10171 10172
f 10173 10174 10175 10176
f 10177 10178 10179 10180
f 10181 10182 10183 10184
f 10185 10186 10187 10188
f 10189 10190 10191 10192
f 10193 10194 10195 10196
f 10197 10198 10199 10200
f 10201 10202 10203 10204
f 10205 10206 10207 10208
f 10209 10210 10211 10212
f 10213 10214 10215 10216
f 10217 10218 10219 10220
f 10221 10222 10223 10224
usemtl Stainless
f 10225 10226 10227 10228
f 10229 10230 10231 10232
f 10233 10234 10235 10236
f 10237 10238 10239 10240
f 10241 10242 10243 10244
f 10245 10246 10247 10248
f 10249 10250 10251 10252
f 10253 10254 10255 10256
f 10257 10258 10259 10260
f 10261 10262 10263 10264
f 10265 10266 10267 10268
f 10269 10270 10271 10272
f 10273 10274 10275 10276
f 10277 10278 10279 10280
f 10281 10282 10283 10284
f 10285 10286 10287 10288
f 10289 10290 10291 10292
f 10293 10294 10295 10296
f 10297 10298 10299
f 10300 10301 10302
f 10303 10304 10305
f 10306 10307 10308
f 10309 10310 10311
f 10312 10313 10314
f 10315 10316 10317
f 10318 10319 10320
usemtl PcbGreen
f 10321 10322 10323 10324
f 10325 10326 10327 10328
f 10329 10330 10331 10332
f 10333 10334 10335 10336
f 10337 10338 10339 10340
f 10341 10342 10343 10344
f 10345 10346 10347 10348
f 10349 10350 10351 10352
f 10353 10354 10355 10356
f 10357 10358 10359 10360
f 10361 10362 10363 10364
f 10365 10366 10367 10368
f 10369 10370 10371 10372
f 10373 10374 10375 10376
f 10377 10378 10379 10380
f 10381 10382 10383 10384
f 10385 10386 10387 10388
f 10389 10390 10391 10392
f 10393 10394 10395
f 10396 10397 10398
f 10399 10400 10401
f 10402 10403 10404
f 10405 10406 10407
f 10408 10409 10410
f 10411 10412 10413
f 10414 10415 10416
usemtl Copper
f 10417 10418 10419 10420
f 10421 10422 10423 10424
f 10425 10426 10427 10428
f 10429 10430 10431 10432
f 10433 10434 10435 10436
f 10437 10438 10439 10440
f 10441 10442 10443 10444
f 10445 10446 10447 10448
f 10449 10450 10451 10452
f 10453 10454 10455 10456
f 10457 10458 10459 10460
f 10461 10462 10463 10464
f 10465 10466 10467 10468
f 10469 10470 10471 10472
f 10473 10474 10475 10476
f 10477 10478 10479 10480
f 10481 10482 10483 10484
f 10485 10486 10487 10488
f 10489 10490 10491
f 10492 10493 10494
f 10495 10496 10497
f 10498 10499 10500
f 10501 10502 10503
f 10504 10505 10506
f 10507 10508 10509
f 10510 10511 10512
f 10513 10514 10515 10516
f 10517 10518 10519 10520
f 10521 10522 10523 10524
f 10525 10526 10527 10528
f 10529 10530 10531 10532
f 10533 10534 10535 10536
f 10537 10538 10539 10540
f 10541 10542 10543 10544
f 10545 10546 10547 10548
f 10549 10550 10551 10552
f 10553 10554 10555 10556
f 10557 10558 10559 10560
f 10561 10562 10563 10564
f 10565 10566 10567 10568
f 10569 10570 10571 10572
f 10573 10574 10575 10576
f 10577 10578 10579 10580
f 10581 10582 10583 10584
f 10585 10586 10587
f 10588 10589 10590
f 10591 10592 10593
f 10594 10595 10596
f 10597 10598 10599
f 10600 10601 10602
f 10603 10604 10605
f 10606 10607 10608
f 10609 10610 10611 10612
f 10613 10614 10615 10616
f 10617 10618 10619 10620
f 10621 10622 10623 10624
f 10625 10626 10627 10628
f 10629 10630 10631 10632
f 10633 10634 10635 10636
f 10637 10638 10639 10640
f 10641 10642 10643 10644
f 10645 10646 10647 10648
f 10649 10650 10651 10652
f 10653 10654 10655 10656
f 10657 10658 10659 10660
f 10661 10662 10663 10664
f 10665 10666 10667 10668
f 10669 10670 10671 10672
f 10673 10674 10675 10676
f 10677 10678 10679 10680
f 10681 10682 10683
f 10684 10685 10686
f 10687 10688 10689
f 10690 10691 10692
f 10693 10694 10695
f 10696 10697 10698
f 10699 10700 10701
f 10702 10703 10704
f 10705 10706 10707 10708
f 10709 10710 10711 10712
f 10713 10714 10715 10716
f 10717 10718 10719 10720
f 10721 10722 10723 10724
f 10725 10726 10727 10728
f 10729 10730 10731 10732
f 10733 10734 10735 10736
f 10737 10738 10739 10740
f 10741 10742 10743 10744
f 10745 10746 10747 10748
f 10749 10750 10751 10752
f 10753 10754 10755 10756
f 10757 10758 10759 10760
f 10761 10762 10763 10764
f 10765 10766 10767 10768
f 10769 10770 10771 10772
f 10773 10774 10775 10776
f 10777 10778 10779
f 10780 10781 10782
f 10783 10784 10785
f 10786 10787 10788
f 10789 10790 10791
f 10792 10793 10794
f 10795 10796 10797
f 10798 10799 10800
usemtl DarkSteel
f 10801 10802 10803 10804
f 10805 10806 10807 10808
f 10809 10810 10811 10812
f 10813 10814 10815 10816
f 10817 10818 10819 10820
f 10821 10822 10823 10824
f 10825 10826 10827 10828
f 10829 10830 10831 10832
f 10833 10834 10835 10836
f 10837 10838 10839 10840
f 10841 10842 10843 10844
f 10845 10846 10847 10848
f 10849 10850 10851 10852
f 10853 10854 10855 10856
f 10857 10858 10859 10860 10861 10862 10863 10864 10865 10866 10867 10868 10869 10870
f 10871 10872 10873 10874 10875 10876 10877 10878 10879 10880 10881 10882 10883 10884
f 10885 10886 10887 10888
f 10889 10890 10891 10892
f 10893 10894 10895 10896
f 10897 10898 10899 10900
f 10901 10902 10903 10904
f 10905 10906 10907 10908
f 10909 10910 10911 10912
f 10913 10914 10915 10916
f 10917 10918 10919 10920
f 10921 10922 10923 10924
f 10925 10926 10927 10928
f 10929 10930 10931 10932
f 10933 10934 10935 10936
f 10937 10938 10939 10940
f 10941 10942 10943 10944 10945 10946 10947 10948 10949 10950 10951 10952 10953 10954
f 10955 10956 10957 10958 10959 10960 10961 10962 10963 10964 10965 10966 10967 10968
usemtl Copper
f 10969 10970 10971 10972
f 10973 10974 10975 10976
f 10977 10978 10979 10980
f 10981 10982 10983 10984
f 10985 10986 10987 10988
f 10989 10990 10991 10992
f 10993 10994 10995 10996
f 10997 10998 10999 11000
f 11001 11002 11003 11004
f 11005 11006 11007 11008
f 11009 11010 11011 11012
f 11013 11014 11015 11016
f 11017 11018 11019 11020 11021 11022 11023 11024 11025 11026 11027 11028
f 11029 11030 11031 11032 11033 11034 11035 11036 11037 11038 11039 11040
usemtl ChainSteel
f 11041 11042 11043 11044
f 11045 11046 11047 11048
f 11049 11050 11051 11052
f 11053 11054 11055 11056
f 11057 11058 11059 11060
f 11061 11062 11063 11064
f 11065 11066 11067 11068
f 11069 11070 11071 11072
f 11073 11074 11075 11076
f 11077 11078 11079 11080
f 11081 11082 11083 11084
f 11085 11086 11087 11088
f 11089 11090 11091 11092
f 11093 11094 11095 11096
f 11097 11098 11099 11100
f 11101 11102 11103 11104
f 11105 11106 11107 11108
f 11109 11110 11111 11112
f 11113 11114 11115 11116
f 11117 11118 11119 11120
f 11121 11122 11123 11124
f 11125 11126 11127 11128
f 11129 11130 11131 11132
f 11133 11134 11135 11136
f 11137 11138 11139 11140
f 11141 11142 11143 11144
f 11145 11146 11147 11148
f 11149 11150 11151 11152
f 11153 11154 11155 11156
f 11157 11158 11159 11160
f 11161 11162 11163 11164
f 11165 11166 11167 11168
f 11169 11170 11171 11172
f 11173 11174 11175 11176
f 11177 11178 11179 11180
f 11181 11182 11183 11184
f 11185 11186 11187 11188
f 11189 11190 11191 11192
f 11193 11194 11195 11196
f 11197 11198 11199 11200
f 11201 11202 11203 11204
f 11205 11206 11207 11208
f 11209 11210 11211 11212
f 11213 11214 11215 11216
f 11217 11218 11219 11220
f 11221 11222 11223 11224
f 11225 11226 11227 11228
f 11229 11230 11231 11232
f 11233 11234 11235 11236
f 11237 11238 11239 11240
f 11241 11242 11243 11244
f 11245 11246 11247 11248
f 11249 11250 11251 11252
f 11253 11254 11255 11256
f 11257 11258 11259 11260
f 11261 11262 11263 11264
f 11265 11266 11267 11268
f 11269 11270 11271 11272
f 11273 11274 11275 11276
f 11277 11278 11279 11280
f 11281 11282 11283 11284
f 11285 11286 11287 11288
f 11289 11290 11291 11292
f 11293 11294 11295 11296
f 11297 11298 11299 11300
f 11301 11302 11303 11304
f 11305 11306 11307 11308
f 11309 11310 11311 11312
f 11313 11314 11315 11316
f 11317 11318 11319 11320
f 11321 11322 11323 11324
f 11325 11326 11327 11328
f 11329 11330 11331 11332
f 11333 11334 11335 11336
f 11337 11338 11339 11340
f 11341 11342 11343 11344
f 11345 11346 11347 11348
f 11349 11350 11351 11352
f 11353 11354 11355 11356
f 11357 11358 11359 11360
f 11361 11362 11363 11364
f 11365 11366 11367 11368
f 11369 11370 11371 11372
f 11373 11374 11375 11376
f 11377 11378 11379 11380
f 11381 11382 11383 11384
f 11385 11386 11387 11388
f 11389 11390 11391 11392
f 11393 11394 11395 11396
f 11397 11398 11399 11400
f 11401 11402 11403 11404
f 11405 11406 11407 11408
f 11409 11410 11411 11412
f 11413 11414 11415 11416
f 11417 11418 11419 11420
f 11421 11422 11423 11424
f 11425 11426 11427 11428
f 11429 11430 11431 11432
f 11433 11434 11435 11436
f 11437 11438 11439 11440
f 11441 11442 11443 11444
f 11445 11446 11447 11448
f 11449 11450 11451 11452
f 11453 11454 11455 11456
f 11457 11458 11459 11460
f 11461 11462 11463 11464
f 11465 11466 11467 11468
f 11469 11470 11471 11472
f 11473 11474 11475 11476
f 11477 11478 11479 11480
f 11481 11482 11483 11484
f 11485 11486 11487 11488
f 11489 11490 11491 11492
f 11493 11494 11495 11496
f 11497 11498 11499 11500
f 11501 11502 11503 11504
f 11505 11506 11507 11508
f 11509 11510 11511 11512
f 11513 11514 11515 11516
f 11517 11518 11519 11520
f 11521 11522 11523 11524
f 11525 11526 11527 11528
f 11529 11530 11531 11532
f 11533 11534 11535 11536
f 11537 11538 11539 11540
f 11541 11542 11543 11544
f 11545 11546 11547 11548
f 11549 11550 11551 11552
f 11553 11554 11555 11556
f 11557 11558 11559 11560
f 11561 11562 11563 11564
f 11565 11566 11567 11568
f 11569 11570 11571 11572
f 11573 11574 11575 11576
f 11577 11578 11579 11580
f 11581 11582 11583 11584
f 11585 11586 11587 11588
f 11589 11590 11591 11592
f 11593 11594 11595 11596
f 11597 11598 11599 11600
f 11601 11602 11603 11604
f 11605 11606 11607 11608
f 11609 11610 11611 11612
f 11613 11614 11615 11616
f 11617 11618 11619 11620
f 11621 11622 11623 11624
f 11625 11626 11627 11628
f 11629 11630 11631 11632
f 11633 11634 11635 11636
f 11637 11638 11639 11640
f 11641 11642 11643 11644
f 11645 11646 11647 11648
f 11649 11650 11651 11652
f 11653 11654 11655 11656
f 11657 11658 11659 11660
f 11661 11662 11663 11664
f 11665 11666 11667 11668
f 11669 11670 11671 11672
f 11673 11674 11675 11676
f 11677 11678 11679 11680
f 11681 11682 11683 11684
f 11685 11686 11687 11688
f 11689 11690 11691 11692
f 11693 11694 11695 11696
f 11697 11698 11699 11700
f 11701 11702 11703 11704
f 11705 11706 11707 11708
f 11709 11710 11711 11712
f 11713 11714 11715 11716
f 11717 11718 11719 11720
f 11721 11722 11723 11724
f 11725 11726 11727 11728
f 11729 11730 11731 11732
f 11733 11734 11735 11736
f 11737 11738 11739 11740
f 11741 11742 11743 11744
f 11745 11746 11747 11748
f 11749 11750 11751 11752
f 11753 11754 11755 11756
f 11757 11758 11759 11760
f 11761 11762 11763 11764
f 11765 11766 11767 11768
f 11769 11770 11771 11772
f 11773 11774 11775 11776
f 11777 11778 11779 11780
f 11781 11782 11783 11784
f 11785 11786 11787 11788
f 11789 11790 11791 11792
f 11793 11794 11795 11796
f 11797 11798 11799 11800
f 11801 11802 11803 11804
f 11805 11806 11807 11808
f 11809 11810 11811 11812
f 11813 11814 11815 11816
f 11817 11818 11819 11820
f 11821 11822 11823 11824
f 11825 11826 11827 11828
f 11829 11830 11831 11832
f 11833 11834 11835 11836
f 11837 11838 11839 11840
f 11841 11842 11843 11844
f 11845 11846 11847 11848
f 11849 11850 11851 11852
f 11853 11854 11855 11856
f 11857 11858 11859 11860
f 11861 11862 11863 11864
f 11865 11866 11867 11868
f 11869 11870 11871 11872
f 11873 11874 11875 11876
f 11877 11878 11879 11880
f 11881 11882 11883 11884
f 11885 11886 11887 11888
f 11889 11890 11891 11892
f 11893 11894 11895 11896
f 11897 11898 11899 11900
f 11901 11902 11903 11904
f 11905 11906 11907 11908
f 11909 11910 11911 11912
f 11913 11914 11915 11916
f 11917 11918 11919 11920
f 11921 11922 11923 11924
f 11925 11926 11927 11928
f 11929 11930 11931 11932
f 11933 11934 11935 11936
f 11937 11938 11939 11940
f 11941 11942 11943 11944
f 11945 11946 11947 11948
f 11949 11950 11951 11952
f 11953 11954 11955 11956
f 11957 11958 11959 11960
f 11961 11962 11963 11964
f 11965 11966 11967 11968
f 11969 11970 11971 11972
f 11973 11974 11975 11976
f 11977 11978 11979 11980
f 11981 11982 11983 11984
f 11985 11986 11987 11988
f 11989 11990 11991 11992
f 11993 11994 11995 11996
f 11997 11998 11999 12000
f 12001 12002 12003 12004
f 12005 12006 12007 12008
f 12009 12010 12011 12012
f 12013 12014 12015 12016
f 12017 12018 12019 12020
f 12021 12022 12023 12024
f 12025 12026 12027 12028
f 12029 12030 12031 12032
f 12033 12034 12035 12036
f 12037 12038 12039 12040
f 12041 12042 12043 12044
f 12045 12046 12047 12048
f 12049 12050 12051 12052
f 12053 12054 12055 12056
f 12057 12058 12059 12060
f 12061 12062 12063 12064
f 12065 12066 12067 12068
f 12069 12070 12071 12072
f 12073 12074 12075 12076
f 12077 12078 12079 12080
f 12081 12082 12083 12084
f 12085 12086 12087 12088
f 12089 12090 12091 12092
f 12093 12094 12095 12096
f 12097 12098 12099 12100
f 12101 12102 12103 12104
f 12105 12106 12107 12108
f 12109 12110 12111 12112
f 12113 12114 12115 12116
f 12117 12118 12119 12120
f 12121 12122 12123 12124
f 12125 12126 12127 12128
f 12129 12130 12131 12132
f 12133 12134 12135 12136
f 12137 12138 12139 12140
f 12141 12142 12143 12144
f 12145 12146 12147 12148
f 12149 12150 12151 12152
f 12153 12154 12155 12156
f 12157 12158 12159 12160
f 12161 12162 12163 12164
f 12165 12166 12167 12168
f 12169 12170 12171 12172
f 12173 12174 12175 12176
f 12177 12178 12179 12180
f 12181 12182 12183 12184
f 12185 12186 12187 12188
f 12189 12190 12191 12192
f 12193 12194 12195 12196
f 12197 12198 12199 12200
f 12201 12202 12203 12204
f 12205 12206 12207 12208
f 12209 12210 12211 12212
f 12213 12214 12215 12216
f 12217 12218 12219 12220
f 12221 12222 12223 12224
f 12225 12226 12227 12228
f 12229 12230 12231 12232
f 12233 12234 12235 12236
f 12237 12238 12239 12240
f 12241 12242 12243 12244
f 12245 12246 12247 12248
f 12249 12250 12251 12252
f 12253 12254 12255 12256
f 12257 12258 12259 12260
f 12261 12262 12263 12264
f 12265 12266 12267 12268
f 12269 12270 12271 12272
f 12273 12274 12275 12276
f 12277 12278 12279 12280
f 12281 12282 12283 12284
f 12285 12286 12287 12288
f 12289 12290 12291 12292
f 12293 12294 12295 12296
f 12297 12298 12299 12300
f 12301 12302 12303 12304
f 12305 12306 12307 12308
f 12309 12310 12311 12312
f 12313 12314 12315 12316
f 12317 12318 12319 12320
f 12321 12322 12323 12324
f 12325 12326 12327 12328
f 12329 12330 12331 12332
f 12333 12334 12335 12336
f 12337 12338 12339 12340
f 12341 12342 12343 12344
f 12345 12346 12347 12348
f 12349 12350 12351 12352
f 12353 12354 12355 12356
f 12357 12358 12359 12360
f 12361 12362 12363 12364
f 12365 12366 12367 12368
f 12369 12370 12371 12372
f 12373 12374 12375 12376
f 12377 12378 12379 12380
f 12381 12382 12383 12384
f 12385 12386 12387 12388
f 12389 12390 12391 12392
f 12393 12394 12395 12396
f 12397 12398 12399 12400
f 12401 12402 12403 12404
f 12405 12406 12407 12408
f 12409 12410 12411 12412
f 12413 12414 12415 12416
f 12417 12418 12419 12420
f 12421 12422 12423 12424
f 12425 12426 12427 12428
f 12429 12430 12431 12432
usemtl Stainless
f 12433 12434 12435 12436
f 12437 12438 12439 12440
f 12441 12442 12443 12444
f 12445 12446 12447 12448
f 12449 12450 12451 12452
f 12453 12454 12455 12456
f 12457 12458 12459 12460
f 12461 12462 12463 12464
f 12465 12466 12467 12468
f 12469 12470 12471 12472
f 12473 12474 12475 12476
f 12477 12478 12479 12480
f 12481 12482 12483 12484
f 12485 12486 12487 12488
f 12489 12490 12491 12492
f 12493 12494 12495 12496
f 12497 12498 12499 12500
f 12501 12502 12503 12504
f 12505 12506 12507
f 12508 12509 12510
f 12511 12512 12513
f 12514 12515 12516
f 12517 12518 12519
f 12520 12521 12522
f 12523 12524 12525
f 12526 12527 12528
usemtl PcbGreen
f 12529 12530 12531 12532
f 12533 12534 12535 12536
f 12537 12538 12539 12540
f 12541 12542 12543 12544
f 12545 12546 12547 12548
f 12549 12550 12551 12552
f 12553 12554 12555 12556
f 12557 12558 12559 12560
f 12561 12562 12563 12564
f 12565 12566 12567 12568
f 12569 12570 12571 12572
f 12573 12574 12575 12576
f 12577 12578 12579 12580
f 12581 12582 12583 12584
f 12585 12586 12587 12588
f 12589 12590 12591 12592
f 12593 12594 12595 12596
f 12597 12598 12599 12600
f 12601 12602 12603
f 12604 12605 12606
f 12607 12608 12609
f 12610 12611 12612
f 12613 12614 12615
f 12616 12617 12618
f 12619 12620 12621
f 12622 12623 12624
usemtl Copper
f 12625 12626 12627 12628
f 12629 12630 12631 12632
f 12633 12634 12635 12636
f 12637 12638 12639 12640
f 12641 12642 12643 12644
f 12645 12646 12647 12648
f 12649 12650 12651 12652
f 12653 12654 12655 12656
f 12657 12658 12659 12660
f 12661 12662 12663 12664
f 12665 12666 12667 12668
f 12669 12670 12671 12672
f 12673 12674 12675 12676
f 12677 12678 12679 12680
f 12681 12682 12683 12684
f 12685 12686 12687 12688
f 12689 12690 12691 12692
f 12693 12694 12695 12696
f 12697 12698 12699
f 12700 12701 12702
f 12703 12704 12705
f 12706 12707 12708
f 12709 12710 12711
f 12712 12713 12714
f 12715 12716 12717
f 12718 12719 12720
f 12721 12722 12723 12724
f 12725 12726 12727 12728
f 12729 12730 12731 12732
f 12733 12734 12735 12736
f 12737 12738 12739 12740
f 12741 12742 12743 12744
f 12745 12746 12747 12748
f 12749 12750 12751 12752
f 12753 12754 12755 12756
f 12757 12758 12759 12760
f 12761 12762 12763 12764
f 12765 12766 12767 12768
f 12769 12770 12771 12772
f 12773 12774 12775 12776
f 12777 12778 12779 12780
f 12781 12782 12783 12784
f 12785 12786 12787 12788
f 12789 12790 12791 12792
f 12793 12794 12795
f 12796 12797 12798
f 12799 12800 12801
f 12802 12803 12804
f 12805 12806 12807
f 12808 12809 12810
f 12811 12812 12813
f 12814 12815 12816
f 12817 12818 12819 12820
f 12821 12822 12823 12824
f 12825 12826 12827 12828
f 12829 12830 12831 12832
f 12833 12834 12835 12836
f 12837 12838 12839 12840
f 12841 12842 12843 12844
f 12845 12846 12847 12848
f 12849 12850 12851 12852
f 12853 12854 12855 12856
f 12857 12858 12859 12860
f 12861 12862 12863 12864
f 12865 12866 12867 12868
f 12869 12870 12871 12872
f 12873 12874 12875 12876
f 12877 12878 12879 12880
f 12881 12882 12883 12884
f 12885 12886 12887 12888
f 12889 12890 12891
f 12892 12893 12894
f 12895 12896 12897
f 12898 12899 12900
f 12901 12902 12903
f 12904 12905 12906
f 12907 12908 12909
f 12910 12911 12912
f 12913 12914 12915 12916
f 12917 12918 12919 12920
f 12921 12922 12923 12924
f 12925 12926 12927 12928
f 12929 12930 12931 12932
f 12933 12934 12935 12936
f 12937 12938 12939 12940
f 12941 12942 12943 12944
f 12945 12946 12947 12948
f 12949 12950 12951 12952
f 12953 12954 12955 12956
f 12957 12958 12959 12960
f 12961 12962 12963 12964
f 12965 12966 12967 12968
f 12969 12970 12971 12972
f 12973 12974 12975 12976
f 12977 12978 12979 12980
f 12981 12982 12983 12984
f 12985 12986 12987
f 12988 12989 12990
f 12991 12992 12993
f 12994 12995 12996
f 12997 12998 12999
f 13000 13001 13002
f 13003 13004 13005
f 13006 13007 13008
usemtl DarkSteel
f 13009 13010 13011 13012
f 13013 13014 13015 13016
f 13017 13018 13019 13020
f 13021 13022 13023 13024
f 13025 13026 13027 13028
f 13029 13030 13031 13032
f 13033 13034 13035 13036
f 13037 13038 13039 13040
f 13041 13042 13043 13044
f 13045 13046 13047 13048
f 13049 13050 13051 13052
f 13053 13054 13055 13056
f 13057 13058 13059 13060
f 13061 13062 13063 13064
f 13065 13066 13067 13068 13069 13070 13071 13072 13073 13074 13075 13076 13077 13078
f 13079 13080 13081 13082 13083 13084 13085 13086 13087 13088 13089 13090 13091 13092
f 13093 13094 13095 13096
f 13097 13098 13099 13100
f 13101 13102 13103 13104
f 13105 13106 13107 13108
f 13109 13110 13111 13112
f 13113 13114 13115 13116
f 13117 13118 13119 13120
f 13121 13122 13123 13124
f 13125 13126 13127 13128
f 13129 13130 13131 13132
f 13133 13134 13135 13136
f 13137 13138 13139 13140
f 13141 13142 13143 13144
f 13145 13146 13147 13148
f 13149 13150 13151 13152 13153 13154 13155 13156 13157 13158 13159 13160 13161 13162
f 13163 13164 13165 13166 13167 13168 13169 13170 13171 13172 13173 13174 13175 13176
usemtl Copper
f 13177 13178 13179 13180
f 13181 13182 13183 13184
f 13185 13186 13187 13188
f 13189 13190 13191 13192
f 13193 13194 13195 13196
f 13197 13198 13199 13200
f 13201 13202 13203 13204
f 13205 13206 13207 13208
f 13209 13210 13211 13212
f 13213 13214 13215 13216
f 13217 13218 13219 13220
f 13221 13222 13223 13224
f 13225 13226 13227 13228 13229 13230 13231 13232 13233 13234 13235 13236
f 13237 13238 13239 13240 13241 13242 13243 13244 13245 13246 13247 13248
usemtl ChainSteel
f 13249 13250 13251 13252
f 13253 13254 13255 13256
f 13257 13258 13259 13260
f 13261 13262 13263 13264
f 13265 13266 13267 13268
f 13269 13270 13271 13272
f 13273 13274 13275 13276
f 13277 13278 13279 13280
f 13281 13282 13283 13284
f 13285 13286 13287 13288
f 13289 13290 13291 13292
f 13293 13294 13295 13296
f 13297 13298 13299 13300
f 13301 13302 13303 13304
f 13305 13306 13307 13308
f 13309 13310 13311 13312
f 13313 13314 13315 13316
f 13317 13318 13319 13320
f 13321 13322 13323 13324
f 13325 13326 13327 13328
f 13329 13330 13331 13332
f 13333 13334 13335 13336
f 13337 13338 13339 13340
f 13341 13342 13343 13344
f 13345 13346 13347 13348
f 13349 13350 13351 13352
f 13353 13354 13355 13356
f 13357 13358 13359 13360
f 13361 13362 13363 13364
f 13365 13366 13367 13368
f 13369 13370 13371 13372
f 13373 13374 13375 13376
f 13377 13378 13379 13380
f 13381 13382 13383 13384
f 13385 13386 13387 13388
f 13389 13390 13391 13392
f 13393 13394 13395 13396
f 13397 13398 13399 13400
f 13401 13402 13403 13404
f 13405 13406 13407 13408
f 13409 13410 13411 13412
f 13413 13414 13415 13416
f 13417 13418 13419 13420
f 13421 13422 13423 13424
f 13425 13426 13427 13428
f 13429 13430 13431 13432
f 13433 13434 13435 13436
f 13437 13438 13439 13440
f 13441 13442 13443 13444
f 13445 13446 13447 13448
f 13449 13450 13451 13452
f 13453 13454 13455 13456
f 13457 13458 13459 13460
f 13461 13462 13463 13464
f 13465 13466 13467 13468
f 13469 13470 13471 13472
f 13473 13474 13475 13476
f 13477 13478 13479 13480
f 13481 13482 13483 13484
f 13485 13486 13487 13488
f 13489 13490 13491 13492
f 13493 13494 13495 13496
f 13497 13498 13499 13500
f 13501 13502 13503 13504
f 13505 13506 13507 13508
f 13509 13510 13511 13512
f 13513 13514 13515 13516
f 13517 13518 13519 13520
f 13521 13522 13523 13524
f 13525 13526 13527 13528
f 13529 13530 13531 13532
f 13533 13534 13535 13536
f 13537 13538 13539 13540
f 13541 13542 13543 13544
f 13545 13546 13547 13548
f 13549 13550 13551 13552
f 13553 13554 13555 13556
f 13557 13558 13559 13560
f 13561 13562 13563 13564
f 13565 13566 13567 13568
f 13569 13570 13571 13572
f 13573 13574 13575 13576
f 13577 13578 13579 13580
f 13581 13582 13583 13584
f 13585 13586 13587 13588
f 13589 13590 13591 13592
f 13593 13594 13595 13596
f 13597 13598 13599 13600
f 13601 13602 13603 13604
f 13605 13606 13607 13608
f 13609 13610 13611 13612
f 13613 13614 13615 13616
f 13617 13618 13619 13620
f 13621 13622 13623 13624
f 13625 13626 13627 13628
f 13629 13630 13631 13632
f 13633 13634 13635 13636
f 13637 13638 13639 13640
f 13641 13642 13643 13644
f 13645 13646 13647 13648
f 13649 13650 13651 13652
f 13653 13654 13655 13656
f 13657 13658 13659 13660
f 13661 13662 13663 13664
f 13665 13666 13667 13668
f 13669 13670 13671 13672
f 13673 13674 13675 13676
f 13677 13678 13679 13680
f 13681 13682 13683 13684
f 13685 13686 13687 13688
f 13689 13690 13691 13692
f 13693 13694 13695 13696
f 13697 13698 13699 13700
f 13701 13702 13703 13704
f 13705 13706 13707 13708
f 13709 13710 13711 13712
f 13713 13714 13715 13716
f 13717 13718 13719 13720
f 13721 13722 13723 13724
f 13725 13726 13727 13728
f 13729 13730 13731 13732
f 13733 13734 13735 13736
f 13737 13738 13739 13740
f 13741 13742 13743 13744
f 13745 13746 13747 13748
f 13749 13750 13751 13752
f 13753 13754 13755 13756
f 13757 13758 13759 13760
f 13761 13762 13763 13764
f 13765 13766 13767 13768
f 13769 13770 13771 13772
f 13773 13774 13775 13776
f 13777 13778 13779 13780
f 13781 13782 13783 13784
f 13785 13786 13787 13788
f 13789 13790 13791 13792
f 13793 13794 13795 13796
f 13797 13798 13799 13800
f 13801 13802 13803 13804
f 13805 13806 13807 13808
f 13809 13810 13811 13812
f 13813 13814 13815 13816
f 13817 13818 13819 13820
f 13821 13822 13823 13824
f 13825 13826 13827 13828
f 13829 13830 13831 13832
f 13833 13834 13835 13836
f 13837 13838 13839 13840
f 13841 13842 13843 13844
f 13845 13846 13847 13848
f 13849 13850 13851 13852
f 13853 13854 13855 13856
f 13857 13858 13859 13860
f 13861 13862 13863 13864
f 13865 13866 13867 13868
f 13869 13870 13871 13872
f 13873 13874 13875 13876
f 13877 13878 13879 13880
f 13881 13882 13883 13884
f 13885 13886 13887 13888
f 13889 13890 13891 13892
f 13893 13894 13895 13896
f 13897 13898 13899 13900
f 13901 13902 13903 13904
f 13905 13906 13907 13908
f 13909 13910 13911 13912
f 13913 13914 13915 13916
f 13917 13918 13919 13920
f 13921 13922 13923 13924
f 13925 13926 13927 13928
f 13929 13930 13931 13932
f 13933 13934 13935 13936
f 13937 13938 13939 13940
f 13941 13942 13943 13944
f 13945 13946 13947 13948
f 13949 13950 13951 13952
f 13953 13954 13955 13956
f 13957 13958 13959 13960
f 13961 13962 13963 13964
f 13965 13966 13967 13968
f 13969 13970 13971 13972
f 13973 13974 13975 13976
f 13977 13978 13979 13980
f 13981 13982 13983 13984
f 13985 13986 13987 13988
f 13989 13990 13991 13992
f 13993 13994 13995 13996
f 13997 13998 13999 14000
f 14001 14002 14003 14004
f 14005 14006 14007 14008
f 14009 14010 14011 14012
f 14013 14014 14015 14016
f 14017 14018 14019 14020
f 14021 14022 14023 14024
f 14025 14026 14027 14028
f 14029 14030 14031 14032
f 14033 14034 14035 14036
f 14037 14038 14039 14040
f 14041 14042 14043 14044
f 14045 14046 14047 14048
f 14049 14050 14051 14052
f 14053 14054 14055 14056
f 14057 14058 14059 14060
f 14061 14062 14063 14064
f 14065 14066 14067 14068
f 14069 14070 14071 14072
f 14073 14074 14075 14076
f 14077 14078 14079 14080
f 14081 14082 14083 14084
f 14085 14086 14087 14088
f 14089 14090 14091 14092
f 14093 14094 14095 14096
f 14097 14098 14099 14100
f 14101 14102 14103 14104
f 14105 14106 14107 14108
f 14109 14110 14111 14112
f 14113 14114 14115 14116
f 14117 14118 14119 14120
f 14121 14122 14123 14124
f 14125 14126 14127 14128
f 14129 14130 14131 14132
f 14133 14134 14135 14136
f 14137 14138 14139 14140
f 14141 14142 14143 14144
f 14145 14146 14147 14148
f 14149 14150 14151 14152
f 14153 14154 14155 14156
f 14157 14158 14159 14160
f 14161 14162 14163 14164
f 14165 14166 14167 14168
f 14169 14170 14171 14172
f 14173 14174 14175 14176
f 14177 14178 14179 14180
f 14181 14182 14183 14184
f 14185 14186 14187 14188
f 14189 14190 14191 14192
f 14193 14194 14195 14196
f 14197 14198 14199 14200
f 14201 14202 14203 14204
f 14205 14206 14207 14208
f 14209 14210 14211 14212
f 14213 14214 14215 14216
f 14217 14218 14219 14220
f 14221 14222 14223 14224
f 14225 14226 14227 14228
f 14229 14230 14231 14232
f 14233 14234 14235 14236
f 14237 14238 14239 14240
f 14241 14242 14243 14244
f 14245 14246 14247 14248
f 14249 14250 14251 14252
f 14253 14254 14255 14256
f 14257 14258 14259 14260
f 14261 14262 14263 14264
f 14265 14266 14267 14268
f 14269 14270 14271 14272
f 14273 14274 14275 14276
f 14277 14278 14279 14280
f 14281 14282 14283 14284
f 14285 14286 14287 14288
f 14289 14290 14291 14292
f 14293 14294 14295 14296
f 14297 14298 14299 14300
f 14301 14302 14303 14304
f 14305 14306 14307 14308
f 14309 14310 14311 14312
f 14313 14314 14315 14316
f 14317 14318 14319 14320
f 14321 14322 14323 14324
f 14325 14326 14327 14328
f 14329 14330 14331 14332
f 14333 14334 14335 14336
f 14337 14338 14339 14340
f 14341 14342 14343 14344
f 14345 14346 14347 14348
f 14349 14350 14351 14352
f 14353 14354 14355 14356
f 14357 14358 14359 14360
f 14361 14362 14363 14364
f 14365 14366 14367 14368
f 14369 14370 14371 14372
f 14373 14374 14375 14376
f 14377 14378 14379 14380
f 14381 14382 14383 14384
f 14385 14386 14387 14388
f 14389 14390 14391 14392
f 14393 14394 14395 14396
f 14397 14398 14399 14400
f 14401 14402 14403 14404
f 14405 14406 14407 14408
f 14409 14410 14411 14412
f 14413 14414 14415 14416
f 14417 14418 14419 14420
f 14421 14422 14423 14424
f 14425 14426 14427 14428
f 14429 14430 14431 14432
f 14433 14434 14435 14436
f 14437 14438 14439 14440
f 14441 14442 14443 14444
f 14445 14446 14447 14448
f 14449 14450 14451 14452
f 14453 14454 14455 14456
f 14457 14458 14459 14460
f 14461 14462 14463 14464
f 14465 14466 14467 14468
f 14469 14470 14471 14472
f 14473 14474 14475 14476
f 14477 14478 14479 14480
f 14481 14482 14483 14484
f 14485 14486 14487 14488
f 14489 14490 14491 14492
f 14493 14494 14495 14496
f 14497 14498 14499 14500
f 14501 14502 14503 14504
f 14505 14506 14507 14508
f 14509 14510 14511 14512
f 14513 14514 14515 14516
f 14517 14518 14519 14520
f 14521 14522 14523 14524
f 14525 14526 14527 14528
f 14529 14530 14531 14532
f 14533 14534 14535 14536
f 14537 14538 14539 14540
f 14541 14542 14543 14544
f 14545 14546 14547 14548
f 14549 14550 14551 14552
f 14553 14554 14555 14556
f 14557 14558 14559 14560
f 14561 14562 14563 14564
f 14565 14566 14567 14568
f 14569 14570 14571 14572
f 14573 14574 14575 14576
f 14577 14578 14579 14580
f 14581 14582 14583 14584
f 14585 14586 14587 14588
f 14589 14590 14591 14592
f 14593 14594 14595 14596
f 14597 14598 14599 14600
f 14601 14602 14603 14604
f 14605 14606 14607 14608
f 14609 14610 14611 14612
f 14613 14614 14615 14616
f 14617 14618 14619 14620
f 14621 14622 14623 14624
f 14625 14626 14627 14628
f 14629 14630 14631 14632
f 14633 14634 14635 14636
f 14637 14638 14639 14640
usemtl Stainless
f 14641 14642 14643 14644
f 14645 14646 14647 14648
f 14649 14650 14651 14652
f 14653 14654 14655 14656
f 14657 14658 14659 14660
f 14661 14662 14663 14664
f 14665 14666 14667 14668
f 14669 14670 14671 14672
f 14673 14674 14675 14676
f 14677 14678 14679 14680
f 14681 14682 14683 14684
f 14685 14686 14687 14688
f 14689 14690 14691 14692
f 14693 14694 14695 14696
f 14697 14698 14699 14700
f 14701 14702 14703 14704
f 14705 14706 14707 14708
f 14709 14710 14711 14712
f 14713 14714 14715
f 14716 14717 14718
f 14719 14720 14721
f 14722 14723 14724
f 14725 14726 14727
f 14728 14729 14730
f 14731 14732 14733
f 14734 14735 14736
usemtl PcbGreen
f 14737 14738 14739 14740
f 14741 14742 14743 14744
f 14745 14746 14747 14748
f 14749 14750 14751 14752
f 14753 14754 14755 14756
f 14757 14758 14759 14760
f 14761 14762 14763 14764
f 14765 14766 14767 14768
f 14769 14770 14771 14772
f 14773 14774 14775 14776
f 14777 14778 14779 14780
f 14781 14782 14783 14784
f 14785 14786 14787 14788
f 14789 14790 14791 14792
f 14793 14794 14795 14796
f 14797 14798 14799 14800
f 14801 14802 14803 14804
f 14805 14806 14807 14808
f 14809 14810 14811
f 14812 14813 14814
f 14815 14816 14817
f 14818 14819 14820
f 14821 14822 14823
f 14824 14825 14826
f 14827 14828 14829
f 14830 14831 14832
usemtl Copper
f 14833 14834 14835 14836
f 14837 14838 14839 14840
f 14841 14842 14843 14844
f 14845 14846 14847 14848
f 14849 14850 14851 14852
f 14853 14854 14855 14856
f 14857 14858 14859 14860
f 14861 14862 14863 14864
f 14865 14866 14867 14868
f 14869 14870 14871 14872
f 14873 14874 14875 14876
f 14877 14878 14879 14880
f 14881 14882 14883 14884
f 14885 14886 14887 14888
f 14889 14890 14891 14892
f 14893 14894 14895 14896
f 14897 14898 14899 14900
f 14901 14902 14903 14904
f 14905 14906 14907
f 14908 14909 14910
f 14911 14912 14913
f 14914 14915 14916
f 14917 14918 14919
f 14920 14921 14922
f 14923 14924 14925
f 14926 14927 14928
f 14929 14930 14931 14932
f 14933 14934 14935 14936
f 14937 14938 14939 14940
f 14941 14942 14943 14944
f 14945 14946 14947 14948
f 14949 14950 14951 14952
f 14953 14954 14955 14956
f 14957 14958 14959 14960
f 14961 14962 14963 14964
f 14965 14966 14967 14968
f 14969 14970 14971 14972
f 14973 14974 14975 14976
f 14977 14978 14979 14980
f 14981 14982 14983 14984
f 14985 14986 14987 14988
f 14989 14990 14991 14992
f 14993 14994 14995 14996
f 14997 14998 14999 15000
f 15001 15002 15003
f 15004 15005 15006
f 15007 15008 15009
f 15010 15011 15012
f 15013 15014 15015
f 15016 15017 15018
f 15019 15020 15021
f 15022 15023 15024
f 15025 15026 15027 15028
f 15029 15030 15031 15032
f 15033 15034 15035 15036
f 15037 15038 15039 15040
f 15041 15042 15043 15044
f 15045 15046 15047 15048
f 15049 15050 15051 15052
f 15053 15054 15055 15056
f 15057 15058 15059 15060
f 15061 15062 15063 15064
f 15065 15066 15067 15068
f 15069 15070 15071 15072
f 15073 15074 15075 15076
f 15077 15078 15079 15080
f 15081 15082 15083 15084
f 15085 15086 15087 15088
f 15089 15090 15091 15092
f 15093 15094 15095 15096
f 15097 15098 15099
f 15100 15101 15102
f 15103 15104 15105
f 15106 15107 15108
f 15109 15110 15111
f 15112 15113 15114
f 15115 15116 15117
f 15118 15119 15120
f 15121 15122 15123 15124
f 15125 15126 15127 15128
f 15129 15130 15131 15132
f 15133 15134 15135 15136
f 15137 15138 15139 15140
f 15141 15142 15143 15144
f 15145 15146 15147 15148
f 15149 15150 15151 15152
f 15153 15154 15155 15156
f 15157 15158 15159 15160
f 15161 15162 15163 15164
f 15165 15166 15167 15168
f 15169 15170 15171 15172
f 15173 15174 15175 15176
f 15177 15178 15179 15180
f 15181 15182 15183 15184
f 15185 15186 15187 15188
f 15189 15190 15191 15192
f 15193 15194 15195
f 15196 15197 15198
f 15199 15200 15201
f 15202 15203 15204
f 15205 15206 15207
f 15208 15209 15210
f 15211 15212 15213
f 15214 15215 15216
usemtl DarkSteel
f 15217 15218 15219 15220
f 15221 15222 15223 15224
f 15225 15226 15227 15228
f 15229 15230 15231 15232
f 15233 15234 15235 15236
f 15237 15238 15239 15240
f 15241 15242 15243 15244
f 15245 15246 15247 15248
f 15249 15250 15251 15252
f 15253 15254 15255 15256
f 15257 15258 15259 15260
f 15261 15262 15263 15264
f 15265 15266 15267 15268
f 15269 15270 15271 15272
f 15273 15274 15275 15276 15277 15278 15279 15280 15281 15282 15283 15284 15285 15286
f 15287 15288 15289 15290 15291 15292 15293 15294 15295 15296 15297 15298 15299 15300
f 15301 15302 15303 15304
f 15305 15306 15307 15308
f 15309 15310 15311 15312
f 15313 15314 15315 15316
f 15317 15318 15319 15320
f 15321 15322 15323 15324
f 15325 15326 15327 15328
f 15329 15330 15331 15332
f 15333 15334 15335 15336
f 15337 15338 15339 15340
f 15341 15342 15343 15344
f 15345 15346 15347 15348
f 15349 15350 15351 15352
f 15353 15354 15355 15356
f 15357 15358 15359 15360 15361 15362 15363 15364 15365 15366 15367 15368 15369 15370
f 15371 15372 15373 15374 15375 15376 15377 15378 15379 15380 15381 15382 15383 15384
usemtl Copper
f 15385 15386 15387 15388
f 15389 15390 15391 15392
f 15393 15394 15395 15396
f 15397 15398 15399 15400
f 15401 15402 15403 15404
f 15405 15406 15407 15408
f 15409 15410 15411 15412
f 15413 15414 15415 15416
f 15417 15418 15419 15420
f 15421 15422 15423 15424
f 15425 15426 15427 15428
f 15429 15430 15431 15432
f 15433 15434 15435 15436 15437 15438 15439 15440 15441 15442 15443 15444
f 15445 15446 15447 15448 15449 15450 15451 15452 15453 15454 15455 15456
usemtl ChainSteel
f 15457 15458 15459 15460
f 15461 15462 15463 15464
f 15465 15466 15467 15468
f 15469 15470 15471 15472
f 15473 15474 15475 15476
f 15477 15478 15479 15480
f 15481 15482 15483 15484
f 15485 15486 15487 15488
f 15489 15490 15491 15492
f 15493 15494 15495 15496
f 15497 15498 15499 15500
f 15501 15502 15503 15504
f 15505 15506 15507 15508
f 15509 15510 15511 15512
f 15513 15514 15515 15516
f 15517 15518 15519 15520
f 15521 15522 15523 15524
f 15525 15526 15527 15528
f 15529 15530 15531 15532
f 15533 15534 15535 15536
f 15537 15538 15539 15540
f 15541 15542 15543 15544
f 15545 15546 15547 15548
f 15549 15550 15551 15552
f 15553 15554 15555 15556
f 15557 15558 15559 15560
f 15561 15562 15563 15564
f 15565 15566 15567 15568
f 15569 15570 15571 15572
f 15573 15574 15575 15576
f 15577 15578 15579 15580
f 15581 15582 15583 15584
f 15585 15586 15587 15588
f 15589 15590 15591 15592
f 15593 15594 15595 15596
f 15597 15598 15599 15600
f 15601 15602 15603 15604
f 15605 15606 15607 15608
f 15609 15610 15611 15612
f 15613 15614 15615 15616
f 15617 15618 15619 15620
f 15621 15622 15623 15624
f 15625 15626 15627 15628
f 15629 15630 15631 15632
f 15633 15634 15635 15636
f 15637 15638 15639 15640
f 15641 15642 15643 15644
f 15645 15646 15647 15648
f 15649 15650 15651 15652
f 15653 15654 15655 15656
f 15657 15658 15659 15660
f 15661 15662 15663 15664
f 15665 15666 15667 15668
f 15669 15670 15671 15672
f 15673 15674 15675 15676
f 15677 15678 15679 15680
f 15681 15682 15683 15684
f 15685 15686 15687 15688
f 15689 15690 15691 15692
f 15693 15694 15695 15696
f 15697 15698 15699 15700
f 15701 15702 15703 15704
f 15705 15706 15707 15708
f 15709 15710 15711 15712
f 15713 15714 15715 15716
f 15717 15718 15719 15720
f 15721 15722 15723 15724
f 15725 15726 15727 15728
f 15729 15730 15731 15732
f 15733 15734 15735 15736
f 15737 15738 15739 15740
f 15741 15742 15743 15744
f 15745 15746 15747 15748
f 15749 15750 15751 15752
f 15753 15754 15755 15756
f 15757 15758 15759 15760
f 15761 15762 15763 15764
f 15765 15766 15767 15768
f 15769 15770 15771 15772
f 15773 15774 15775 15776
f 15777 15778 15779 15780
f 15781 15782 15783 15784
f 15785 15786 15787 15788
f 15789 15790 15791 15792
f 15793 15794 15795 15796
f 15797 15798 15799 15800
f 15801 15802 15803 15804
f 15805 15806 15807 15808
f 15809 15810 15811 15812
f 15813 15814 15815 15816
f 15817 15818 15819 15820
f 15821 15822 15823 15824
f 15825 15826 15827 15828
f 15829 15830 15831 15832
f 15833 15834 15835 15836
f 15837 15838 15839 15840
f 15841 15842 15843 15844
f 15845 15846 15847 15848
f 15849 15850 15851 15852
f 15853 15854 15855 15856
f 15857 15858 15859 15860
f 15861 15862 15863 15864
f 15865 15866 15867 15868
f 15869 15870 15871 15872
f 15873 15874 15875 15876
f 15877 15878 15879 15880
f 15881 15882 15883 15884
f 15885 15886 15887 15888
f 15889 15890 15891 15892
f 15893 15894 15895 15896
f 15897 15898 15899 15900
f 15901 15902 15903 15904
f 15905 15906 15907 15908
f 15909 15910 15911 15912
f 15913 15914 15915 15916
f 15917 15918 15919 15920
f 15921 15922 15923 15924
f 15925 15926 15927 15928
f 15929 15930 15931 15932
f 15933 15934 15935 15936
f 15937 15938 15939 15940
f 15941 15942 15943 15944
f 15945 15946 15947 15948
f 15949 15950 15951 15952
f 15953 15954 15955 15956
f 15957 15958 15959 15960
f 15961 15962 15963 15964
f 15965 15966 15967 15968
f 15969 15970 15971 15972
f 15973 15974 15975 15976
f 15977 15978 15979 15980
f 15981 15982 15983 15984
f 15985 15986 15987 15988
f 15989 15990 15991 15992
f 15993 15994 15995 15996
f 15997 15998 15999 16000
f 16001 16002 16003 16004
f 16005 16006 16007 16008
f 16009 16010 16011 16012
f 16013 16014 16015 16016
f 16017 16018 16019 16020
f 16021 16022 16023 16024
f 16025 16026 16027 16028
f 16029 16030 16031 16032
f 16033 16034 16035 16036
f 16037 16038 16039 16040
f 16041 16042 16043 16044
f 16045 16046 16047 16048
f 16049 16050 16051 16052
f 16053 16054 16055 16056
f 16057 16058 16059 16060
f 16061 16062 16063 16064
f 16065 16066 16067 16068
f 16069 16070 16071 16072
f 16073 16074 16075 16076
f 16077 16078 16079 16080
f 16081 16082 16083 16084
f 16085 16086 16087 16088
f 16089 16090 16091 16092
f 16093 16094 16095 16096
f 16097 16098 16099 16100
f 16101 16102 16103 16104
f 16105 16106 16107 16108
f 16109 16110 16111 16112
f 16113 16114 16115 16116
f 16117 16118 16119 16120
f 16121 16122 16123 16124
f 16125 16126 16127 16128
f 16129 16130 16131 16132
f 16133 16134 16135 16136
f 16137 16138 16139 16140
f 16141 16142 16143 16144
f 16145 16146 16147 16148
f 16149 16150 16151 16152
f 16153 16154 16155 16156
f 16157 16158 16159 16160
f 16161 16162 16163 16164
f 16165 16166 16167 16168
f 16169 16170 16171 16172
f 16173 16174 16175 16176
f 16177 16178 16179 16180
f 16181 16182 16183 16184
f 16185 16186 16187 16188
f 16189 16190 16191 16192
f 16193 16194 16195 16196
f 16197 16198 16199 16200
f 16201 16202 16203 16204
f 16205 16206 16207 16208
f 16209 16210 16211 16212
f 16213 16214 16215 16216
f 16217 16218 16219 16220
f 16221 16222 16223 16224
f 16225 16226 16227 16228
f 16229 16230 16231 16232
f 16233 16234 16235 16236
f 16237 16238 16239 16240
f 16241 16242 16243 16244
f 16245 16246 16247 16248
f 16249 16250 16251 16252
f 16253 16254 16255 16256
f 16257 16258 16259 16260
f 16261 16262 16263 16264
f 16265 16266 16267 16268
f 16269 16270 16271 16272
f 16273 16274 16275 16276
f 16277 16278 16279 16280
f 16281 16282 16283 16284
f 16285 16286 16287 16288
f 16289 16290 16291 16292
f 16293 16294 16295 16296
f 16297 16298 16299 16300
f 16301 16302 16303 16304
f 16305 16306 16307 16308
f 16309 16310 16311 16312
f 16313 16314 16315 16316
f 16317 16318 16319 16320
f 16321 16322 16323 16324
f 16325 16326 16327 16328
f 16329 16330 16331 16332
f 16333 16334 16335 16336
f 16337 16338 16339 16340
f 16341 16342 16343 16344
f 16345 16346 16347 16348
f 16349 16350 16351 16352
f 16353 16354 16355 16356
f 16357 16358 16359 16360
f 16361 16362 16363 16364
f 16365 16366 16367 16368
f 16369 16370 16371 16372
f 16373 16374 16375 16376
f 16377 16378 16379 16380
f 16381 16382 16383 16384
f 16385 16386 16387 16388
f 16389 16390 16391 16392
f 16393 16394 16395 16396
f 16397 16398 16399 16400
f 16401 16402 16403 16404
f 16405 16406 16407 16408
f 16409 16410 16411 16412
f 16413 16414 16415 16416
f 16417 16418 16419 16420
f 16421 16422 16423 16424
f 16425 16426 16427 16428
f 16429 16430 16431 16432
f 16433 16434 16435 16436
f 16437 16438 16439 16440
f 16441 16442 16443 16444
f 16445 16446 16447 16448
f 16449 16450 16451 16452
f 16453 16454 16455 16456
f 16457 16458 16459 16460
f 16461 16462 16463 16464
f 16465 16466 16467 16468
f 16469 16470 16471 16472
f 16473 16474 16475 16476
f 16477 16478 16479 16480
f 16481 16482 16483 16484
f 16485 16486 16487 16488
f 16489 16490 16491 16492
f 16493 16494 16495 16496
f 16497 16498 16499 16500
f 16501 16502 16503 16504
f 16505 16506 16507 16508
f 16509 16510 16511 16512
f 16513 16514 16515 16516
f 16517 16518 16519 16520
f 16521 16522 16523 16524
f 16525 16526 16527 16528
f 16529 16530 16531 16532
f 16533 16534 16535 16536
f 16537 16538 16539 16540
f 16541 16542 16543 16544
f 16545 16546 16547 16548
f 16549 16550 16551 16552
f 16553 16554 16555 16556
f 16557 16558 16559 16560
f 16561 16562 16563 16564
f 16565 16566 16567 16568
f 16569 16570 16571 16572
f 16573 16574 16575 16576
f 16577 16578 16579 16580
f 16581 16582 16583 16584
f 16585 16586 16587 16588
f 16589 16590 16591 16592
f 16593 16594 16595 16596
f 16597 16598 16599 16600
f 16601 16602 16603 16604
f 16605 16606 16607 16608
f 16609 16610 16611 16612
f 16613 16614 16615 16616
f 16617 16618 16619 16620
f 16621 16622 16623 16624
f 16625 16626 16627 16628
f 16629 16630 16631 16632
f 16633 16634 16635 16636
f 16637 16638 16639 16640
f 16641 16642 16643 16644
f 16645 16646 16647 16648
f 16649 16650 16651 16652
f 16653 16654 16655 16656
f 16657 16658 16659 16660
f 16661 16662 16663 16664
f 16665 16666 16667 16668
f 16669 16670 16671 16672
f 16673 16674 16675 16676
f 16677 16678 16679 16680
f 16681 16682 16683 16684
f 16685 16686 16687 16688
f 16689 16690 16691 16692
f 16693 16694 16695 16696
f 16697 16698 16699 16700
f 16701 16702 16703 16704
f 16705 16706 16707 16708
f 16709 16710 16711 16712
f 16713 16714 16715 16716
f 16717 16718 16719 16720
f 16721 16722 16723 16724
f 16725 16726 16727 16728
f 16729 16730 16731 16732
f 16733 16734 16735 16736
f 16737 16738 16739 16740
f 16741 16742 16743 16744
f 16745 16746 16747 16748
f 16749 16750 16751 16752
f 16753 16754 16755 16756
f 16757 16758 16759 16760
f 16761 16762 16763 16764
f 16765 16766 16767 16768
f 16769 16770 16771 16772
f 16773 16774 16775 16776
f 16777 16778 16779 16780
f 16781 16782 16783 16784
f 16785 16786 16787 16788
f 16789 16790 16791 16792
f 16793 16794 16795 16796
f 16797 16798 16799 16800
f 16801 16802 16803 16804
f 16805 16806 16807 16808
f 16809 16810 16811 16812
f 16813 16814 16815 16816
f 16817 16818 16819 16820
f 16821 16822 16823 16824
f 16825 16826 16827 16828
f 16829 16830 16831 16832
f 16833 16834 16835 16836
f 16837 16838 16839 16840
f 16841 16842 16843 16844
f 16845 16846 16847 16848
usemtl Stainless
f 16849 16850 16851 16852
f 16853 16854 16855 16856
f 16857 16858 16859 16860
f 16861 16862 16863 16864
f 16865 16866 16867 16868
f 16869 16870 16871 16872
f 16873 16874 16875 16876
f 16877 16878 16879 16880
f 16881 16882 16883 16884
f 16885 16886 16887 16888
f 16889 16890 16891 16892
f 16893 16894 16895 16896
f 16897 16898 16899 16900
f 16901 16902 16903 16904
f 16905 16906 16907 16908
f 16909 16910 16911 16912
f 16913 16914 16915 16916
f 16917 16918 16919 16920
f 16921 16922 16923
f 16924 16925 16926
f 16927 16928 16929
f 16930 16931 16932
f 16933 16934 16935
f 16936 16937 16938
f 16939 16940 16941
f 16942 16943 16944
usemtl PcbGreen
f 16945 16946 16947 16948
f 16949 16950 16951 16952
f 16953 16954 16955 16956
f 16957 16958 16959 16960
f 16961 16962 16963 16964
f 16965 16966 16967 16968
f 16969 16970 16971 16972
f 16973 16974 16975 16976
f 16977 16978 16979 16980
f 16981 16982 16983 16984
f 16985 16986 16987 16988
f 16989 16990 16991 16992
f 16993 16994 16995 16996
f 16997 16998 16999 17000
f 17001 17002 17003 17004
f 17005 17006 17007 17008
f 17009 17010 17011 17012
f 17013 17014 17015 17016
f 17017 17018 17019
f 17020 17021 17022
f 17023 17024 17025
f 17026 17027 17028
f 17029 17030 17031
f 17032 17033 17034
f 17035 17036 17037
f 17038 17039 17040
usemtl Copper
f 17041 17042 17043 17044
f 17045 17046 17047 17048
f 17049 17050 17051 17052
f 17053 17054 17055 17056
f 17057 17058 17059 17060
f 17061 17062 17063 17064
f 17065 17066 17067 17068
f 17069 17070 17071 17072
f 17073 17074 17075 17076
f 17077 17078 17079 17080
f 17081 17082 17083 17084
f 17085 17086 17087 17088
f 17089 17090 17091 17092
f 17093 17094 17095 17096
f 17097 17098 17099 17100
f 17101 17102 17103 17104
f 17105 17106 17107 17108
f 17109 17110 17111 17112
f 17113 17114 17115
f 17116 17117 17118
f 17119 17120 17121
f 17122 17123 17124
f 17125 17126 17127
f 17128 17129 17130
f 17131 17132 17133
f 17134 17135 17136
f 17137 17138 17139 17140
f 17141 17142 17143 17144
f 17145 17146 17147 17148
f 17149 17150 17151 17152
f 17153 17154 17155 17156
f 17157 17158 17159 17160
f 17161 17162 17163 17164
f 17165 17166 17167 17168
f 17169 17170 17171 17172
f 17173 17174 17175 17176
f 17177 17178 17179 17180
f 17181 17182 17183 17184
f 17185 17186 17187 17188
f 17189 17190 17191 17192
f 17193 17194 17195 17196
f 17197 17198 17199 17200
f 17201 17202 17203 17204
f 17205 17206 17207 17208
f 17209 17210 17211
f 17212 17213 17214
f 17215 17216 17217
f 17218 17219 17220
f 17221 17222 17223
f 17224 17225 17226
f 17227 17228 17229
f 17230 17231 17232
f 17233 17234 17235 17236
f 17237 17238 17239 17240
f 17241 17242 17243 17244
f 17245 17246 17247 17248
f 17249 17250 17251 17252
f 17253 17254 17255 17256
f 17257 17258 17259 17260
f 17261 17262 17263 17264
f 17265 17266 17267 17268
f 17269 17270 17271 17272
f 17273 17274 17275 17276
f 17277 17278 17279 17280
f 17281 17282 17283 17284
f 17285 17286 17287 17288
f 17289 17290 17291 17292
f 17293 17294 17295 17296
f 17297 17298 17299 17300
f 17301 17302 17303 17304
f 17305 17306 17307
f 17308 17309 17310
f 17311 17312 17313
f 17314 17315 17316
f 17317 17318 17319
f 17320 17321 17322
f 17323 17324 17325
f 17326 17327 17328
f 17329 17330 17331 17332
f 17333 17334 17335 17336
f 17337 17338 17339 17340
f 17341 17342 17343 17344
f 17345 17346 17347 17348
f 17349 17350 17351 17352
f 17353 17354 17355 17356
f 17357 17358 17359 17360
f 17361 17362 17363 17364
f 17365 17366 17367 17368
f 17369 17370 17371 17372
f 17373 17374 17375 17376
f 17377 17378 17379 17380
f 17381 17382 17383 17384
f 17385 17386 17387 17388
f 17389 17390 17391 17392
f 17393 17394 17395 17396
f 17397 17398 17399 17400
f 17401 17402 17403
f 17404 17405 17406
f 17407 17408 17409
f 17410 17411 17412
f 17413 17414 17415
f 17416 17417 17418
f 17419 17420 17421
f 17422 17423 17424
usemtl DarkSteel
f 17425 17426 17427 17428
f 17429 17430 17431 17432
f 17433 17434 17435 17436
f 17437 17438 17439 17440
f 17441 17442 17443 17444
f 17445 17446 17447 17448
f 17449 17450 17451 17452
f 17453 17454 17455 17456
f 17457 17458 17459 17460
f 17461 17462 17463 17464
f 17465 17466 17467 17468
f 17469 17470 17471 17472
f 17473 17474 17475 17476
f 17477 17478 17479 17480
f 17481 17482 17483 17484 17485 17486 17487 17488 17489 17490 17491 17492 17493 17494
f 17495 17496 17497 17498 17499 17500 17501 17502 17503 17504 17505 17506 17507 17508
f 17509 17510 17511 17512
f 17513 17514 17515 17516
f 17517 17518 17519 17520
f 17521 17522 17523 17524
f 17525 17526 17527 17528
f 17529 17530 17531 17532
f 17533 17534 17535 17536
f 17537 17538 17539 17540
f 17541 17542 17543 17544
f 17545 17546 17547 17548
f 17549 17550 17551 17552
f 17553 17554 17555 17556
f 17557 17558 17559 17560
f 17561 17562 17563 17564
f 17565 17566 17567 17568 17569 17570 17571 17572 17573 17574 17575 17576 17577 17578
f 17579 17580 17581 17582 17583 17584 17585 17586 17587 17588 17589 17590 17591 17592
usemtl Copper
f 17593 17594 17595 17596
f 17597 17598 17599 17600
f 17601 17602 17603 17604
f 17605 17606 17607 17608
f 17609 17610 17611 17612
f 17613 17614 17615 17616
f 17617 17618 17619 17620
f 17621 17622 17623 17624
f 17625 17626 17627 17628
f 17629 17630 17631 17632
f 17633 17634 17635 17636
f 17637 17638 17639 17640
f 17641 17642 17643 17644 17645 17646 17647 17648 17649 17650 17651 17652
f 17653 17654 17655 17656 17657 17658 17659 17660 17661 17662 17663 17664
usemtl ChainSteel
f 17665 17666 17667 17668
f 17669 17670 17671 17672
f 17673 17674 17675 17676
f 17677 17678 17679 17680
f 17681 17682 17683 17684
f 17685 17686 17687 17688
f 17689 17690 17691 17692
f 17693 17694 17695 17696
f 17697 17698 17699 17700
f 17701 17702 17703 17704
f 17705 17706 17707 17708
f 17709 17710 17711 17712
f 17713 17714 17715 17716
f 17717 17718 17719 17720
f 17721 17722 17723 17724
f 17725 17726 17727 17728
f 17729 17730 17731 17732
f 17733 17734 17735 17736
f 17737 17738 17739 17740
f 17741 17742 17743 17744
f 17745 17746 17747 17748
f 17749 17750 17751 17752
f 17753 17754 17755 17756
f 17757 17758 17759 17760
f 17761 17762 17763 17764
f 17765 17766 17767 17768
f 17769 17770 17771 17772
f 17773 17774 17775 17776
f 17777 17778 17779 17780
f 17781 17782 17783 17784
f 17785 17786 17787 17788
f 17789 17790 17791 17792
f 17793 17794 17795 17796
f 17797 17798 17799 17800
f 17801 17802 17803 17804
f 17805 17806 17807 17808
f 17809 17810 17811 17812
f 17813 17814 17815 17816
f 17817 17818 17819 17820
f 17821 17822 17823 17824
f 17825 17826 17827 17828
f 17829 17830 17831 17832
f 17833 17834 17835 17836
f 17837 17838 17839 17840
f 17841 17842 17843 17844
f 17845 17846 17847 17848
f 17849 17850 17851 17852
f 17853 17854 17855 17856
f 17857 17858 17859 17860
f 17861 17862 17863 17864
f 17865 17866 17867 17868
f 17869 17870 17871 17872
f 17873 17874 17875 17876
f 17877 17878 17879 17880
f 17881 17882 17883 17884
f 17885 17886 17887 17888
f 17889 17890 17891 17892
f 17893 17894 17895 17896
f 17897 17898 17899 17900
f 17901 17902 17903 17904
f 17905 17906 17907 17908
f 17909 17910 17911 17912
f 17913 17914 17915 17916
f 17917 17918 17919 17920
f 17921 17922 17923 17924
f 17925 17926 17927 17928
f 17929 17930 17931 17932
f 17933 17934 17935 17936
f 17937 17938 17939 17940
f 17941 17942 17943 17944
f 17945 17946 17947 17948
f 17949 17950 17951 17952
f 17953 17954 17955 17956
f 17957 17958 17959 17960
f 17961 17962 17963 17964
f 17965 17966 17967 17968
f 17969 17970 17971 17972
f 17973 17974 17975 17976
f 17977 17978 17979 17980
f 17981 17982 17983 17984
f 17985 17986 17987 17988
f 17989 17990 17991 17992
f 17993 17994 17995 17996
f 17997 17998 17999 18000
f 18001 18002 18003 18004
f 18005 18006 18007 18008
f 18009 18010 18011 18012
f 18013 18014 18015 18016
f 18017 18018 18019 18020
f 18021 18022 18023 18024
f 18025 18026 18027 18028
f 18029 18030 18031 18032
f 18033 18034 18035 18036
f 18037 18038 18039 18040
f 18041 18042 18043 18044
f 18045 18046 18047 18048
f 18049 18050 18051 18052
f 18053 18054 18055 18056
f 18057 18058 18059 18060
f 18061 18062 18063 18064
f 18065 18066 18067 18068
f 18069 18070 18071 18072
f 18073 18074 18075 18076
f 18077 18078 18079 18080
f 18081 18082 18083 18084
f 18085 18086 18087 18088
f 18089 18090 18091 18092
f 18093 18094 18095 18096
f 18097 18098 18099 18100
f 18101 18102 18103 18104
f 18105 18106 18107 18108
f 18109 18110 18111 18112
f 18113 18114 18115 18116
f 18117 18118 18119 18120
f 18121 18122 18123 18124
f 18125 18126 18127 18128
f 18129 18130 18131 18132
f 18133 18134 18135 18136
f 18137 18138 18139 18140
f 18141 18142 18143 18144
f 18145 18146 18147 18148
f 18149 18150 18151 18152
f 18153 18154 18155 18156
f 18157 18158 18159 18160
f 18161 18162 18163 18164
f 18165 18166 18167 18168
f 18169 18170 18171 18172
f 18173 18174 18175 18176
f 18177 18178 18179 18180
f 18181 18182 18183 18184
f 18185 18186 18187 18188
f 18189 18190 18191 18192
f 18193 18194 18195 18196
f 18197 18198 18199 18200
f 18201 18202 18203 18204
f 18205 18206 18207 18208
f 18209 18210 18211 18212
f 18213 18214 18215 18216
f 18217 18218 18219 18220
f 18221 18222 18223 18224
f 18225 18226 18227 18228
f 18229 18230 18231 18232
f 18233 18234 18235 18236
f 18237 18238 18239 18240
f 18241 18242 18243 18244
f 18245 18246 18247 18248
f 18249 18250 18251 18252
f 18253 18254 18255 18256
f 18257 18258 18259 18260
f 18261 18262 18263 18264
f 18265 18266 18267 18268
f 18269 18270 18271 18272
f 18273 18274 18275 18276
f 18277 18278 18279 18280
f 18281 18282 18283 18284
f 18285 18286 18287 18288
f 18289 18290 18291 18292
f 18293 18294 18295 18296
f 18297 18298 18299 18300
f 18301 18302 18303 18304
f 18305 18306 18307 18308
f 18309 18310 18311 18312
f 18313 18314 18315 18316
f 18317 18318 18319 18320
f 18321 18322 18323 18324
f 18325 18326 18327 18328
f 18329 18330 18331 18332
f 18333 18334 18335 18336
f 18337 18338 18339 18340
f 18341 18342 18343 18344
f 18345 18346 18347 18348
f 18349 18350 18351 18352
f 18353 18354 18355 18356
f 18357 18358 18359 18360
f 18361 18362 18363 18364
f 18365 18366 18367 18368
f 18369 18370 18371 18372
f 18373 18374 18375 18376
f 18377 18378 18379 18380
f 18381 18382 18383 18384
f 18385 18386 18387 18388
f 18389 18390 18391 18392
f 18393 18394 18395 18396
f 18397 18398 18399 18400
f 18401 18402 18403 18404
f 18405 18406 18407 18408
f 18409 18410 18411 18412
f 18413 18414 18415 18416
f 18417 18418 18419 18420
f 18421 18422 18423 18424
f 18425 18426 18427 18428
f 18429 18430 18431 18432
f 18433 18434 18435 18436
f 18437 18438 18439 18440
f 18441 18442 18443 18444
f 18445 18446 18447 18448
f 18449 18450 18451 18452
f 18453 18454 18455 18456
f 18457 18458 18459 18460
f 18461 18462 18463 18464
f 18465 18466 18467 18468
f 18469 18470 18471 18472
f 18473 18474 18475 18476
f 18477 18478 18479 18480
f 18481 18482 18483 18484
f 18485 18486 18487 18488
f 18489 18490 18491 18492
f 18493 18494 18495 18496
f 18497 18498 18499 18500
f 18501 18502 18503 18504
f 18505 18506 18507 18508
f 18509 18510 18511 18512
f 18513 18514 18515 18516
f 18517 18518 18519 18520
f 18521 18522 18523 18524
f 18525 18526 18527 18528
f 18529 18530 18531 18532
f 18533 18534 18535 18536
f 18537 18538 18539 18540
f 18541 18542 18543 18544
f 18545 18546 18547 18548
f 18549 18550 18551 18552
f 18553 18554 18555 18556
f 18557 18558 18559 18560
f 18561 18562 18563 18564
f 18565 18566 18567 18568
f 18569 18570 18571 18572
f 18573 18574 18575 18576
f 18577 18578 18579 18580
f 18581 18582 18583 18584
f 18585 18586 18587 18588
f 18589 18590 18591 18592
f 18593 18594 18595 18596
f 18597 18598 18599 18600
f 18601 18602 18603 18604
f 18605 18606 18607 18608
f 18609 18610 18611 18612
f 18613 18614 18615 18616
f 18617 18618 18619 18620
f 18621 18622 18623 18624
f 18625 18626 18627 18628
f 18629 18630 18631 18632
f 18633 18634 18635 18636
f 18637 18638 18639 18640
f 18641 18642 18643 18644
f 18645 18646 18647 18648
f 18649 18650 18651 18652
f 18653 18654 18655 18656
f 18657 18658 18659 18660
f 18661 18662 18663 18664
f 18665 18666 18667 18668
f 18669 18670 18671 18672
f 18673 18674 18675 18676
f 18677 18678 18679 18680
f 18681 18682 18683 18684
f 18685 18686 18687 18688
f 18689 18690 18691 18692
f 18693 18694 18695 18696
f 18697 18698 18699 18700
f 18701 18702 18703 18704
f 18705 18706 18707 18708
f 18709 18710 18711 18712
f 18713 18714 18715 18716
f 18717 18718 18719 18720
f 18721 18722 18723 18724
f 18725 18726 18727 18728
f 18729 18730 18731 18732
f 18733 18734 18735 18736
f 18737 18738 18739 18740
f 18741 18742 18743 18744
f 18745 18746 18747 18748
f 18749 18750 18751 18752
f 18753 18754 18755 18756
f 18757 18758 18759 18760
f 18761 18762 18763 18764
f 18765 18766 18767 18768
f 18769 18770 18771 18772
f 18773 18774 18775 18776
f 18777 18778 18779 18780
f 18781 18782 18783 18784
f 18785 18786 18787 18788
f 18789 18790 18791 18792
f 18793 18794 18795 18796
f 18797 18798 18799 18800
f 18801 18802 18803 18804
f 18805 18806 18807 18808
f 18809 18810 18811 18812
f 18813 18814 18815 18816
f 18817 18818 18819 18820
f 18821 18822 18823 18824
f 18825 18826 18827 18828
f 18829 18830 18831 18832
f 18833 18834 18835 18836
f 18837 18838 18839 18840
f 18841 18842 18843 18844
f 18845 18846 18847 18848
f 18849 18850 18851 18852
f 18853 18854 18855 18856
f 18857 18858 18859 18860
f 18861 18862 18863 18864
f 18865 18866 18867 18868
f 18869 18870 18871 18872
f 18873 18874 18875 18876
f 18877 18878 18879 18880
f 18881 18882 18883 18884
f 18885 18886 18887 18888
f 18889 18890 18891 18892
f 18893 18894 18895 18896
f 18897 18898 18899 18900
f 18901 18902 18903 18904
f 18905 18906 18907 18908
f 18909 18910 18911 18912
f 18913 18914 18915 18916
f 18917 18918 18919 18920
f 18921 18922 18923 18924
f 18925 18926 18927 18928
f 18929 18930 18931 18932
f 18933 18934 18935 18936
f 18937 18938 18939 18940
f 18941 18942 18943 18944
f 18945 18946 18947 18948
f 18949 18950 18951 18952
f 18953 18954 18955 18956
f 18957 18958 18959 18960
f 18961 18962 18963 18964
f 18965 18966 18967 18968
f 18969 18970 18971 18972
f 18973 18974 18975 18976
f 18977 18978 18979 18980
f 18981 18982 18983 18984
f 18985 18986 18987 18988
f 18989 18990 18991 18992
f 18993 18994 18995 18996
f 18997 18998 18999 19000
f 19001 19002 19003 19004
f 19005 19006 19007 19008
f 19009 19010 19011 19012
f 19013 19014 19015 19016
f 19017 19018 19019 19020
f 19021 19022 19023 19024
f 19025 19026 19027 19028
f 19029 19030 19031 19032
f 19033 19034 19035 19036
f 19037 19038 19039 19040
f 19041 19042 19043 19044
f 19045 19046 19047 19048
f 19049 19050 19051 19052
f 19053 19054 19055 19056
usemtl Stainless
f 19057 19058 19059 19060
f 19061 19062 19063 19064
f 19065 19066 19067 19068
f 19069 19070 19071 19072
f 19073 19074 19075 19076
f 19077 19078 19079 19080
f 19081 19082 19083 19084
f 19085 19086 19087 19088
f 19089 19090 19091 19092
f 19093 19094 19095 19096
f 19097 19098 19099 19100
f 19101 19102 19103 19104
f 19105 19106 19107 19108
f 19109 19110 19111 19112
f 19113 19114 19115 19116
f 19117 19118 19119 19120
f 19121 19122 19123 19124
f 19125 19126 19127 19128
f 19129 19130 19131
f 19132 19133 19134
f 19135 19136 19137
f 19138 19139 19140
f 19141 19142 19143
f 19144 19145 19146
f 19147 19148 19149
f 19150 19151 19152
usemtl PcbGreen
f 19153 19154 19155 19156
f 19157 19158 19159 19160
f 19161 19162 19163 19164
f 19165 19166 19167 19168
f 19169 19170 19171 19172
f 19173 19174 19175 19176
f 19177 19178 19179 19180
f 19181 19182 19183 19184
f 19185 19186 19187 19188
f 19189 19190 19191 19192
f 19193 19194 19195 19196
f 19197 19198 19199 19200
f 19201 19202 19203 19204
f 19205 19206 19207 19208
f 19209 19210 19211 19212
f 19213 19214 19215 19216
f 19217 19218 19219 19220
f 19221 19222 19223 19224
f 19225 19226 19227
f 19228 19229 19230
f 19231 19232 19233
f 19234 19235 19236
f 19237 19238 19239
f 19240 19241 19242
f 19243 19244 19245
f 19246 19247 19248
usemtl Copper
f 19249 19250 19251 19252
f 19253 19254 19255 19256
f 19257 19258 19259 19260
f 19261 19262 19263 19264
f 19265 19266 19267 19268
f 19269 19270 19271 19272
f 19273 19274 19275 19276
f 19277 19278 19279 19280
f 19281 19282 19283 19284
f 19285 19286 19287 19288
f 19289 19290 19291 19292
f 19293 19294 19295 19296
f 19297 19298 19299 19300
f 19301 19302 19303 19304
f 19305 19306 19307 19308
f 19309 19310 19311 19312
f 19313 19314 19315 19316
f 19317 19318 19319 19320
f 19321 19322 19323
f 19324 19325 19326
f 19327 19328 19329
f 19330 19331 19332
f 19333 19334 19335
f 19336 19337 19338
f 19339 19340 19341
f 19342 19343 19344
f 19345 19346 19347 19348
f 19349 19350 19351 19352
f 19353 19354 19355 19356
f 19357 19358 19359 19360
f 19361 19362 19363 19364
f 19365 19366 19367 19368
f 19369 19370 19371 19372
f 19373 19374 19375 19376
f 19377 19378 19379 19380
f 19381 19382 19383 19384
f 19385 19386 19387 19388
f 19389 19390 19391 19392
f 19393 19394 19395 19396
f 19397 19398 19399 19400
f 19401 19402 19403 19404
f 19405 19406 19407 19408
f 19409 19410 19411 19412
f 19413 19414 19415 19416
f 19417 19418 19419
f 19420 19421 19422
f 19423 19424 19425
f 19426 19427 19428
f 19429 19430 19431
f 19432 19433 19434
f 19435 19436 19437
f 19438 19439 19440
f 19441 19442 19443 19444
f 19445 19446 19447 19448
f 19449 19450 19451 19452
f 19453 19454 19455 19456
f 19457 19458 19459 19460
f 19461 19462 19463 19464
f 19465 19466 19467 19468
f 19469 19470 19471 19472
f 19473 19474 19475 19476
f 19477 19478 19479 19480
f 19481 19482 19483 19484
f 19485 19486 19487 19488
f 19489 19490 19491 19492
f 19493 19494 19495 19496
f 19497 19498 19499 19500
f 19501 19502 19503 19504
f 19505 19506 19507 19508
f 19509 19510 19511 19512
f 19513 19514 19515
f 19516 19517 19518
f 19519 19520 19521
f 19522 19523 19524
f 19525 19526 19527
f 19528 19529 19530
f 19531 19532 19533
f 19534 19535 19536
f 19537 19538 19539 19540
f 19541 19542 19543 19544
f 19545 19546 19547 19548
f 19549 19550 19551 19552
f 19553 19554 19555 19556
f 19557 19558 19559 19560
f 19561 19562 19563 19564
f 19565 19566 19567 19568
f 19569 19570 19571 19572
f 19573 19574 19575 19576
f 19577 19578 19579 19580
f 19581 19582 19583 19584
f 19585 19586 19587 19588
f 19589 19590 19591 19592
f 19593 19594 19595 19596
f 19597 19598 19599 19600
f 19601 19602 19603 19604
f 19605 19606 19607 19608
f 19609 19610 19611
f 19612 19613 19614
f 19615 19616 19617
f 19618 19619 19620
f 19621 19622 19623
f 19624 19625 19626
f 19627 19628 19629
f 19630 19631 19632
usemtl DarkSteel
f 19633 19634 19635 19636
f 19637 19638 19639 19640
f 19641 19642 19643 19644
f 19645 19646 19647 19648
f 19649 19650 19651 19652
f 19653 19654 19655 19656
f 19657 19658 19659 19660
f 19661 19662 19663 19664
f 19665 19666 19667 19668
f 19669 19670 19671 19672
f 19673 19674 19675 19676
f 19677 19678 19679 19680
f 19681 19682 19683 19684
f 19685 19686 19687 19688
f 19689 19690 19691 19692 19693 19694 19695 19696 19697 19698 19699 19700 19701 19702
f 19703 19704 19705 19706 19707 19708 19709 19710 19711 19712 19713 19714 19715 19716
f 19717 19718 19719 19720
f 19721 19722 19723 19724
f 19725 19726 19727 19728
f 19729 19730 19731 19732
f 19733 19734 19735 19736
f 19737 19738 19739 19740
f 19741 19742 19743 19744
f 19745 19746 19747 19748
f 19749 19750 19751 19752
f 19753 19754 19755 19756
f 19757 19758 19759 19760
f 19761 19762 19763 19764
f 19765 19766 19767 19768
f 19769 19770 19771 19772
f 19773 19774 19775 19776 19777 19778 19779 19780 19781 19782 19783 19784 19785 19786
f 19787 19788 19789 19790 19791 19792 19793 19794 19795 19796 19797 19798 19799 19800
usemtl Copper
f 19801 19802 19803 19804
f 19805 19806 19807 19808
f 19809 19810 19811 19812
f 19813 19814 19815 19816
f 19817 19818 19819 19820
f 19821 19822 19823 19824
f 19825 19826 19827 19828
f 19829 19830 19831 19832
f 19833 19834 19835 19836
f 19837 19838 19839 19840
f 19841 19842 19843 19844
f 19845 19846 19847 19848
f 19849 19850 19851 19852 19853 19854 19855 19856 19857 19858 19859 19860
f 19861 19862 19863 19864 19865 19866 19867 19868 19869 19870 19871 19872
usemtl ChainSteel
f 19873 19874 19875 19876
f 19877 19878 19879 19880
f 19881 19882 19883 19884
f 19885 19886 19887 19888
f 19889 19890 19891 19892
f 19893 19894 19895 19896
f 19897 19898 19899 19900
f 19901 19902 19903 19904
f 19905 19906 19907 19908
f 19909 19910 19911 19912
f 19913 19914 19915 19916
f 19917 19918 19919 19920
f 19921 19922 19923 19924
f 19925 19926 19927 19928
f 19929 19930 19931 19932
f 19933 19934 19935 19936
f 19937 19938 19939 19940
f 19941 19942 19943 19944
f 19945 19946 19947 19948
f 19949 19950 19951 19952
f 19953 19954 19955 19956
f 19957 19958 19959 19960
f 19961 19962 19963 19964
f 19965 19966 19967 19968
f 19969 19970 19971 19972
f 19973 19974 19975 19976
f 19977 19978 19979 19980
f 19981 19982 19983 19984
f 19985 19986 19987 19988
f 19989 19990 19991 19992
f 19993 19994 19995 19996
f 19997 19998 19999 20000
f 20001 20002 20003 20004
f 20005 20006 20007 20008
f 20009 20010 20011 20012
f 20013 20014 20015 20016
f 20017 20018 20019 20020
f 20021 20022 20023 20024
f 20025 20026 20027 20028
f 20029 20030 20031 20032
f 20033 20034 20035 20036
f 20037 20038 20039 20040
f 20041 20042 20043 20044
f 20045 20046 20047 20048
f 20049 20050 20051 20052
f 20053 20054 20055 20056
f 20057 20058 20059 20060
f 20061 20062 20063 20064
f 20065 20066 20067 20068
f 20069 20070 20071 20072
f 20073 20074 20075 20076
f 20077 20078 20079 20080
f 20081 20082 20083 20084
f 20085 20086 20087 20088
f 20089 20090 20091 20092
f 20093 20094 20095 20096
f 20097 20098 20099 20100
f 20101 20102 20103 20104
f 20105 20106 20107 20108
f 20109 20110 20111 20112
f 20113 20114 20115 20116
f 20117 20118 20119 20120
f 20121 20122 20123 20124
f 20125 20126 20127 20128
f 20129 20130 20131 20132
f 20133 20134 20135 20136
f 20137 20138 20139 20140
f 20141 20142 20143 20144
f 20145 20146 20147 20148
f 20149 20150 20151 20152
f 20153 20154 20155 20156
f 20157 20158 20159 20160
f 20161 20162 20163 20164
f 20165 20166 20167 20168
f 20169 20170 20171 20172
f 20173 20174 20175 20176
f 20177 20178 20179 20180
f 20181 20182 20183 20184
f 20185 20186 20187 20188
f 20189 20190 20191 20192
f 20193 20194 20195 20196
f 20197 20198 20199 20200
f 20201 20202 20203 20204
f 20205 20206 20207 20208
f 20209 20210 20211 20212
f 20213 20214 20215 20216
f 20217 20218 20219 20220
f 20221 20222 20223 20224
f 20225 20226 20227 20228
f 20229 20230 20231 20232
f 20233 20234 20235 20236
f 20237 20238 20239 20240
f 20241 20242 20243 20244
f 20245 20246 20247 20248
f 20249 20250 20251 20252
f 20253 20254 20255 20256
f 20257 20258 20259 20260
f 20261 20262 20263 20264
f 20265 20266 20267 20268
f 20269 20270 20271 20272
f 20273 20274 20275 20276
f 20277 20278 20279 20280
f 20281 20282 20283 20284
f 20285 20286 20287 20288
f 20289 20290 20291 20292
f 20293 20294 20295 20296
f 20297 20298 20299 20300
f 20301 20302 20303 20304
f 20305 20306 20307 20308
f 20309 20310 20311 20312
f 20313 20314 20315 20316
f 20317 20318 20319 20320
f 20321 20322 20323 20324
f 20325 20326 20327 20328
f 20329 20330 20331 20332
f 20333 20334 20335 20336
f 20337 20338 20339 20340
f 20341 20342 20343 20344
f 20345 20346 20347 20348
f 20349 20350 20351 20352
f 20353 20354 20355 20356
f 20357 20358 20359 20360
f 20361 20362 20363 20364
f 20365 20366 20367 20368
f 20369 20370 20371 20372
f 20373 20374 20375 20376
f 20377 20378 20379 20380
f 20381 20382 20383 20384
f 20385 20386 20387 20388
f 20389 20390 20391 20392
f 20393 20394 20395 20396
f 20397 20398 20399 20400
f 20401 20402 20403 20404
f 20405 20406 20407 20408
f 20409 20410 20411 20412
f 20413 20414 20415 20416
f 20417 20418 20419 20420
f 20421 20422 20423 20424
f 20425 20426 20427 20428
f 20429 20430 20431 20432
f 20433 20434 20435 20436
f 20437 20438 20439 20440
f 20441 20442 20443 20444
f 20445 20446 20447 20448
f 20449 20450 20451 20452
f 20453 20454 20455 20456
f 20457 20458 20459 20460
f 20461 20462 20463 20464
f 20465 20466 20467 20468
f 20469 20470 20471 20472
f 20473 20474 20475 20476
f 20477 20478 20479 20480
f 20481 20482 20483 20484
f 20485 20486 20487 20488
f 20489 20490 20491 20492
f 20493 20494 20495 20496
f 20497 20498 20499 20500
f 20501 20502 20503 20504
f 20505 20506 20507 20508
f 20509 20510 20511 20512
f 20513 20514 20515 20516
f 20517 20518 20519 20520
f 20521 20522 20523 20524
f 20525 20526 20527 20528
f 20529 20530 20531 20532
f 20533 20534 20535 20536
f 20537 20538 20539 20540
f 20541 20542 20543 20544
f 20545 20546 20547 20548
f 20549 20550 20551 20552
f 20553 20554 20555 20556
f 20557 20558 20559 20560
f 20561 20562 20563 20564
f 20565 20566 20567 20568
f 20569 20570 20571 20572
f 20573 20574 20575 20576
f 20577 20578 20579 20580
f 20581 20582 20583 20584
f 20585 20586 20587 20588
f 20589 20590 20591 20592
f 20593 20594 20595 20596
f 20597 20598 20599 20600
f 20601 20602 20603 20604
f 20605 20606 20607 20608
f 20609 20610 20611 20612
f 20613 20614 20615 20616
f 20617 20618 20619 20620
f 20621 20622 20623 20624
f 20625 20626 20627 20628
f 20629 20630 20631 20632
f 20633 20634 20635 20636
f 20637 20638 20639 20640
f 20641 20642 20643 20644
f 20645 20646 20647 20648
f 20649 20650 20651 20652
f 20653 20654 20655 20656
f 20657 20658 20659 20660
f 20661 20662 20663 20664
f 20665 20666 20667 20668
f 20669 20670 20671 20672
f 20673 20674 20675 20676
f 20677 20678 20679 20680
f 20681 20682 20683 20684
f 20685 20686 20687 20688
f 20689 20690 20691 20692
f 20693 20694 20695 20696
f 20697 20698 20699 20700
f 20701 20702 20703 20704
f 20705 20706 20707 20708
f 20709 20710 20711 20712
f 20713 20714 20715 20716
f 20717 20718 20719 20720
f 20721 20722 20723 20724
f 20725 20726 20727 20728
f 20729 20730 20731 20732
f 20733 20734 20735 20736
f 20737 20738 20739 20740
f 20741 20742 20743 20744
f 20745 20746 20747 20748
f 20749 20750 20751 20752
f 20753 20754 20755 20756
f 20757 20758 20759 20760
f 20761 20762 20763 20764
f 20765 20766 20767 20768
f 20769 20770 20771 20772
f 20773 20774 20775 20776
f 20777 20778 20779 20780
f 20781 20782 20783 20784
f 20785 20786 20787 20788
f 20789 20790 20791 20792
f 20793 20794 20795 20796
f 20797 20798 20799 20800
f 20801 20802 20803 20804
f 20805 20806 20807 20808
f 20809 20810 20811 20812
f 20813 20814 20815 20816
f 20817 20818 20819 20820
f 20821 20822 20823 20824
f 20825 20826 20827 20828
f 20829 20830 20831 20832
f 20833 20834 20835 20836
f 20837 20838 20839 20840
f 20841 20842 20843 20844
f 20845 20846 20847 20848
f 20849 20850 20851 20852
f 20853 20854 20855 20856
f 20857 20858 20859 20860
f 20861 20862 20863 20864
f 20865 20866 20867 20868
f 20869 20870 20871 20872
f 20873 20874 20875 20876
f 20877 20878 20879 20880
f 20881 20882 20883 20884
f 20885 20886 20887 20888
f 20889 20890 20891 20892
f 20893 20894 20895 20896
f 20897 20898 20899 20900
f 20901 20902 20903 20904
f 20905 20906 20907 20908
f 20909 20910 20911 20912
f 20913 20914 20915 20916
f 20917 20918 20919 20920
f 20921 20922 20923 20924
f 20925 20926 20927 20928
f 20929 20930 20931 20932
f 20933 20934 20935 20936
f 20937 20938 20939 20940
f 20941 20942 20943 20944
f 20945 20946 20947 20948
f 20949 20950 20951 20952
f 20953 20954 20955 20956
f 20957 20958 20959 20960
f 20961 20962 20963 20964
f 20965 20966 20967 20968
f 20969 20970 20971 20972
f 20973 20974 20975 20976
f 20977 20978 20979 20980
f 20981 20982 20983 20984
f 20985 20986 20987 20988
f 20989 20990 20991 20992
f 20993 20994 20995 20996
f 20997 20998 20999 21000
f 21001 21002 21003 21004
f 21005 21006 21007 21008
f 21009 21010 21011 21012
f 21013 21014 21015 21016
f 21017 21018 21019 21020
f 21021 21022 21023 21024
f 21025 21026 21027 21028
f 21029 21030 21031 21032
f 21033 21034 21035 21036
f 21037 21038 21039 21040
f 21041 21042 21043 21044
f 21045 21046 21047 21048
f 21049 21050 21051 21052
f 21053 21054 21055 21056
f 21057 21058 21059 21060
f 21061 21062 21063 21064
f 21065 21066 21067 21068
f 21069 21070 21071 21072
f 21073 21074 21075 21076
f 21077 21078 21079 21080
f 21081 21082 21083 21084
f 21085 21086 21087 21088
f 21089 21090 21091 21092
f 21093 21094 21095 21096
f 21097 21098 21099 21100
f 21101 21102 21103 21104
f 21105 21106 21107 21108
f 21109 21110 21111 21112
f 21113 21114 21115 21116
f 21117 21118 21119 21120
f 21121 21122 21123 21124
f 21125 21126 21127 21128
f 21129 21130 21131 21132
f 21133 21134 21135 21136
f 21137 21138 21139 21140
f 21141 21142 21143 21144
f 21145 21146 21147 21148
f 21149 21150 21151 21152
f 21153 21154 21155 21156
f 21157 21158 21159 21160
f 21161 21162 21163 21164
f 21165 21166 21167 21168
f 21169 21170 21171 21172
f 21173 21174 21175 21176
f 21177 21178 21179 21180
f 21181 21182 21183 21184
f 21185 21186 21187 21188
f 21189 21190 21191 21192
f 21193 21194 21195 21196
f 21197 21198 21199 21200
f 21201 21202 21203 21204
f 21205 21206 21207 21208
f 21209 21210 21211 21212
f 21213 21214 21215 21216
f 21217 21218 21219 21220
f 21221 21222 21223 21224
f 21225 21226 21227 21228
f 21229 21230 21231 21232
f 21233 21234 21235 21236
f 21237 21238 21239 21240
f 21241 21242 21243 21244
f 21245 21246 21247 21248
f 21249 21250 21251 21252
f 21253 21254 21255 21256
f 21257 21258 21259 21260
f 21261 21262 21263 21264
usemtl Stainless
f 21265 21266 21267 21268
f 21269 21270 21271 21272
f 21273 21274 21275 21276
f 21277 21278 21279 21280
f 21281 21282 21283 21284
f 21285 21286 21287 21288
f 21289 21290 21291 21292
f 21293 21294 21295 21296
f 21297 21298 21299 21300
f 21301 21302 21303 21304
f 21305 21306 21307 21308
f 21309 21310 21311 21312
f 21313 21314 21315 21316
f 21317 21318 21319 21320
f 21321 21322 21323 21324
f 21325 21326 21327 21328
f 21329 21330 21331 21332
f 21333 21334 21335 21336
f 21337 21338 21339
f 21340 21341 21342
f 21343 21344 21345
f 21346 21347 21348
f 21349 21350 21351
f 21352 21353 21354
f 21355 21356 21357
f 21358 21359 21360
usemtl PcbGreen
f 21361 21362 21363 21364
f 21365 21366 21367 21368
f 21369 21370 21371 21372
f 21373 21374 21375 21376
f 21377 21378 21379 21380
f 21381 21382 21383 21384
f 21385 21386 21387 21388
f 21389 21390 21391 21392
f 21393 21394 21395 21396
f 21397 21398 21399 21400
f 21401 21402 21403 21404
f 21405 21406 21407 21408
f 21409 21410 21411 21412
f 21413 21414 21415 21416
f 21417 21418 21419 21420
f 21421 21422 21423 21424
f 21425 21426 21427 21428
f 21429 21430 21431 21432
f 21433 21434 21435
f 21436 21437 21438
f 21439 21440 21441
f 21442 21443 21444
f 21445 21446 21447
f 21448 21449 21450
f 21451 21452 21453
f 21454 21455 21456
usemtl Copper
f 21457 21458 21459 21460
f 21461 21462 21463 21464
f 21465 21466 21467 21468
f 21469 21470 21471 21472
f 21473 21474 21475 21476
f 21477 21478 21479 21480
f 21481 21482 21483 21484
f 21485 21486 21487 21488
f 21489 21490 21491 21492
f 21493 21494 21495 21496
f 21497 21498 21499 21500
f 21501 21502 21503 21504
f 21505 21506 21507 21508
f 21509 21510 21511 21512
f 21513 21514 21515 21516
f 21517 21518 21519 21520
f 21521 21522 21523 21524
f 21525 21526 21527 21528
f 21529 21530 21531
f 21532 21533 21534
f 21535 21536 21537
f 21538 21539 21540
f 21541 21542 21543
f 21544 21545 21546
f 21547 21548 21549
f 21550 21551 21552
f 21553 21554 21555 21556
f 21557 21558 21559 21560
f 21561 21562 21563 21564
f 21565 21566 21567 21568
f 21569 21570 21571 21572
f 21573 21574 21575 21576
f 21577 21578 21579 21580
f 21581 21582 21583 21584
f 21585 21586 21587 21588
f 21589 21590 21591 21592
f 21593 21594 21595 21596
f 21597 21598 21599 21600
f 21601 21602 21603 21604
f 21605 21606 21607 21608
f 21609 21610 21611 21612
f 21613 21614 21615 21616
f 21617 21618 21619 21620
f 21621 21622 21623 21624
f 21625 21626 21627
f 21628 21629 21630
f 21631 21632 21633
f 21634 21635 21636
f 21637 21638 21639
f 21640 21641 21642
f 21643 21644 21645
f 21646 21647 21648
f 21649 21650 21651 21652
f 21653 21654 21655 21656
f 21657 21658 21659 21660
f 21661 21662 21663 21664
f 21665 21666 21667 21668
f 21669 21670 21671 21672
f 21673 21674 21675 21676
f 21677 21678 21679 21680
f 21681 21682 21683 21684
f 21685 21686 21687 21688
f 21689 21690 21691 21692
f 21693 21694 21695 21696
f 21697 21698 21699 21700
f 21701 21702 21703 21704
f 21705 21706 21707 21708
f 21709 21710 21711 21712
f 21713 21714 21715 21716
f 21717 21718 21719 21720
f 21721 21722 21723
f 21724 21725 21726
f 21727 21728 21729
f 21730 21731 21732
f 21733 21734 21735
f 21736 21737 21738
f 21739 21740 21741
f 21742 21743 21744
f 21745 21746 21747 21748
f 21749 21750 21751 21752
f 21753 21754 21755 21756
f 21757 21758 21759 21760
f 21761 21762 21763 21764
f 21765 21766 21767 21768
f 21769 21770 21771 21772
f 21773 21774 21775 21776
f 21777 21778 21779 21780
f 21781 21782 21783 21784
f 21785 21786 21787 21788
f 21789 21790 21791 21792
f 21793 21794 21795 21796
f 21797 21798 21799 21800
f 21801 21802 21803 21804
f 21805 21806 21807 21808
f 21809 21810 21811 21812
f 21813 21814 21815 21816
f 21817 21818 21819
f 21820 21821 21822
f 21823 21824 21825
f 21826 21827 21828
f 21829 21830 21831
f 21832 21833 21834
f 21835 21836 21837
f 21838 21839 21840
usemtl DarkSteel
f 21841 21842 21843 21844
f 21845 21846 21847 21848
f 21849 21850 21851 21852
f 21853 21854 21855 21856
f 21857 21858 21859 21860
f 21861 21862 21863 21864
f 21865 21866 21867 21868
f 21869 21870 21871 21872
f 21873 21874 21875 21876
f 21877 21878 21879 21880
f 21881 21882 21883 21884
f 21885 21886 21887 21888
f 21889 21890 21891 21892
f 21893 21894 21895 21896
f 21897 21898 21899 21900 21901 21902 21903 21904 21905 21906 21907 21908 21909 21910
f 21911 21912 21913 21914 21915 21916 21917 21918 21919 21920 21921 21922 21923 21924
f 21925 21926 21927 21928
f 21929 21930 21931 21932
f 21933 21934 21935 21936
f 21937 21938 21939 21940
f 21941 21942 21943 21944
f 21945 21946 21947 21948
f 21949 21950 21951 21952
f 21953 21954 21955 21956
f 21957 21958 21959 21960
f 21961 21962 21963 21964
f 21965 21966 21967 21968
f 21969 21970 21971 21972
f 21973 21974 21975 21976
f 21977 21978 21979 21980
f 21981 21982 21983 21984 21985 21986 21987 21988 21989 21990 21991 21992 21993 21994
f 21995 21996 21997 21998 21999 22000 22001 22002 22003 22004 22005 22006 22007 22008
usemtl Copper
f 22009 22010 22011 22012
f 22013 22014 22015 22016
f 22017 22018 22019 22020
f 22021 22022 22023 22024
f 22025 22026 22027 22028
f 22029 22030 22031 22032
f 22033 22034 22035 22036
f 22037 22038 22039 22040
f 22041 22042 22043 22044
f 22045 22046 22047 22048
f 22049 22050 22051 22052
f 22053 22054 22055 22056
f 22057 22058 22059 22060 22061 22062 22063 22064 22065 22066 22067 22068
f 22069 22070 22071 22072 22073 22074 22075 22076 22077 22078 22079 22080
usemtl ChainSteel
f 22081 22082 22083 22084
f 22085 22086 22087 22088
f 22089 22090 22091 22092
f 22093 22094 22095 22096
f 22097 22098 22099 22100
f 22101 22102 22103 22104
f 22105 22106 22107 22108
f 22109 22110 22111 22112
f 22113 22114 22115 22116
f 22117 22118 22119 22120
f 22121 22122 22123 22124
f 22125 22126 22127 22128
f 22129 22130 22131 22132
f 22133 22134 22135 22136
f 22137 22138 22139 22140
f 22141 22142 22143 22144
f 22145 22146 22147 22148
f 22149 22150 22151 22152
f 22153 22154 22155 22156
f 22157 22158 22159 22160
f 22161 22162 22163 22164
f 22165 22166 22167 22168
f 22169 22170 22171 22172
f 22173 22174 22175 22176
f 22177 22178 22179 22180
f 22181 22182 22183 22184
f 22185 22186 22187 22188
f 22189 22190 22191 22192
f 22193 22194 22195 22196
f 22197 22198 22199 22200
f 22201 22202 22203 22204
f 22205 22206 22207 22208
f 22209 22210 22211 22212
f 22213 22214 22215 22216
f 22217 22218 22219 22220
f 22221 22222 22223 22224
f 22225 22226 22227 22228
f 22229 22230 22231 22232
f 22233 22234 22235 22236
f 22237 22238 22239 22240
f 22241 22242 22243 22244
f 22245 22246 22247 22248
f 22249 22250 22251 22252
f 22253 22254 22255 22256
f 22257 22258 22259 22260
f 22261 22262 22263 22264
f 22265 22266 22267 22268
f 22269 22270 22271 22272
f 22273 22274 22275 22276
f 22277 22278 22279 22280
f 22281 22282 22283 22284
f 22285 22286 22287 22288
f 22289 22290 22291 22292
f 22293 22294 22295 22296
f 22297 22298 22299 22300
f 22301 22302 22303 22304
f 22305 22306 22307 22308
f 22309 22310 22311 22312
f 22313 22314 22315 22316
f 22317 22318 22319 22320
f 22321 22322 22323 22324
f 22325 22326 22327 22328
f 22329 22330 22331 22332
f 22333 22334 22335 22336
f 22337 22338 22339 22340
f 22341 22342 22343 22344
f 22345 22346 22347 22348
f 22349 22350 22351 22352
f 22353 22354 22355 22356
f 22357 22358 22359 22360
f 22361 22362 22363 22364
f 22365 22366 22367 22368
f 22369 22370 22371 22372
f 22373 22374 22375 22376
f 22377 22378 22379 22380
f 22381 22382 22383 22384
f 22385 22386 22387 22388
f 22389 22390 22391 22392
f 22393 22394 22395 22396
f 22397 22398 22399 22400
f 22401 22402 22403 22404
f 22405 22406 22407 22408
f 22409 22410 22411 22412
f 22413 22414 22415 22416
f 22417 22418 22419 22420
f 22421 22422 22423 22424
f 22425 22426 22427 22428
f 22429 22430 22431 22432
f 22433 22434 22435 22436
f 22437 22438 22439 22440
f 22441 22442 22443 22444
f 22445 22446 22447 22448
f 22449 22450 22451 22452
f 22453 22454 22455 22456
f 22457 22458 22459 22460
f 22461 22462 22463 22464
f 22465 22466 22467 22468
f 22469 22470 22471 22472
f 22473 22474 22475 22476
f 22477 22478 22479 22480
f 22481 22482 22483 22484
f 22485 22486 22487 22488
f 22489 22490 22491 22492
f 22493 22494 22495 22496
f 22497 22498 22499 22500
f 22501 22502 22503 22504
f 22505 22506 22507 22508
f 22509 22510 22511 22512
f 22513 22514 22515 22516
f 22517 22518 22519 22520
f 22521 22522 22523 22524
f 22525 22526 22527 22528
f 22529 22530 22531 22532
f 22533 22534 22535 22536
f 22537 22538 22539 22540
f 22541 22542 22543 22544
f 22545 22546 22547 22548
f 22549 22550 22551 22552
f 22553 22554 22555 22556
f 22557 22558 22559 22560
f 22561 22562 22563 22564
f 22565 22566 22567 22568
f 22569 22570 22571 22572
f 22573 22574 22575 22576
f 22577 22578 22579 22580
f 22581 22582 22583 22584
f 22585 22586 22587 22588
f 22589 22590 22591 22592
f 22593 22594 22595 22596
f 22597 22598 22599 22600
f 22601 22602 22603 22604
f 22605 22606 22607 22608
f 22609 22610 22611 22612
f 22613 22614 22615 22616
f 22617 22618 22619 22620
f 22621 22622 22623 22624
f 22625 22626 22627 22628
f 22629 22630 22631 22632
f 22633 22634 22635 22636
f 22637 22638 22639 22640
f 22641 22642 22643 22644
f 22645 22646 22647 22648
f 22649 22650 22651 22652
f 22653 22654 22655 22656
f 22657 22658 22659 22660
f 22661 22662 22663 22664
f 22665 22666 22667 22668
f 22669 22670 22671 22672
f 22673 22674 22675 22676
f 22677 22678 22679 22680
f 22681 22682 22683 22684
f 22685 22686 22687 22688
f 22689 22690 22691 22692
f 22693 22694 22695 22696
f 22697 22698 22699 22700
f 22701 22702 22703 22704
f 22705 22706 22707 22708
f 22709 22710 22711 22712
f 22713 22714 22715 22716
f 22717 22718 22719 22720
f 22721 22722 22723 22724
f 22725 22726 22727 22728
f 22729 22730 22731 22732
f 22733 22734 22735 22736
f 22737 22738 22739 22740
f 22741 22742 22743 22744
f 22745 22746 22747 22748
f 22749 22750 22751 22752
f 22753 22754 22755 22756
f 22757 22758 22759 22760
f 22761 22762 22763 22764
f 22765 22766 22767 22768
f 22769 22770 22771 22772
f 22773 22774 22775 22776
f 22777 22778 22779 22780
f 22781 22782 22783 22784
f 22785 22786 22787 22788
f 22789 22790 22791 22792
f 22793 22794 22795 22796
f 22797 22798 22799 22800
f 22801 22802 22803 22804
f 22805 22806 22807 22808
f 22809 22810 22811 22812
f 22813 22814 22815 22816
f 22817 22818 22819 22820
f 22821 22822 22823 22824
f 22825 22826 22827 22828
f 22829 22830 22831 22832
f 22833 22834 22835 22836
f 22837 22838 22839 22840
f 22841 22842 22843 22844
f 22845 22846 22847 22848
f 22849 22850 22851 22852
f 22853 22854 22855 22856
f 22857 22858 22859 22860
f 22861 22862 22863 22864
f 22865 22866 22867 22868
f 22869 22870 22871 22872
f 22873 22874 22875 22876
f 22877 22878 22879 22880
f 22881 22882 22883 22884
f 22885 22886 22887 22888
f 22889 22890 22891 22892
f 22893 22894 22895 22896
f 22897 22898 22899 22900
f 22901 22902 22903 22904
f 22905 22906 22907 22908
f 22909 22910 22911 22912
f 22913 22914 22915 22916
f 22917 22918 22919 22920
f 22921 22922 22923 22924
f 22925 22926 22927 22928
f 22929 22930 22931 22932
f 22933 22934 22935 22936
f 22937 22938 22939 22940
f 22941 22942 22943 22944
f 22945 22946 22947 22948
f 22949 22950 22951 22952
f 22953 22954 22955 22956
f 22957 22958 22959 22960
f 22961 22962 22963 22964
f 22965 22966 22967 22968
f 22969 22970 22971 22972
f 22973 22974 22975 22976
f 22977 22978 22979 22980
f 22981 22982 22983 22984
f 22985 22986 22987 22988
f 22989 22990 22991 22992
f 22993 22994 22995 22996
f 22997 22998 22999 23000
f 23001 23002 23003 23004
f 23005 23006 23007 23008
f 23009 23010 23011 23012
f 23013 23014 23015 23016
f 23017 23018 23019 23020
f 23021 23022 23023 23024
f 23025 23026 23027 23028
f 23029 23030 23031 23032
f 23033 23034 23035 23036
f 23037 23038 23039 23040
f 23041 23042 23043 23044
f 23045 23046 23047 23048
f 23049 23050 23051 23052
f 23053 23054 23055 23056
f 23057 23058 23059 23060
f 23061 23062 23063 23064
f 23065 23066 23067 23068
f 23069 23070 23071 23072
f 23073 23074 23075 23076
f 23077 23078 23079 23080
f 23081 23082 23083 23084
f 23085 23086 23087 23088
f 23089 23090 23091 23092
f 23093 23094 23095 23096
f 23097 23098 23099 23100
f 23101 23102 23103 23104
f 23105 23106 23107 23108
f 23109 23110 23111 23112
f 23113 23114 23115 23116
f 23117 23118 23119 23120
f 23121 23122 23123 23124
f 23125 23126 23127 23128
f 23129 23130 23131 23132
f 23133 23134 23135 23136
f 23137 23138 23139 23140
f 23141 23142 23143 23144
f 23145 23146 23147 23148
f 23149 23150 23151 23152
f 23153 23154 23155 23156
f 23157 23158 23159 23160
f 23161 23162 23163 23164
f 23165 23166 23167 23168
f 23169 23170 23171 23172
f 23173 23174 23175 23176
f 23177 23178 23179 23180
f 23181 23182 23183 23184
f 23185 23186 23187 23188
f 23189 23190 23191 23192
f 23193 23194 23195 23196
f 23197 23198 23199 23200
f 23201 23202 23203 23204
f 23205 23206 23207 23208
f 23209 23210 23211 23212
f 23213 23214 23215 23216
f 23217 23218 23219 23220
f 23221 23222 23223 23224
f 23225 23226 23227 23228
f 23229 23230 23231 23232
f 23233 23234 23235 23236
f 23237 23238 23239 23240
f 23241 23242 23243 23244
f 23245 23246 23247 23248
f 23249 23250 23251 23252
f 23253 23254 23255 23256
f 23257 23258 23259 23260
f 23261 23262 23263 23264
f 23265 23266 23267 23268
f 23269 23270 23271 23272
f 23273 23274 23275 23276
f 23277 23278 23279 23280
f 23281 23282 23283 23284
f 23285 23286 23287 23288
f 23289 23290 23291 23292
f 23293 23294 23295 23296
f 23297 23298 23299 23300
f 23301 23302 23303 23304
f 23305 23306 23307 23308
f 23309 23310 23311 23312
f 23313 23314 23315 23316
f 23317 23318 23319 23320
f 23321 23322 23323 23324
f 23325 23326 23327 23328
f 23329 23330 23331 23332
f 23333 23334 23335 23336
f 23337 23338 23339 23340
f 23341 23342 23343 23344
f 23345 23346 23347 23348
f 23349 23350 23351 23352
f 23353 23354 23355 23356
f 23357 23358 23359 23360
f 23361 23362 23363 23364
f 23365 23366 23367 23368
f 23369 23370 23371 23372
f 23373 23374 23375 23376
f 23377 23378 23379 23380
f 23381 23382 23383 23384
f 23385 23386 23387 23388
f 23389 23390 23391 23392
f 23393 23394 23395 23396
f 23397 23398 23399 23400
f 23401 23402 23403 23404
f 23405 23406 23407 23408
f 23409 23410 23411 23412
f 23413 23414 23415 23416
f 23417 23418 23419 23420
f 23421 23422 23423 23424
f 23425 23426 23427 23428
f 23429 23430 23431 23432
f 23433 23434 23435 23436
f 23437 23438 23439 23440
f 23441 23442 23443 23444
f 23445 23446 23447 23448
f 23449 23450 23451 23452
f 23453 23454 23455 23456
f 23457 23458 23459 23460
f 23461 23462 23463 23464
f 23465 23466 23467 23468
f 23469 23470 23471 23472
usemtl Stainless
f 23473 23474 23475 23476
f 23477 23478 23479 23480
f 23481 23482 23483 23484
f 23485 23486 23487 23488
f 23489 23490 23491 23492
f 23493 23494 23495 23496
f 23497 23498 23499 23500
f 23501 23502 23503 23504
f 23505 23506 23507 23508
f 23509 23510 23511 23512
f 23513 23514 23515 23516
f 23517 23518 23519 23520
f 23521 23522 23523 23524
f 23525 23526 23527 23528
f 23529 23530 23531 23532
f 23533 23534 23535 23536
f 23537 23538 23539 23540
f 23541 23542 23543 23544
f 23545 23546 23547
f 23548 23549 23550
f 23551 23552 23553
f 23554 23555 23556
f 23557 23558 23559
f 23560 23561 23562
f 23563 23564 23565
f 23566 23567 23568
usemtl PcbGreen
f 23569 23570 23571 23572
f 23573 23574 23575 23576
f 23577 23578 23579 23580
f 23581 23582 23583 23584
f 23585 23586 23587 23588
f 23589 23590 23591 23592
f 23593 23594 23595 23596
f 23597 23598 23599 23600
f 23601 23602 23603 23604
f 23605 23606 23607 23608
f 23609 23610 23611 23612
f 23613 23614 23615 23616
f 23617 23618 23619 23620
f 23621 23622 23623 23624
f 23625 23626 23627 23628
f 23629 23630 23631 23632
f 23633 23634 23635 23636
f 23637 23638 23639 23640
f 23641 23642 23643
f 23644 23645 23646
f 23647 23648 23649
f 23650 23651 23652
f 23653 23654 23655
f 23656 23657 23658
f 23659 23660 23661
f 23662 23663 23664
usemtl Copper
f 23665 23666 23667 23668
f 23669 23670 23671 23672
f 23673 23674 23675 23676
f 23677 23678 23679 23680
f 23681 23682 23683 23684
f 23685 23686 23687 23688
f 23689 23690 23691 23692
f 23693 23694 23695 23696
f 23697 23698 23699 23700
f 23701 23702 23703 23704
f 23705 23706 23707 23708
f 23709 23710 23711 23712
f 23713 23714 23715 23716
f 23717 23718 23719 23720
f 23721 23722 23723 23724
f 23725 23726 23727 23728
f 23729 23730 23731 23732
f 23733 23734 23735 23736
f 23737 23738 23739
f 23740 23741 23742
f 23743 23744 23745
f 23746 23747 23748
f 23749 23750 23751
f 23752 23753 23754
f 23755 23756 23757
f 23758 23759 23760
f 23761 23762 23763 23764
f 23765 23766 23767 23768
f 23769 23770 23771 23772
f 23773 23774 23775 23776
f 23777 23778 23779 23780
f 23781 23782 23783 23784
f 23785 23786 23787 23788
f 23789 23790 23791 23792
f 23793 23794 23795 23796
f 23797 23798 23799 23800
f 23801 23802 23803 23804
f 23805 23806 23807 23808
f 23809 23810 23811 23812
f 23813 23814 23815 23816
f 23817 23818 23819 23820
f 23821 23822 23823 23824
f 23825 23826 23827 23828
f 23829 23830 23831 23832
f 23833 23834 23835
f 23836 23837 23838
f 23839 23840 23841
f 23842 23843 23844
f 23845 23846 23847
f 23848 23849 23850
f 23851 23852 23853
f 23854 23855 23856
f 23857 23858 23859 23860
f 23861 23862 23863 23864
f 23865 23866 23867 23868
f 23869 23870 23871 23872
f 23873 23874 23875 23876
f 23877 23878 23879 23880
f 23881 23882 23883 23884
f 23885 23886 23887 23888
f 23889 23890 23891 23892
f 23893 23894 23895 23896
f 23897 23898 23899 23900
f 23901 23902 23903 23904
f 23905 23906 23907 23908
f 23909 23910 23911 23912
f 23913 23914 23915 23916
f 23917 23918 23919 23920
f 23921 23922 23923 23924
f 23925 23926 23927 23928
f 23929 23930 23931
f 23932 23933 23934
f 23935 23936 23937
f 23938 23939 23940
f 23941 23942 23943
f 23944 23945 23946
f 23947 23948 23949
f 23950 23951 23952
f 23953 23954 23955 23956
f 23957 23958 23959 23960
f 23961 23962 23963 23964
f 23965 23966 23967 23968
f 23969 23970 23971 23972
f 23973 23974 23975 23976
f 23977 23978 23979 23980
f 23981 23982 23983 23984
f 23985 23986 23987 23988
f 23989 23990 23991 23992
f 23993 23994 23995 23996
f 23997 23998 23999 24000
f 24001 24002 24003 24004
f 24005 24006 24007 24008
f 24009 24010 24011 24012
f 24013 24014 24015 24016
f 24017 24018 24019 24020
f 24021 24022 24023 24024
f 24025 24026 24027
f 24028 24029 24030
f 24031 24032 24033
f 24034 24035 24036
f 24037 24038 24039
f 24040 24041 24042
f 24043 24044 24045
f 24046 24047 24048
usemtl DarkSteel
f 24049 24050 24051 24052
f 24053 24054 24055 24056
f 24057 24058 24059 24060
f 24061 24062 24063 24064
f 24065 24066 24067 24068
f 24069 24070 24071 24072
f 24073 24074 24075 24076
f 24077 24078 24079 24080
f 24081 24082 24083 24084
f 24085 24086 24087 24088
f 24089 24090 24091 24092
f 24093 24094 24095 24096
f 24097 24098 24099 24100
f 24101 24102 24103 24104
f 24105 24106 24107 24108 24109 24110 24111 24112 24113 24114 24115 24116 24117 24118
f 24119 24120 24121 24122 24123 24124 24125 24126 24127 24128 24129 24130 24131 24132
f 24133 24134 24135 24136
f 24137 24138 24139 24140
f 24141 24142 24143 24144
f 24145 24146 24147 24148
f 24149 24150 24151 24152
f 24153 24154 24155 24156
f 24157 24158 24159 24160
f 24161 24162 24163 24164
f 24165 24166 24167 24168
f 24169 24170 24171 24172
f 24173 24174 24175 24176
f 24177 24178 24179 24180
f 24181 24182 24183 24184
f 24185 24186 24187 24188
f 24189 24190 24191 24192 24193 24194 24195 24196 24197 24198 24199 24200 24201 24202
f 24203 24204 24205 24206 24207 24208 24209 24210 24211 24212 24213 24214 24215 24216
usemtl Copper
f 24217 24218 24219 24220
f 24221 24222 24223 24224
f 24225 24226 24227 24228
f 24229 24230 24231 24232
f 24233 24234 24235 24236
f 24237 24238 24239 24240
f 24241 24242 24243 24244
f 24245 24246 24247 24248
f 24249 24250 24251 24252
f 24253 24254 24255 24256
f 24257 24258 24259 24260
f 24261 24262 24263 24264
f 24265 24266 24267 24268 24269 24270 24271 24272 24273 24274 24275 24276
f 24277 24278 24279 24280 24281 24282 24283 24284 24285 24286 24287 24288
usemtl ChainSteel
f 24289 24290 24291 24292
f 24293 24294 24295 24296
f 24297 24298 24299 24300
f 24301 24302 24303 24304
f 24305 24306 24307 24308
f 24309 24310 24311 24312
f 24313 24314 24315 24316
f 24317 24318 24319 24320
f 24321 24322 24323 24324
f 24325 24326 24327 24328
f 24329 24330 24331 24332
f 24333 24334 24335 24336
f 24337 24338 24339 24340
f 24341 24342 24343 24344
f 24345 24346 24347 24348
f 24349 24350 24351 24352
f 24353 24354 24355 24356
f 24357 24358 24359 24360
f 24361 24362 24363 24364
f 24365 24366 24367 24368
f 24369 24370 24371 24372
f 24373 24374 24375 24376
f 24377 24378 24379 24380
f 24381 24382 24383 24384
f 24385 24386 24387 24388
f 24389 24390 24391 24392
f 24393 24394 24395 24396
f 24397 24398 24399 24400
f 24401 24402 24403 24404
f 24405 24406 24407 24408
f 24409 24410 24411 24412
f 24413 24414 24415 24416
f 24417 24418 24419 24420
f 24421 24422 24423 24424
f 24425 24426 24427 24428
f 24429 24430 24431 24432
f 24433 24434 24435 24436
f 24437 24438 24439 24440
f 24441 24442 24443 24444
f 24445 24446 24447 24448
f 24449 24450 24451 24452
f 24453 24454 24455 24456
f 24457 24458 24459 24460
f 24461 24462 24463 24464
f 24465 24466 24467 24468
f 24469 24470 24471 24472
f 24473 24474 24475 24476
f 24477 24478 24479 24480
f 24481 24482 24483 24484
f 24485 24486 24487 24488
f 24489 24490 24491 24492
f 24493 24494 24495 24496
f 24497 24498 24499 24500
f 24501 24502 24503 24504
f 24505 24506 24507 24508
f 24509 24510 24511 24512
f 24513 24514 24515 24516
f 24517 24518 24519 24520
f 24521 24522 24523 24524
f 24525 24526 24527 24528
f 24529 24530 24531 24532
f 24533 24534 24535 24536
f 24537 24538 24539 24540
f 24541 24542 24543 24544
f 24545 24546 24547 24548
f 24549 24550 24551 24552
f 24553 24554 24555 24556
f 24557 24558 24559 24560
f 24561 24562 24563 24564
f 24565 24566 24567 24568
f 24569 24570 24571 24572
f 24573 24574 24575 24576
f 24577 24578 24579 24580
f 24581 24582 24583 24584
f 24585 24586 24587 24588
f 24589 24590 24591 24592
f 24593 24594 24595 24596
f 24597 24598 24599 24600
f 24601 24602 24603 24604
f 24605 24606 24607 24608
f 24609 24610 24611 24612
f 24613 24614 24615 24616
f 24617 24618 24619 24620
f 24621 24622 24623 24624
f 24625 24626 24627 24628
f 24629 24630 24631 24632
f 24633 24634 24635 24636
f 24637 24638 24639 24640
f 24641 24642 24643 24644
f 24645 24646 24647 24648
f 24649 24650 24651 24652
f 24653 24654 24655 24656
f 24657 24658 24659 24660
f 24661 24662 24663 24664
f 24665 24666 24667 24668
f 24669 24670 24671 24672
f 24673 24674 24675 24676
f 24677 24678 24679 24680
f 24681 24682 24683 24684
f 24685 24686 24687 24688
f 24689 24690 24691 24692
f 24693 24694 24695 24696
f 24697 24698 24699 24700
f 24701 24702 24703 24704
f 24705 24706 24707 24708
f 24709 24710 24711 24712
f 24713 24714 24715 24716
f 24717 24718 24719 24720
f 24721 24722 24723 24724
f 24725 24726 24727 24728
f 24729 24730 24731 24732
f 24733 24734 24735 24736
f 24737 24738 24739 24740
f 24741 24742 24743 24744
f 24745 24746 24747 24748
f 24749 24750 24751 24752
f 24753 24754 24755 24756
f 24757 24758 24759 24760
f 24761 24762 24763 24764
f 24765 24766 24767 24768
f 24769 24770 24771 24772
f 24773 24774 24775 24776
f 24777 24778 24779 24780
f 24781 24782 24783 24784
f 24785 24786 24787 24788
f 24789 24790 24791 24792
f 24793 24794 24795 24796
f 24797 24798 24799 24800
f 24801 24802 24803 24804
f 24805 24806 24807 24808
f 24809 24810 24811 24812
f 24813 24814 24815 24816
f 24817 24818 24819 24820
f 24821 24822 24823 24824
f 24825 24826 24827 24828
f 24829 24830 24831 24832
f 24833 24834 24835 24836
f 24837 24838 24839 24840
f 24841 24842 24843 24844
f 24845 24846 24847 24848
f 24849 24850 24851 24852
f 24853 24854 24855 24856
f 24857 24858 24859 24860
f 24861 24862 24863 24864
f 24865 24866 24867 24868
f 24869 24870 24871 24872
f 24873 24874 24875 24876
f 24877 24878 24879 24880
f 24881 24882 24883 24884
f 24885 24886 24887 24888
f 24889 24890 24891 24892
f 24893 24894 24895 24896
f 24897 24898 24899 24900
f 24901 24902 24903 24904
f 24905 24906 24907 24908
f 24909 24910 24911 24912
f 24913 24914 24915 24916
f 24917 24918 24919 24920
f 24921 24922 24923 24924
f 24925 24926 24927 24928
f 24929 24930 24931 24932
f 24933 24934 24935 24936
f 24937 24938 24939 24940
f 24941 24942 24943 24944
f 24945 24946 24947 24948
f 24949 24950 24951 24952
f 24953 24954 24955 24956
f 24957 24958 24959 24960
f 24961 24962 24963 24964
f 24965 24966 24967 24968
f 24969 24970 24971 24972
f 24973 24974 24975 24976
f 24977 24978 24979 24980
f 24981 24982 24983 24984
f 24985 24986 24987 24988
f 24989 24990 24991 24992
f 24993 24994 24995 24996
f 24997 24998 24999 25000
f 25001 25002 25003 25004
f 25005 25006 25007 25008
f 25009 25010 25011 25012
f 25013 25014 25015 25016
f 25017 25018 25019 25020
f 25021 25022 25023 25024
f 25025 25026 25027 25028
f 25029 25030 25031 25032
f 25033 25034 25035 25036
f 25037 25038 25039 25040
f 25041 25042 25043 25044
f 25045 25046 25047 25048
f 25049 25050 25051 25052
f 25053 25054 25055 25056
f 25057 25058 25059 25060
f 25061 25062 25063 25064
f 25065 25066 25067 25068
f 25069 25070 25071 25072
f 25073 25074 25075 25076
f 25077 25078 25079 25080
f 25081 25082 25083 25084
f 25085 25086 25087 25088
f 25089 25090 25091 25092
f 25093 25094 25095 25096
f 25097 25098 25099 25100
f 25101 25102 25103 25104
f 25105 25106 25107 25108
f 25109 25110 25111 25112
f 25113 25114 25115 25116
f 25117 25118 25119 25120
f 25121 25122 25123 25124
f 25125 25126 25127 25128
f 25129 25130 25131 25132
f 25133 25134 25135 25136
f 25137 25138 25139 25140
f 25141 25142 25143 25144
f 25145 25146 25147 25148
f 25149 25150 25151 25152
f 25153 25154 25155 25156
f 25157 25158 25159 25160
f 25161 25162 25163 25164
f 25165 25166 25167 25168
f 25169 25170 25171 25172
f 25173 25174 25175 25176
f 25177 25178 25179 25180
f 25181 25182 25183 25184
f 25185 25186 25187 25188
f 25189 25190 25191 25192
f 25193 25194 25195 25196
f 25197 25198 25199 25200
f 25201 25202 25203 25204
f 25205 25206 25207 25208
f 25209 25210 25211 25212
f 25213 25214 25215 25216
f 25217 25218 25219 25220
f 25221 25222 25223 25224
f 25225 25226 25227 25228
f 25229 25230 25231 25232
f 25233 25234 25235 25236
f 25237 25238 25239 25240
f 25241 25242 25243 25244
f 25245 25246 25247 25248
f 25249 25250 25251 25252
f 25253 25254 25255 25256
f 25257 25258 25259 25260
f 25261 25262 25263 25264
f 25265 25266 25267 25268
f 25269 25270 25271 25272
f 25273 25274 25275 25276
f 25277 25278 25279 25280
f 25281 25282 25283 25284
f 25285 25286 25287 25288
f 25289 25290 25291 25292
f 25293 25294 25295 25296
f 25297 25298 25299 25300
f 25301 25302 25303 25304
f 25305 25306 25307 25308
f 25309 25310 25311 25312
f 25313 25314 25315 25316
f 25317 25318 25319 25320
f 25321 25322 25323 25324
f 25325 25326 25327 25328
f 25329 25330 25331 25332
f 25333 25334 25335 25336
f 25337 25338 25339 25340
f 25341 25342 25343 25344
f 25345 25346 25347 25348
f 25349 25350 25351 25352
f 25353 25354 25355 25356
f 25357 25358 25359 25360
f 25361 25362 25363 25364
f 25365 25366 25367 25368
f 25369 25370 25371 25372
f 25373 25374 25375 25376
f 25377 25378 25379 25380
f 25381 25382 25383 25384
f 25385 25386 25387 25388
f 25389 25390 25391 25392
f 25393 25394 25395 25396
f 25397 25398 25399 25400
f 25401 25402 25403 25404
f 25405 25406 25407 25408
f 25409 25410 25411 25412
f 25413 25414 25415 25416
f 25417 25418 25419 25420
f 25421 25422 25423 25424
f 25425 25426 25427 25428
f 25429 25430 25431 25432
f 25433 25434 25435 25436
f 25437 25438 25439 25440
f 25441 25442 25443 25444
f 25445 25446 25447 25448
f 25449 25450 25451 25452
f 25453 25454 25455 25456
f 25457 25458 25459 25460
f 25461 25462 25463 25464
f 25465 25466 25467 25468
f 25469 25470 25471 25472
f 25473 25474 25475 25476
f 25477 25478 25479 25480
f 25481 25482 25483 25484
f 25485 25486 25487 25488
f 25489 25490 25491 25492
f 25493 25494 25495 25496
f 25497 25498 25499 25500
f 25501 25502 25503 25504
f 25505 25506 25507 25508
f 25509 25510 25511 25512
f 25513 25514 25515 25516
f 25517 25518 25519 25520
f 25521 25522 25523 25524
f 25525 25526 25527 25528
f 25529 25530 25531 25532
f 25533 25534 25535 25536
f 25537 25538 25539 25540
f 25541 25542 25543 25544
f 25545 25546 25547 25548
f 25549 25550 25551 25552
f 25553 25554 25555 25556
f 25557 25558 25559 25560
f 25561 25562 25563 25564
f 25565 25566 25567 25568
f 25569 25570 25571 25572
f 25573 25574 25575 25576
f 25577 25578 25579 25580
f 25581 25582 25583 25584
f 25585 25586 25587 25588
f 25589 25590 25591 25592
f 25593 25594 25595 25596
f 25597 25598 25599 25600
f 25601 25602 25603 25604
f 25605 25606 25607 25608
f 25609 25610 25611 25612
f 25613 25614 25615 25616
f 25617 25618 25619 25620
f 25621 25622 25623 25624
f 25625 25626 25627 25628
f 25629 25630 25631 25632
f 25633 25634 25635 25636
f 25637 25638 25639 25640
f 25641 25642 25643 25644
f 25645 25646 25647 25648
f 25649 25650 25651 25652
f 25653 25654 25655 25656
f 25657 25658 25659 25660
f 25661 25662 25663 25664
f 25665 25666 25667 25668
f 25669 25670 25671 25672
f 25673 25674 25675 25676
f 25677 25678 25679 25680
usemtl Stainless
f 25681 25682 25683 25684
f 25685 25686 25687 25688
f 25689 25690 25691 25692
f 25693 25694 25695 25696
f 25697 25698 25699 25700
f 25701 25702 25703 25704
f 25705 25706 25707 25708
f 25709 25710 25711 25712
f 25713 25714 25715 25716
f 25717 25718 25719 25720
f 25721 25722 25723 25724
f 25725 25726 25727 25728
f 25729 25730 25731 25732
f 25733 25734 25735 25736
f 25737 25738 25739 25740
f 25741 25742 25743 25744
f 25745 25746 25747 25748
f 25749 25750 25751 25752
f 25753 25754 25755
f 25756 25757 25758
f 25759 25760 25761
f 25762 25763 25764
f 25765 25766 25767
f 25768 25769 25770
f 25771 25772 25773
f 25774 25775 25776
usemtl PcbGreen
f 25777 25778 25779 25780
f 25781 25782 25783 25784
f 25785 25786 25787 25788
f 25789 25790 25791 25792
f 25793 25794 25795 25796
f 25797 25798 25799 25800
f 25801 25802 25803 25804
f 25805 25806 25807 25808
f 25809 25810 25811 25812
f 25813 25814 25815 25816
f 25817 25818 25819 25820
f 25821 25822 25823 25824
f 25825 25826 25827 25828
f 25829 25830 25831 25832
f 25833 25834 25835 25836
f 25837 25838 25839 25840
f 25841 25842 25843 25844
f 25845 25846 25847 25848
f 25849 25850 25851
f 25852 25853 25854
f 25855 25856 25857
f 25858 25859 25860
f 25861 25862 25863
f 25864 25865 25866
f 25867 25868 25869
f 25870 25871 25872
usemtl Copper
f 25873 25874 25875 25876
f 25877 25878 25879 25880
f 25881 25882 25883 25884
f 25885 25886 25887 25888
f 25889 25890 25891 25892
f 25893 25894 25895 25896
f 25897 25898 25899 25900
f 25901 25902 25903 25904
f 25905 25906 25907 25908
f 25909 25910 25911 25912
f 25913 25914 25915 25916
f 25917 25918 25919 25920
f 25921 25922 25923 25924
f 25925 25926 25927 25928
f 25929 25930 25931 25932
f 25933 25934 25935 25936
f 25937 25938 25939 25940
f 25941 25942 25943 25944
f 25945 25946 25947
f 25948 25949 25950
f 25951 25952 25953
f 25954 25955 25956
f 25957 25958 25959
f 25960 25961 25962
f 25963 25964 25965
f 25966 25967 25968
f 25969 25970 25971 25972
f 25973 25974 25975 25976
f 25977 25978 25979 25980
f 25981 25982 25983 25984
f 25985 25986 25987 25988
f 25989 25990 25991 25992
f 25993 25994 25995 25996
f 25997 25998 25999 26000
f 26001 26002 26003 26004
f 26005 26006 26007 26008
f 26009 26010 26011 26012
f 26013 26014 26015 26016
f 26017 26018 26019 26020
f 26021 26022 26023 26024
f 26025 26026 26027 26028
f 26029 26030 26031 26032
f 26033 26034 26035 26036
f 26037 26038 26039 26040
f 26041 26042 26043
f 26044 26045 26046
f 26047 26048 26049
f 26050 26051 26052
f 26053 26054 26055
f 26056 26057 26058
f 26059 26060 26061
f 26062 26063 26064
f 26065 26066 26067 26068
f 26069 26070 26071 26072
f 26073 26074 26075 26076
f 26077 26078 26079 26080
f 26081 26082 26083 26084
f 26085 26086 26087 26088
f 26089 26090 26091 26092
f 26093 26094 26095 26096
f 26097 26098 26099 26100
f 26101 26102 26103 26104
f 26105 26106 26107 26108
f 26109 26110 26111 26112
f 26113 26114 26115 26116
f 26117 26118 26119 26120
f 26121 26122 26123 26124
f 26125 26126 26127 26128
f 26129 26130 26131 26132
f 26133 26134 26135 26136
f 26137 26138 26139
f 26140 26141 26142
f 26143 26144 26145
f 26146 26147 26148
f 26149 26150 26151
f 26152 26153 26154
f 26155 26156 26157
f 26158 26159 26160
f 26161 26162 26163 26164
f 26165 26166 26167 26168
f 26169 26170 26171 26172
f 26173 26174 26175 26176
f 26177 26178 26179 26180
f 26181 26182 26183 26184
f 26185 26186 26187 26188
f 26189 26190 26191 26192
f 26193 26194 26195 26196
f 26197 26198 26199 26200
f 26201 26202 26203 26204
f 26205 26206 26207 26208
f 26209 26210 26211 26212
f 26213 26214 26215 26216
f 26217 26218 26219 26220
f 26221 26222 26223 26224
f 26225 26226 26227 26228
f 26229 26230 26231 26232
f 26233 26234 26235
f 26236 26237 26238
f 26239 26240 26241
f 26242 26243 26244
f 26245 26246 26247
f 26248 26249 26250
f 26251 26252 26253
f 26254 26255 26256
usemtl DarkSteel
f 26257 26258 26259 26260
f 26261 26262 26263 26264
f 26265 26266 26267 26268
f 26269 26270 26271 26272
f 26273 26274 26275 26276
f 26277 26278 26279 26280
f 26281 26282 26283 26284
f 26285 26286 26287 26288
f 26289 26290 26291 26292
f 26293 26294 26295 26296
f 26297 26298 26299 26300
f 26301 26302 26303 26304
f 26305 26306 26307 26308
f 26309 26310 26311 26312
f 26313 26314 26315 26316 26317 26318 26319 26320 26321 26322 26323 26324 26325 26326
f 26327 26328 26329 26330 26331 26332 26333 26334 26335 26336 26337 26338 26339 26340
f 26341 26342 26343 26344
f 26345 26346 26347 26348
f 26349 26350 26351 26352
f 26353 26354 26355 26356
f 26357 26358 26359 26360
f 26361 26362 26363 26364
f 26365 26366 26367 26368
f 26369 26370 26371 26372
f 26373 26374 26375 26376
f 26377 26378 26379 26380
f 26381 26382 26383 26384
f 26385 26386 26387 26388
f 26389 26390 26391 26392
f 26393 26394 26395 26396
f 26397 26398 26399 26400 26401 26402 26403 26404 26405 26406 26407 26408 26409 26410
f 26411 26412 26413 26414 26415 26416 26417 26418 26419 26420 26421 26422 26423 26424
usemtl Copper
f 26425 26426 26427 26428
f 26429 26430 26431 26432
f 26433 26434 26435 26436
f 26437 26438 26439 26440
f 26441 26442 26443 26444
f 26445 26446 26447 26448
f 26449 26450 26451 26452
f 26453 26454 26455 26456
f 26457 26458 26459 26460
f 26461 26462 26463 26464
f 26465 26466 26467 26468
f 26469 26470 26471 26472
f 26473 26474 26475 26476 26477 26478 26479 26480 26481 26482 26483 26484
f 26485 26486 26487 26488 26489 26490 26491 26492 26493 26494 26495 26496
