# H1 fabricated portal frame
mtllib h1_industrial.mtl
s off
v -0.29 -1.535 2.775
v -0.29 1.535 2.775
v -0.29 1.535 2.465
v -0.29 -1.535 2.465
v 0.29 -1.535 2.465
v 0.29 1.535 2.465
v 0.29 1.535 2.775
v 0.29 -1.535 2.775
v -0.235 -1.59 2.465
v 0.235 -1.59 2.465
v 0.235 -1.59 2.775
v -0.235 -1.59 2.775
v -0.235 1.59 2.775
v 0.235 1.59 2.775
v 0.235 1.59 2.465
v -0.235 1.59 2.465
v -0.235 1.535 2.41
v 0.235 1.535 2.41
v 0.235 -1.535 2.41
v -0.235 -1.535 2.41
v -0.235 -1.535 2.83
v 0.235 -1.535 2.83
v 0.235 1.535 2.83
v -0.235 1.535 2.83
v -0.29 -1.535 2.465
v -0.235 -1.59 2.465
v -0.235 -1.59 2.775
v -0.29 -1.535 2.775
v -0.29 1.535 2.775
v -0.235 1.59 2.775
v -0.235 1.59 2.465
v -0.29 1.535 2.465
v 0.29 -1.535 2.775
v 0.235 -1.59 2.775
v 0.235 -1.59 2.465
v 0.29 -1.535 2.465
v 0.29 1.535 2.465
v 0.235 1.59 2.465
v 0.235 1.59 2.775
v 0.29 1.535 2.775
v -0.29 1.535 2.465
v -0.235 1.535 2.41
v -0.235 -1.535 2.41
v -0.29 -1.535 2.465
v -0.29 -1.535 2.775
v -0.235 -1.535 2.83
v -0.235 1.535 2.83
v -0.29 1.535 2.775
v 0.29 -1.535 2.465
v 0.235 -1.535 2.41
v 0.235 1.535 2.41
v 0.29 1.535 2.465
v 0.29 1.535 2.775
v 0.235 1.535 2.83
v 0.235 -1.535 2.83
v 0.29 -1.535 2.775
v -0.235 -1.59 2.465
v -0.235 -1.535 2.41
v 0.235 -1.535 2.41
v 0.235 -1.59 2.465
v 0.235 -1.59 2.775
v 0.235 -1.535 2.83
v -0.235 -1.535 2.83
v -0.235 -1.59 2.775
v 0.235 1.59 2.465
v 0.235 1.535 2.41
v -0.235 1.535 2.41
v -0.235 1.59 2.465
v -0.235 1.59 2.775
v -0.235 1.535 2.83
v 0.235 1.535 2.83
v 0.235 1.59 2.775
v -0.235 -1.535 2.41
v -0.235 -1.59 2.465
v -0.29 -1.535 2.465
v -0.29 -1.535 2.775
v -0.235 -1.59 2.775
v -0.235 -1.535 2.83
v -0.29 1.535 2.465
v -0.235 1.59 2.465
v -0.235 1.535 2.41
v -0.235 1.535 2.83
v -0.235 1.59 2.775
v -0.29 1.535 2.775
v 0.29 -1.535 2.465
v 0.235 -1.59 2.465
v 0.235 -1.535 2.41
v 0.235 -1.535 2.83
v 0.235 -1.59 2.775
v 0.29 -1.535 2.775
v 0.235 1.535 2.41
v 0.235 1.59 2.465
v 0.29 1.535 2.465
v 0.29 1.535 2.775
v 0.235 1.59 2.775
v 0.235 1.535 2.83
v -0.2 -1.525 2.545
v -0.2 -1.175 2.545
v -0.2 -1.175 1.795
v -0.2 -1.525 1.795
v 0.2 -1.525 1.795
v 0.2 -1.175 1.795
v 0.2 -1.175 2.545
v 0.2 -1.525 2.545
v -0.165 -1.56 1.795
v 0.165 -1.56 1.795
v 0.165 -1.56 2.545
v -0.165 -1.56 2.545
v -0.165 -1.14 2.545
v 0.165 -1.14 2.545
v 0.165 -1.14 1.795
v -0.165 -1.14 1.795
v -0.165 -1.175 1.76
v 0.165 -1.175 1.76
v 0.165 -1.525 1.76
v -0.165 -1.525 1.76
v -0.165 -1.525 2.58
v 0.165 -1.525 2.58
v 0.165 -1.175 2.58
v -0.165 -1.175 2.58
v -0.2 -1.525 1.795
v -0.165 -1.56 1.795
v -0.165 -1.56 2.545
v -0.2 -1.525 2.545
v -0.2 -1.175 2.545
v -0.165 -1.14 2.545
v -0.165 -1.14 1.795
v -0.2 -1.175 1.795
v 0.2 -1.525 2.545
v 0.165 -1.56 2.545
v 0.165 -1.56 1.795
v 0.2 -1.525 1.795
v 0.2 -1.175 1.795
v 0.165 -1.14 1.795
v 0.165 -1.14 2.545
v 0.2 -1.175 2.545
v -0.2 -1.175 1.795
v -0.165 -1.175 1.76
v -0.165 -1.525 1.76
v -0.2 -1.525 1.795
v -0.2 -1.525 2.545
v -0.165 -1.525 2.58
v -0.165 -1.175 2.58
v -0.2 -1.175 2.545
v 0.2 -1.525 1.795
v 0.165 -1.525 1.76
v 0.165 -1.175 1.76
v 0.2 -1.175 1.795
v 0.2 -1.175 2.545
v 0.165 -1.175 2.58
v 0.165 -1.525 2.58
v 0.2 -1.525 2.545
v -0.165 -1.56 1.795
v -0.165 -1.525 1.76
v 0.165 -1.525 1.76
v 0.165 -1.56 1.795
v 0.165 -1.56 2.545
v 0.165 -1.525 2.58
v -0.165 -1.525 2.58
v -0.165 -1.56 2.545
v 0.165 -1.14 1.795
v 0.165 -1.175 1.76
v -0.165 -1.175 1.76
v -0.165 -1.14 1.795
v -0.165 -1.14 2.545
v -0.165 -1.175 2.58
v 0.165 -1.175 2.58
v 0.165 -1.14 2.545
v -0.165 -1.525 1.76
v -0.165 -1.56 1.795
v -0.2 -1.525 1.795
v -0.2 -1.525 2.545
v -0.165 -1.56 2.545
v -0.165 -1.525 2.58
v -0.2 -1.175 1.795
v -0.165 -1.14 1.795
v -0.165 -1.175 1.76
v -0.165 -1.175 2.58
v -0.165 -1.14 2.545
v -0.2 -1.175 2.545
v 0.2 -1.525 1.795
v 0.165 -1.56 1.795
v 0.165 -1.525 1.76
v 0.165 -1.525 2.58
v 0.165 -1.56 2.545
v 0.2 -1.525 2.545
v 0.165 -1.175 1.76
v 0.165 -1.14 1.795
v 0.2 -1.175 1.795
v 0.2 -1.175 2.545
v 0.165 -1.14 2.545
v 0.165 -1.175 2.58
v -0.2 1.175 2.545
v -0.2 1.525 2.545
v -0.2 1.525 1.795
v -0.2 1.175 1.795
v 0.2 1.175 1.795
v 0.2 1.525 1.795
v 0.2 1.525 2.545
v 0.2 1.175 2.545
v -0.165 1.14 1.795
v 0.165 1.14 1.795
v 0.165 1.14 2.545
v -0.165 1.14 2.545
v -0.165 1.56 2.545
v 0.165 1.56 2.545
v 0.165 1.56 1.795
v -0.165 1.56 1.795
v -0.165 1.525 1.76
v 0.165 1.525 1.76
v 0.165 1.175 1.76
v -0.165 1.175 1.76
v -0.165 1.175 2.58
v 0.165 1.175 2.58
v 0.165 1.525 2.58
v -0.165 1.525 2.58
v -0.2 1.175 1.795
v -0.165 1.14 1.795
v -0.165 1.14 2.545
v -0.2 1.175 2.545
v -0.2 1.525 2.545
v -0.165 1.56 2.545
v -0.165 1.56 1.795
v -0.2 1.525 1.795
v 0.2 1.175 2.545
v 0.165 1.14 2.545
v 0.165 1.14 1.795
v 0.2 1.175 1.795
v 0.2 1.525 1.795
v 0.165 1.56 1.795
v 0.165 1.56 2.545
v 0.2 1.525 2.545
v -0.2 1.525 1.795
v -0.165 1.525 1.76
v -0.165 1.175 1.76
v -0.2 1.175 1.795
v -0.2 1.175 2.545
v -0.165 1.175 2.58
v -0.165 1.525 2.58
v -0.2 1.525 2.545
v 0.2 1.175 1.795
v 0.165 1.175 1.76
v 0.165 1.525 1.76
v 0.2 1.525 1.795
v 0.2 1.525 2.545
v 0.165 1.525 2.58
v 0.165 1.175 2.58
v 0.2 1.175 2.545
v -0.165 1.14 1.795
v -0.165 1.175 1.76
v 0.165 1.175 1.76
v 0.165 1.14 1.795
v 0.165 1.14 2.545
v 0.165 1.175 2.58
v -0.165 1.175 2.58
v -0.165 1.14 2.545
v 0.165 1.56 1.795
v 0.165 1.525 1.76
v -0.165 1.525 1.76
v -0.165 1.56 1.795
v -0.165 1.56 2.545
v -0.165 1.525 2.58
v 0.165 1.525 2.58
v 0.165 1.56 2.545
v -0.165 1.175 1.76
v -0.165 1.14 1.795
v -0.2 1.175 1.795
v -0.2 1.175 2.545
v -0.165 1.14 2.545
v -0.165 1.175 2.58
v -0.2 1.525 1.795
v -0.165 1.56 1.795
v -0.165 1.525 1.76
v -0.165 1.525 2.58
v -0.165 1.56 2.545
v -0.2 1.525 2.545
v 0.2 1.175 1.795
v 0.165 1.14 1.795
v 0.165 1.175 1.76
v 0.165 1.175 2.58
v 0.165 1.14 2.545
v 0.2 1.175 2.545
v 0.165 1.525 1.76
v 0.165 1.56 1.795
v 0.2 1.525 1.795
v 0.2 1.525 2.545
v 0.165 1.56 2.545
v 0.165 1.525 2.58
v -0.36 -1.492 2.852
v -0.36 -1.448 2.852
v -0.36 -1.448 2.388
v -0.36 -1.492 2.388
v 0.36 -1.492 2.388
v 0.36 -1.448 2.388
v 0.36 -1.448 2.852
v 0.36 -1.492 2.852
v -0.342 -1.51 2.388
v 0.342 -1.51 2.388
v 0.342 -1.51 2.852
v -0.342 -1.51 2.852
v -0.342 -1.43 2.852
v 0.342 -1.43 2.852
v 0.342 -1.43 2.388
v -0.342 -1.43 2.388
v -0.342 -1.448 2.37
v 0.342 -1.448 2.37
v 0.342 -1.492 2.37
v -0.342 -1.492 2.37
v -0.342 -1.492 2.87
v 0.342 -1.492 2.87
v 0.342 -1.448 2.87
v -0.342 -1.448 2.87
v -0.36 -1.492 2.388
v -0.342 -1.51 2.388
v -0.342 -1.51 2.852
v -0.36 -1.492 2.852
v -0.36 -1.448 2.852
v -0.342 -1.43 2.852
v -0.342 -1.43 2.388
v -0.36 -1.448 2.388
v 0.36 -1.492 2.852
v 0.342 -1.51 2.852
v 0.342 -1.51 2.388
v 0.36 -1.492 2.388
v 0.36 -1.448 2.388
v 0.342 -1.43 2.388
v 0.342 -1.43 2.852
v 0.36 -1.448 2.852
v -0.36 -1.448 2.388
v -0.342 -1.448 2.37
v -0.342 -1.492 2.37
v -0.36 -1.492 2.388
v -0.36 -1.492 2.852
v -0.342 -1.492 2.87
v -0.342 -1.448 2.87
v -0.36 -1.448 2.852
v 0.36 -1.492 2.388
v 0.342 -1.492 2.37
v 0.342 -1.448 2.37
v 0.36 -1.448 2.388
v 0.36 -1.448 2.852
v 0.342 -1.448 2.87
v 0.342 -1.492 2.87
v 0.36 -1.492 2.852
v -0.342 -1.51 2.388
v -0.342 -1.492 2.37
v 0.342 -1.492 2.37
v 0.342 -1.51 2.388
v 0.342 -1.51 2.852
v 0.342 -1.492 2.87
v -0.342 -1.492 2.87
v -0.342 -1.51 2.852
v 0.342 -1.43 2.388
v 0.342 -1.448 2.37
v -0.342 -1.448 2.37
v -0.342 -1.43 2.388
v -0.342 -1.43 2.852
v -0.342 -1.448 2.87
v 0.342 -1.448 2.87
v 0.342 -1.43 2.852
v -0.342 -1.492 2.37
v -0.342 -1.51 2.388
v -0.36 -1.492 2.388
v -0.36 -1.492 2.852
v -0.342 -1.51 2.852
v -0.342 -1.492 2.87
v -0.36 -1.448 2.388
v -0.342 -1.43 2.388
v -0.342 -1.448 2.37
v -0.342 -1.448 2.87
v -0.342 -1.43 2.852
v -0.36 -1.448 2.852
v 0.36 -1.492 2.388
v 0.342 -1.51 2.388
v 0.342 -1.492 2.37
v 0.342 -1.492 2.87
v 0.342 -1.51 2.852
v 0.36 -1.492 2.852
v 0.342 -1.448 2.37
v 0.342 -1.43 2.388
v 0.36 -1.448 2.388
v 0.36 -1.448 2.852
v 0.342 -1.43 2.852
v 0.342 -1.448 2.87
v -0.36 1.448 2.852
v -0.36 1.492 2.852
v -0.36 1.492 2.388
v -0.36 1.448 2.388
v 0.36 1.448 2.388
v 0.36 1.492 2.388
v 0.36 1.492 2.852
v 0.36 1.448 2.852
v -0.342 1.43 2.388
v 0.342 1.43 2.388
v 0.342 1.43 2.852
v -0.342 1.43 2.852
v -0.342 1.51 2.852
v 0.342 1.51 2.852
v 0.342 1.51 2.388
v -0.342 1.51 2.388
v -0.342 1.492 2.37
v 0.342 1.492 2.37
v 0.342 1.448 2.37
v -0.342 1.448 2.37
v -0.342 1.448 2.87
v 0.342 1.448 2.87
v 0.342 1.492 2.87
v -0.342 1.492 2.87
v -0.36 1.448 2.388
v -0.342 1.43 2.388
v -0.342 1.43 2.852
v -0.36 1.448 2.852
v -0.36 1.492 2.852
v -0.342 1.51 2.852
v -0.342 1.51 2.388
v -0.36 1.492 2.388
v 0.36 1.448 2.852
v 0.342 1.43 2.852
v 0.342 1.43 2.388
v 0.36 1.448 2.388
v 0.36 1.492 2.388
v 0.342 1.51 2.388
v 0.342 1.51 2.852
v 0.36 1.492 2.852
v -0.36 1.492 2.388
v -0.342 1.492 2.37
v -0.342 1.448 2.37
v -0.36 1.448 2.388
v -0.36 1.448 2.852
v -0.342 1.448 2.87
v -0.342 1.492 2.87
v -0.36 1.492 2.852
v 0.36 1.448 2.388
v 0.342 1.448 2.37
v 0.342 1.492 2.37
v 0.36 1.492 2.388
v 0.36 1.492 2.852
v 0.342 1.492 2.87
v 0.342 1.448 2.87
v 0.36 1.448 2.852
v -0.342 1.43 2.388
v -0.342 1.448 2.37
v 0.342 1.448 2.37
v 0.342 1.43 2.388
v 0.342 1.43 2.852
v 0.342 1.448 2.87
v -0.342 1.448 2.87
v -0.342 1.43 2.852
v 0.342 1.51 2.388
v 0.342 1.492 2.37
v -0.342 1.492 2.37
v -0.342 1.51 2.388
v -0.342 1.51 2.852
v -0.342 1.492 2.87
v 0.342 1.492 2.87
v 0.342 1.51 2.852
v -0.342 1.448 2.37
v -0.342 1.43 2.388
v -0.36 1.448 2.388
v -0.36 1.448 2.852
v -0.342 1.43 2.852
v -0.342 1.448 2.87
v -0.36 1.492 2.388
v -0.342 1.51 2.388
v -0.342 1.492 2.37
v -0.342 1.492 2.87
v -0.342 1.51 2.852
v -0.36 1.492 2.852
v 0.36 1.448 2.388
v 0.342 1.43 2.388
v 0.342 1.448 2.37
v 0.342 1.448 2.87
v 0.342 1.43 2.852
v 0.36 1.448 2.852
v 0.342 1.492 2.37
v 0.342 1.51 2.388
v 0.36 1.492 2.388
v 0.36 1.492 2.852
v 0.342 1.51 2.852
v 0.342 1.492 2.87
v -0.14 -1.285 2.295
v -0.14 1.285 2.295
v -0.14 1.285 2.165
v -0.14 -1.285 2.165
v 0.14 -1.285 2.165
v 0.14 1.285 2.165
v 0.14 1.285 2.295
v 0.14 -1.285 2.295
v -0.115 -1.31 2.165
v 0.115 -1.31 2.165
v 0.115 -1.31 2.295
v -0.115 -1.31 2.295
v -0.115 1.31 2.295
v 0.115 1.31 2.295
v 0.115 1.31 2.165
v -0.115 1.31 2.165
v -0.115 1.285 2.14
v 0.115 1.285 2.14
v 0.115 -1.285 2.14
v -0.115 -1.285 2.14
v -0.115 -1.285 2.32
v 0.115 -1.285 2.32
v 0.115 1.285 2.32
v -0.115 1.285 2.32
v -0.14 -1.285 2.165
v -0.115 -1.31 2.165
v -0.115 -1.31 2.295
v -0.14 -1.285 2.295
v -0.14 1.285 2.295
v -0.115 1.31 2.295
v -0.115 1.31 2.165
v -0.14 1.285 2.165
v 0.14 -1.285 2.295
v 0.115 -1.31 2.295
v 0.115 -1.31 2.165
v 0.14 -1.285 2.165
v 0.14 1.285 2.165
v 0.115 1.31 2.165
v 0.115 1.31 2.295
v 0.14 1.285 2.295
v -0.14 1.285 2.165
v -0.115 1.285 2.14
v -0.115 -1.285 2.14
v -0.14 -1.285 2.165
v -0.14 -1.285 2.295
v -0.115 -1.285 2.32
v -0.115 1.285 2.32
v -0.14 1.285 2.295
v 0.14 -1.285 2.165
v 0.115 -1.285 2.14
v 0.115 1.285 2.14
v 0.14 1.285 2.165
v 0.14 1.285 2.295
v 0.115 1.285 2.32
v 0.115 -1.285 2.32
v 0.14 -1.285 2.295
v -0.115 -1.31 2.165
v -0.115 -1.285 2.14
v 0.115 -1.285 2.14
v 0.115 -1.31 2.165
v 0.115 -1.31 2.295
v 0.115 -1.285 2.32
v -0.115 -1.285 2.32
v -0.115 -1.31 2.295
v 0.115 1.31 2.165
v 0.115 1.285 2.14
v -0.115 1.285 2.14
v -0.115 1.31 2.165
v -0.115 1.31 2.295
v -0.115 1.285 2.32
v 0.115 1.285 2.32
v 0.115 1.31 2.295
v -0.115 -1.285 2.14
v -0.115 -1.31 2.165
v -0.14 -1.285 2.165
v -0.14 -1.285 2.295
v -0.115 -1.31 2.295
v -0.115 -1.285 2.32
v -0.14 1.285 2.165
v -0.115 1.31 2.165
v -0.115 1.285 2.14
v -0.115 1.285 2.32
v -0.115 1.31 2.295
v -0.14 1.285 2.295
v 0.14 -1.285 2.165
v 0.115 -1.31 2.165
v 0.115 -1.285 2.14
v 0.115 -1.285 2.32
v 0.115 -1.31 2.295
v 0.14 -1.285 2.295
v 0.115 1.285 2.14
v 0.115 1.31 2.165
v 0.14 1.285 2.165
v 0.14 1.285 2.295
v 0.115 1.31 2.295
v 0.115 1.285 2.32
v -0.275 -1.262 2.592
v -0.275 1.262 2.592
v -0.275 1.262 2.348
v -0.275 -1.262 2.348
v -0.185 -1.262 2.348
v -0.185 1.262 2.348
v -0.185 1.262 2.592
v -0.185 -1.262 2.592
v -0.257 -1.28 2.348
v -0.203 -1.28 2.348
v -0.203 -1.28 2.592
v -0.257 -1.28 2.592
v -0.257 1.28 2.592
v -0.203 1.28 2.592
v -0.203 1.28 2.348
v -0.257 1.28 2.348
v -0.257 1.262 2.33
v -0.203 1.262 2.33
v -0.203 -1.262 2.33
v -0.257 -1.262 2.33
v -0.257 -1.262 2.61
v -0.203 -1.262 2.61
v -0.203 1.262 2.61
v -0.257 1.262 2.61
v -0.275 -1.262 2.348
v -0.257 -1.28 2.348
v -0.257 -1.28 2.592
v -0.275 -1.262 2.592
v -0.275 1.262 2.592
v -0.257 1.28 2.592
v -0.257 1.28 2.348
v -0.275 1.262 2.348
v -0.185 -1.262 2.592
v -0.203 -1.28 2.592
v -0.203 -1.28 2.348
v -0.185 -1.262 2.348
v -0.185 1.262 2.348
v -0.203 1.28 2.348
v -0.203 1.28 2.592
v -0.185 1.262 2.592
v -0.275 1.262 2.348
v -0.257 1.262 2.33
v -0.257 -1.262 2.33
v -0.275 -1.262 2.348
v -0.275 -1.262 2.592
v -0.257 -1.262 2.61
v -0.257 1.262 2.61
v -0.275 1.262 2.592
v -0.185 -1.262 2.348
v -0.203 -1.262 2.33
v -0.203 1.262 2.33
v -0.185 1.262 2.348
v -0.185 1.262 2.592
v -0.203 1.262 2.61
v -0.203 -1.262 2.61
v -0.185 -1.262 2.592
v -0.257 -1.28 2.348
v -0.257 -1.262 2.33
v -0.203 -1.262 2.33
v -0.203 -1.28 2.348
v -0.203 -1.28 2.592
v -0.203 -1.262 2.61
v -0.257 -1.262 2.61
v -0.257 -1.28 2.592
v -0.203 1.28 2.348
v -0.203 1.262 2.33
v -0.257 1.262 2.33
v -0.257 1.28 2.348
v -0.257 1.28 2.592
v -0.257 1.262 2.61
v -0.203 1.262 2.61
v -0.203 1.28 2.592
v -0.257 -1.262 2.33
v -0.257 -1.28 2.348
v -0.275 -1.262 2.348
v -0.275 -1.262 2.592
v -0.257 -1.28 2.592
v -0.257 -1.262 2.61
v -0.275 1.262 2.348
v -0.257 1.28 2.348
v -0.257 1.262 2.33
v -0.257 1.262 2.61
v -0.257 1.28 2.592
v -0.275 1.262 2.592
v -0.185 -1.262 2.348
v -0.203 -1.28 2.348
v -0.203 -1.262 2.33
v -0.203 -1.262 2.61
v -0.203 -1.28 2.592
v -0.185 -1.262 2.592
v -0.203 1.262 2.33
v -0.203 1.28 2.348
v -0.185 1.262 2.348
v -0.185 1.262 2.592
v -0.203 1.28 2.592
v -0.203 1.262 2.61
v 0.14 -1.31 2.55
v 0.14 -1.05 2.55
v 0.14 -1.05 2.25
v 0.14 -1.31 2.25
v 0.26 -1.31 2.25
v 0.26 -1.05 2.25
v 0.26 -1.05 2.55
v 0.26 -1.31 2.55
v 0.16 -1.33 2.25
v 0.24 -1.33 2.25
v 0.24 -1.33 2.55
v 0.16 -1.33 2.55
v 0.16 -1.03 2.55
v 0.24 -1.03 2.55
v 0.24 -1.03 2.25
v 0.16 -1.03 2.25
v 0.16 -1.05 2.23
v 0.24 -1.05 2.23
v 0.24 -1.31 2.23
v 0.16 -1.31 2.23
v 0.16 -1.31 2.57
v 0.24 -1.31 2.57
v 0.24 -1.05 2.57
v 0.16 -1.05 2.57
v 0.14 -1.31 2.25
v 0.16 -1.33 2.25
v 0.16 -1.33 2.55
v 0.14 -1.31 2.55
v 0.14 -1.05 2.55
v 0.16 -1.03 2.55
v 0.16 -1.03 2.25
v 0.14 -1.05 2.25
v 0.26 -1.31 2.55
v 0.24 -1.33 2.55
v 0.24 -1.33 2.25
v 0.26 -1.31 2.25
v 0.26 -1.05 2.25
v 0.24 -1.03 2.25
v 0.24 -1.03 2.55
v 0.26 -1.05 2.55
v 0.14 -1.05 2.25
v 0.16 -1.05 2.23
v 0.16 -1.31 2.23
v 0.14 -1.31 2.25
v 0.14 -1.31 2.55
v 0.16 -1.31 2.57
v 0.16 -1.05 2.57
v 0.14 -1.05 2.55
v 0.26 -1.31 2.25
v 0.24 -1.31 2.23
v 0.24 -1.05 2.23
v 0.26 -1.05 2.25
v 0.26 -1.05 2.55
v 0.24 -1.05 2.57
v 0.24 -1.31 2.57
v 0.26 -1.31 2.55
v 0.16 -1.33 2.25
v 0.16 -1.31 2.23
v 0.24 -1.31 2.23
v 0.24 -1.33 2.25
v 0.24 -1.33 2.55
v 0.24 -1.31 2.57
v 0.16 -1.31 2.57
v 0.16 -1.33 2.55
v 0.24 -1.03 2.25
v 0.24 -1.05 2.23
v 0.16 -1.05 2.23
v 0.16 -1.03 2.25
v 0.16 -1.03 2.55
v 0.16 -1.05 2.57
v 0.24 -1.05 2.57
v 0.24 -1.03 2.55
v 0.16 -1.31 2.23
v 0.16 -1.33 2.25
v 0.14 -1.31 2.25
v 0.14 -1.31 2.55
v 0.16 -1.33 2.55
v 0.16 -1.31 2.57
v 0.14 -1.05 2.25
v 0.16 -1.03 2.25
v 0.16 -1.05 2.23
v 0.16 -1.05 2.57
v 0.16 -1.03 2.55
v 0.14 -1.05 2.55
v 0.26 -1.31 2.25
v 0.24 -1.33 2.25
v 0.24 -1.31 2.23
v 0.24 -1.31 2.57
v 0.24 -1.33 2.55
v 0.26 -1.31 2.55
v 0.24 -1.05 2.23
v 0.24 -1.03 2.25
v 0.26 -1.05 2.25
v 0.26 -1.05 2.55
v 0.24 -1.03 2.55
v 0.24 -1.05 2.57
v -0.29 -1.432 1.812
v -0.29 -0.928 1.812
v -0.29 -0.928 1.748
v -0.29 -1.432 1.748
v 0.29 -1.432 1.748
v 0.29 -0.928 1.748
v 0.29 -0.928 1.812
v 0.29 -1.432 1.812
v -0.272 -1.45 1.748
v 0.272 -1.45 1.748
v 0.272 -1.45 1.812
v -0.272 -1.45 1.812
v -0.272 -0.91 1.812
v 0.272 -0.91 1.812
v 0.272 -0.91 1.748
v -0.272 -0.91 1.748
v -0.272 -0.928 1.73
v 0.272 -0.928 1.73
v 0.272 -1.432 1.73
v -0.272 -1.432 1.73
v -0.272 -1.432 1.83
v 0.272 -1.432 1.83
v 0.272 -0.928 1.83
v -0.272 -0.928 1.83
v -0.29 -1.432 1.748
v -0.272 -1.45 1.748
v -0.272 -1.45 1.812
v -0.29 -1.432 1.812
v -0.29 -0.928 1.812
v -0.272 -0.91 1.812
v -0.272 -0.91 1.748
v -0.29 -0.928 1.748
v 0.29 -1.432 1.812
v 0.272 -1.45 1.812
v 0.272 -1.45 1.748
v 0.29 -1.432 1.748
v 0.29 -0.928 1.748
v 0.272 -0.91 1.748
v 0.272 -0.91 1.812
v 0.29 -0.928 1.812
v -0.29 -0.928 1.748
v -0.272 -0.928 1.73
v -0.272 -1.432 1.73
v -0.29 -1.432 1.748
v -0.29 -1.432 1.812
v -0.272 -1.432 1.83
v -0.272 -0.928 1.83
v -0.29 -0.928 1.812
v 0.29 -1.432 1.748
v 0.272 -1.432 1.73
v 0.272 -0.928 1.73
v 0.29 -0.928 1.748
v 0.29 -0.928 1.812
v 0.272 -0.928 1.83
v 0.272 -1.432 1.83
v 0.29 -1.432 1.812
v -0.272 -1.45 1.748
v -0.272 -1.432 1.73
v 0.272 -1.432 1.73
v 0.272 -1.45 1.748
v 0.272 -1.45 1.812
v 0.272 -1.432 1.83
v -0.272 -1.432 1.83
v -0.272 -1.45 1.812
v 0.272 -0.91 1.748
v 0.272 -0.928 1.73
v -0.272 -0.928 1.73
v -0.272 -0.91 1.748
v -0.272 -0.91 1.812
v -0.272 -0.928 1.83
v 0.272 -0.928 1.83
v 0.272 -0.91 1.812
v -0.272 -1.432 1.73
v -0.272 -1.45 1.748
v -0.29 -1.432 1.748
v -0.29 -1.432 1.812
v -0.272 -1.45 1.812
v -0.272 -1.432 1.83
v -0.29 -0.928 1.748
v -0.272 -0.91 1.748
v -0.272 -0.928 1.73
v -0.272 -0.928 1.83
v -0.272 -0.91 1.812
v -0.29 -0.928 1.812
v 0.29 -1.432 1.748
v 0.272 -1.45 1.748
v 0.272 -1.432 1.73
v 0.272 -1.432 1.83
v 0.272 -1.45 1.812
v 0.29 -1.432 1.812
v 0.272 -0.928 1.73
v 0.272 -0.91 1.748
v 0.29 -0.928 1.748
v 0.29 -0.928 1.812
v 0.272 -0.91 1.812
v 0.272 -0.928 1.83
v 0.14 1.05 2.55
v 0.14 1.31 2.55
v 0.14 1.31 2.25
v 0.14 1.05 2.25
v 0.26 1.05 2.25
v 0.26 1.31 2.25
v 0.26 1.31 2.55
v 0.26 1.05 2.55
v 0.16 1.03 2.25
v 0.24 1.03 2.25
v 0.24 1.03 2.55
v 0.16 1.03 2.55
v 0.16 1.33 2.55
v 0.24 1.33 2.55
v 0.24 1.33 2.25
v 0.16 1.33 2.25
v 0.16 1.31 2.23
v 0.24 1.31 2.23
v 0.24 1.05 2.23
v 0.16 1.05 2.23
v 0.16 1.05 2.57
v 0.24 1.05 2.57
v 0.24 1.31 2.57
v 0.16 1.31 2.57
v 0.14 1.05 2.25
v 0.16 1.03 2.25
v 0.16 1.03 2.55
v 0.14 1.05 2.55
v 0.14 1.31 2.55
v 0.16 1.33 2.55
v 0.16 1.33 2.25
v 0.14 1.31 2.25
v 0.26 1.05 2.55
v 0.24 1.03 2.55
v 0.24 1.03 2.25
v 0.26 1.05 2.25
v 0.26 1.31 2.25
v 0.24 1.33 2.25
v 0.24 1.33 2.55
v 0.26 1.31 2.55
v 0.14 1.31 2.25
v 0.16 1.31 2.23
v 0.16 1.05 2.23
v 0.14 1.05 2.25
v 0.14 1.05 2.55
v 0.16 1.05 2.57
v 0.16 1.31 2.57
v 0.14 1.31 2.55
v 0.26 1.05 2.25
v 0.24 1.05 2.23
v 0.24 1.31 2.23
v 0.26 1.31 2.25
v 0.26 1.31 2.55
v 0.24 1.31 2.57
v 0.24 1.05 2.57
v 0.26 1.05 2.55
v 0.16 1.03 2.25
v 0.16 1.05 2.23
v 0.24 1.05 2.23
v 0.24 1.03 2.25
v 0.24 1.03 2.55
v 0.24 1.05 2.57
v 0.16 1.05 2.57
v 0.16 1.03 2.55
v 0.24 1.33 2.25
v 0.24 1.31 2.23
v 0.16 1.31 2.23
v 0.16 1.33 2.25
v 0.16 1.33 2.55
v 0.16 1.31 2.57
v 0.24 1.31 2.57
v 0.24 1.33 2.55
v 0.16 1.05 2.23
v 0.16 1.03 2.25
v 0.14 1.05 2.25
v 0.14 1.05 2.55
v 0.16 1.03 2.55
v 0.16 1.05 2.57
v 0.14 1.31 2.25
v 0.16 1.33 2.25
v 0.16 1.31 2.23
v 0.16 1.31 2.57
v 0.16 1.33 2.55
v 0.14 1.31 2.55
v 0.26 1.05 2.25
v 0.24 1.03 2.25
v 0.24 1.05 2.23
v 0.24 1.05 2.57
v 0.24 1.03 2.55
v 0.26 1.05 2.55
v 0.24 1.31 2.23
v 0.24 1.33 2.25
v 0.26 1.31 2.25
v 0.26 1.31 2.55
v 0.24 1.33 2.55
v 0.24 1.31 2.57
v -0.29 0.928 1.812
v -0.29 1.432 1.812
v -0.29 1.432 1.748
v -0.29 0.928 1.748
v 0.29 0.928 1.748
v 0.29 1.432 1.748
v 0.29 1.432 1.812
v 0.29 0.928 1.812
v -0.272 0.91 1.748
v 0.272 0.91 1.748
v 0.272 0.91 1.812
v -0.272 0.91 1.812
v -0.272 1.45 1.812
v 0.272 1.45 1.812
v 0.272 1.45 1.748
v -0.272 1.45 1.748
v -0.272 1.432 1.73
v 0.272 1.432 1.73
v 0.272 0.928 1.73
v -0.272 0.928 1.73
v -0.272 0.928 1.83
v 0.272 0.928 1.83
v 0.272 1.432 1.83
v -0.272 1.432 1.83
v -0.29 0.928 1.748
v -0.272 0.91 1.748
v -0.272 0.91 1.812
v -0.29 0.928 1.812
v -0.29 1.432 1.812
v -0.272 1.45 1.812
v -0.272 1.45 1.748
v -0.29 1.432 1.748
v 0.29 0.928 1.812
v 0.272 0.91 1.812
v 0.272 0.91 1.748
v 0.29 0.928 1.748
v 0.29 1.432 1.748
v 0.272 1.45 1.748
v 0.272 1.45 1.812
v 0.29 1.432 1.812
v -0.29 1.432 1.748
v -0.272 1.432 1.73
v -0.272 0.928 1.73
v -0.29 0.928 1.748
v -0.29 0.928 1.812
v -0.272 0.928 1.83
v -0.272 1.432 1.83
v -0.29 1.432 1.812
v 0.29 0.928 1.748
v 0.272 0.928 1.73
v 0.272 1.432 1.73
v 0.29 1.432 1.748
v 0.29 1.432 1.812
v 0.272 1.432 1.83
v 0.272 0.928 1.83
v 0.29 0.928 1.812
v -0.272 0.91 1.748
v -0.272 0.928 1.73
v 0.272 0.928 1.73
v 0.272 0.91 1.748
v 0.272 0.91 1.812
v 0.272 0.928 1.83
v -0.272 0.928 1.83
v -0.272 0.91 1.812
v 0.272 1.45 1.748
v 0.272 1.432 1.73
v -0.272 1.432 1.73
v -0.272 1.45 1.748
v -0.272 1.45 1.812
v -0.272 1.432 1.83
v 0.272 1.432 1.83
v 0.272 1.45 1.812
v -0.272 0.928 1.73
v -0.272 0.91 1.748
v -0.29 0.928 1.748
v -0.29 0.928 1.812
v -0.272 0.91 1.812
v -0.272 0.928 1.83
v -0.29 1.432 1.748
v -0.272 1.45 1.748
v -0.272 1.432 1.73
v -0.272 1.432 1.83
v -0.272 1.45 1.812
v -0.29 1.432 1.812
v 0.29 0.928 1.748
v 0.272 0.91 1.748
v 0.272 0.928 1.73
v 0.272 0.928 1.83
v 0.272 0.91 1.812
v 0.29 0.928 1.812
v 0.272 1.432 1.73
v 0.272 1.45 1.748
v 0.29 1.432 1.748
v 0.29 1.432 1.812
v 0.272 1.45 1.812
v 0.272 1.432 1.83
v -0.3 -1.475 1.735
v -0.3 -1.225 1.735
v -0.3 -1.225 1.625
v -0.3 -1.475 1.625
v 0.04 -1.475 1.625
v 0.04 -1.225 1.625
v 0.04 -1.225 1.735
v 0.04 -1.475 1.735
v -0.275 -1.5 1.625
v 0.015 -1.5 1.625
v 0.015 -1.5 1.735
v -0.275 -1.5 1.735
v -0.275 -1.2 1.735
v 0.015 -1.2 1.735
v 0.015 -1.2 1.625
v -0.275 -1.2 1.625
v -0.275 -1.225 1.6
v 0.015 -1.225 1.6
v 0.015 -1.475 1.6
v -0.275 -1.475 1.6
v -0.275 -1.475 1.76
v 0.015 -1.475 1.76
v 0.015 -1.225 1.76
v -0.275 -1.225 1.76
v -0.3 -1.475 1.625
v -0.275 -1.5 1.625
v -0.275 -1.5 1.735
v -0.3 -1.475 1.735
v -0.3 -1.225 1.735
v -0.275 -1.2 1.735
v -0.275 -1.2 1.625
v -0.3 -1.225 1.625
v 0.04 -1.475 1.735
v 0.015 -1.5 1.735
v 0.015 -1.5 1.625
v 0.04 -1.475 1.625
v 0.04 -1.225 1.625
v 0.015 -1.2 1.625
v 0.015 -1.2 1.735
v 0.04 -1.225 1.735
v -0.3 -1.225 1.625
v -0.275 -1.225 1.6
v -0.275 -1.475 1.6
v -0.3 -1.475 1.625
v -0.3 -1.475 1.735
v -0.275 -1.475 1.76
v -0.275 -1.225 1.76
v -0.3 -1.225 1.735
v 0.04 -1.475 1.625
v 0.015 -1.475 1.6
v 0.015 -1.225 1.6
v 0.04 -1.225 1.625
v 0.04 -1.225 1.735
v 0.015 -1.225 1.76
v 0.015 -1.475 1.76
v 0.04 -1.475 1.735
v -0.275 -1.5 1.625
v -0.275 -1.475 1.6
v 0.015 -1.475 1.6
v 0.015 -1.5 1.625
v 0.015 -1.5 1.735
v 0.015 -1.475 1.76
v -0.275 -1.475 1.76
v -0.275 -1.5 1.735
v 0.015 -1.2 1.625
v 0.015 -1.225 1.6
v -0.275 -1.225 1.6
v -0.275 -1.2 1.625
v -0.275 -1.2 1.735
v -0.275 -1.225 1.76
v 0.015 -1.225 1.76
v 0.015 -1.2 1.735
v -0.275 -1.475 1.6
v -0.275 -1.5 1.625
v -0.3 -1.475 1.625
v -0.3 -1.475 1.735
v -0.275 -1.5 1.735
v -0.275 -1.475 1.76
v -0.3 -1.225 1.625
v -0.275 -1.2 1.625
v -0.275 -1.225 1.6
v -0.275 -1.225 1.76
v -0.275 -1.2 1.735
v -0.3 -1.225 1.735
v 0.04 -1.475 1.625
v 0.015 -1.5 1.625
v 0.015 -1.475 1.6
v 0.015 -1.475 1.76
v 0.015 -1.5 1.735
v 0.04 -1.475 1.735
v 0.015 -1.225 1.6
v 0.015 -1.2 1.625
v 0.04 -1.225 1.625
v 0.04 -1.225 1.735
v 0.015 -1.2 1.735
v 0.015 -1.225 1.76
v -0.23 -1.205 1.755
v -0.23 -1.135 1.755
v -0.23 -1.135 1.605
v -0.23 -1.205 1.605
v -0.03 -1.205 1.605
v -0.03 -1.135 1.605
v -0.03 -1.135 1.755
v -0.03 -1.205 1.755
v -0.205 -1.23 1.605
v -0.055 -1.23 1.605
v -0.055 -1.23 1.755
v -0.205 -1.23 1.755
v -0.205 -1.11 1.755
v -0.055 -1.11 1.755
v -0.055 -1.11 1.605
v -0.205 -1.11 1.605
v -0.205 -1.135 1.58
v -0.055 -1.135 1.58
v -0.055 -1.205 1.58
v -0.205 -1.205 1.58
v -0.205 -1.205 1.78
v -0.055 -1.205 1.78
v -0.055 -1.135 1.78
v -0.205 -1.135 1.78
v -0.23 -1.205 1.605
v -0.205 -1.23 1.605
v -0.205 -1.23 1.755
v -0.23 -1.205 1.755
v -0.23 -1.135 1.755
v -0.205 -1.11 1.755
v -0.205 -1.11 1.605
v -0.23 -1.135 1.605
v -0.03 -1.205 1.755
v -0.055 -1.23 1.755
v -0.055 -1.23 1.605
v -0.03 -1.205 1.605
v -0.03 -1.135 1.605
v -0.055 -1.11 1.605
v -0.055 -1.11 1.755
v -0.03 -1.135 1.755
v -0.23 -1.135 1.605
v -0.205 -1.135 1.58
v -0.205 -1.205 1.58
v -0.23 -1.205 1.605
v -0.23 -1.205 1.755
v -0.205 -1.205 1.78
v -0.205 -1.135 1.78
v -0.23 -1.135 1.755
v -0.03 -1.205 1.605
v -0.055 -1.205 1.58
v -0.055 -1.135 1.58
v -0.03 -1.135 1.605
v -0.03 -1.135 1.755
v -0.055 -1.135 1.78
v -0.055 -1.205 1.78
v -0.03 -1.205 1.755
v -0.205 -1.23 1.605
v -0.205 -1.205 1.58
v -0.055 -1.205 1.58
v -0.055 -1.23 1.605
v -0.055 -1.23 1.755
v -0.055 -1.205 1.78
v -0.205 -1.205 1.78
v -0.205 -1.23 1.755
v -0.055 -1.11 1.605
v -0.055 -1.135 1.58
v -0.205 -1.135 1.58
v -0.205 -1.11 1.605
v -0.205 -1.11 1.755
v -0.205 -1.135 1.78
v -0.055 -1.135 1.78
v -0.055 -1.11 1.755
v -0.205 -1.205 1.58
v -0.205 -1.23 1.605
v -0.23 -1.205 1.605
v -0.23 -1.205 1.755
v -0.205 -1.23 1.755
v -0.205 -1.205 1.78
v -0.23 -1.135 1.605
v -0.205 -1.11 1.605
v -0.205 -1.135 1.58
v -0.205 -1.135 1.78
v -0.205 -1.11 1.755
v -0.23 -1.135 1.755
v -0.03 -1.205 1.605
v -0.055 -1.23 1.605
v -0.055 -1.205 1.58
v -0.055 -1.205 1.78
v -0.055 -1.23 1.755
v -0.03 -1.205 1.755
v -0.055 -1.135 1.58
v -0.055 -1.11 1.605
v -0.03 -1.135 1.605
v -0.03 -1.135 1.755
v -0.055 -1.11 1.755
v -0.055 -1.135 1.78
v -0.025 -1.47 1.58
v -0.027633 -1.47 1.556635
v -0.027633 -1.23 1.556635
v -0.025 -1.23 1.58
v -0.027633 -1.47 1.556635
v -0.035398 -1.47 1.534442
v -0.035398 -1.23 1.534442
v -0.027633 -1.23 1.556635
v -0.035398 -1.47 1.534442
v -0.047908 -1.47 1.514534
v -0.047908 -1.23 1.514534
v -0.035398 -1.23 1.534442
v -0.047908 -1.47 1.514534
v -0.064534 -1.47 1.497908
v -0.064534 -1.23 1.497908
v -0.047908 -1.23 1.514534
v -0.064534 -1.47 1.497908
v -0.084442 -1.47 1.485398
v -0.084442 -1.23 1.485398
v -0.064534 -1.23 1.497908
v -0.084442 -1.47 1.485398
v -0.106635 -1.47 1.477633
v -0.106635 -1.23 1.477633
v -0.084442 -1.23 1.485398
v -0.106635 -1.47 1.477633
v -0.13 -1.47 1.475
v -0.13 -1.23 1.475
v -0.106635 -1.23 1.477633
v -0.13 -1.47 1.475
v -0.153365 -1.47 1.477633
v -0.153365 -1.23 1.477633
v -0.13 -1.23 1.475
v -0.153365 -1.47 1.477633
v -0.175558 -1.47 1.485398
v -0.175558 -1.23 1.485398
v -0.153365 -1.23 1.477633
v -0.175558 -1.47 1.485398
v -0.195466 -1.47 1.497908
v -0.195466 -1.23 1.497908
v -0.175558 -1.23 1.485398
v -0.195466 -1.47 1.497908
v -0.212092 -1.47 1.514534
v -0.212092 -1.23 1.514534
v -0.195466 -1.23 1.497908
v -0.212092 -1.47 1.514534
v -0.224602 -1.47 1.534442
v -0.224602 -1.23 1.534442
v -0.212092 -1.23 1.514534
v -0.224602 -1.47 1.534442
v -0.232367 -1.47 1.556635
v -0.232367 -1.23 1.556635
v -0.224602 -1.23 1.534442
v -0.232367 -1.47 1.556635
v -0.235 -1.47 1.58
v -0.235 -1.23 1.58
v -0.232367 -1.23 1.556635
v -0.235 -1.47 1.58
v -0.232367 -1.47 1.603365
v -0.232367 -1.23 1.603365
v -0.235 -1.23 1.58
v -0.232367 -1.47 1.603365
v -0.224602 -1.47 1.625558
v -0.224602 -1.23 1.625558
v -0.232367 -1.23 1.603365
v -0.224602 -1.47 1.625558
v -0.212092 -1.47 1.645466
v -0.212092 -1.23 1.645466
v -0.224602 -1.23 1.625558
v -0.212092 -1.47 1.645466
v -0.195466 -1.47 1.662092
v -0.195466 -1.23 1.662092
v -0.212092 -1.23 1.645466
v -0.195466 -1.47 1.662092
v -0.175558 -1.47 1.674602
v -0.175558 -1.23 1.674602
v -0.195466 -1.23 1.662092
v -0.175558 -1.47 1.674602
v -0.153365 -1.47 1.682367
v -0.153365 -1.23 1.682367
v -0.175558 -1.23 1.674602
v -0.153365 -1.47 1.682367
v -0.13 -1.47 1.685
v -0.13 -1.23 1.685
v -0.153365 -1.23 1.682367
v -0.13 -1.47 1.685
v -0.106635 -1.47 1.682367
v -0.106635 -1.23 1.682367
v -0.13 -1.23 1.685
v -0.106635 -1.47 1.682367
v -0.084442 -1.47 1.674602
v -0.084442 -1.23 1.674602
v -0.106635 -1.23 1.682367
v -0.084442 -1.47 1.674602
v -0.064534 -1.47 1.662092
v -0.064534 -1.23 1.662092
v -0.084442 -1.23 1.674602
v -0.064534 -1.47 1.662092
v -0.047908 -1.47 1.645466
v -0.047908 -1.23 1.645466
v -0.064534 -1.23 1.662092
v -0.047908 -1.47 1.645466
v -0.035398 -1.47 1.625558
v -0.035398 -1.23 1.625558
v -0.047908 -1.23 1.645466
v -0.035398 -1.47 1.625558
v -0.027633 -1.47 1.603365
v -0.027633 -1.23 1.603365
v -0.035398 -1.23 1.625558
v -0.027633 -1.47 1.603365
v -0.025 -1.47 1.58
v -0.025 -1.23 1.58
v -0.027633 -1.23 1.603365
v -0.025 -1.47 1.58
v -0.027633 -1.47 1.556635
v -0.035398 -1.47 1.534442
v -0.047908 -1.47 1.514534
v -0.064534 -1.47 1.497908
v -0.084442 -1.47 1.485398
v -0.106635 -1.47 1.477633
v -0.13 -1.47 1.475
v -0.153365 -1.47 1.477633
v -0.175558 -1.47 1.485398
v -0.195466 -1.47 1.497908
v -0.212092 -1.47 1.514534
v -0.224602 -1.47 1.534442
v -0.232367 -1.47 1.556635
v -0.235 -1.47 1.58
v -0.232367 -1.47 1.603365
v -0.224602 -1.47 1.625558
v -0.212092 -1.47 1.645466
v -0.195466 -1.47 1.662092
v -0.175558 -1.47 1.674602
v -0.153365 -1.47 1.682367
v -0.13 -1.47 1.685
v -0.106635 -1.47 1.682367
v -0.084442 -1.47 1.674602
v -0.064534 -1.47 1.662092
v -0.047908 -1.47 1.645466
v -0.035398 -1.47 1.625558
v -0.027633 -1.47 1.603365
v -0.027633 -1.23 1.603365
v -0.035398 -1.23 1.625558
v -0.047908 -1.23 1.645466
v -0.064534 -1.23 1.662092
v -0.084442 -1.23 1.674602
v -0.106635 -1.23 1.682367
v -0.13 -1.23 1.685
v -0.153365 -1.23 1.682367
v -0.175558 -1.23 1.674602
v -0.195466 -1.23 1.662092
v -0.212092 -1.23 1.645466
v -0.224602 -1.23 1.625558
v -0.232367 -1.23 1.603365
v -0.235 -1.23 1.58
v -0.232367 -1.23 1.556635
v -0.224602 -1.23 1.534442
v -0.212092 -1.23 1.514534
v -0.195466 -1.23 1.497908
v -0.175558 -1.23 1.485398
v -0.153365 -1.23 1.477633
v -0.13 -1.23 1.475
v -0.106635 -1.23 1.477633
v -0.084442 -1.23 1.485398
v -0.064534 -1.23 1.497908
v -0.047908 -1.23 1.514534
v -0.035398 -1.23 1.534442
v -0.027633 -1.23 1.556635
v -0.025 -1.23 1.58
v -0.095 -1.53 1.58
v -0.097111 -1.53 1.568029
v -0.097111 -1.17 1.568029
v -0.095 -1.17 1.58
v -0.097111 -1.53 1.568029
v -0.103188 -1.53 1.557502
v -0.103188 -1.17 1.557502
v -0.097111 -1.17 1.568029
v -0.103188 -1.53 1.557502
v -0.1125 -1.53 1.549689
v -0.1125 -1.17 1.549689
v -0.103188 -1.17 1.557502
v -0.1125 -1.53 1.549689
v -0.123922 -1.53 1.545532
v -0.123922 -1.17 1.545532
v -0.1125 -1.17 1.549689
v -0.123922 -1.53 1.545532
v -0.136078 -1.53 1.545532
v -0.136078 -1.17 1.545532
v -0.123922 -1.17 1.545532
v -0.136078 -1.53 1.545532
v -0.1475 -1.53 1.549689
v -0.1475 -1.17 1.549689
v -0.136078 -1.17 1.545532
v -0.1475 -1.53 1.549689
v -0.156812 -1.53 1.557502
v -0.156812 -1.17 1.557502
v -0.1475 -1.17 1.549689
v -0.156812 -1.53 1.557502
v -0.162889 -1.53 1.568029
v -0.162889 -1.17 1.568029
v -0.156812 -1.17 1.557502
v -0.162889 -1.53 1.568029
v -0.165 -1.53 1.58
v -0.165 -1.17 1.58
v -0.162889 -1.17 1.568029
v -0.165 -1.53 1.58
v -0.162889 -1.53 1.591971
v -0.162889 -1.17 1.591971
v -0.165 -1.17 1.58
v -0.162889 -1.53 1.591971
v -0.156812 -1.53 1.602498
v -0.156812 -1.17 1.602498
v -0.162889 -1.17 1.591971
v -0.156812 -1.53 1.602498
v -0.1475 -1.53 1.610311
v -0.1475 -1.17 1.610311
v -0.156812 -1.17 1.602498
v -0.1475 -1.53 1.610311
v -0.136078 -1.53 1.614468
v -0.136078 -1.17 1.614468
v -0.1475 -1.17 1.610311
v -0.136078 -1.53 1.614468
v -0.123922 -1.53 1.614468
v -0.123922 -1.17 1.614468
v -0.136078 -1.17 1.614468
v -0.123922 -1.53 1.614468
v -0.1125 -1.53 1.610311
v -0.1125 -1.17 1.610311
v -0.123922 -1.17 1.614468
v -0.1125 -1.53 1.610311
v -0.103188 -1.53 1.602498
v -0.103188 -1.17 1.602498
v -0.1125 -1.17 1.610311
v -0.103188 -1.53 1.602498
v -0.097111 -1.53 1.591971
v -0.097111 -1.17 1.591971
v -0.103188 -1.17 1.602498
v -0.097111 -1.53 1.591971
v -0.095 -1.53 1.58
v -0.095 -1.17 1.58
v -0.097111 -1.17 1.591971
v -0.097111 -1.53 1.591971
v -0.103188 -1.53 1.602498
v -0.1125 -1.53 1.610311
v -0.123922 -1.53 1.614468
v -0.136078 -1.53 1.614468
v -0.1475 -1.53 1.610311
v -0.156812 -1.53 1.602498
v -0.162889 -1.53 1.591971
v -0.165 -1.53 1.58
v -0.162889 -1.53 1.568029
v -0.156812 -1.53 1.557502
v -0.1475 -1.53 1.549689
v -0.136078 -1.53 1.545532
v -0.123922 -1.53 1.545532
v -0.1125 -1.53 1.549689
v -0.103188 -1.53 1.557502
v -0.097111 -1.53 1.568029
v -0.095 -1.53 1.58
v -0.097111 -1.17 1.591971
v -0.103188 -1.17 1.602498
v -0.1125 -1.17 1.610311
v -0.123922 -1.17 1.614468
v -0.136078 -1.17 1.614468
v -0.1475 -1.17 1.610311
v -0.156812 -1.17 1.602498
v -0.162889 -1.17 1.591971
v -0.165 -1.17 1.58
v -0.162889 -1.17 1.568029
v -0.156812 -1.17 1.557502
v -0.1475 -1.17 1.549689
v -0.136078 -1.17 1.545532
v -0.123922 -1.17 1.545532
v -0.1125 -1.17 1.549689
v -0.103188 -1.17 1.557502
v -0.097111 -1.17 1.568029
v -0.095 -1.17 1.58
v -0.07 -1.1675 1.68
v -0.073618 -1.1675 1.659479
v -0.073618 -1.1325 1.659479
v -0.07 -1.1325 1.68
v -0.073618 -1.1675 1.659479
v -0.084037 -1.1675 1.641433
v -0.084037 -1.1325 1.641433
v -0.073618 -1.1325 1.659479
v -0.084037 -1.1675 1.641433
v -0.1 -1.1675 1.628038
v -0.1 -1.1325 1.628038
v -0.084037 -1.1325 1.641433
v -0.1 -1.1675 1.628038
v -0.119581 -1.1675 1.620912
v -0.119581 -1.1325 1.620912
v -0.1 -1.1325 1.628038
v -0.119581 -1.1675 1.620912
v -0.140419 -1.1675 1.620912
v -0.140419 -1.1325 1.620912
v -0.119581 -1.1325 1.620912
v -0.140419 -1.1675 1.620912
v -0.16 -1.1675 1.628038
v -0.16 -1.1325 1.628038
v -0.140419 -1.1325 1.620912
v -0.16 -1.1675 1.628038
v -0.175963 -1.1675 1.641433
v -0.175963 -1.1325 1.641433
v -0.16 -1.1325 1.628038
v -0.175963 -1.1675 1.641433
v -0.186382 -1.1675 1.659479
v -0.186382 -1.1325 1.659479
v -0.175963 -1.1325 1.641433
v -0.186382 -1.1675 1.659479
v -0.19 -1.1675 1.68
v -0.19 -1.1325 1.68
v -0.186382 -1.1325 1.659479
v -0.19 -1.1675 1.68
v -0.186382 -1.1675 1.700521
v -0.186382 -1.1325 1.700521
v -0.19 -1.1325 1.68
v -0.186382 -1.1675 1.700521
v -0.175963 -1.1675 1.718567
v -0.175963 -1.1325 1.718567
v -0.186382 -1.1325 1.700521
v -0.175963 -1.1675 1.718567
v -0.16 -1.1675 1.731962
v -0.16 -1.1325 1.731962
v -0.175963 -1.1325 1.718567
v -0.16 -1.1675 1.731962
v -0.140419 -1.1675 1.739088
v -0.140419 -1.1325 1.739088
v -0.16 -1.1325 1.731962
v -0.140419 -1.1675 1.739088
v -0.119581 -1.1675 1.739088
v -0.119581 -1.1325 1.739088
v -0.140419 -1.1325 1.739088
v -0.119581 -1.1675 1.739088
v -0.1 -1.1675 1.731962
v -0.1 -1.1325 1.731962
v -0.119581 -1.1325 1.739088
v -0.1 -1.1675 1.731962
v -0.084037 -1.1675 1.718567
v -0.084037 -1.1325 1.718567
v -0.1 -1.1325 1.731962
v -0.084037 -1.1675 1.718567
v -0.073618 -1.1675 1.700521
v -0.073618 -1.1325 1.700521
v -0.084037 -1.1325 1.718567
v -0.073618 -1.1675 1.700521
v -0.07 -1.1675 1.68
v -0.07 -1.1325 1.68
v -0.073618 -1.1325 1.700521
v -0.07 -1.1675 1.68
v -0.073618 -1.1675 1.659479
v -0.084037 -1.1675 1.641433
v -0.1 -1.1675 1.628038
v -0.119581 -1.1675 1.620912
v -0.140419 -1.1675 1.620912
v -0.16 -1.1675 1.628038
v -0.175963 -1.1675 1.641433
v -0.186382 -1.1675 1.659479
v -0.19 -1.1675 1.68
v -0.186382 -1.1675 1.700521
v -0.175963 -1.1675 1.718567
v -0.16 -1.1675 1.731962
v -0.140419 -1.1675 1.739088
v -0.119581 -1.1675 1.739088
v -0.1 -1.1675 1.731962
v -0.084037 -1.1675 1.718567
v -0.073618 -1.1675 1.700521
v -0.07 -1.1325 1.68
v -0.073618 -1.1325 1.659479
v -0.084037 -1.1325 1.641433
v -0.1 -1.1325 1.628038
v -0.119581 -1.1325 1.620912
v -0.140419 -1.1325 1.620912
v -0.16 -1.1325 1.628038
v -0.175963 -1.1325 1.641433
v -0.186382 -1.1325 1.659479
v -0.19 -1.1325 1.68
v -0.186382 -1.1325 1.700521
v -0.175963 -1.1325 1.718567
v -0.16 -1.1325 1.731962
v -0.140419 -1.1325 1.739088
v -0.119581 -1.1325 1.739088
v -0.1 -1.1325 1.731962
v -0.084037 -1.1325 1.718567
v -0.073618 -1.1325 1.700521
v -0.04 -1.475 1.735
v -0.04 -1.225 1.735
v -0.04 -1.225 1.625
v -0.04 -1.475 1.625
v 0.3 -1.475 1.625
v 0.3 -1.225 1.625
v 0.3 -1.225 1.735
v 0.3 -1.475 1.735
v -0.015 -1.5 1.625
v 0.275 -1.5 1.625
v 0.275 -1.5 1.735
v -0.015 -1.5 1.735
v -0.015 -1.2 1.735
v 0.275 -1.2 1.735
v 0.275 -1.2 1.625
v -0.015 -1.2 1.625
v -0.015 -1.225 1.6
v 0.275 -1.225 1.6
v 0.275 -1.475 1.6
v -0.015 -1.475 1.6
v -0.015 -1.475 1.76
v 0.275 -1.475 1.76
v 0.275 -1.225 1.76
v -0.015 -1.225 1.76
v -0.04 -1.475 1.625
v -0.015 -1.5 1.625
v -0.015 -1.5 1.735
v -0.04 -1.475 1.735
v -0.04 -1.225 1.735
v -0.015 -1.2 1.735
v -0.015 -1.2 1.625
v -0.04 -1.225 1.625
v 0.3 -1.475 1.735
v 0.275 -1.5 1.735
v 0.275 -1.5 1.625
v 0.3 -1.475 1.625
v 0.3 -1.225 1.625
v 0.275 -1.2 1.625
v 0.275 -1.2 1.735
v 0.3 -1.225 1.735
v -0.04 -1.225 1.625
v -0.015 -1.225 1.6
v -0.015 -1.475 1.6
v -0.04 -1.475 1.625
v -0.04 -1.475 1.735
v -0.015 -1.475 1.76
v -0.015 -1.225 1.76
v -0.04 -1.225 1.735
v 0.3 -1.475 1.625
v 0.275 -1.475 1.6
v 0.275 -1.225 1.6
v 0.3 -1.225 1.625
v 0.3 -1.225 1.735
v 0.275 -1.225 1.76
v 0.275 -1.475 1.76
v 0.3 -1.475 1.735
v -0.015 -1.5 1.625
v -0.015 -1.475 1.6
v 0.275 -1.475 1.6
v 0.275 -1.5 1.625
v 0.275 -1.5 1.735
v 0.275 -1.475 1.76
v -0.015 -1.475 1.76
v -0.015 -1.5 1.735
v 0.275 -1.2 1.625
v 0.275 -1.225 1.6
v -0.015 -1.225 1.6
v -0.015 -1.2 1.625
v -0.015 -1.2 1.735
v -0.015 -1.225 1.76
v 0.275 -1.225 1.76
v 0.275 -1.2 1.735
v -0.015 -1.475 1.6
v -0.015 -1.5 1.625
v -0.04 -1.475 1.625
v -0.04 -1.475 1.735
v -0.015 -1.5 1.735
v -0.015 -1.475 1.76
v -0.04 -1.225 1.625
v -0.015 -1.2 1.625
v -0.015 -1.225 1.6
v -0.015 -1.225 1.76
v -0.015 -1.2 1.735
v -0.04 -1.225 1.735
v 0.3 -1.475 1.625
v 0.275 -1.5 1.625
v 0.275 -1.475 1.6
v 0.275 -1.475 1.76
v 0.275 -1.5 1.735
v 0.3 -1.475 1.735
v 0.275 -1.225 1.6
v 0.275 -1.2 1.625
v 0.3 -1.225 1.625
v 0.3 -1.225 1.735
v 0.275 -1.2 1.735
v 0.275 -1.225 1.76
v 0.03 -1.205 1.755
v 0.03 -1.135 1.755
v 0.03 -1.135 1.605
v 0.03 -1.205 1.605
v 0.23 -1.205 1.605
v 0.23 -1.135 1.605
v 0.23 -1.135 1.755
v 0.23 -1.205 1.755
v 0.055 -1.23 1.605
v 0.205 -1.23 1.605
v 0.205 -1.23 1.755
v 0.055 -1.23 1.755
v 0.055 -1.11 1.755
v 0.205 -1.11 1.755
v 0.205 -1.11 1.605
v 0.055 -1.11 1.605
v 0.055 -1.135 1.58
v 0.205 -1.135 1.58
v 0.205 -1.205 1.58
v 0.055 -1.205 1.58
v 0.055 -1.205 1.78
v 0.205 -1.205 1.78
v 0.205 -1.135 1.78
v 0.055 -1.135 1.78
v 0.03 -1.205 1.605
v 0.055 -1.23 1.605
v 0.055 -1.23 1.755
v 0.03 -1.205 1.755
v 0.03 -1.135 1.755
v 0.055 -1.11 1.755
v 0.055 -1.11 1.605
v 0.03 -1.135 1.605
v 0.23 -1.205 1.755
v 0.205 -1.23 1.755
v 0.205 -1.23 1.605
v 0.23 -1.205 1.605
v 0.23 -1.135 1.605
v 0.205 -1.11 1.605
v 0.205 -1.11 1.755
v 0.23 -1.135 1.755
v 0.03 -1.135 1.605
v 0.055 -1.135 1.58
v 0.055 -1.205 1.58
v 0.03 -1.205 1.605
v 0.03 -1.205 1.755
v 0.055 -1.205 1.78
v 0.055 -1.135 1.78
v 0.03 -1.135 1.755
v 0.23 -1.205 1.605
v 0.205 -1.205 1.58
v 0.205 -1.135 1.58
v 0.23 -1.135 1.605
v 0.23 -1.135 1.755
v 0.205 -1.135 1.78
v 0.205 -1.205 1.78
v 0.23 -1.205 1.755
v 0.055 -1.23 1.605
v 0.055 -1.205 1.58
v 0.205 -1.205 1.58
v 0.205 -1.23 1.605
v 0.205 -1.23 1.755
v 0.205 -1.205 1.78
v 0.055 -1.205 1.78
v 0.055 -1.23 1.755
v 0.205 -1.11 1.605
v 0.205 -1.135 1.58
v 0.055 -1.135 1.58
v 0.055 -1.11 1.605
v 0.055 -1.11 1.755
v 0.055 -1.135 1.78
v 0.205 -1.135 1.78
v 0.205 -1.11 1.755
v 0.055 -1.205 1.58
v 0.055 -1.23 1.605
v 0.03 -1.205 1.605
v 0.03 -1.205 1.755
v 0.055 -1.23 1.755
v 0.055 -1.205 1.78
v 0.03 -1.135 1.605
v 0.055 -1.11 1.605
v 0.055 -1.135 1.58
v 0.055 -1.135 1.78
v 0.055 -1.11 1.755
v 0.03 -1.135 1.755
v 0.23 -1.205 1.605
v 0.205 -1.23 1.605
v 0.205 -1.205 1.58
v 0.205 -1.205 1.78
v 0.205 -1.23 1.755
v 0.23 -1.205 1.755
v 0.205 -1.135 1.58
v 0.205 -1.11 1.605
v 0.23 -1.135 1.605
v 0.23 -1.135 1.755
v 0.205 -1.11 1.755
v 0.205 -1.135 1.78
v 0.235 -1.47 1.58
v 0.232367 -1.47 1.556635
v 0.232367 -1.23 1.556635
v 0.235 -1.23 1.58
v 0.232367 -1.47 1.556635
v 0.224602 -1.47 1.534442
v 0.224602 -1.23 1.534442
v 0.232367 -1.23 1.556635
v 0.224602 -1.47 1.534442
v 0.212092 -1.47 1.514534
v 0.212092 -1.23 1.514534
v 0.224602 -1.23 1.534442
v 0.212092 -1.47 1.514534
v 0.195466 -1.47 1.497908
v 0.195466 -1.23 1.497908
v 0.212092 -1.23 1.514534
v 0.195466 -1.47 1.497908
v 0.175558 -1.47 1.485398
v 0.175558 -1.23 1.485398
v 0.195466 -1.23 1.497908
v 0.175558 -1.47 1.485398
v 0.153365 -1.47 1.477633
v 0.153365 -1.23 1.477633
v 0.175558 -1.23 1.485398
v 0.153365 -1.47 1.477633
v 0.13 -1.47 1.475
v 0.13 -1.23 1.475
v 0.153365 -1.23 1.477633
v 0.13 -1.47 1.475
v 0.106635 -1.47 1.477633
v 0.106635 -1.23 1.477633
v 0.13 -1.23 1.475
v 0.106635 -1.47 1.477633
v 0.084442 -1.47 1.485398
v 0.084442 -1.23 1.485398
v 0.106635 -1.23 1.477633
v 0.084442 -1.47 1.485398
v 0.064534 -1.47 1.497908
v 0.064534 -1.23 1.497908
v 0.084442 -1.23 1.485398
v 0.064534 -1.47 1.497908
v 0.047908 -1.47 1.514534
v 0.047908 -1.23 1.514534
v 0.064534 -1.23 1.497908
v 0.047908 -1.47 1.514534
v 0.035398 -1.47 1.534442
v 0.035398 -1.23 1.534442
v 0.047908 -1.23 1.514534
v 0.035398 -1.47 1.534442
v 0.027633 -1.47 1.556635
v 0.027633 -1.23 1.556635
v 0.035398 -1.23 1.534442
v 0.027633 -1.47 1.556635
v 0.025 -1.47 1.58
v 0.025 -1.23 1.58
v 0.027633 -1.23 1.556635
v 0.025 -1.47 1.58
v 0.027633 -1.47 1.603365
v 0.027633 -1.23 1.603365
v 0.025 -1.23 1.58
v 0.027633 -1.47 1.603365
v 0.035398 -1.47 1.625558
v 0.035398 -1.23 1.625558
v 0.027633 -1.23 1.603365
v 0.035398 -1.47 1.625558
v 0.047908 -1.47 1.645466
v 0.047908 -1.23 1.645466
v 0.035398 -1.23 1.625558
v 0.047908 -1.47 1.645466
v 0.064534 -1.47 1.662092
v 0.064534 -1.23 1.662092
v 0.047908 -1.23 1.645466
v 0.064534 -1.47 1.662092
v 0.084442 -1.47 1.674602
v 0.084442 -1.23 1.674602
v 0.064534 -1.23 1.662092
v 0.084442 -1.47 1.674602
v 0.106635 -1.47 1.682367
v 0.106635 -1.23 1.682367
v 0.084442 -1.23 1.674602
v 0.106635 -1.47 1.682367
v 0.13 -1.47 1.685
v 0.13 -1.23 1.685
v 0.106635 -1.23 1.682367
v 0.13 -1.47 1.685
v 0.153365 -1.47 1.682367
v 0.153365 -1.23 1.682367
v 0.13 -1.23 1.685
v 0.153365 -1.47 1.682367
v 0.175558 -1.47 1.674602
v 0.175558 -1.23 1.674602
v 0.153365 -1.23 1.682367
v 0.175558 -1.47 1.674602
v 0.195466 -1.47 1.662092
v 0.195466 -1.23 1.662092
v 0.175558 -1.23 1.674602
v 0.195466 -1.47 1.662092
v 0.212092 -1.47 1.645466
v 0.212092 -1.23 1.645466
v 0.195466 -1.23 1.662092
v 0.212092 -1.47 1.645466
v 0.224602 -1.47 1.625558
v 0.224602 -1.23 1.625558
v 0.212092 -1.23 1.645466
v 0.224602 -1.47 1.625558
v 0.232367 -1.47 1.603365
v 0.232367 -1.23 1.603365
v 0.224602 -1.23 1.625558
v 0.232367 -1.47 1.603365
v 0.235 -1.47 1.58
v 0.235 -1.23 1.58
v 0.232367 -1.23 1.603365
v 0.235 -1.47 1.58
v 0.232367 -1.47 1.556635
v 0.224602 -1.47 1.534442
v 0.212092 -1.47 1.514534
v 0.195466 -1.47 1.497908
v 0.175558 -1.47 1.485398
v 0.153365 -1.47 1.477633
v 0.13 -1.47 1.475
v 0.106635 -1.47 1.477633
v 0.084442 -1.47 1.485398
v 0.064534 -1.47 1.497908
v 0.047908 -1.47 1.514534
v 0.035398 -1.47 1.534442
v 0.027633 -1.47 1.556635
v 0.025 -1.47 1.58
v 0.027633 -1.47 1.603365
v 0.035398 -1.47 1.625558
v 0.047908 -1.47 1.645466
v 0.064534 -1.47 1.662092
v 0.084442 -1.47 1.674602
v 0.106635 -1.47 1.682367
v 0.13 -1.47 1.685
v 0.153365 -1.47 1.682367
v 0.175558 -1.47 1.674602
v 0.195466 -1.47 1.662092
v 0.212092 -1.47 1.645466
v 0.224602 -1.47 1.625558
v 0.232367 -1.47 1.603365
v 0.232367 -1.23 1.603365
v 0.224602 -1.23 1.625558
v 0.212092 -1.23 1.645466
v 0.195466 -1.23 1.662092
v 0.175558 -1.23 1.674602
v 0.153365 -1.23 1.682367
v 0.13 -1.23 1.685
v 0.106635 -1.23 1.682367
v 0.084442 -1.23 1.674602
v 0.064534 -1.23 1.662092
v 0.047908 -1.23 1.645466
v 0.035398 -1.23 1.625558
v 0.027633 -1.23 1.603365
v 0.025 -1.23 1.58
v 0.027633 -1.23 1.556635
v 0.035398 -1.23 1.534442
v 0.047908 -1.23 1.514534
v 0.064534 -1.23 1.497908
v 0.084442 -1.23 1.485398
v 0.106635 -1.23 1.477633
v 0.13 -1.23 1.475
v 0.153365 -1.23 1.477633
v 0.175558 -1.23 1.485398
v 0.195466 -1.23 1.497908
v 0.212092 -1.23 1.514534
v 0.224602 -1.23 1.534442
v 0.232367 -1.23 1.556635
v 0.235 -1.23 1.58
v 0.165 -1.53 1.58
v 0.162889 -1.53 1.568029
v 0.162889 -1.17 1.568029
v 0.165 -1.17 1.58
v 0.162889 -1.53 1.568029
v 0.156812 -1.53 1.557502
v 0.156812 -1.17 1.557502
v 0.162889 -1.17 1.568029
v 0.156812 -1.53 1.557502
v 0.1475 -1.53 1.549689
v 0.1475 -1.17 1.549689
v 0.156812 -1.17 1.557502
v 0.1475 -1.53 1.549689
v 0.136078 -1.53 1.545532
v 0.136078 -1.17 1.545532
v 0.1475 -1.17 1.549689
v 0.136078 -1.53 1.545532
v 0.123922 -1.53 1.545532
v 0.123922 -1.17 1.545532
v 0.136078 -1.17 1.545532
v 0.123922 -1.53 1.545532
v 0.1125 -1.53 1.549689
v 0.1125 -1.17 1.549689
v 0.123922 -1.17 1.545532
v 0.1125 -1.53 1.549689
v 0.103188 -1.53 1.557502
v 0.103188 -1.17 1.557502
v 0.1125 -1.17 1.549689
v 0.103188 -1.53 1.557502
v 0.097111 -1.53 1.568029
v 0.097111 -1.17 1.568029
v 0.103188 -1.17 1.557502
v 0.097111 -1.53 1.568029
v 0.095 -1.53 1.58
v 0.095 -1.17 1.58
v 0.097111 -1.17 1.568029
v 0.095 -1.53 1.58
v 0.097111 -1.53 1.591971
v 0.097111 -1.17 1.591971
v 0.095 -1.17 1.58
v 0.097111 -1.53 1.591971
v 0.103188 -1.53 1.602498
v 0.103188 -1.17 1.602498
v 0.097111 -1.17 1.591971
v 0.103188 -1.53 1.602498
v 0.1125 -1.53 1.610311
v 0.1125 -1.17 1.610311
v 0.103188 -1.17 1.602498
v 0.1125 -1.53 1.610311
v 0.123922 -1.53 1.614468
v 0.123922 -1.17 1.614468
v 0.1125 -1.17 1.610311
v 0.123922 -1.53 1.614468
v 0.136078 -1.53 1.614468
v 0.136078 -1.17 1.614468
v 0.123922 -1.17 1.614468
v 0.136078 -1.53 1.614468
v 0.1475 -1.53 1.610311
v 0.1475 -1.17 1.610311
v 0.136078 -1.17 1.614468
v 0.1475 -1.53 1.610311
v 0.156812 -1.53 1.602498
v 0.156812 -1.17 1.602498
v 0.1475 -1.17 1.610311
v 0.156812 -1.53 1.602498
v 0.162889 -1.53 1.591971
v 0.162889 -1.17 1.591971
v 0.156812 -1.17 1.602498
v 0.162889 -1.53 1.591971
v 0.165 -1.53 1.58
v 0.165 -1.17 1.58
v 0.162889 -1.17 1.591971
v 0.162889 -1.53 1.591971
v 0.156812 -1.53 1.602498
v 0.1475 -1.53 1.610311
v 0.136078 -1.53 1.614468
v 0.123922 -1.53 1.614468
v 0.1125 -1.53 1.610311
v 0.103188 -1.53 1.602498
v 0.097111 -1.53 1.591971
v 0.095 -1.53 1.58
v 0.097111 -1.53 1.568029
v 0.103188 -1.53 1.557502
v 0.1125 -1.53 1.549689
v 0.123922 -1.53 1.545532
v 0.136078 -1.53 1.545532
v 0.1475 -1.53 1.549689
v 0.156812 -1.53 1.557502
v 0.162889 -1.53 1.568029
v 0.165 -1.53 1.58
v 0.162889 -1.17 1.591971
v 0.156812 -1.17 1.602498
v 0.1475 -1.17 1.610311
v 0.136078 -1.17 1.614468
v 0.123922 -1.17 1.614468
v 0.1125 -1.17 1.610311
v 0.103188 -1.17 1.602498
v 0.097111 -1.17 1.591971
v 0.095 -1.17 1.58
v 0.097111 -1.17 1.568029
v 0.103188 -1.17 1.557502
v 0.1125 -1.17 1.549689
v 0.123922 -1.17 1.545532
v 0.136078 -1.17 1.545532
v 0.1475 -1.17 1.549689
v 0.156812 -1.17 1.557502
v 0.162889 -1.17 1.568029
v 0.165 -1.17 1.58
v 0.19 -1.1675 1.68
v 0.186382 -1.1675 1.659479
v 0.186382 -1.1325 1.659479
v 0.19 -1.1325 1.68
v 0.186382 -1.1675 1.659479
v 0.175963 -1.1675 1.641433
v 0.175963 -1.1325 1.641433
v 0.186382 -1.1325 1.659479
v 0.175963 -1.1675 1.641433
v 0.16 -1.1675 1.628038
v 0.16 -1.1325 1.628038
v 0.175963 -1.1325 1.641433
v 0.16 -1.1675 1.628038
v 0.140419 -1.1675 1.620912
v 0.140419 -1.1325 1.620912
v 0.16 -1.1325 1.628038
v 0.140419 -1.1675 1.620912
v 0.119581 -1.1675 1.620912
v 0.119581 -1.1325 1.620912
v 0.140419 -1.1325 1.620912
v 0.119581 -1.1675 1.620912
v 0.1 -1.1675 1.628038
v 0.1 -1.1325 1.628038
v 0.119581 -1.1325 1.620912
v 0.1 -1.1675 1.628038
v 0.084037 -1.1675 1.641433
v 0.084037 -1.1325 1.641433
v 0.1 -1.1325 1.628038
v 0.084037 -1.1675 1.641433
v 0.073618 -1.1675 1.659479
v 0.073618 -1.1325 1.659479
v 0.084037 -1.1325 1.641433
v 0.073618 -1.1675 1.659479
v 0.07 -1.1675 1.68
v 0.07 -1.1325 1.68
v 0.073618 -1.1325 1.659479
v 0.07 -1.1675 1.68
v 0.073618 -1.1675 1.700521
v 0.073618 -1.1325 1.700521
v 0.07 -1.1325 1.68
v 0.073618 -1.1675 1.700521
v 0.084037 -1.1675 1.718567
v 0.084037 -1.1325 1.718567
v 0.073618 -1.1325 1.700521
v 0.084037 -1.1675 1.718567
v 0.1 -1.1675 1.731962
v 0.1 -1.1325 1.731962
v 0.084037 -1.1325 1.718567
v 0.1 -1.1675 1.731962
v 0.119581 -1.1675 1.739088
v 0.119581 -1.1325 1.739088
v 0.1 -1.1325 1.731962
v 0.119581 -1.1675 1.739088
v 0.140419 -1.1675 1.739088
v 0.140419 -1.1325 1.739088
v 0.119581 -1.1325 1.739088
v 0.140419 -1.1675 1.739088
v 0.16 -1.1675 1.731962
v 0.16 -1.1325 1.731962
v 0.140419 -1.1325 1.739088
v 0.16 -1.1675 1.731962
v 0.175963 -1.1675 1.718567
v 0.175963 -1.1325 1.718567
v 0.16 -1.1325 1.731962
v 0.175963 -1.1675 1.718567
v 0.186382 -1.1675 1.700521
v 0.186382 -1.1325 1.700521
v 0.175963 -1.1325 1.718567
v 0.186382 -1.1675 1.700521
v 0.19 -1.1675 1.68
v 0.19 -1.1325 1.68
v 0.186382 -1.1325 1.700521
v 0.19 -1.1675 1.68
v 0.186382 -1.1675 1.659479
v 0.175963 -1.1675 1.641433
v 0.16 -1.1675 1.628038
v 0.140419 -1.1675 1.620912
v 0.119581 -1.1675 1.620912
v 0.1 -1.1675 1.628038
v 0.084037 -1.1675 1.641433
v 0.073618 -1.1675 1.659479
v 0.07 -1.1675 1.68
v 0.073618 -1.1675 1.700521
v 0.084037 -1.1675 1.718567
v 0.1 -1.1675 1.731962
v 0.119581 -1.1675 1.739088
v 0.140419 -1.1675 1.739088
v 0.16 -1.1675 1.731962
v 0.175963 -1.1675 1.718567
v 0.186382 -1.1675 1.700521
v 0.19 -1.1325 1.68
v 0.186382 -1.1325 1.659479
v 0.175963 -1.1325 1.641433
v 0.16 -1.1325 1.628038
v 0.140419 -1.1325 1.620912
v 0.119581 -1.1325 1.620912
v 0.1 -1.1325 1.628038
v 0.084037 -1.1325 1.641433
v 0.073618 -1.1325 1.659479
v 0.07 -1.1325 1.68
v 0.073618 -1.1325 1.700521
v 0.084037 -1.1325 1.718567
v 0.1 -1.1325 1.731962
v 0.119581 -1.1325 1.739088
v 0.140419 -1.1325 1.739088
v 0.16 -1.1325 1.731962
v 0.175963 -1.1325 1.718567
v 0.186382 -1.1325 1.700521
v -0.3 1.225 1.735
v -0.3 1.475 1.735
v -0.3 1.475 1.625
v -0.3 1.225 1.625
v 0.04 1.225 1.625
v 0.04 1.475 1.625
v 0.04 1.475 1.735
v 0.04 1.225 1.735
v -0.275 1.2 1.625
v 0.015 1.2 1.625
v 0.015 1.2 1.735
v -0.275 1.2 1.735
v -0.275 1.5 1.735
v 0.015 1.5 1.735
v 0.015 1.5 1.625
v -0.275 1.5 1.625
v -0.275 1.475 1.6
v 0.015 1.475 1.6
v 0.015 1.225 1.6
v -0.275 1.225 1.6
v -0.275 1.225 1.76
v 0.015 1.225 1.76
v 0.015 1.475 1.76
v -0.275 1.475 1.76
v -0.3 1.225 1.625
v -0.275 1.2 1.625
v -0.275 1.2 1.735
v -0.3 1.225 1.735
v -0.3 1.475 1.735
v -0.275 1.5 1.735
v -0.275 1.5 1.625
v -0.3 1.475 1.625
v 0.04 1.225 1.735
v 0.015 1.2 1.735
v 0.015 1.2 1.625
v 0.04 1.225 1.625
v 0.04 1.475 1.625
v 0.015 1.5 1.625
v 0.015 1.5 1.735
v 0.04 1.475 1.735
v -0.3 1.475 1.625
v -0.275 1.475 1.6
v -0.275 1.225 1.6
v -0.3 1.225 1.625
v -0.3 1.225 1.735
v -0.275 1.225 1.76
v -0.275 1.475 1.76
v -0.3 1.475 1.735
v 0.04 1.225 1.625
v 0.015 1.225 1.6
v 0.015 1.475 1.6
v 0.04 1.475 1.625
v 0.04 1.475 1.735
v 0.015 1.475 1.76
v 0.015 1.225 1.76
v 0.04 1.225 1.735
v -0.275 1.2 1.625
v -0.275 1.225 1.6
v 0.015 1.225 1.6
v 0.015 1.2 1.625
v 0.015 1.2 1.735
v 0.015 1.225 1.76
v -0.275 1.225 1.76
v -0.275 1.2 1.735
v 0.015 1.5 1.625
v 0.015 1.475 1.6
v -0.275 1.475 1.6
v -0.275 1.5 1.625
v -0.275 1.5 1.735
v -0.275 1.475 1.76
v 0.015 1.475 1.76
v 0.015 1.5 1.735
v -0.275 1.225 1.6
v -0.275 1.2 1.625
v -0.3 1.225 1.625
v -0.3 1.225 1.735
v -0.275 1.2 1.735
v -0.275 1.225 1.76
v -0.3 1.475 1.625
v -0.275 1.5 1.625
v -0.275 1.475 1.6
v -0.275 1.475 1.76
v -0.275 1.5 1.735
v -0.3 1.475 1.735
v 0.04 1.225 1.625
v 0.015 1.2 1.625
v 0.015 1.225 1.6
v 0.015 1.225 1.76
v 0.015 1.2 1.735
v 0.04 1.225 1.735
v 0.015 1.475 1.6
v 0.015 1.5 1.625
v 0.04 1.475 1.625
v 0.04 1.475 1.735
v 0.015 1.5 1.735
v 0.015 1.475 1.76
v -0.23 1.135 1.755
v -0.23 1.205 1.755
v -0.23 1.205 1.605
v -0.23 1.135 1.605
v -0.03 1.135 1.605
v -0.03 1.205 1.605
v -0.03 1.205 1.755
v -0.03 1.135 1.755
v -0.205 1.11 1.605
v -0.055 1.11 1.605
v -0.055 1.11 1.755
v -0.205 1.11 1.755
v -0.205 1.23 1.755
v -0.055 1.23 1.755
v -0.055 1.23 1.605
v -0.205 1.23 1.605
v -0.205 1.205 1.58
v -0.055 1.205 1.58
v -0.055 1.135 1.58
v -0.205 1.135 1.58
v -0.205 1.135 1.78
v -0.055 1.135 1.78
v -0.055 1.205 1.78
v -0.205 1.205 1.78
v -0.23 1.135 1.605
v -0.205 1.11 1.605
v -0.205 1.11 1.755
v -0.23 1.135 1.755
v -0.23 1.205 1.755
v -0.205 1.23 1.755
v -0.205 1.23 1.605
v -0.23 1.205 1.605
v -0.03 1.135 1.755
v -0.055 1.11 1.755
v -0.055 1.11 1.605
v -0.03 1.135 1.605
v -0.03 1.205 1.605
v -0.055 1.23 1.605
v -0.055 1.23 1.755
v -0.03 1.205 1.755
v -0.23 1.205 1.605
v -0.205 1.205 1.58
v -0.205 1.135 1.58
v -0.23 1.135 1.605
v -0.23 1.135 1.755
v -0.205 1.135 1.78
v -0.205 1.205 1.78
v -0.23 1.205 1.755
v -0.03 1.135 1.605
v -0.055 1.135 1.58
v -0.055 1.205 1.58
v -0.03 1.205 1.605
v -0.03 1.205 1.755
v -0.055 1.205 1.78
v -0.055 1.135 1.78
v -0.03 1.135 1.755
v -0.205 1.11 1.605
v -0.205 1.135 1.58
v -0.055 1.135 1.58
v -0.055 1.11 1.605
v -0.055 1.11 1.755
v -0.055 1.135 1.78
v -0.205 1.135 1.78
v -0.205 1.11 1.755
v -0.055 1.23 1.605
v -0.055 1.205 1.58
v -0.205 1.205 1.58
v -0.205 1.23 1.605
v -0.205 1.23 1.755
v -0.205 1.205 1.78
v -0.055 1.205 1.78
v -0.055 1.23 1.755
v -0.205 1.135 1.58
v -0.205 1.11 1.605
v -0.23 1.135 1.605
v -0.23 1.135 1.755
v -0.205 1.11 1.755
v -0.205 1.135 1.78
v -0.23 1.205 1.605
v -0.205 1.23 1.605
v -0.205 1.205 1.58
v -0.205 1.205 1.78
v -0.205 1.23 1.755
v -0.23 1.205 1.755
v -0.03 1.135 1.605
v -0.055 1.11 1.605
v -0.055 1.135 1.58
v -0.055 1.135 1.78
v -0.055 1.11 1.755
v -0.03 1.135 1.755
v -0.055 1.205 1.58
v -0.055 1.23 1.605
v -0.03 1.205 1.605
v -0.03 1.205 1.755
v -0.055 1.23 1.755
v -0.055 1.205 1.78
v -0.025 1.23 1.58
v -0.027633 1.23 1.556635
v -0.027633 1.47 1.556635
v -0.025 1.47 1.58
v -0.027633 1.23 1.556635
v -0.035398 1.23 1.534442
v -0.035398 1.47 1.534442
v -0.027633 1.47 1.556635
v -0.035398 1.23 1.534442
v -0.047908 1.23 1.514534
v -0.047908 1.47 1.514534
v -0.035398 1.47 1.534442
v -0.047908 1.23 1.514534
v -0.064534 1.23 1.497908
v -0.064534 1.47 1.497908
v -0.047908 1.47 1.514534
v -0.064534 1.23 1.497908
v -0.084442 1.23 1.485398
v -0.084442 1.47 1.485398
v -0.064534 1.47 1.497908
v -0.084442 1.23 1.485398
v -0.106635 1.23 1.477633
v -0.106635 1.47 1.477633
v -0.084442 1.47 1.485398
v -0.106635 1.23 1.477633
v -0.13 1.23 1.475
v -0.13 1.47 1.475
v -0.106635 1.47 1.477633
v -0.13 1.23 1.475
v -0.153365 1.23 1.477633
v -0.153365 1.47 1.477633
v -0.13 1.47 1.475
v -0.153365 1.23 1.477633
v -0.175558 1.23 1.485398
v -0.175558 1.47 1.485398
v -0.153365 1.47 1.477633
v -0.175558 1.23 1.485398
v -0.195466 1.23 1.497908
v -0.195466 1.47 1.497908
v -0.175558 1.47 1.485398
v -0.195466 1.23 1.497908
v -0.212092 1.23 1.514534
v -0.212092 1.47 1.514534
v -0.195466 1.47 1.497908
v -0.212092 1.23 1.514534
v -0.224602 1.23 1.534442
v -0.224602 1.47 1.534442
v -0.212092 1.47 1.514534
v -0.224602 1.23 1.534442
v -0.232367 1.23 1.556635
v -0.232367 1.47 1.556635
v -0.224602 1.47 1.534442
v -0.232367 1.23 1.556635
v -0.235 1.23 1.58
v -0.235 1.47 1.58
v -0.232367 1.47 1.556635
v -0.235 1.23 1.58
v -0.232367 1.23 1.603365
v -0.232367 1.47 1.603365
v -0.235 1.47 1.58
v -0.232367 1.23 1.603365
v -0.224602 1.23 1.625558
v -0.224602 1.47 1.625558
v -0.232367 1.47 1.603365
v -0.224602 1.23 1.625558
v -0.212092 1.23 1.645466
v -0.212092 1.47 1.645466
v -0.224602 1.47 1.625558
v -0.212092 1.23 1.645466
v -0.195466 1.23 1.662092
v -0.195466 1.47 1.662092
v -0.212092 1.47 1.645466
v -0.195466 1.23 1.662092
v -0.175558 1.23 1.674602
v -0.175558 1.47 1.674602
v -0.195466 1.47 1.662092
v -0.175558 1.23 1.674602
v -0.153365 1.23 1.682367
v -0.153365 1.47 1.682367
v -0.175558 1.47 1.674602
v -0.153365 1.23 1.682367
v -0.13 1.23 1.685
v -0.13 1.47 1.685
v -0.153365 1.47 1.682367
v -0.13 1.23 1.685
v -0.106635 1.23 1.682367
v -0.106635 1.47 1.682367
v -0.13 1.47 1.685
v -0.106635 1.23 1.682367
v -0.084442 1.23 1.674602
v -0.084442 1.47 1.674602
v -0.106635 1.47 1.682367
v -0.084442 1.23 1.674602
v -0.064534 1.23 1.662092
v -0.064534 1.47 1.662092
v -0.084442 1.47 1.674602
v -0.064534 1.23 1.662092
v -0.047908 1.23 1.645466
v -0.047908 1.47 1.645466
v -0.064534 1.47 1.662092
v -0.047908 1.23 1.645466
v -0.035398 1.23 1.625558
v -0.035398 1.47 1.625558
v -0.047908 1.47 1.645466
v -0.035398 1.23 1.625558
v -0.027633 1.23 1.603365
v -0.027633 1.47 1.603365
v -0.035398 1.47 1.625558
v -0.027633 1.23 1.603365
v -0.025 1.23 1.58
v -0.025 1.47 1.58
v -0.027633 1.47 1.603365
v -0.025 1.23 1.58
v -0.027633 1.23 1.556635
v -0.035398 1.23 1.534442
v -0.047908 1.23 1.514534
v -0.064534 1.23 1.497908
v -0.084442 1.23 1.485398
v -0.106635 1.23 1.477633
v -0.13 1.23 1.475
v -0.153365 1.23 1.477633
v -0.175558 1.23 1.485398
v -0.195466 1.23 1.497908
v -0.212092 1.23 1.514534
v -0.224602 1.23 1.534442
v -0.232367 1.23 1.556635
v -0.235 1.23 1.58
v -0.232367 1.23 1.603365
v -0.224602 1.23 1.625558
v -0.212092 1.23 1.645466
v -0.195466 1.23 1.662092
v -0.175558 1.23 1.674602
v -0.153365 1.23 1.682367
v -0.13 1.23 1.685
v -0.106635 1.23 1.682367
v -0.084442 1.23 1.674602
v -0.064534 1.23 1.662092
v -0.047908 1.23 1.645466
v -0.035398 1.23 1.625558
v -0.027633 1.23 1.603365
v -0.027633 1.47 1.603365
v -0.035398 1.47 1.625558
v -0.047908 1.47 1.645466
v -0.064534 1.47 1.662092
v -0.084442 1.47 1.674602
v -0.106635 1.47 1.682367
v -0.13 1.47 1.685
v -0.153365 1.47 1.682367
v -0.175558 1.47 1.674602
v -0.195466 1.47 1.662092
v -0.212092 1.47 1.645466
v -0.224602 1.47 1.625558
v -0.232367 1.47 1.603365
v -0.235 1.47 1.58
v -0.232367 1.47 1.556635
v -0.224602 1.47 1.534442
v -0.212092 1.47 1.514534
v -0.195466 1.47 1.497908
v -0.175558 1.47 1.485398
v -0.153365 1.47 1.477633
v -0.13 1.47 1.475
v -0.106635 1.47 1.477633
v -0.084442 1.47 1.485398
v -0.064534 1.47 1.497908
v -0.047908 1.47 1.514534
v -0.035398 1.47 1.534442
v -0.027633 1.47 1.556635
v -0.025 1.47 1.58
v -0.095 1.17 1.58
v -0.097111 1.17 1.568029
v -0.097111 1.53 1.568029
v -0.095 1.53 1.58
v -0.097111 1.17 1.568029
v -0.103188 1.17 1.557502
v -0.103188 1.53 1.557502
v -0.097111 1.53 1.568029
v -0.103188 1.17 1.557502
v -0.1125 1.17 1.549689
v -0.1125 1.53 1.549689
v -0.103188 1.53 1.557502
v -0.1125 1.17 1.549689
v -0.123922 1.17 1.545532
v -0.123922 1.53 1.545532
v -0.1125 1.53 1.549689
v -0.123922 1.17 1.545532
v -0.136078 1.17 1.545532
v -0.136078 1.53 1.545532
v -0.123922 1.53 1.545532
v -0.136078 1.17 1.545532
v -0.1475 1.17 1.549689
v -0.1475 1.53 1.549689
v -0.136078 1.53 1.545532
v -0.1475 1.17 1.549689
v -0.156812 1.17 1.557502
v -0.156812 1.53 1.557502
v -0.1475 1.53 1.549689
v -0.156812 1.17 1.557502
v -0.162889 1.17 1.568029
v -0.162889 1.53 1.568029
v -0.156812 1.53 1.557502
v -0.162889 1.17 1.568029
v -0.165 1.17 1.58
v -0.165 1.53 1.58
v -0.162889 1.53 1.568029
v -0.165 1.17 1.58
v -0.162889 1.17 1.591971
v -0.162889 1.53 1.591971
v -0.165 1.53 1.58
v -0.162889 1.17 1.591971
v -0.156812 1.17 1.602498
v -0.156812 1.53 1.602498
v -0.162889 1.53 1.591971
v -0.156812 1.17 1.602498
v -0.1475 1.17 1.610311
v -0.1475 1.53 1.610311
v -0.156812 1.53 1.602498
v -0.1475 1.17 1.610311
v -0.136078 1.17 1.614468
v -0.136078 1.53 1.614468
v -0.1475 1.53 1.610311
v -0.136078 1.17 1.614468
v -0.123922 1.17 1.614468
v -0.123922 1.53 1.614468
v -0.136078 1.53 1.614468
v -0.123922 1.17 1.614468
v -0.1125 1.17 1.610311
v -0.1125 1.53 1.610311
v -0.123922 1.53 1.614468
v -0.1125 1.17 1.610311
v -0.103188 1.17 1.602498
v -0.103188 1.53 1.602498
v -0.1125 1.53 1.610311
v -0.103188 1.17 1.602498
v -0.097111 1.17 1.591971
v -0.097111 1.53 1.591971
v -0.103188 1.53 1.602498
v -0.097111 1.17 1.591971
v -0.095 1.17 1.58
v -0.095 1.53 1.58
v -0.097111 1.53 1.591971
v -0.095 1.17 1.58
v -0.097111 1.17 1.568029
v -0.103188 1.17 1.557502
v -0.1125 1.17 1.549689
v -0.123922 1.17 1.545532
v -0.136078 1.17 1.545532
v -0.1475 1.17 1.549689
v -0.156812 1.17 1.557502
v -0.162889 1.17 1.568029
v -0.165 1.17 1.58
v -0.162889 1.17 1.591971
v -0.156812 1.17 1.602498
v -0.1475 1.17 1.610311
v -0.136078 1.17 1.614468
v -0.123922 1.17 1.614468
v -0.1125 1.17 1.610311
v -0.103188 1.17 1.602498
v -0.097111 1.17 1.591971
v -0.095 1.53 1.58
v -0.097111 1.53 1.568029
v -0.103188 1.53 1.557502
v -0.1125 1.53 1.549689
v -0.123922 1.53 1.545532
v -0.136078 1.53 1.545532
v -0.1475 1.53 1.549689
v -0.156812 1.53 1.557502
v -0.162889 1.53 1.568029
v -0.165 1.53 1.58
v -0.162889 1.53 1.591971
v -0.156812 1.53 1.602498
v -0.1475 1.53 1.610311
v -0.136078 1.53 1.614468
v -0.123922 1.53 1.614468
v -0.1125 1.53 1.610311
v -0.103188 1.53 1.602498
v -0.097111 1.53 1.591971
v -0.07 1.1325 1.68
v -0.073618 1.1325 1.659479
v -0.073618 1.1675 1.659479
v -0.07 1.1675 1.68
v -0.073618 1.1325 1.659479
v -0.084037 1.1325 1.641433
v -0.084037 1.1675 1.641433
v -0.073618 1.1675 1.659479
v -0.084037 1.1325 1.641433
v -0.1 1.1325 1.628038
v -0.1 1.1675 1.628038
v -0.084037 1.1675 1.641433
v -0.1 1.1325 1.628038
v -0.119581 1.1325 1.620912
v -0.119581 1.1675 1.620912
v -0.1 1.1675 1.628038
v -0.119581 1.1325 1.620912
v -0.140419 1.1325 1.620912
v -0.140419 1.1675 1.620912
v -0.119581 1.1675 1.620912
v -0.140419 1.1325 1.620912
v -0.16 1.1325 1.628038
v -0.16 1.1675 1.628038
v -0.140419 1.1675 1.620912
v -0.16 1.1325 1.628038
v -0.175963 1.1325 1.641433
v -0.175963 1.1675 1.641433
v -0.16 1.1675 1.628038
v -0.175963 1.1325 1.641433
v -0.186382 1.1325 1.659479
v -0.186382 1.1675 1.659479
v -0.175963 1.1675 1.641433
v -0.186382 1.1325 1.659479
v -0.19 1.1325 1.68
v -0.19 1.1675 1.68
v -0.186382 1.1675 1.659479
v -0.19 1.1325 1.68
v -0.186382 1.1325 1.700521
v -0.186382 1.1675 1.700521
v -0.19 1.1675 1.68
v -0.186382 1.1325 1.700521
v -0.175963 1.1325 1.718567
v -0.175963 1.1675 1.718567
v -0.186382 1.1675 1.700521
v -0.175963 1.1325 1.718567
v -0.16 1.1325 1.731962
v -0.16 1.1675 1.731962
v -0.175963 1.1675 1.718567
v -0.16 1.1325 1.731962
v -0.140419 1.1325 1.739088
v -0.140419 1.1675 1.739088
v -0.16 1.1675 1.731962
v -0.140419 1.1325 1.739088
v -0.119581 1.1325 1.739088
v -0.119581 1.1675 1.739088
v -0.140419 1.1675 1.739088
v -0.119581 1.1325 1.739088
v -0.1 1.1325 1.731962
v -0.1 1.1675 1.731962
v -0.119581 1.1675 1.739088
v -0.1 1.1325 1.731962
v -0.084037 1.1325 1.718567
v -0.084037 1.1675 1.718567
v -0.1 1.1675 1.731962
v -0.084037 1.1325 1.718567
v -0.073618 1.1325 1.700521
v -0.073618 1.1675 1.700521
v -0.084037 1.1675 1.718567
v -0.073618 1.1325 1.700521
v -0.07 1.1325 1.68
v -0.07 1.1675 1.68
v -0.073618 1.1675 1.700521
v -0.07 1.1325 1.68
v -0.073618 1.1325 1.659479
v -0.084037 1.1325 1.641433
v -0.1 1.1325 1.628038
v -0.119581 1.1325 1.620912
v -0.140419 1.1325 1.620912
v -0.16 1.1325 1.628038
v -0.175963 1.1325 1.641433
v -0.186382 1.1325 1.659479
v -0.19 1.1325 1.68
v -0.186382 1.1325 1.700521
v -0.175963 1.1325 1.718567
v -0.16 1.1325 1.731962
v -0.140419 1.1325 1.739088
v -0.119581 1.1325 1.739088
v -0.1 1.1325 1.731962
v -0.084037 1.1325 1.718567
v -0.073618 1.1325 1.700521
v -0.07 1.1675 1.68
v -0.073618 1.1675 1.659479
v -0.084037 1.1675 1.641433
v -0.1 1.1675 1.628038
v -0.119581 1.1675 1.620912
v -0.140419 1.1675 1.620912
v -0.16 1.1675 1.628038
v -0.175963 1.1675 1.641433
v -0.186382 1.1675 1.659479
v -0.19 1.1675 1.68
v -0.186382 1.1675 1.700521
v -0.175963 1.1675 1.718567
v -0.16 1.1675 1.731962
v -0.140419 1.1675 1.739088
v -0.119581 1.1675 1.739088
v -0.1 1.1675 1.731962
v -0.084037 1.1675 1.718567
v -0.073618 1.1675 1.700521
v -0.04 1.225 1.735
v -0.04 1.475 1.735
v -0.04 1.475 1.625
v -0.04 1.225 1.625
v 0.3 1.225 1.625
v 0.3 1.475 1.625
v 0.3 1.475 1.735
v 0.3 1.225 1.735
v -0.015 1.2 1.625
v 0.275 1.2 1.625
v 0.275 1.2 1.735
v -0.015 1.2 1.735
v -0.015 1.5 1.735
v 0.275 1.5 1.735
v 0.275 1.5 1.625
v -0.015 1.5 1.625
v -0.015 1.475 1.6
v 0.275 1.475 1.6
v 0.275 1.225 1.6
v -0.015 1.225 1.6
v -0.015 1.225 1.76
v 0.275 1.225 1.76
v 0.275 1.475 1.76
v -0.015 1.475 1.76
v -0.04 1.225 1.625
v -0.015 1.2 1.625
v -0.015 1.2 1.735
v -0.04 1.225 1.735
v -0.04 1.475 1.735
v -0.015 1.5 1.735
v -0.015 1.5 1.625
v -0.04 1.475 1.625
v 0.3 1.225 1.735
v 0.275 1.2 1.735
v 0.275 1.2 1.625
v 0.3 1.225 1.625
v 0.3 1.475 1.625
v 0.275 1.5 1.625
v 0.275 1.5 1.735
v 0.3 1.475 1.735
v -0.04 1.475 1.625
v -0.015 1.475 1.6
v -0.015 1.225 1.6
v -0.04 1.225 1.625
v -0.04 1.225 1.735
v -0.015 1.225 1.76
v -0.015 1.475 1.76
v -0.04 1.475 1.735
v 0.3 1.225 1.625
v 0.275 1.225 1.6
v 0.275 1.475 1.6
v 0.3 1.475 1.625
v 0.3 1.475 1.735
v 0.275 1.475 1.76
v 0.275 1.225 1.76
v 0.3 1.225 1.735
v -0.015 1.2 1.625
v -0.015 1.225 1.6
v 0.275 1.225 1.6
v 0.275 1.2 1.625
v 0.275 1.2 1.735
v 0.275 1.225 1.76
v -0.015 1.225 1.76
v -0.015 1.2 1.735
v 0.275 1.5 1.625
v 0.275 1.475 1.6
v -0.015 1.475 1.6
v -0.015 1.5 1.625
v -0.015 1.5 1.735
v -0.015 1.475 1.76
v 0.275 1.475 1.76
v 0.275 1.5 1.735
v -0.015 1.225 1.6
v -0.015 1.2 1.625
v -0.04 1.225 1.625
v -0.04 1.225 1.735
v -0.015 1.2 1.735
v -0.015 1.225 1.76
v -0.04 1.475 1.625
v -0.015 1.5 1.625
v -0.015 1.475 1.6
v -0.015 1.475 1.76
v -0.015 1.5 1.735
v -0.04 1.475 1.735
v 0.3 1.225 1.625
v 0.275 1.2 1.625
v 0.275 1.225 1.6
v 0.275 1.225 1.76
v 0.275 1.2 1.735
v 0.3 1.225 1.735
v 0.275 1.475 1.6
v 0.275 1.5 1.625
v 0.3 1.475 1.625
v 0.3 1.475 1.735
v 0.275 1.5 1.735
v 0.275 1.475 1.76
v 0.03 1.135 1.755
v 0.03 1.205 1.755
v 0.03 1.205 1.605
v 0.03 1.135 1.605
v 0.23 1.135 1.605
v 0.23 1.205 1.605
v 0.23 1.205 1.755
v 0.23 1.135 1.755
v 0.055 1.11 1.605
v 0.205 1.11 1.605
v 0.205 1.11 1.755
v 0.055 1.11 1.755
v 0.055 1.23 1.755
v 0.205 1.23 1.755
v 0.205 1.23 1.605
v 0.055 1.23 1.605
v 0.055 1.205 1.58
v 0.205 1.205 1.58
v 0.205 1.135 1.58
v 0.055 1.135 1.58
v 0.055 1.135 1.78
v 0.205 1.135 1.78
v 0.205 1.205 1.78
v 0.055 1.205 1.78
v 0.03 1.135 1.605
v 0.055 1.11 1.605
v 0.055 1.11 1.755
v 0.03 1.135 1.755
v 0.03 1.205 1.755
v 0.055 1.23 1.755
v 0.055 1.23 1.605
v 0.03 1.205 1.605
v 0.23 1.135 1.755
v 0.205 1.11 1.755
v 0.205 1.11 1.605
v 0.23 1.135 1.605
v 0.23 1.205 1.605
v 0.205 1.23 1.605
v 0.205 1.23 1.755
v 0.23 1.205 1.755
v 0.03 1.205 1.605
v 0.055 1.205 1.58
v 0.055 1.135 1.58
v 0.03 1.135 1.605
v 0.03 1.135 1.755
v 0.055 1.135 1.78
v 0.055 1.205 1.78
v 0.03 1.205 1.755
v 0.23 1.135 1.605
v 0.205 1.135 1.58
v 0.205 1.205 1.58
v 0.23 1.205 1.605
v 0.23 1.205 1.755
v 0.205 1.205 1.78
v 0.205 1.135 1.78
v 0.23 1.135 1.755
v 0.055 1.11 1.605
v 0.055 1.135 1.58
v 0.205 1.135 1.58
v 0.205 1.11 1.605
v 0.205 1.11 1.755
v 0.205 1.135 1.78
v 0.055 1.135 1.78
v 0.055 1.11 1.755
v 0.205 1.23 1.605
v 0.205 1.205 1.58
v 0.055 1.205 1.58
v 0.055 1.23 1.605
v 0.055 1.23 1.755
v 0.055 1.205 1.78
v 0.205 1.205 1.78
v 0.205 1.23 1.755
v 0.055 1.135 1.58
v 0.055 1.11 1.605
v 0.03 1.135 1.605
v 0.03 1.135 1.755
v 0.055 1.11 1.755
v 0.055 1.135 1.78
v 0.03 1.205 1.605
v 0.055 1.23 1.605
v 0.055 1.205 1.58
v 0.055 1.205 1.78
v 0.055 1.23 1.755
v 0.03 1.205 1.755
v 0.23 1.135 1.605
v 0.205 1.11 1.605
v 0.205 1.135 1.58
v 0.205 1.135 1.78
v 0.205 1.11 1.755
v 0.23 1.135 1.755
v 0.205 1.205 1.58
v 0.205 1.23 1.605
v 0.23 1.205 1.605
v 0.23 1.205 1.755
v 0.205 1.23 1.755
v 0.205 1.205 1.78
v 0.235 1.23 1.58
v 0.232367 1.23 1.556635
v 0.232367 1.47 1.556635
v 0.235 1.47 1.58
v 0.232367 1.23 1.556635
v 0.224602 1.23 1.534442
v 0.224602 1.47 1.534442
v 0.232367 1.47 1.556635
v 0.224602 1.23 1.534442
v 0.212092 1.23 1.514534
v 0.212092 1.47 1.514534
v 0.224602 1.47 1.534442
v 0.212092 1.23 1.514534
v 0.195466 1.23 1.497908
v 0.195466 1.47 1.497908
v 0.212092 1.47 1.514534
v 0.195466 1.23 1.497908
v 0.175558 1.23 1.485398
v 0.175558 1.47 1.485398
v 0.195466 1.47 1.497908
v 0.175558 1.23 1.485398
v 0.153365 1.23 1.477633
v 0.153365 1.47 1.477633
v 0.175558 1.47 1.485398
v 0.153365 1.23 1.477633
v 0.13 1.23 1.475
v 0.13 1.47 1.475
v 0.153365 1.47 1.477633
v 0.13 1.23 1.475
v 0.106635 1.23 1.477633
v 0.106635 1.47 1.477633
v 0.13 1.47 1.475
v 0.106635 1.23 1.477633
v 0.084442 1.23 1.485398
v 0.084442 1.47 1.485398
v 0.106635 1.47 1.477633
v 0.084442 1.23 1.485398
v 0.064534 1.23 1.497908
v 0.064534 1.47 1.497908
v 0.084442 1.47 1.485398
v 0.064534 1.23 1.497908
v 0.047908 1.23 1.514534
v 0.047908 1.47 1.514534
v 0.064534 1.47 1.497908
v 0.047908 1.23 1.514534
v 0.035398 1.23 1.534442
v 0.035398 1.47 1.534442
v 0.047908 1.47 1.514534
v 0.035398 1.23 1.534442
v 0.027633 1.23 1.556635
v 0.027633 1.47 1.556635
v 0.035398 1.47 1.534442
v 0.027633 1.23 1.556635
v 0.025 1.23 1.58
v 0.025 1.47 1.58
v 0.027633 1.47 1.556635
v 0.025 1.23 1.58
v 0.027633 1.23 1.603365
v 0.027633 1.47 1.603365
v 0.025 1.47 1.58
v 0.027633 1.23 1.603365
v 0.035398 1.23 1.625558
v 0.035398 1.47 1.625558
v 0.027633 1.47 1.603365
v 0.035398 1.23 1.625558
v 0.047908 1.23 1.645466
v 0.047908 1.47 1.645466
v 0.035398 1.47 1.625558
v 0.047908 1.23 1.645466
v 0.064534 1.23 1.662092
v 0.064534 1.47 1.662092
v 0.047908 1.47 1.645466
v 0.064534 1.23 1.662092
v 0.084442 1.23 1.674602
v 0.084442 1.47 1.674602
v 0.064534 1.47 1.662092
v 0.084442 1.23 1.674602
v 0.106635 1.23 1.682367
v 0.106635 1.47 1.682367
v 0.084442 1.47 1.674602
v 0.106635 1.23 1.682367
v 0.13 1.23 1.685
v 0.13 1.47 1.685
v 0.106635 1.47 1.682367
v 0.13 1.23 1.685
v 0.153365 1.23 1.682367
v 0.153365 1.47 1.682367
v 0.13 1.47 1.685
v 0.153365 1.23 1.682367
v 0.175558 1.23 1.674602
v 0.175558 1.47 1.674602
v 0.153365 1.47 1.682367
v 0.175558 1.23 1.674602
v 0.195466 1.23 1.662092
v 0.195466 1.47 1.662092
v 0.175558 1.47 1.674602
v 0.195466 1.23 1.662092
v 0.212092 1.23 1.645466
v 0.212092 1.47 1.645466
v 0.195466 1.47 1.662092
v 0.212092 1.23 1.645466
v 0.224602 1.23 1.625558
v 0.224602 1.47 1.625558
v 0.212092 1.47 1.645466
v 0.224602 1.23 1.625558
v 0.232367 1.23 1.603365
v 0.232367 1.47 1.603365
v 0.224602 1.47 1.625558
v 0.232367 1.23 1.603365
v 0.235 1.23 1.58
v 0.235 1.47 1.58
v 0.232367 1.47 1.603365
v 0.235 1.23 1.58
v 0.232367 1.23 1.556635
v 0.224602 1.23 1.534442
v 0.212092 1.23 1.514534
v 0.195466 1.23 1.497908
v 0.175558 1.23 1.485398
v 0.153365 1.23 1.477633
v 0.13 1.23 1.475
v 0.106635 1.23 1.477633
v 0.084442 1.23 1.485398
v 0.064534 1.23 1.497908
v 0.047908 1.23 1.514534
v 0.035398 1.23 1.534442
v 0.027633 1.23 1.556635
v 0.025 1.23 1.58
v 0.027633 1.23 1.603365
v 0.035398 1.23 1.625558
v 0.047908 1.23 1.645466
v 0.064534 1.23 1.662092
v 0.084442 1.23 1.674602
v 0.106635 1.23 1.682367
v 0.13 1.23 1.685
v 0.153365 1.23 1.682367
v 0.175558 1.23 1.674602
v 0.195466 1.23 1.662092
v 0.212092 1.23 1.645466
v 0.224602 1.23 1.625558
v 0.232367 1.23 1.603365
v 0.232367 1.47 1.603365
v 0.224602 1.47 1.625558
v 0.212092 1.47 1.645466
v 0.195466 1.47 1.662092
v 0.175558 1.47 1.674602
v 0.153365 1.47 1.682367
v 0.13 1.47 1.685
v 0.106635 1.47 1.682367
v 0.084442 1.47 1.674602
v 0.064534 1.47 1.662092
v 0.047908 1.47 1.645466
v 0.035398 1.47 1.625558
v 0.027633 1.47 1.603365
v 0.025 1.47 1.58
v 0.027633 1.47 1.556635
v 0.035398 1.47 1.534442
v 0.047908 1.47 1.514534
v 0.064534 1.47 1.497908
v 0.084442 1.47 1.485398
v 0.106635 1.47 1.477633
v 0.13 1.47 1.475
v 0.153365 1.47 1.477633
v 0.175558 1.47 1.485398
v 0.195466 1.47 1.497908
v 0.212092 1.47 1.514534
v 0.224602 1.47 1.534442
v 0.232367 1.47 1.556635
v 0.235 1.47 1.58
v 0.165 1.17 1.58
v 0.162889 1.17 1.568029
v 0.162889 1.53 1.568029
v 0.165 1.53 1.58
v 0.162889 1.17 1.568029
v 0.156812 1.17 1.557502
v 0.156812 1.53 1.557502
v 0.162889 1.53 1.568029
v 0.156812 1.17 1.557502
v 0.1475 1.17 1.549689
v 0.1475 1.53 1.549689
v 0.156812 1.53 1.557502
v 0.1475 1.17 1.549689
v 0.136078 1.17 1.545532
v 0.136078 1.53 1.545532
v 0.1475 1.53 1.549689
v 0.136078 1.17 1.545532
v 0.123922 1.17 1.545532
v 0.123922 1.53 1.545532
v 0.136078 1.53 1.545532
v 0.123922 1.17 1.545532
v 0.1125 1.17 1.549689
v 0.1125 1.53 1.549689
v 0.123922 1.53 1.545532
v 0.1125 1.17 1.549689
v 0.103188 1.17 1.557502
v 0.103188 1.53 1.557502
v 0.1125 1.53 1.549689
v 0.103188 1.17 1.557502
v 0.097111 1.17 1.568029
v 0.097111 1.53 1.568029
v 0.103188 1.53 1.557502
v 0.097111 1.17 1.568029
v 0.095 1.17 1.58
v 0.095 1.53 1.58
v 0.097111 1.53 1.568029
v 0.095 1.17 1.58
v 0.097111 1.17 1.591971
v 0.097111 1.53 1.591971
v 0.095 1.53 1.58
v 0.097111 1.17 1.591971
v 0.103188 1.17 1.602498
v 0.103188 1.53 1.602498
v 0.097111 1.53 1.591971
v 0.103188 1.17 1.602498
v 0.1125 1.17 1.610311
v 0.1125 1.53 1.610311
v 0.103188 1.53 1.602498
v 0.1125 1.17 1.610311
v 0.123922 1.17 1.614468
v 0.123922 1.53 1.614468
v 0.1125 1.53 1.610311
v 0.123922 1.17 1.614468
v 0.136078 1.17 1.614468
v 0.136078 1.53 1.614468
v 0.123922 1.53 1.614468
v 0.136078 1.17 1.614468
v 0.1475 1.17 1.610311
v 0.1475 1.53 1.610311
v 0.136078 1.53 1.614468
v 0.1475 1.17 1.610311
v 0.156812 1.17 1.602498
v 0.156812 1.53 1.602498
v 0.1475 1.53 1.610311
v 0.156812 1.17 1.602498
v 0.162889 1.17 1.591971
v 0.162889 1.53 1.591971
v 0.156812 1.53 1.602498
v 0.162889 1.17 1.591971
v 0.165 1.17 1.58
v 0.165 1.53 1.58
v 0.162889 1.53 1.591971
v 0.165 1.17 1.58
v 0.162889 1.17 1.568029
v 0.156812 1.17 1.557502
v 0.1475 1.17 1.549689
v 0.136078 1.17 1.545532
v 0.123922 1.17 1.545532
v 0.1125 1.17 1.549689
v 0.103188 1.17 1.557502
v 0.097111 1.17 1.568029
v 0.095 1.17 1.58
v 0.097111 1.17 1.591971
v 0.103188 1.17 1.602498
v 0.1125 1.17 1.610311
v 0.123922 1.17 1.614468
v 0.136078 1.17 1.614468
v 0.1475 1.17 1.610311
v 0.156812 1.17 1.602498
v 0.162889 1.17 1.591971
v 0.165 1.53 1.58
v 0.162889 1.53 1.568029
v 0.156812 1.53 1.557502
v 0.1475 1.53 1.549689
v 0.136078 1.53 1.545532
v 0.123922 1.53 1.545532
v 0.1125 1.53 1.549689
v 0.103188 1.53 1.557502
v 0.097111 1.53 1.568029
v 0.095 1.53 1.58
v 0.097111 1.53 1.591971
v 0.103188 1.53 1.602498
v 0.1125 1.53 1.610311
v 0.123922 1.53 1.614468
v 0.136078 1.53 1.614468
v 0.1475 1.53 1.610311
v 0.156812 1.53 1.602498
v 0.162889 1.53 1.591971
v 0.19 1.1325 1.68
v 0.186382 1.1325 1.659479
v 0.186382 1.1675 1.659479
v 0.19 1.1675 1.68
v 0.186382 1.1325 1.659479
v 0.175963 1.1325 1.641433
v 0.175963 1.1675 1.641433
v 0.186382 1.1675 1.659479
v 0.175963 1.1325 1.641433
v 0.16 1.1325 1.628038
v 0.16 1.1675 1.628038
v 0.175963 1.1675 1.641433
v 0.16 1.1325 1.628038
v 0.140419 1.1325 1.620912
v 0.140419 1.1675 1.620912
v 0.16 1.1675 1.628038
v 0.140419 1.1325 1.620912
v 0.119581 1.1325 1.620912
v 0.119581 1.1675 1.620912
v 0.140419 1.1675 1.620912
v 0.119581 1.1325 1.620912
v 0.1 1.1325 1.628038
v 0.1 1.1675 1.628038
v 0.119581 1.1675 1.620912
v 0.1 1.1325 1.628038
v 0.084037 1.1325 1.641433
v 0.084037 1.1675 1.641433
v 0.1 1.1675 1.628038
v 0.084037 1.1325 1.641433
v 0.073618 1.1325 1.659479
v 0.073618 1.1675 1.659479
v 0.084037 1.1675 1.641433
v 0.073618 1.1325 1.659479
v 0.07 1.1325 1.68
v 0.07 1.1675 1.68
v 0.073618 1.1675 1.659479
v 0.07 1.1325 1.68
v 0.073618 1.1325 1.700521
v 0.073618 1.1675 1.700521
v 0.07 1.1675 1.68
v 0.073618 1.1325 1.700521
v 0.084037 1.1325 1.718567
v 0.084037 1.1675 1.718567
v 0.073618 1.1675 1.700521
v 0.084037 1.1325 1.718567
v 0.1 1.1325 1.731962
v 0.1 1.1675 1.731962
v 0.084037 1.1675 1.718567
v 0.1 1.1325 1.731962
v 0.119581 1.1325 1.739088
v 0.119581 1.1675 1.739088
v 0.1 1.1675 1.731962
v 0.119581 1.1325 1.739088
v 0.140419 1.1325 1.739088
v 0.140419 1.1675 1.739088
v 0.119581 1.1675 1.739088
v 0.140419 1.1325 1.739088
v 0.16 1.1325 1.731962
v 0.16 1.1675 1.731962
v 0.140419 1.1675 1.739088
v 0.16 1.1325 1.731962
v 0.175963 1.1325 1.718567
v 0.175963 1.1675 1.718567
v 0.16 1.1675 1.731962
v 0.175963 1.1325 1.718567
v 0.186382 1.1325 1.700521
v 0.186382 1.1675 1.700521
v 0.175963 1.1675 1.718567
v 0.186382 1.1325 1.700521
v 0.19 1.1325 1.68
v 0.19 1.1675 1.68
v 0.186382 1.1675 1.700521
v 0.19 1.1325 1.68
v 0.186382 1.1325 1.659479
v 0.175963 1.1325 1.641433
v 0.16 1.1325 1.628038
v 0.140419 1.1325 1.620912
v 0.119581 1.1325 1.620912
v 0.1 1.1325 1.628038
v 0.084037 1.1325 1.641433
v 0.073618 1.1325 1.659479
v 0.07 1.1325 1.68
v 0.073618 1.1325 1.700521
v 0.084037 1.1325 1.718567
v 0.1 1.1325 1.731962
v 0.119581 1.1325 1.739088
v 0.140419 1.1325 1.739088
v 0.16 1.1325 1.731962
v 0.175963 1.1325 1.718567
v 0.186382 1.1325 1.700521
v 0.19 1.1675 1.68
v 0.186382 1.1675 1.659479
v 0.175963 1.1675 1.641433
v 0.16 1.1675 1.628038
v 0.140419 1.1675 1.620912
v 0.119581 1.1675 1.620912
v 0.1 1.1675 1.628038
v 0.084037 1.1675 1.641433
v 0.073618 1.1675 1.659479
v 0.07 1.1675 1.68
v 0.073618 1.1675 1.700521
v 0.084037 1.1675 1.718567
v 0.1 1.1675 1.731962
v 0.119581 1.1675 1.739088
v 0.140419 1.1675 1.739088
v 0.16 1.1675 1.731962
v 0.175963 1.1675 1.718567
v 0.186382 1.1675 1.700521
v -0.195 -1.4355 2.48
v -0.198349 -1.4355 2.4675
v -0.198349 -1.4105 2.4675
v -0.195 -1.4105 2.48
v -0.198349 -1.4355 2.4675
v -0.2075 -1.4355 2.458349
v -0.2075 -1.4105 2.458349
v -0.198349 -1.4105 2.4675
v -0.2075 -1.4355 2.458349
v -0.22 -1.4355 2.455
v -0.22 -1.4105 2.455
v -0.2075 -1.4105 2.458349
v -0.22 -1.4355 2.455
v -0.2325 -1.4355 2.458349
v -0.2325 -1.4105 2.458349
v -0.22 -1.4105 2.455
v -0.2325 -1.4355 2.458349
v -0.241651 -1.4355 2.4675
v -0.241651 -1.4105 2.4675
v -0.2325 -1.4105 2.458349
v -0.241651 -1.4355 2.4675
v -0.245 -1.4355 2.48
v -0.245 -1.4105 2.48
v -0.241651 -1.4105 2.4675
v -0.245 -1.4355 2.48
v -0.241651 -1.4355 2.4925
v -0.241651 -1.4105 2.4925
v -0.245 -1.4105 2.48
v -0.241651 -1.4355 2.4925
v -0.2325 -1.4355 2.501651
v -0.2325 -1.4105 2.501651
v -0.241651 -1.4105 2.4925
v -0.2325 -1.4355 2.501651
v -0.22 -1.4355 2.505
v -0.22 -1.4105 2.505
v -0.2325 -1.4105 2.501651
v -0.22 -1.4355 2.505
v -0.2075 -1.4355 2.501651
v -0.2075 -1.4105 2.501651
v -0.22 -1.4105 2.505
v -0.2075 -1.4355 2.501651
v -0.198349 -1.4355 2.4925
v -0.198349 -1.4105 2.4925
v -0.2075 -1.4105 2.501651
v -0.198349 -1.4355 2.4925
v -0.195 -1.4355 2.48
v -0.195 -1.4105 2.48
v -0.198349 -1.4105 2.4925
v -0.195 -1.4355 2.48
v -0.198349 -1.4355 2.4675
v -0.2075 -1.4355 2.458349
v -0.22 -1.4355 2.455
v -0.2325 -1.4355 2.458349
v -0.241651 -1.4355 2.4675
v -0.245 -1.4355 2.48
v -0.241651 -1.4355 2.4925
v -0.2325 -1.4355 2.501651
v -0.22 -1.4355 2.505
v -0.2075 -1.4355 2.501651
v -0.198349 -1.4355 2.4925
v -0.198349 -1.4105 2.4925
v -0.2075 -1.4105 2.501651
v -0.22 -1.4105 2.505
v -0.2325 -1.4105 2.501651
v -0.241651 -1.4105 2.4925
v -0.245 -1.4105 2.48
v -0.241651 -1.4105 2.4675
v -0.2325 -1.4105 2.458349
v -0.22 -1.4105 2.455
v -0.2075 -1.4105 2.458349
v -0.198349 -1.4105 2.4675
v -0.195 -1.4105 2.48
v -0.182 -1.4315 2.48
v -0.184292 -1.4315 2.467003
v -0.184292 -1.4225 2.467003
v -0.182 -1.4225 2.48
v -0.184292 -1.4315 2.467003
v -0.19089 -1.4315 2.455574
v -0.19089 -1.4225 2.455574
v -0.184292 -1.4225 2.467003
v -0.19089 -1.4315 2.455574
v -0.201 -1.4315 2.447091
v -0.201 -1.4225 2.447091
v -0.19089 -1.4225 2.455574
v -0.201 -1.4315 2.447091
v -0.213401 -1.4315 2.442577
v -0.213401 -1.4225 2.442577
v -0.201 -1.4225 2.447091
v -0.213401 -1.4315 2.442577
v -0.226599 -1.4315 2.442577
v -0.226599 -1.4225 2.442577
v -0.213401 -1.4225 2.442577
v -0.226599 -1.4315 2.442577
v -0.239 -1.4315 2.447091
v -0.239 -1.4225 2.447091
v -0.226599 -1.4225 2.442577
v -0.239 -1.4315 2.447091
v -0.24911 -1.4315 2.455574
v -0.24911 -1.4225 2.455574
v -0.239 -1.4225 2.447091
v -0.24911 -1.4315 2.455574
v -0.255708 -1.4315 2.467003
v -0.255708 -1.4225 2.467003
v -0.24911 -1.4225 2.455574
v -0.255708 -1.4315 2.467003
v -0.258 -1.4315 2.48
v -0.258 -1.4225 2.48
v -0.255708 -1.4225 2.467003
v -0.258 -1.4315 2.48
v -0.255708 -1.4315 2.492997
v -0.255708 -1.4225 2.492997
v -0.258 -1.4225 2.48
v -0.255708 -1.4315 2.492997
v -0.24911 -1.4315 2.504426
v -0.24911 -1.4225 2.504426
v -0.255708 -1.4225 2.492997
v -0.24911 -1.4315 2.504426
v -0.239 -1.4315 2.512909
v -0.239 -1.4225 2.512909
v -0.24911 -1.4225 2.504426
v -0.239 -1.4315 2.512909
v -0.226599 -1.4315 2.517423
v -0.226599 -1.4225 2.517423
v -0.239 -1.4225 2.512909
v -0.226599 -1.4315 2.517423
v -0.213401 -1.4315 2.517423
v -0.213401 -1.4225 2.517423
v -0.226599 -1.4225 2.517423
v -0.213401 -1.4315 2.517423
v -0.201 -1.4315 2.512909
v -0.201 -1.4225 2.512909
v -0.213401 -1.4225 2.517423
v -0.201 -1.4315 2.512909
v -0.19089 -1.4315 2.504426
v -0.19089 -1.4225 2.504426
v -0.201 -1.4225 2.512909
v -0.19089 -1.4315 2.504426
v -0.184292 -1.4315 2.492997
v -0.184292 -1.4225 2.492997
v -0.19089 -1.4225 2.504426
v -0.184292 -1.4315 2.492997
v -0.182 -1.4315 2.48
v -0.182 -1.4225 2.48
v -0.184292 -1.4225 2.492997
v -0.182 -1.4315 2.48
v -0.184292 -1.4315 2.467003
v -0.19089 -1.4315 2.455574
v -0.201 -1.4315 2.447091
v -0.213401 -1.4315 2.442577
v -0.226599 -1.4315 2.442577
v -0.239 -1.4315 2.447091
v -0.24911 -1.4315 2.455574
v -0.255708 -1.4315 2.467003
v -0.258 -1.4315 2.48
v -0.255708 -1.4315 2.492997
v -0.24911 -1.4315 2.504426
v -0.239 -1.4315 2.512909
v -0.226599 -1.4315 2.517423
v -0.213401 -1.4315 2.517423
v -0.201 -1.4315 2.512909
v -0.19089 -1.4315 2.504426
v -0.184292 -1.4315 2.492997
v -0.182 -1.4225 2.48
v -0.184292 -1.4225 2.467003
v -0.19089 -1.4225 2.455574
v -0.201 -1.4225 2.447091
v -0.213401 -1.4225 2.442577
v -0.226599 -1.4225 2.442577
v -0.239 -1.4225 2.447091
v -0.24911 -1.4225 2.455574
v -0.255708 -1.4225 2.467003
v -0.258 -1.4225 2.48
v -0.255708 -1.4225 2.492997
v -0.24911 -1.4225 2.504426
v -0.239 -1.4225 2.512909
v -0.226599 -1.4225 2.517423
v -0.213401 -1.4225 2.517423
v -0.201 -1.4225 2.512909
v -0.19089 -1.4225 2.504426
v -0.184292 -1.4225 2.492997
v -0.195 -1.4355 2.76
v -0.198349 -1.4355 2.7475
v -0.198349 -1.4105 2.7475
v -0.195 -1.4105 2.76
v -0.198349 -1.4355 2.7475
v -0.2075 -1.4355 2.738349
v -0.2075 -1.4105 2.738349
v -0.198349 -1.4105 2.7475
v -0.2075 -1.4355 2.738349
v -0.22 -1.4355 2.735
v -0.22 -1.4105 2.735
v -0.2075 -1.4105 2.738349
v -0.22 -1.4355 2.735
v -0.2325 -1.4355 2.738349
v -0.2325 -1.4105 2.738349
v -0.22 -1.4105 2.735
v -0.2325 -1.4355 2.738349
v -0.241651 -1.4355 2.7475
v -0.241651 -1.4105 2.7475
v -0.2325 -1.4105 2.738349
v -0.241651 -1.4355 2.7475
v -0.245 -1.4355 2.76
v -0.245 -1.4105 2.76
v -0.241651 -1.4105 2.7475
v -0.245 -1.4355 2.76
v -0.241651 -1.4355 2.7725
v -0.241651 -1.4105 2.7725
v -0.245 -1.4105 2.76
v -0.241651 -1.4355 2.7725
v -0.2325 -1.4355 2.781651
v -0.2325 -1.4105 2.781651
v -0.241651 -1.4105 2.7725
v -0.2325 -1.4355 2.781651
v -0.22 -1.4355 2.785
v -0.22 -1.4105 2.785
v -0.2325 -1.4105 2.781651
v -0.22 -1.4355 2.785
v -0.2075 -1.4355 2.781651
v -0.2075 -1.4105 2.781651
v -0.22 -1.4105 2.785
v -0.2075 -1.4355 2.781651
v -0.198349 -1.4355 2.7725
v -0.198349 -1.4105 2.7725
v -0.2075 -1.4105 2.781651
v -0.198349 -1.4355 2.7725
v -0.195 -1.4355 2.76
v -0.195 -1.4105 2.76
v -0.198349 -1.4105 2.7725
v -0.195 -1.4355 2.76
v -0.198349 -1.4355 2.7475
v -0.2075 -1.4355 2.738349
v -0.22 -1.4355 2.735
v -0.2325 -1.4355 2.738349
v -0.241651 -1.4355 2.7475
v -0.245 -1.4355 2.76
v -0.241651 -1.4355 2.7725
v -0.2325 -1.4355 2.781651
v -0.22 -1.4355 2.785
v -0.2075 -1.4355 2.781651
v -0.198349 -1.4355 2.7725
v -0.198349 -1.4105 2.7725
v -0.2075 -1.4105 2.781651
v -0.22 -1.4105 2.785
v -0.2325 -1.4105 2.781651
v -0.241651 -1.4105 2.7725
v -0.245 -1.4105 2.76
v -0.241651 -1.4105 2.7475
v -0.2325 -1.4105 2.738349
v -0.22 -1.4105 2.735
v -0.2075 -1.4105 2.738349
v -0.198349 -1.4105 2.7475
v -0.195 -1.4105 2.76
v -0.182 -1.4315 2.76
v -0.184292 -1.4315 2.747003
v -0.184292 -1.4225 2.747003
v -0.182 -1.4225 2.76
v -0.184292 -1.4315 2.747003
v -0.19089 -1.4315 2.735574
v -0.19089 -1.4225 2.735574
v -0.184292 -1.4225 2.747003
v -0.19089 -1.4315 2.735574
v -0.201 -1.4315 2.727091
v -0.201 -1.4225 2.727091
v -0.19089 -1.4225 2.735574
v -0.201 -1.4315 2.727091
v -0.213401 -1.4315 2.722577
v -0.213401 -1.4225 2.722577
v -0.201 -1.4225 2.727091
v -0.213401 -1.4315 2.722577
v -0.226599 -1.4315 2.722577
v -0.226599 -1.4225 2.722577
v -0.213401 -1.4225 2.722577
v -0.226599 -1.4315 2.722577
v -0.239 -1.4315 2.727091
v -0.239 -1.4225 2.727091
v -0.226599 -1.4225 2.722577
v -0.239 -1.4315 2.727091
v -0.24911 -1.4315 2.735574
v -0.24911 -1.4225 2.735574
v -0.239 -1.4225 2.727091
v -0.24911 -1.4315 2.735574
v -0.255708 -1.4315 2.747003
v -0.255708 -1.4225 2.747003
v -0.24911 -1.4225 2.735574
v -0.255708 -1.4315 2.747003
v -0.258 -1.4315 2.76
v -0.258 -1.4225 2.76
v -0.255708 -1.4225 2.747003
v -0.258 -1.4315 2.76
v -0.255708 -1.4315 2.772997
v -0.255708 -1.4225 2.772997
v -0.258 -1.4225 2.76
v -0.255708 -1.4315 2.772997
v -0.24911 -1.4315 2.784426
v -0.24911 -1.4225 2.784426
v -0.255708 -1.4225 2.772997
v -0.24911 -1.4315 2.784426
v -0.239 -1.4315 2.792909
v -0.239 -1.4225 2.792909
v -0.24911 -1.4225 2.784426
v -0.239 -1.4315 2.792909
v -0.226599 -1.4315 2.797423
v -0.226599 -1.4225 2.797423
v -0.239 -1.4225 2.792909
v -0.226599 -1.4315 2.797423
v -0.213401 -1.4315 2.797423
v -0.213401 -1.4225 2.797423
v -0.226599 -1.4225 2.797423
v -0.213401 -1.4315 2.797423
v -0.201 -1.4315 2.792909
v -0.201 -1.4225 2.792909
v -0.213401 -1.4225 2.797423
v -0.201 -1.4315 2.792909
v -0.19089 -1.4315 2.784426
v -0.19089 -1.4225 2.784426
v -0.201 -1.4225 2.792909
v -0.19089 -1.4315 2.784426
v -0.184292 -1.4315 2.772997
v -0.184292 -1.4225 2.772997
v -0.19089 -1.4225 2.784426
v -0.184292 -1.4315 2.772997
v -0.182 -1.4315 2.76
v -0.182 -1.4225 2.76
v -0.184292 -1.4225 2.772997
v -0.182 -1.4315 2.76
v -0.184292 -1.4315 2.747003
v -0.19089 -1.4315 2.735574
v -0.201 -1.4315 2.727091
v -0.213401 -1.4315 2.722577
v -0.226599 -1.4315 2.722577
v -0.239 -1.4315 2.727091
v -0.24911 -1.4315 2.735574
v -0.255708 -1.4315 2.747003
v -0.258 -1.4315 2.76
v -0.255708 -1.4315 2.772997
v -0.24911 -1.4315 2.784426
v -0.239 -1.4315 2.792909
v -0.226599 -1.4315 2.797423
v -0.213401 -1.4315 2.797423
v -0.201 -1.4315 2.792909
v -0.19089 -1.4315 2.784426
v -0.184292 -1.4315 2.772997
v -0.182 -1.4225 2.76
v -0.184292 -1.4225 2.747003
v -0.19089 -1.4225 2.735574
v -0.201 -1.4225 2.727091
v -0.213401 -1.4225 2.722577
v -0.226599 -1.4225 2.722577
v -0.239 -1.4225 2.727091
v -0.24911 -1.4225 2.735574
v -0.255708 -1.4225 2.747003
v -0.258 -1.4225 2.76
v -0.255708 -1.4225 2.772997
v -0.24911 -1.4225 2.784426
v -0.239 -1.4225 2.792909
v -0.226599 -1.4225 2.797423
v -0.213401 -1.4225 2.797423
v -0.201 -1.4225 2.792909
v -0.19089 -1.4225 2.784426
v -0.184292 -1.4225 2.772997
v 0.245 -1.4355 2.48
v 0.241651 -1.4355 2.4675
v 0.241651 -1.4105 2.4675
v 0.245 -1.4105 2.48
v 0.241651 -1.4355 2.4675
v 0.2325 -1.4355 2.458349
v 0.2325 -1.4105 2.458349
v 0.241651 -1.4105 2.4675
v 0.2325 -1.4355 2.458349
v 0.22 -1.4355 2.455
v 0.22 -1.4105 2.455
v 0.2325 -1.4105 2.458349
v 0.22 -1.4355 2.455
v 0.2075 -1.4355 2.458349
v 0.2075 -1.4105 2.458349
v 0.22 -1.4105 2.455
v 0.2075 -1.4355 2.458349
v 0.198349 -1.4355 2.4675
v 0.198349 -1.4105 2.4675
v 0.2075 -1.4105 2.458349
v 0.198349 -1.4355 2.4675
v 0.195 -1.4355 2.48
v 0.195 -1.4105 2.48
v 0.198349 -1.4105 2.4675
v 0.195 -1.4355 2.48
v 0.198349 -1.4355 2.4925
v 0.198349 -1.4105 2.4925
v 0.195 -1.4105 2.48
v 0.198349 -1.4355 2.4925
v 0.2075 -1.4355 2.501651
v 0.2075 -1.4105 2.501651
v 0.198349 -1.4105 2.4925
v 0.2075 -1.4355 2.501651
v 0.22 -1.4355 2.505
v 0.22 -1.4105 2.505
v 0.2075 -1.4105 2.501651
v 0.22 -1.4355 2.505
v 0.2325 -1.4355 2.501651
v 0.2325 -1.4105 2.501651
v 0.22 -1.4105 2.505
v 0.2325 -1.4355 2.501651
v 0.241651 -1.4355 2.4925
v 0.241651 -1.4105 2.4925
v 0.2325 -1.4105 2.501651
v 0.241651 -1.4355 2.4925
v 0.245 -1.4355 2.48
v 0.245 -1.4105 2.48
v 0.241651 -1.4105 2.4925
v 0.245 -1.4355 2.48
v 0.241651 -1.4355 2.4675
v 0.2325 -1.4355 2.458349
v 0.22 -1.4355 2.455
v 0.2075 -1.4355 2.458349
v 0.198349 -1.4355 2.4675
v 0.195 -1.4355 2.48
v 0.198349 -1.4355 2.4925
v 0.2075 -1.4355 2.501651
v 0.22 -1.4355 2.505
v 0.2325 -1.4355 2.501651
v 0.241651 -1.4355 2.4925
v 0.241651 -1.4105 2.4925
v 0.2325 -1.4105 2.501651
v 0.22 -1.4105 2.505
v 0.2075 -1.4105 2.501651
v 0.198349 -1.4105 2.4925
v 0.195 -1.4105 2.48
v 0.198349 -1.4105 2.4675
v 0.2075 -1.4105 2.458349
v 0.22 -1.4105 2.455
v 0.2325 -1.4105 2.458349
v 0.241651 -1.4105 2.4675
v 0.245 -1.4105 2.48
v 0.258 -1.4315 2.48
v 0.255708 -1.4315 2.467003
v 0.255708 -1.4225 2.467003
v 0.258 -1.4225 2.48
v 0.255708 -1.4315 2.467003
v 0.24911 -1.4315 2.455574
v 0.24911 -1.4225 2.455574
v 0.255708 -1.4225 2.467003
v 0.24911 -1.4315 2.455574
v 0.239 -1.4315 2.447091
v 0.239 -1.4225 2.447091
v 0.24911 -1.4225 2.455574
v 0.239 -1.4315 2.447091
v 0.226599 -1.4315 2.442577
v 0.226599 -1.4225 2.442577
v 0.239 -1.4225 2.447091
v 0.226599 -1.4315 2.442577
v 0.213401 -1.4315 2.442577
v 0.213401 -1.4225 2.442577
v 0.226599 -1.4225 2.442577
v 0.213401 -1.4315 2.442577
v 0.201 -1.4315 2.447091
v 0.201 -1.4225 2.447091
v 0.213401 -1.4225 2.442577
v 0.201 -1.4315 2.447091
v 0.19089 -1.4315 2.455574
v 0.19089 -1.4225 2.455574
v 0.201 -1.4225 2.447091
v 0.19089 -1.4315 2.455574
v 0.184292 -1.4315 2.467003
v 0.184292 -1.4225 2.467003
v 0.19089 -1.4225 2.455574
v 0.184292 -1.4315 2.467003
v 0.182 -1.4315 2.48
v 0.182 -1.4225 2.48
v 0.184292 -1.4225 2.467003
v 0.182 -1.4315 2.48
v 0.184292 -1.4315 2.492997
v 0.184292 -1.4225 2.492997
v 0.182 -1.4225 2.48
v 0.184292 -1.4315 2.492997
v 0.19089 -1.4315 2.504426
v 0.19089 -1.4225 2.504426
v 0.184292 -1.4225 2.492997
v 0.19089 -1.4315 2.504426
v 0.201 -1.4315 2.512909
v 0.201 -1.4225 2.512909
v 0.19089 -1.4225 2.504426
v 0.201 -1.4315 2.512909
v 0.213401 -1.4315 2.517423
v 0.213401 -1.4225 2.517423
v 0.201 -1.4225 2.512909
v 0.213401 -1.4315 2.517423
v 0.226599 -1.4315 2.517423
v 0.226599 -1.4225 2.517423
v 0.213401 -1.4225 2.517423
v 0.226599 -1.4315 2.517423
v 0.239 -1.4315 2.512909
v 0.239 -1.4225 2.512909
v 0.226599 -1.4225 2.517423
v 0.239 -1.4315 2.512909
v 0.24911 -1.4315 2.504426
v 0.24911 -1.4225 2.504426
v 0.239 -1.4225 2.512909
v 0.24911 -1.4315 2.504426
v 0.255708 -1.4315 2.492997
v 0.255708 -1.4225 2.492997
v 0.24911 -1.4225 2.504426
v 0.255708 -1.4315 2.492997
v 0.258 -1.4315 2.48
v 0.258 -1.4225 2.48
v 0.255708 -1.4225 2.492997
v 0.258 -1.4315 2.48
v 0.255708 -1.4315 2.467003
v 0.24911 -1.4315 2.455574
v 0.239 -1.4315 2.447091
v 0.226599 -1.4315 2.442577
v 0.213401 -1.4315 2.442577
v 0.201 -1.4315 2.447091
v 0.19089 -1.4315 2.455574
v 0.184292 -1.4315 2.467003
v 0.182 -1.4315 2.48
v 0.184292 -1.4315 2.492997
v 0.19089 -1.4315 2.504426
v 0.201 -1.4315 2.512909
v 0.213401 -1.4315 2.517423
v 0.226599 -1.4315 2.517423
v 0.239 -1.4315 2.512909
v 0.24911 -1.4315 2.504426
v 0.255708 -1.4315 2.492997
v 0.258 -1.4225 2.48
v 0.255708 -1.4225 2.467003
v 0.24911 -1.4225 2.455574
v 0.239 -1.4225 2.447091
v 0.226599 -1.4225 2.442577
v 0.213401 -1.4225 2.442577
v 0.201 -1.4225 2.447091
v 0.19089 -1.4225 2.455574
v 0.184292 -1.4225 2.467003
v 0.182 -1.4225 2.48
v 0.184292 -1.4225 2.492997
v 0.19089 -1.4225 2.504426
v 0.201 -1.4225 2.512909
v 0.213401 -1.4225 2.517423
v 0.226599 -1.4225 2.517423
v 0.239 -1.4225 2.512909
v 0.24911 -1.4225 2.504426
v 0.255708 -1.4225 2.492997
v 0.245 -1.4355 2.76
v 0.241651 -1.4355 2.7475
v 0.241651 -1.4105 2.7475
v 0.245 -1.4105 2.76
v 0.241651 -1.4355 2.7475
v 0.2325 -1.4355 2.738349
v 0.2325 -1.4105 2.738349
v 0.241651 -1.4105 2.7475
v 0.2325 -1.4355 2.738349
v 0.22 -1.4355 2.735
v 0.22 -1.4105 2.735
v 0.2325 -1.4105 2.738349
v 0.22 -1.4355 2.735
v 0.2075 -1.4355 2.738349
v 0.2075 -1.4105 2.738349
v 0.22 -1.4105 2.735
v 0.2075 -1.4355 2.738349
v 0.198349 -1.4355 2.7475
v 0.198349 -1.4105 2.7475
v 0.2075 -1.4105 2.738349
v 0.198349 -1.4355 2.7475
v 0.195 -1.4355 2.76
v 0.195 -1.4105 2.76
v 0.198349 -1.4105 2.7475
v 0.195 -1.4355 2.76
v 0.198349 -1.4355 2.7725
v 0.198349 -1.4105 2.7725
v 0.195 -1.4105 2.76
v 0.198349 -1.4355 2.7725
v 0.2075 -1.4355 2.781651
v 0.2075 -1.4105 2.781651
v 0.198349 -1.4105 2.7725
v 0.2075 -1.4355 2.781651
v 0.22 -1.4355 2.785
v 0.22 -1.4105 2.785
v 0.2075 -1.4105 2.781651
v 0.22 -1.4355 2.785
v 0.2325 -1.4355 2.781651
v 0.2325 -1.4105 2.781651
v 0.22 -1.4105 2.785
v 0.2325 -1.4355 2.781651
v 0.241651 -1.4355 2.7725
v 0.241651 -1.4105 2.7725
v 0.2325 -1.4105 2.781651
v 0.241651 -1.4355 2.7725
v 0.245 -1.4355 2.76
v 0.245 -1.4105 2.76
v 0.241651 -1.4105 2.7725
v 0.245 -1.4355 2.76
v 0.241651 -1.4355 2.7475
v 0.2325 -1.4355 2.738349
v 0.22 -1.4355 2.735
v 0.2075 -1.4355 2.738349
v 0.198349 -1.4355 2.7475
v 0.195 -1.4355 2.76
v 0.198349 -1.4355 2.7725
v 0.2075 -1.4355 2.781651
v 0.22 -1.4355 2.785
v 0.2325 -1.4355 2.781651
v 0.241651 -1.4355 2.7725
v 0.241651 -1.4105 2.7725
v 0.2325 -1.4105 2.781651
v 0.22 -1.4105 2.785
v 0.2075 -1.4105 2.781651
v 0.198349 -1.4105 2.7725
v 0.195 -1.4105 2.76
v 0.198349 -1.4105 2.7475
v 0.2075 -1.4105 2.738349
v 0.22 -1.4105 2.735
v 0.2325 -1.4105 2.738349
v 0.241651 -1.4105 2.7475
v 0.245 -1.4105 2.76
v 0.258 -1.4315 2.76
v 0.255708 -1.4315 2.747003
v 0.255708 -1.4225 2.747003
v 0.258 -1.4225 2.76
v 0.255708 -1.4315 2.747003
v 0.24911 -1.4315 2.735574
v 0.24911 -1.4225 2.735574
v 0.255708 -1.4225 2.747003
v 0.24911 -1.4315 2.735574
v 0.239 -1.4315 2.727091
v 0.239 -1.4225 2.727091
v 0.24911 -1.4225 2.735574
v 0.239 -1.4315 2.727091
v 0.226599 -1.4315 2.722577
v 0.226599 -1.4225 2.722577
v 0.239 -1.4225 2.727091
v 0.226599 -1.4315 2.722577
v 0.213401 -1.4315 2.722577
v 0.213401 -1.4225 2.722577
v 0.226599 -1.4225 2.722577
v 0.213401 -1.4315 2.722577
v 0.201 -1.4315 2.727091
v 0.201 -1.4225 2.727091
v 0.213401 -1.4225 2.722577
v 0.201 -1.4315 2.727091
v 0.19089 -1.4315 2.735574
v 0.19089 -1.4225 2.735574
v 0.201 -1.4225 2.727091
v 0.19089 -1.4315 2.735574
v 0.184292 -1.4315 2.747003
v 0.184292 -1.4225 2.747003
v 0.19089 -1.4225 2.735574
v 0.184292 -1.4315 2.747003
v 0.182 -1.4315 2.76
v 0.182 -1.4225 2.76
v 0.184292 -1.4225 2.747003
v 0.182 -1.4315 2.76
v 0.184292 -1.4315 2.772997
v 0.184292 -1.4225 2.772997
v 0.182 -1.4225 2.76
v 0.184292 -1.4315 2.772997
v 0.19089 -1.4315 2.784426
v 0.19089 -1.4225 2.784426
v 0.184292 -1.4225 2.772997
v 0.19089 -1.4315 2.784426
v 0.201 -1.4315 2.792909
v 0.201 -1.4225 2.792909
v 0.19089 -1.4225 2.784426
v 0.201 -1.4315 2.792909
v 0.213401 -1.4315 2.797423
v 0.213401 -1.4225 2.797423
v 0.201 -1.4225 2.792909
v 0.213401 -1.4315 2.797423
v 0.226599 -1.4315 2.797423
v 0.226599 -1.4225 2.797423
v 0.213401 -1.4225 2.797423
v 0.226599 -1.4315 2.797423
v 0.239 -1.4315 2.792909
v 0.239 -1.4225 2.792909
v 0.226599 -1.4225 2.797423
v 0.239 -1.4315 2.792909
v 0.24911 -1.4315 2.784426
v 0.24911 -1.4225 2.784426
v 0.239 -1.4225 2.792909
v 0.24911 -1.4315 2.784426
v 0.255708 -1.4315 2.772997
v 0.255708 -1.4225 2.772997
v 0.24911 -1.4225 2.784426
v 0.255708 -1.4315 2.772997
v 0.258 -1.4315 2.76
v 0.258 -1.4225 2.76
v 0.255708 -1.4225 2.772997
v 0.258 -1.4315 2.76
v 0.255708 -1.4315 2.747003
v 0.24911 -1.4315 2.735574
v 0.239 -1.4315 2.727091
v 0.226599 -1.4315 2.722577
v 0.213401 -1.4315 2.722577
v 0.201 -1.4315 2.727091
v 0.19089 -1.4315 2.735574
v 0.184292 -1.4315 2.747003
v 0.182 -1.4315 2.76
v 0.184292 -1.4315 2.772997
v 0.19089 -1.4315 2.784426
v 0.201 -1.4315 2.792909
v 0.213401 -1.4315 2.797423
v 0.226599 -1.4315 2.797423
v 0.239 -1.4315 2.792909
v 0.24911 -1.4315 2.784426
v 0.255708 -1.4315 2.772997
v 0.258 -1.4225 2.76
v 0.255708 -1.4225 2.747003
v 0.24911 -1.4225 2.735574
v 0.239 -1.4225 2.727091
v 0.226599 -1.4225 2.722577
v 0.213401 -1.4225 2.722577
v 0.201 -1.4225 2.727091
v 0.19089 -1.4225 2.735574
v 0.184292 -1.4225 2.747003
v 0.182 -1.4225 2.76
v 0.184292 -1.4225 2.772997
v 0.19089 -1.4225 2.784426
v 0.201 -1.4225 2.792909
v 0.213401 -1.4225 2.797423
v 0.226599 -1.4225 2.797423
v 0.239 -1.4225 2.792909
v 0.24911 -1.4225 2.784426
v 0.255708 -1.4225 2.772997
v -0.195 1.4105 2.48
v -0.198349 1.4105 2.4675
v -0.198349 1.4355 2.4675
v -0.195 1.4355 2.48
v -0.198349 1.4105 2.4675
v -0.2075 1.4105 2.458349
v -0.2075 1.4355 2.458349
v -0.198349 1.4355 2.4675
v -0.2075 1.4105 2.458349
v -0.22 1.4105 2.455
v -0.22 1.4355 2.455
v -0.2075 1.4355 2.458349
v -0.22 1.4105 2.455
v -0.2325 1.4105 2.458349
v -0.2325 1.4355 2.458349
v -0.22 1.4355 2.455
v -0.2325 1.4105 2.458349
v -0.241651 1.4105 2.4675
v -0.241651 1.4355 2.4675
v -0.2325 1.4355 2.458349
v -0.241651 1.4105 2.4675
v -0.245 1.4105 2.48
v -0.245 1.4355 2.48
v -0.241651 1.4355 2.4675
v -0.245 1.4105 2.48
v -0.241651 1.4105 2.4925
v -0.241651 1.4355 2.4925
v -0.245 1.4355 2.48
v -0.241651 1.4105 2.4925
v -0.2325 1.4105 2.501651
v -0.2325 1.4355 2.501651
v -0.241651 1.4355 2.4925
v -0.2325 1.4105 2.501651
v -0.22 1.4105 2.505
v -0.22 1.4355 2.505
v -0.2325 1.4355 2.501651
v -0.22 1.4105 2.505
v -0.2075 1.4105 2.501651
v -0.2075 1.4355 2.501651
v -0.22 1.4355 2.505
v -0.2075 1.4105 2.501651
v -0.198349 1.4105 2.4925
v -0.198349 1.4355 2.4925
v -0.2075 1.4355 2.501651
v -0.198349 1.4105 2.4925
v -0.195 1.4105 2.48
v -0.195 1.4355 2.48
v -0.198349 1.4355 2.4925
v -0.195 1.4105 2.48
v -0.198349 1.4105 2.4675
v -0.2075 1.4105 2.458349
v -0.22 1.4105 2.455
v -0.2325 1.4105 2.458349
v -0.241651 1.4105 2.4675
v -0.245 1.4105 2.48
v -0.241651 1.4105 2.4925
v -0.2325 1.4105 2.501651
v -0.22 1.4105 2.505
v -0.2075 1.4105 2.501651
v -0.198349 1.4105 2.4925
v -0.198349 1.4355 2.4925
v -0.2075 1.4355 2.501651
v -0.22 1.4355 2.505
v -0.2325 1.4355 2.501651
v -0.241651 1.4355 2.4925
v -0.245 1.4355 2.48
v -0.241651 1.4355 2.4675
v -0.2325 1.4355 2.458349
v -0.22 1.4355 2.455
v -0.2075 1.4355 2.458349
v -0.198349 1.4355 2.4675
v -0.195 1.4355 2.48
v -0.182 1.4225 2.48
v -0.184292 1.4225 2.467003
v -0.184292 1.4315 2.467003
v -0.182 1.4315 2.48
v -0.184292 1.4225 2.467003
v -0.19089 1.4225 2.455574
v -0.19089 1.4315 2.455574
v -0.184292 1.4315 2.467003
v -0.19089 1.4225 2.455574
v -0.201 1.4225 2.447091
v -0.201 1.4315 2.447091
v -0.19089 1.4315 2.455574
v -0.201 1.4225 2.447091
v -0.213401 1.4225 2.442577
v -0.213401 1.4315 2.442577
v -0.201 1.4315 2.447091
v -0.213401 1.4225 2.442577
v -0.226599 1.4225 2.442577
v -0.226599 1.4315 2.442577
v -0.213401 1.4315 2.442577
v -0.226599 1.4225 2.442577
v -0.239 1.4225 2.447091
v -0.239 1.4315 2.447091
v -0.226599 1.4315 2.442577
v -0.239 1.4225 2.447091
v -0.24911 1.4225 2.455574
v -0.24911 1.4315 2.455574
v -0.239 1.4315 2.447091
v -0.24911 1.4225 2.455574
v -0.255708 1.4225 2.467003
v -0.255708 1.4315 2.467003
v -0.24911 1.4315 2.455574
v -0.255708 1.4225 2.467003
v -0.258 1.4225 2.48
v -0.258 1.4315 2.48
v -0.255708 1.4315 2.467003
v -0.258 1.4225 2.48
v -0.255708 1.4225 2.492997
v -0.255708 1.4315 2.492997
v -0.258 1.4315 2.48
v -0.255708 1.4225 2.492997
v -0.24911 1.4225 2.504426
v -0.24911 1.4315 2.504426
v -0.255708 1.4315 2.492997
v -0.24911 1.4225 2.504426
v -0.239 1.4225 2.512909
v -0.239 1.4315 2.512909
v -0.24911 1.4315 2.504426
v -0.239 1.4225 2.512909
v -0.226599 1.4225 2.517423
v -0.226599 1.4315 2.517423
v -0.239 1.4315 2.512909
v -0.226599 1.4225 2.517423
v -0.213401 1.4225 2.517423
v -0.213401 1.4315 2.517423
v -0.226599 1.4315 2.517423
v -0.213401 1.4225 2.517423
v -0.201 1.4225 2.512909
v -0.201 1.4315 2.512909
v -0.213401 1.4315 2.517423
v -0.201 1.4225 2.512909
v -0.19089 1.4225 2.504426
v -0.19089 1.4315 2.504426
v -0.201 1.4315 2.512909
v -0.19089 1.4225 2.504426
v -0.184292 1.4225 2.492997
v -0.184292 1.4315 2.492997
v -0.19089 1.4315 2.504426
v -0.184292 1.4225 2.492997
v -0.182 1.4225 2.48
v -0.182 1.4315 2.48
v -0.184292 1.4315 2.492997
v -0.184292 1.4225 2.492997
v -0.19089 1.4225 2.504426
v -0.201 1.4225 2.512909
v -0.213401 1.4225 2.517423
v -0.226599 1.4225 2.517423
v -0.239 1.4225 2.512909
v -0.24911 1.4225 2.504426
v -0.255708 1.4225 2.492997
v -0.258 1.4225 2.48
v -0.255708 1.4225 2.467003
v -0.24911 1.4225 2.455574
v -0.239 1.4225 2.447091
v -0.226599 1.4225 2.442577
v -0.213401 1.4225 2.442577
v -0.201 1.4225 2.447091
v -0.19089 1.4225 2.455574
v -0.184292 1.4225 2.467003
v -0.182 1.4225 2.48
v -0.182 1.4315 2.48
v -0.184292 1.4315 2.467003
v -0.19089 1.4315 2.455574
v -0.201 1.4315 2.447091
v -0.213401 1.4315 2.442577
v -0.226599 1.4315 2.442577
v -0.239 1.4315 2.447091
v -0.24911 1.4315 2.455574
v -0.255708 1.4315 2.467003
v -0.258 1.4315 2.48
v -0.255708 1.4315 2.492997
v -0.24911 1.4315 2.504426
v -0.239 1.4315 2.512909
v -0.226599 1.4315 2.517423
v -0.213401 1.4315 2.517423
v -0.201 1.4315 2.512909
v -0.19089 1.4315 2.504426
v -0.184292 1.4315 2.492997
v -0.195 1.4105 2.76
v -0.198349 1.4105 2.7475
v -0.198349 1.4355 2.7475
v -0.195 1.4355 2.76
v -0.198349 1.4105 2.7475
v -0.2075 1.4105 2.738349
v -0.2075 1.4355 2.738349
v -0.198349 1.4355 2.7475
v -0.2075 1.4105 2.738349
v -0.22 1.4105 2.735
v -0.22 1.4355 2.735
v -0.2075 1.4355 2.738349
v -0.22 1.4105 2.735
v -0.2325 1.4105 2.738349
v -0.2325 1.4355 2.738349
v -0.22 1.4355 2.735
v -0.2325 1.4105 2.738349
v -0.241651 1.4105 2.7475
v -0.241651 1.4355 2.7475
v -0.2325 1.4355 2.738349
v -0.241651 1.4105 2.7475
v -0.245 1.4105 2.76
v -0.245 1.4355 2.76
v -0.241651 1.4355 2.7475
v -0.245 1.4105 2.76
v -0.241651 1.4105 2.7725
v -0.241651 1.4355 2.7725
v -0.245 1.4355 2.76
v -0.241651 1.4105 2.7725
v -0.2325 1.4105 2.781651
v -0.2325 1.4355 2.781651
v -0.241651 1.4355 2.7725
v -0.2325 1.4105 2.781651
v -0.22 1.4105 2.785
v -0.22 1.4355 2.785
v -0.2325 1.4355 2.781651
v -0.22 1.4105 2.785
v -0.2075 1.4105 2.781651
v -0.2075 1.4355 2.781651
v -0.22 1.4355 2.785
v -0.2075 1.4105 2.781651
v -0.198349 1.4105 2.7725
v -0.198349 1.4355 2.7725
v -0.2075 1.4355 2.781651
v -0.198349 1.4105 2.7725
v -0.195 1.4105 2.76
v -0.195 1.4355 2.76
v -0.198349 1.4355 2.7725
v -0.195 1.4105 2.76
v -0.198349 1.4105 2.7475
v -0.2075 1.4105 2.738349
v -0.22 1.4105 2.735
v -0.2325 1.4105 2.738349
v -0.241651 1.4105 2.7475
v -0.245 1.4105 2.76
v -0.241651 1.4105 2.7725
v -0.2325 1.4105 2.781651
v -0.22 1.4105 2.785
v -0.2075 1.4105 2.781651
v -0.198349 1.4105 2.7725
v -0.198349 1.4355 2.7725
v -0.2075 1.4355 2.781651
v -0.22 1.4355 2.785
v -0.2325 1.4355 2.781651
v -0.241651 1.4355 2.7725
v -0.245 1.4355 2.76
v -0.241651 1.4355 2.7475
v -0.2325 1.4355 2.738349
v -0.22 1.4355 2.735
v -0.2075 1.4355 2.738349
v -0.198349 1.4355 2.7475
v -0.195 1.4355 2.76
v -0.182 1.4225 2.76
v -0.184292 1.4225 2.747003
v -0.184292 1.4315 2.747003
v -0.182 1.4315 2.76
v -0.184292 1.4225 2.747003
v -0.19089 1.4225 2.735574
v -0.19089 1.4315 2.735574
v -0.184292 1.4315 2.747003
v -0.19089 1.4225 2.735574
v -0.201 1.4225 2.727091
v -0.201 1.4315 2.727091
v -0.19089 1.4315 2.735574
v -0.201 1.4225 2.727091
v -0.213401 1.4225 2.722577
v -0.213401 1.4315 2.722577
v -0.201 1.4315 2.727091
v -0.213401 1.4225 2.722577
v -0.226599 1.4225 2.722577
v -0.226599 1.4315 2.722577
v -0.213401 1.4315 2.722577
v -0.226599 1.4225 2.722577
v -0.239 1.4225 2.727091
v -0.239 1.4315 2.727091
v -0.226599 1.4315 2.722577
v -0.239 1.4225 2.727091
v -0.24911 1.4225 2.735574
v -0.24911 1.4315 2.735574
v -0.239 1.4315 2.727091
v -0.24911 1.4225 2.735574
v -0.255708 1.4225 2.747003
v -0.255708 1.4315 2.747003
v -0.24911 1.4315 2.735574
v -0.255708 1.4225 2.747003
v -0.258 1.4225 2.76
v -0.258 1.4315 2.76
v -0.255708 1.4315 2.747003
v -0.258 1.4225 2.76
v -0.255708 1.4225 2.772997
v -0.255708 1.4315 2.772997
v -0.258 1.4315 2.76
v -0.255708 1.4225 2.772997
v -0.24911 1.4225 2.784426
v -0.24911 1.4315 2.784426
v -0.255708 1.4315 2.772997
v -0.24911 1.4225 2.784426
v -0.239 1.4225 2.792909
v -0.239 1.4315 2.792909
v -0.24911 1.4315 2.784426
v -0.239 1.4225 2.792909
v -0.226599 1.4225 2.797423
v -0.226599 1.4315 2.797423
v -0.239 1.4315 2.792909
v -0.226599 1.4225 2.797423
v -0.213401 1.4225 2.797423
v -0.213401 1.4315 2.797423
v -0.226599 1.4315 2.797423
v -0.213401 1.4225 2.797423
v -0.201 1.4225 2.792909
v -0.201 1.4315 2.792909
v -0.213401 1.4315 2.797423
v -0.201 1.4225 2.792909
v -0.19089 1.4225 2.784426
v -0.19089 1.4315 2.784426
v -0.201 1.4315 2.792909
v -0.19089 1.4225 2.784426
v -0.184292 1.4225 2.772997
v -0.184292 1.4315 2.772997
v -0.19089 1.4315 2.784426
v -0.184292 1.4225 2.772997
v -0.182 1.4225 2.76
v -0.182 1.4315 2.76
v -0.184292 1.4315 2.772997
v -0.184292 1.4225 2.772997
v -0.19089 1.4225 2.784426
v -0.201 1.4225 2.792909
v -0.213401 1.4225 2.797423
v -0.226599 1.4225 2.797423
v -0.239 1.4225 2.792909
v -0.24911 1.4225 2.784426
v -0.255708 1.4225 2.772997
v -0.258 1.4225 2.76
v -0.255708 1.4225 2.747003
v -0.24911 1.4225 2.735574
v -0.239 1.4225 2.727091
v -0.226599 1.4225 2.722577
v -0.213401 1.4225 2.722577
v -0.201 1.4225 2.727091
v -0.19089 1.4225 2.735574
v -0.184292 1.4225 2.747003
v -0.182 1.4225 2.76
v -0.182 1.4315 2.76
v -0.184292 1.4315 2.747003
v -0.19089 1.4315 2.735574
v -0.201 1.4315 2.727091
v -0.213401 1.4315 2.722577
v -0.226599 1.4315 2.722577
v -0.239 1.4315 2.727091
v -0.24911 1.4315 2.735574
v -0.255708 1.4315 2.747003
v -0.258 1.4315 2.76
v -0.255708 1.4315 2.772997
v -0.24911 1.4315 2.784426
v -0.239 1.4315 2.792909
v -0.226599 1.4315 2.797423
v -0.213401 1.4315 2.797423
v -0.201 1.4315 2.792909
v -0.19089 1.4315 2.784426
v -0.184292 1.4315 2.772997
v 0.245 1.4105 2.48
v 0.241651 1.4105 2.4675
v 0.241651 1.4355 2.4675
v 0.245 1.4355 2.48
v 0.241651 1.4105 2.4675
v 0.2325 1.4105 2.458349
v 0.2325 1.4355 2.458349
v 0.241651 1.4355 2.4675
v 0.2325 1.4105 2.458349
v 0.22 1.4105 2.455
v 0.22 1.4355 2.455
v 0.2325 1.4355 2.458349
v 0.22 1.4105 2.455
v 0.2075 1.4105 2.458349
v 0.2075 1.4355 2.458349
v 0.22 1.4355 2.455
v 0.2075 1.4105 2.458349
v 0.198349 1.4105 2.4675
v 0.198349 1.4355 2.4675
v 0.2075 1.4355 2.458349
v 0.198349 1.4105 2.4675
v 0.195 1.4105 2.48
v 0.195 1.4355 2.48
v 0.198349 1.4355 2.4675
v 0.195 1.4105 2.48
v 0.198349 1.4105 2.4925
v 0.198349 1.4355 2.4925
v 0.195 1.4355 2.48
v 0.198349 1.4105 2.4925
v 0.2075 1.4105 2.501651
v 0.2075 1.4355 2.501651
v 0.198349 1.4355 2.4925
v 0.2075 1.4105 2.501651
v 0.22 1.4105 2.505
v 0.22 1.4355 2.505
v 0.2075 1.4355 2.501651
v 0.22 1.4105 2.505
v 0.2325 1.4105 2.501651
v 0.2325 1.4355 2.501651
v 0.22 1.4355 2.505
v 0.2325 1.4105 2.501651
v 0.241651 1.4105 2.4925
v 0.241651 1.4355 2.4925
v 0.2325 1.4355 2.501651
v 0.241651 1.4105 2.4925
v 0.245 1.4105 2.48
v 0.245 1.4355 2.48
v 0.241651 1.4355 2.4925
v 0.245 1.4105 2.48
v 0.241651 1.4105 2.4675
v 0.2325 1.4105 2.458349
v 0.22 1.4105 2.455
v 0.2075 1.4105 2.458349
v 0.198349 1.4105 2.4675
v 0.195 1.4105 2.48
v 0.198349 1.4105 2.4925
v 0.2075 1.4105 2.501651
v 0.22 1.4105 2.505
v 0.2325 1.4105 2.501651
v 0.241651 1.4105 2.4925
v 0.241651 1.4355 2.4925
v 0.2325 1.4355 2.501651
v 0.22 1.4355 2.505
v 0.2075 1.4355 2.501651
v 0.198349 1.4355 2.4925
v 0.195 1.4355 2.48
v 0.198349 1.4355 2.4675
v 0.2075 1.4355 2.458349
v 0.22 1.4355 2.455
v 0.2325 1.4355 2.458349
v 0.241651 1.4355 2.4675
v 0.245 1.4355 2.48
v 0.258 1.4225 2.48
v 0.255708 1.4225 2.467003
v 0.255708 1.4315 2.467003
v 0.258 1.4315 2.48
v 0.255708 1.4225 2.467003
v 0.24911 1.4225 2.455574
v 0.24911 1.4315 2.455574
v 0.255708 1.4315 2.467003
v 0.24911 1.4225 2.455574
v 0.239 1.4225 2.447091
v 0.239 1.4315 2.447091
v 0.24911 1.4315 2.455574
v 0.239 1.4225 2.447091
v 0.226599 1.4225 2.442577
v 0.226599 1.4315 2.442577
v 0.239 1.4315 2.447091
v 0.226599 1.4225 2.442577
v 0.213401 1.4225 2.442577
v 0.213401 1.4315 2.442577
v 0.226599 1.4315 2.442577
v 0.213401 1.4225 2.442577
v 0.201 1.4225 2.447091
v 0.201 1.4315 2.447091
v 0.213401 1.4315 2.442577
v 0.201 1.4225 2.447091
v 0.19089 1.4225 2.455574
v 0.19089 1.4315 2.455574
v 0.201 1.4315 2.447091
v 0.19089 1.4225 2.455574
v 0.184292 1.4225 2.467003
v 0.184292 1.4315 2.467003
v 0.19089 1.4315 2.455574
v 0.184292 1.4225 2.467003
v 0.182 1.4225 2.48
v 0.182 1.4315 2.48
v 0.184292 1.4315 2.467003
v 0.182 1.4225 2.48
v 0.184292 1.4225 2.492997
v 0.184292 1.4315 2.492997
v 0.182 1.4315 2.48
v 0.184292 1.4225 2.492997
v 0.19089 1.4225 2.504426
v 0.19089 1.4315 2.504426
v 0.184292 1.4315 2.492997
v 0.19089 1.4225 2.504426
v 0.201 1.4225 2.512909
v 0.201 1.4315 2.512909
v 0.19089 1.4315 2.504426
v 0.201 1.4225 2.512909
v 0.213401 1.4225 2.517423
v 0.213401 1.4315 2.517423
v 0.201 1.4315 2.512909
v 0.213401 1.4225 2.517423
v 0.226599 1.4225 2.517423
v 0.226599 1.4315 2.517423
v 0.213401 1.4315 2.517423
v 0.226599 1.4225 2.517423
v 0.239 1.4225 2.512909
v 0.239 1.4315 2.512909
v 0.226599 1.4315 2.517423
v 0.239 1.4225 2.512909
v 0.24911 1.4225 2.504426
v 0.24911 1.4315 2.504426
v 0.239 1.4315 2.512909
v 0.24911 1.4225 2.504426
v 0.255708 1.4225 2.492997
v 0.255708 1.4315 2.492997
v 0.24911 1.4315 2.504426
v 0.255708 1.4225 2.492997
v 0.258 1.4225 2.48
v 0.258 1.4315 2.48
v 0.255708 1.4315 2.492997
v 0.255708 1.4225 2.492997
v 0.24911 1.4225 2.504426
v 0.239 1.4225 2.512909
v 0.226599 1.4225 2.517423
v 0.213401 1.4225 2.517423
v 0.201 1.4225 2.512909
v 0.19089 1.4225 2.504426
v 0.184292 1.4225 2.492997
v 0.182 1.4225 2.48
v 0.184292 1.4225 2.467003
v 0.19089 1.4225 2.455574
v 0.201 1.4225 2.447091
v 0.213401 1.4225 2.442577
v 0.226599 1.4225 2.442577
v 0.239 1.4225 2.447091
v 0.24911 1.4225 2.455574
v 0.255708 1.4225 2.467003
v 0.258 1.4225 2.48
v 0.258 1.4315 2.48
v 0.255708 1.4315 2.467003
v 0.24911 1.4315 2.455574
v 0.239 1.4315 2.447091
v 0.226599 1.4315 2.442577
v 0.213401 1.4315 2.442577
v 0.201 1.4315 2.447091
v 0.19089 1.4315 2.455574
v 0.184292 1.4315 2.467003
v 0.182 1.4315 2.48
v 0.184292 1.4315 2.492997
v 0.19089 1.4315 2.504426
v 0.201 1.4315 2.512909
v 0.213401 1.4315 2.517423
v 0.226599 1.4315 2.517423
v 0.239 1.4315 2.512909
v 0.24911 1.4315 2.504426
v 0.255708 1.4315 2.492997
v 0.245 1.4105 2.76
v 0.241651 1.4105 2.7475
v 0.241651 1.4355 2.7475
v 0.245 1.4355 2.76
v 0.241651 1.4105 2.7475
v 0.2325 1.4105 2.738349
v 0.2325 1.4355 2.738349
v 0.241651 1.4355 2.7475
v 0.2325 1.4105 2.738349
v 0.22 1.4105 2.735
v 0.22 1.4355 2.735
v 0.2325 1.4355 2.738349
v 0.22 1.4105 2.735
v 0.2075 1.4105 2.738349
v 0.2075 1.4355 2.738349
v 0.22 1.4355 2.735
v 0.2075 1.4105 2.738349
v 0.198349 1.4105 2.7475
v 0.198349 1.4355 2.7475
v 0.2075 1.4355 2.738349
v 0.198349 1.4105 2.7475
v 0.195 1.4105 2.76
v 0.195 1.4355 2.76
v 0.198349 1.4355 2.7475
v 0.195 1.4105 2.76
v 0.198349 1.4105 2.7725
v 0.198349 1.4355 2.7725
v 0.195 1.4355 2.76
v 0.198349 1.4105 2.7725
v 0.2075 1.4105 2.781651
v 0.2075 1.4355 2.781651
v 0.198349 1.4355 2.7725
v 0.2075 1.4105 2.781651
v 0.22 1.4105 2.785
v 0.22 1.4355 2.785
v 0.2075 1.4355 2.781651
v 0.22 1.4105 2.785
v 0.2325 1.4105 2.781651
v 0.2325 1.4355 2.781651
v 0.22 1.4355 2.785
v 0.2325 1.4105 2.781651
v 0.241651 1.4105 2.7725
v 0.241651 1.4355 2.7725
v 0.2325 1.4355 2.781651
v 0.241651 1.4105 2.7725
v 0.245 1.4105 2.76
v 0.245 1.4355 2.76
v 0.241651 1.4355 2.7725
v 0.245 1.4105 2.76
v 0.241651 1.4105 2.7475
v 0.2325 1.4105 2.738349
v 0.22 1.4105 2.735
v 0.2075 1.4105 2.738349
v 0.198349 1.4105 2.7475
v 0.195 1.4105 2.76
v 0.198349 1.4105 2.7725
v 0.2075 1.4105 2.781651
v 0.22 1.4105 2.785
v 0.2325 1.4105 2.781651
v 0.241651 1.4105 2.7725
v 0.241651 1.4355 2.7725
v 0.2325 1.4355 2.781651
v 0.22 1.4355 2.785
v 0.2075 1.4355 2.781651
v 0.198349 1.4355 2.7725
v 0.195 1.4355 2.76
v 0.198349 1.4355 2.7475
v 0.2075 1.4355 2.738349
v 0.22 1.4355 2.735
v 0.2325 1.4355 2.738349
v 0.241651 1.4355 2.7475
v 0.245 1.4355 2.76
v 0.258 1.4225 2.76
v 0.255708 1.4225 2.747003
v 0.255708 1.4315 2.747003
v 0.258 1.4315 2.76
v 0.255708 1.4225 2.747003
v 0.24911 1.4225 2.735574
v 0.24911 1.4315 2.735574
v 0.255708 1.4315 2.747003
v 0.24911 1.4225 2.735574
v 0.239 1.4225 2.727091
v 0.239 1.4315 2.727091
v 0.24911 1.4315 2.735574
v 0.239 1.4225 2.727091
v 0.226599 1.4225 2.722577
v 0.226599 1.4315 2.722577
v 0.239 1.4315 2.727091
v 0.226599 1.4225 2.722577
v 0.213401 1.4225 2.722577
v 0.213401 1.4315 2.722577
v 0.226599 1.4315 2.722577
v 0.213401 1.4225 2.722577
v 0.201 1.4225 2.727091
v 0.201 1.4315 2.727091
v 0.213401 1.4315 2.722577
v 0.201 1.4225 2.727091
v 0.19089 1.4225 2.735574
v 0.19089 1.4315 2.735574
v 0.201 1.4315 2.727091
v 0.19089 1.4225 2.735574
v 0.184292 1.4225 2.747003
v 0.184292 1.4315 2.747003
v 0.19089 1.4315 2.735574
v 0.184292 1.4225 2.747003
v 0.182 1.4225 2.76
v 0.182 1.4315 2.76
v 0.184292 1.4315 2.747003
v 0.182 1.4225 2.76
v 0.184292 1.4225 2.772997
v 0.184292 1.4315 2.772997
v 0.182 1.4315 2.76
v 0.184292 1.4225 2.772997
v 0.19089 1.4225 2.784426
v 0.19089 1.4315 2.784426
v 0.184292 1.4315 2.772997
v 0.19089 1.4225 2.784426
v 0.201 1.4225 2.792909
v 0.201 1.4315 2.792909
v 0.19089 1.4315 2.784426
v 0.201 1.4225 2.792909
v 0.213401 1.4225 2.797423
v 0.213401 1.4315 2.797423
v 0.201 1.4315 2.792909
v 0.213401 1.4225 2.797423
v 0.226599 1.4225 2.797423
v 0.226599 1.4315 2.797423
v 0.213401 1.4315 2.797423
v 0.226599 1.4225 2.797423
v 0.239 1.4225 2.792909
v 0.239 1.4315 2.792909
v 0.226599 1.4315 2.797423
v 0.239 1.4225 2.792909
v 0.24911 1.4225 2.784426
v 0.24911 1.4315 2.784426
v 0.239 1.4315 2.792909
v 0.24911 1.4225 2.784426
v 0.255708 1.4225 2.772997
v 0.255708 1.4315 2.772997
v 0.24911 1.4315 2.784426
v 0.255708 1.4225 2.772997
v 0.258 1.4225 2.76
v 0.258 1.4315 2.76
v 0.255708 1.4315 2.772997
v 0.255708 1.4225 2.772997
v 0.24911 1.4225 2.784426
v 0.239 1.4225 2.792909
v 0.226599 1.4225 2.797423
v 0.213401 1.4225 2.797423
v 0.201 1.4225 2.792909
v 0.19089 1.4225 2.784426
v 0.184292 1.4225 2.772997
v 0.182 1.4225 2.76
v 0.184292 1.4225 2.747003
v 0.19089 1.4225 2.735574
v 0.201 1.4225 2.727091
v 0.213401 1.4225 2.722577
v 0.226599 1.4225 2.722577
v 0.239 1.4225 2.727091
v 0.24911 1.4225 2.735574
v 0.255708 1.4225 2.747003
v 0.258 1.4225 2.76
v 0.258 1.4315 2.76
v 0.255708 1.4315 2.747003
v 0.24911 1.4315 2.735574
v 0.239 1.4315 2.727091
v 0.226599 1.4315 2.722577
v 0.213401 1.4315 2.722577
v 0.201 1.4315 2.727091
v 0.19089 1.4315 2.735574
v 0.184292 1.4315 2.747003
v 0.182 1.4315 2.76
v 0.184292 1.4315 2.772997
v 0.19089 1.4315 2.784426
v 0.201 1.4315 2.792909
v 0.213401 1.4315 2.797423
v 0.226599 1.4315 2.797423
v 0.239 1.4315 2.792909
v 0.24911 1.4315 2.784426
v 0.255708 1.4315 2.772997
v 0.1 -1.348 2.933
v 0.1 1.348 2.933
v 0.1 1.348 2.887
v 0.1 -1.348 2.887
v 0.26 -1.348 2.887
v 0.26 1.348 2.887
v 0.26 1.348 2.933
v 0.26 -1.348 2.933
v 0.112 -1.36 2.887
v 0.248 -1.36 2.887
v 0.248 -1.36 2.933
v 0.112 -1.36 2.933
v 0.112 1.36 2.933
v 0.248 1.36 2.933
v 0.248 1.36 2.887
v 0.112 1.36 2.887
v 0.112 1.348 2.875
v 0.248 1.348 2.875
v 0.248 -1.348 2.875
v 0.112 -1.348 2.875
v 0.112 -1.348 2.945
v 0.248 -1.348 2.945
v 0.248 1.348 2.945
v 0.112 1.348 2.945
v 0.1 -1.348 2.887
v 0.112 -1.36 2.887
v 0.112 -1.36 2.933
v 0.1 -1.348 2.933
v 0.1 1.348 2.933
v 0.112 1.36 2.933
v 0.112 1.36 2.887
v 0.1 1.348 2.887
v 0.26 -1.348 2.933
v 0.248 -1.36 2.933
v 0.248 -1.36 2.887
v 0.26 -1.348 2.887
v 0.26 1.348 2.887
v 0.248 1.36 2.887
v 0.248 1.36 2.933
v 0.26 1.348 2.933
v 0.1 1.348 2.887
v 0.112 1.348 2.875
v 0.112 -1.348 2.875
v 0.1 -1.348 2.887
v 0.1 -1.348 2.933
v 0.112 -1.348 2.945
v 0.112 1.348 2.945
v 0.1 1.348 2.933
v 0.26 -1.348 2.887
v 0.248 -1.348 2.875
v 0.248 1.348 2.875
v 0.26 1.348 2.887
v 0.26 1.348 2.933
v 0.248 1.348 2.945
v 0.248 -1.348 2.945
v 0.26 -1.348 2.933
v 0.112 -1.36 2.887
v 0.112 -1.348 2.875
v 0.248 -1.348 2.875
v 0.248 -1.36 2.887
v 0.248 -1.36 2.933
v 0.248 -1.348 2.945
v 0.112 -1.348 2.945
v 0.112 -1.36 2.933
v 0.248 1.36 2.887
v 0.248 1.348 2.875
v 0.112 1.348 2.875
v 0.112 1.36 2.887
v 0.112 1.36 2.933
v 0.112 1.348 2.945
v 0.248 1.348 2.945
v 0.248 1.36 2.933
v 0.112 -1.348 2.875
v 0.112 -1.36 2.887
v 0.1 -1.348 2.887
v 0.1 -1.348 2.933
v 0.112 -1.36 2.933
v 0.112 -1.348 2.945
v 0.1 1.348 2.887
v 0.112 1.36 2.887
v 0.112 1.348 2.875
v 0.112 1.348 2.945
v 0.112 1.36 2.933
v 0.1 1.348 2.933
v 0.26 -1.348 2.887
v 0.248 -1.36 2.887
v 0.248 -1.348 2.875
v 0.248 -1.348 2.945
v 0.248 -1.36 2.933
v 0.26 -1.348 2.933
v 0.248 1.348 2.875
v 0.248 1.36 2.887
v 0.26 1.348 2.887
v 0.26 1.348 2.933
v 0.248 1.36 2.933
v 0.248 1.348 2.945
v 0.316 -1.26 2.91
v 0.314021 -1.26 2.90005
v 0.314021 1.26 2.90005
v 0.316 1.26 2.91
v 0.314021 -1.26 2.90005
v 0.308385 -1.26 2.891615
v 0.308385 1.26 2.891615
v 0.314021 1.26 2.90005
v 0.308385 -1.26 2.891615
v 0.29995 -1.26 2.885979
v 0.29995 1.26 2.885979
v 0.308385 1.26 2.891615
v 0.29995 -1.26 2.885979
v 0.29 -1.26 2.884
v 0.29 1.26 2.884
v 0.29995 1.26 2.885979
v 0.29 -1.26 2.884
v 0.28005 -1.26 2.885979
v 0.28005 1.26 2.885979
v 0.29 1.26 2.884
v 0.28005 -1.26 2.885979
v 0.271615 -1.26 2.891615
v 0.271615 1.26 2.891615
v 0.28005 1.26 2.885979
v 0.271615 -1.26 2.891615
v 0.265979 -1.26 2.90005
v 0.265979 1.26 2.90005
v 0.271615 1.26 2.891615
v 0.265979 -1.26 2.90005
v 0.264 -1.26 2.91
v 0.264 1.26 2.91
v 0.265979 1.26 2.90005
v 0.264 -1.26 2.91
v 0.265979 -1.26 2.91995
v 0.265979 1.26 2.91995
v 0.264 1.26 2.91
v 0.265979 -1.26 2.91995
v 0.271615 -1.26 2.928385
v 0.271615 1.26 2.928385
v 0.265979 1.26 2.91995
v 0.271615 -1.26 2.928385
v 0.28005 -1.26 2.934021
v 0.28005 1.26 2.934021
v 0.271615 1.26 2.928385
v 0.28005 -1.26 2.934021
v 0.29 -1.26 2.936
v 0.29 1.26 2.936
v 0.28005 1.26 2.934021
v 0.29 -1.26 2.936
v 0.29995 -1.26 2.934021
v 0.29995 1.26 2.934021
v 0.29 1.26 2.936
v 0.29995 -1.26 2.934021
v 0.308385 -1.26 2.928385
v 0.308385 1.26 2.928385
v 0.29995 1.26 2.934021
v 0.308385 -1.26 2.928385
v 0.314021 -1.26 2.91995
v 0.314021 1.26 2.91995
v 0.308385 1.26 2.928385
v 0.314021 -1.26 2.91995
v 0.316 -1.26 2.91
v 0.316 1.26 2.91
v 0.314021 1.26 2.91995
v 0.314021 -1.26 2.91995
v 0.308385 -1.26 2.928385
v 0.29995 -1.26 2.934021
v 0.29 -1.26 2.936
v 0.28005 -1.26 2.934021
v 0.271615 -1.26 2.928385
v 0.265979 -1.26 2.91995
v 0.264 -1.26 2.91
v 0.265979 -1.26 2.90005
v 0.271615 -1.26 2.891615
v 0.28005 -1.26 2.885979
v 0.29 -1.26 2.884
v 0.29995 -1.26 2.885979
v 0.308385 -1.26 2.891615
v 0.314021 -1.26 2.90005
v 0.316 -1.26 2.91
v 0.316 1.26 2.91
v 0.314021 1.26 2.90005
v 0.308385 1.26 2.891615
v 0.29995 1.26 2.885979
v 0.29 1.26 2.884
v 0.28005 1.26 2.885979
v 0.271615 1.26 2.891615
v 0.265979 1.26 2.90005
v 0.264 1.26 2.91
v 0.265979 1.26 2.91995
v 0.271615 1.26 2.928385
v 0.28005 1.26 2.934021
v 0.29 1.26 2.936
v 0.29995 1.26 2.934021
v 0.308385 1.26 2.928385
v 0.314021 1.26 2.91995
v -0.307 -1.19204 2.74004
v -0.307 -1.16796 2.74004
v -0.307 -1.16796 2.71596
v -0.307 -1.19204 2.71596
v -0.297 -1.19204 2.71596
v -0.297 -1.16796 2.71596
v -0.297 -1.16796 2.74004
v -0.297 -1.19204 2.74004
v -0.305 -1.19404 2.71596
v -0.299 -1.19404 2.71596
v -0.299 -1.19404 2.74004
v -0.305 -1.19404 2.74004
v -0.305 -1.16596 2.74004
v -0.299 -1.16596 2.74004
v -0.299 -1.16596 2.71596
v -0.305 -1.16596 2.71596
v -0.305 -1.16796 2.71396
v -0.299 -1.16796 2.71396
v -0.299 -1.19204 2.71396
v -0.305 -1.19204 2.71396
v -0.305 -1.19204 2.74204
v -0.299 -1.19204 2.74204
v -0.299 -1.16796 2.74204
v -0.305 -1.16796 2.74204
v -0.307 -1.19204 2.71596
v -0.305 -1.19404 2.71596
v -0.305 -1.19404 2.74004
v -0.307 -1.19204 2.74004
v -0.307 -1.16796 2.74004
v -0.305 -1.16596 2.74004
v -0.305 -1.16596 2.71596
v -0.307 -1.16796 2.71596
v -0.297 -1.19204 2.74004
v -0.299 -1.19404 2.74004
v -0.299 -1.19404 2.71596
v -0.297 -1.19204 2.71596
v -0.297 -1.16796 2.71596
v -0.299 -1.16596 2.71596
v -0.299 -1.16596 2.74004
v -0.297 -1.16796 2.74004
v -0.307 -1.16796 2.71596
v -0.305 -1.16796 2.71396
v -0.305 -1.19204 2.71396
v -0.307 -1.19204 2.71596
v -0.307 -1.19204 2.74004
v -0.305 -1.19204 2.74204
v -0.305 -1.16796 2.74204
v -0.307 -1.16796 2.74004
v -0.297 -1.19204 2.71596
v -0.299 -1.19204 2.71396
v -0.299 -1.16796 2.71396
v -0.297 -1.16796 2.71596
v -0.297 -1.16796 2.74004
v -0.299 -1.16796 2.74204
v -0.299 -1.19204 2.74204
v -0.297 -1.19204 2.74004
v -0.305 -1.19404 2.71596
v -0.305 -1.19204 2.71396
v -0.299 -1.19204 2.71396
v -0.299 -1.19404 2.71596
v -0.299 -1.19404 2.74004
v -0.299 -1.19204 2.74204
v -0.305 -1.19204 2.74204
v -0.305 -1.19404 2.74004
v -0.299 -1.16596 2.71596
v -0.299 -1.16796 2.71396
v -0.305 -1.16796 2.71396
v -0.305 -1.16596 2.71596
v -0.305 -1.16596 2.74004
v -0.305 -1.16796 2.74204
v -0.299 -1.16796 2.74204
v -0.299 -1.16596 2.74004
v -0.305 -1.19204 2.71396
v -0.305 -1.19404 2.71596
v -0.307 -1.19204 2.71596
v -0.307 -1.19204 2.74004
v -0.305 -1.19404 2.74004
v -0.305 -1.19204 2.74204
v -0.307 -1.16796 2.71596
v -0.305 -1.16596 2.71596
v -0.305 -1.16796 2.71396
v -0.305 -1.16796 2.74204
v -0.305 -1.16596 2.74004
v -0.307 -1.16796 2.74004
v -0.297 -1.19204 2.71596
v -0.299 -1.19404 2.71596
v -0.299 -1.19204 2.71396
v -0.299 -1.19204 2.74204
v -0.299 -1.19404 2.74004
v -0.297 -1.19204 2.74004
v -0.299 -1.16796 2.71396
v -0.299 -1.16596 2.71596
v -0.297 -1.16796 2.71596
v -0.297 -1.16796 2.74004
v -0.299 -1.16596 2.74004
v -0.299 -1.16796 2.74204
v -0.307 -1.12004 2.74004
v -0.307 -1.09596 2.74004
v -0.307 -1.09596 2.71596
v -0.307 -1.12004 2.71596
v -0.297 -1.12004 2.71596
v -0.297 -1.09596 2.71596
v -0.297 -1.09596 2.74004
v -0.297 -1.12004 2.74004
v -0.305 -1.12204 2.71596
v -0.299 -1.12204 2.71596
v -0.299 -1.12204 2.74004
v -0.305 -1.12204 2.74004
v -0.305 -1.09396 2.74004
v -0.299 -1.09396 2.74004
v -0.299 -1.09396 2.71596
v -0.305 -1.09396 2.71596
v -0.305 -1.09596 2.71396
v -0.299 -1.09596 2.71396
v -0.299 -1.12004 2.71396
v -0.305 -1.12004 2.71396
v -0.305 -1.12004 2.74204
v -0.299 -1.12004 2.74204
v -0.299 -1.09596 2.74204
v -0.305 -1.09596 2.74204
v -0.307 -1.12004 2.71596
v -0.305 -1.12204 2.71596
v -0.305 -1.12204 2.74004
v -0.307 -1.12004 2.74004
v -0.307 -1.09596 2.74004
v -0.305 -1.09396 2.74004
v -0.305 -1.09396 2.71596
v -0.307 -1.09596 2.71596
v -0.297 -1.12004 2.74004
v -0.299 -1.12204 2.74004
v -0.299 -1.12204 2.71596
v -0.297 -1.12004 2.71596
v -0.297 -1.09596 2.71596
v -0.299 -1.09396 2.71596
v -0.299 -1.09396 2.74004
v -0.297 -1.09596 2.74004
v -0.307 -1.09596 2.71596
v -0.305 -1.09596 2.71396
v -0.305 -1.12004 2.71396
v -0.307 -1.12004 2.71596
v -0.307 -1.12004 2.74004
v -0.305 -1.12004 2.74204
v -0.305 -1.09596 2.74204
v -0.307 -1.09596 2.74004
v -0.297 -1.12004 2.71596
v -0.299 -1.12004 2.71396
v -0.299 -1.09596 2.71396
v -0.297 -1.09596 2.71596
v -0.297 -1.09596 2.74004
v -0.299 -1.09596 2.74204
v -0.299 -1.12004 2.74204
v -0.297 -1.12004 2.74004
v -0.305 -1.12204 2.71596
v -0.305 -1.12004 2.71396
v -0.299 -1.12004 2.71396
v -0.299 -1.12204 2.71596
v -0.299 -1.12204 2.74004
v -0.299 -1.12004 2.74204
v -0.305 -1.12004 2.74204
v -0.305 -1.12204 2.74004
v -0.299 -1.09396 2.71596
v -0.299 -1.09596 2.71396
v -0.305 -1.09596 2.71396
v -0.305 -1.09396 2.71596
v -0.305 -1.09396 2.74004
v -0.305 -1.09596 2.74204
v -0.299 -1.09596 2.74204
v -0.299 -1.09396 2.74004
v -0.305 -1.12004 2.71396
v -0.305 -1.12204 2.71596
v -0.307 -1.12004 2.71596
v -0.307 -1.12004 2.74004
v -0.305 -1.12204 2.74004
v -0.305 -1.12004 2.74204
v -0.307 -1.09596 2.71596
v -0.305 -1.09396 2.71596
v -0.305 -1.09596 2.71396
v -0.305 -1.09596 2.74204
v -0.305 -1.09396 2.74004
v -0.307 -1.09596 2.74004
v -0.297 -1.12004 2.71596
v -0.299 -1.12204 2.71596
v -0.299 -1.12004 2.71396
v -0.299 -1.12004 2.74204
v -0.299 -1.12204 2.74004
v -0.297 -1.12004 2.74004
v -0.299 -1.09596 2.71396
v -0.299 -1.09396 2.71596
v -0.297 -1.09596 2.71596
v -0.297 -1.09596 2.74004
v -0.299 -1.09396 2.74004
v -0.299 -1.09596 2.74204
v -0.307 -1.19204 2.70404
v -0.307 -1.16796 2.70404
v -0.307 -1.16796 2.67996
v -0.307 -1.19204 2.67996
v -0.297 -1.19204 2.67996
v -0.297 -1.16796 2.67996
v -0.297 -1.16796 2.70404
v -0.297 -1.19204 2.70404
v -0.305 -1.19404 2.67996
v -0.299 -1.19404 2.67996
v -0.299 -1.19404 2.70404
v -0.305 -1.19404 2.70404
v -0.305 -1.16596 2.70404
v -0.299 -1.16596 2.70404
v -0.299 -1.16596 2.67996
v -0.305 -1.16596 2.67996
v -0.305 -1.16796 2.67796
v -0.299 -1.16796 2.67796
v -0.299 -1.19204 2.67796
v -0.305 -1.19204 2.67796
v -0.305 -1.19204 2.70604
v -0.299 -1.19204 2.70604
v -0.299 -1.16796 2.70604
v -0.305 -1.16796 2.70604
v -0.307 -1.19204 2.67996
v -0.305 -1.19404 2.67996
v -0.305 -1.19404 2.70404
v -0.307 -1.19204 2.70404
v -0.307 -1.16796 2.70404
v -0.305 -1.16596 2.70404
v -0.305 -1.16596 2.67996
v -0.307 -1.16796 2.67996
v -0.297 -1.19204 2.70404
v -0.299 -1.19404 2.70404
v -0.299 -1.19404 2.67996
v -0.297 -1.19204 2.67996
v -0.297 -1.16796 2.67996
v -0.299 -1.16596 2.67996
v -0.299 -1.16596 2.70404
v -0.297 -1.16796 2.70404
v -0.307 -1.16796 2.67996
v -0.305 -1.16796 2.67796
v -0.305 -1.19204 2.67796
v -0.307 -1.19204 2.67996
v -0.307 -1.19204 2.70404
v -0.305 -1.19204 2.70604
v -0.305 -1.16796 2.70604
v -0.307 -1.16796 2.70404
v -0.297 -1.19204 2.67996
v -0.299 -1.19204 2.67796
v -0.299 -1.16796 2.67796
v -0.297 -1.16796 2.67996
v -0.297 -1.16796 2.70404
v -0.299 -1.16796 2.70604
v -0.299 -1.19204 2.70604
v -0.297 -1.19204 2.70404
v -0.305 -1.19404 2.67996
v -0.305 -1.19204 2.67796
v -0.299 -1.19204 2.67796
v -0.299 -1.19404 2.67996
v -0.299 -1.19404 2.70404
v -0.299 -1.19204 2.70604
v -0.305 -1.19204 2.70604
v -0.305 -1.19404 2.70404
v -0.299 -1.16596 2.67996
v -0.299 -1.16796 2.67796
v -0.305 -1.16796 2.67796
v -0.305 -1.16596 2.67996
v -0.305 -1.16596 2.70404
v -0.305 -1.16796 2.70604
v -0.299 -1.16796 2.70604
v -0.299 -1.16596 2.70404
v -0.305 -1.19204 2.67796
v -0.305 -1.19404 2.67996
v -0.307 -1.19204 2.67996
v -0.307 -1.19204 2.70404
v -0.305 -1.19404 2.70404
v -0.305 -1.19204 2.70604
v -0.307 -1.16796 2.67996
v -0.305 -1.16596 2.67996
v -0.305 -1.16796 2.67796
v -0.305 -1.16796 2.70604
v -0.305 -1.16596 2.70404
v -0.307 -1.16796 2.70404
v -0.297 -1.19204 2.67996
v -0.299 -1.19404 2.67996
v -0.299 -1.19204 2.67796
v -0.299 -1.19204 2.70604
v -0.299 -1.19404 2.70404
v -0.297 -1.19204 2.70404
v -0.299 -1.16796 2.67796
v -0.299 -1.16596 2.67996
v -0.297 -1.16796 2.67996
v -0.297 -1.16796 2.70404
v -0.299 -1.16596 2.70404
v -0.299 -1.16796 2.70604
v -0.307 -1.12004 2.70404
v -0.307 -1.09596 2.70404
v -0.307 -1.09596 2.67996
v -0.307 -1.12004 2.67996
v -0.297 -1.12004 2.67996
v -0.297 -1.09596 2.67996
v -0.297 -1.09596 2.70404
v -0.297 -1.12004 2.70404
v -0.305 -1.12204 2.67996
v -0.299 -1.12204 2.67996
v -0.299 -1.12204 2.70404
v -0.305 -1.12204 2.70404
v -0.305 -1.09396 2.70404
v -0.299 -1.09396 2.70404
v -0.299 -1.09396 2.67996
v -0.305 -1.09396 2.67996
v -0.305 -1.09596 2.67796
v -0.299 -1.09596 2.67796
v -0.299 -1.12004 2.67796
v -0.305 -1.12004 2.67796
v -0.305 -1.12004 2.70604
v -0.299 -1.12004 2.70604
v -0.299 -1.09596 2.70604
v -0.305 -1.09596 2.70604
v -0.307 -1.12004 2.67996
v -0.305 -1.12204 2.67996
v -0.305 -1.12204 2.70404
v -0.307 -1.12004 2.70404
v -0.307 -1.09596 2.70404
v -0.305 -1.09396 2.70404
v -0.305 -1.09396 2.67996
v -0.307 -1.09596 2.67996
v -0.297 -1.12004 2.70404
v -0.299 -1.12204 2.70404
v -0.299 -1.12204 2.67996
v -0.297 -1.12004 2.67996
v -0.297 -1.09596 2.67996
v -0.299 -1.09396 2.67996
v -0.299 -1.09396 2.70404
v -0.297 -1.09596 2.70404
v -0.307 -1.09596 2.67996
v -0.305 -1.09596 2.67796
v -0.305 -1.12004 2.67796
v -0.307 -1.12004 2.67996
v -0.307 -1.12004 2.70404
v -0.305 -1.12004 2.70604
v -0.305 -1.09596 2.70604
v -0.307 -1.09596 2.70404
v -0.297 -1.12004 2.67996
v -0.299 -1.12004 2.67796
v -0.299 -1.09596 2.67796
v -0.297 -1.09596 2.67996
v -0.297 -1.09596 2.70404
v -0.299 -1.09596 2.70604
v -0.299 -1.12004 2.70604
v -0.297 -1.12004 2.70404
v -0.305 -1.12204 2.67996
v -0.305 -1.12004 2.67796
v -0.299 -1.12004 2.67796
v -0.299 -1.12204 2.67996
v -0.299 -1.12204 2.70404
v -0.299 -1.12004 2.70604
v -0.305 -1.12004 2.70604
v -0.305 -1.12204 2.70404
v -0.299 -1.09396 2.67996
v -0.299 -1.09596 2.67796
v -0.305 -1.09596 2.67796
v -0.305 -1.09396 2.67996
v -0.305 -1.09396 2.70404
v -0.305 -1.09596 2.70604
v -0.299 -1.09596 2.70604
v -0.299 -1.09396 2.70404
v -0.305 -1.12004 2.67796
v -0.305 -1.12204 2.67996
v -0.307 -1.12004 2.67996
v -0.307 -1.12004 2.70404
v -0.305 -1.12204 2.70404
v -0.305 -1.12004 2.70604
v -0.307 -1.09596 2.67996
v -0.305 -1.09396 2.67996
v -0.305 -1.09596 2.67796
v -0.305 -1.09596 2.70604
v -0.305 -1.09396 2.70404
v -0.307 -1.09596 2.70404
v -0.297 -1.12004 2.67996
v -0.299 -1.12204 2.67996
v -0.299 -1.12004 2.67796
v -0.299 -1.12004 2.70604
v -0.299 -1.12204 2.70404
v -0.297 -1.12004 2.70404
v -0.299 -1.09596 2.67796
v -0.299 -1.09396 2.67996
v -0.297 -1.09596 2.67996
v -0.297 -1.09596 2.70404
v -0.299 -1.09396 2.70404
v -0.299 -1.09596 2.70604
v -0.307 -1.19204 2.66804
v -0.307 -1.16796 2.66804
v -0.307 -1.16796 2.64396
v -0.307 -1.19204 2.64396
v -0.297 -1.19204 2.64396
v -0.297 -1.16796 2.64396
v -0.297 -1.16796 2.66804
v -0.297 -1.19204 2.66804
v -0.305 -1.19404 2.64396
v -0.299 -1.19404 2.64396
v -0.299 -1.19404 2.66804
v -0.305 -1.19404 2.66804
v -0.305 -1.16596 2.66804
v -0.299 -1.16596 2.66804
v -0.299 -1.16596 2.64396
v -0.305 -1.16596 2.64396
v -0.305 -1.16796 2.64196
v -0.299 -1.16796 2.64196
v -0.299 -1.19204 2.64196
v -0.305 -1.19204 2.64196
v -0.305 -1.19204 2.67004
v -0.299 -1.19204 2.67004
v -0.299 -1.16796 2.67004
v -0.305 -1.16796 2.67004
v -0.307 -1.19204 2.64396
v -0.305 -1.19404 2.64396
v -0.305 -1.19404 2.66804
v -0.307 -1.19204 2.66804
v -0.307 -1.16796 2.66804
v -0.305 -1.16596 2.66804
v -0.305 -1.16596 2.64396
v -0.307 -1.16796 2.64396
v -0.297 -1.19204 2.66804
v -0.299 -1.19404 2.66804
v -0.299 -1.19404 2.64396
v -0.297 -1.19204 2.64396
v -0.297 -1.16796 2.64396
v -0.299 -1.16596 2.64396
v -0.299 -1.16596 2.66804
v -0.297 -1.16796 2.66804
v -0.307 -1.16796 2.64396
v -0.305 -1.16796 2.64196
v -0.305 -1.19204 2.64196
v -0.307 -1.19204 2.64396
v -0.307 -1.19204 2.66804
v -0.305 -1.19204 2.67004
v -0.305 -1.16796 2.67004
v -0.307 -1.16796 2.66804
v -0.297 -1.19204 2.64396
v -0.299 -1.19204 2.64196
v -0.299 -1.16796 2.64196
v -0.297 -1.16796 2.64396
v -0.297 -1.16796 2.66804
v -0.299 -1.16796 2.67004
v -0.299 -1.19204 2.67004
v -0.297 -1.19204 2.66804
v -0.305 -1.19404 2.64396
v -0.305 -1.19204 2.64196
v -0.299 -1.19204 2.64196
v -0.299 -1.19404 2.64396
v -0.299 -1.19404 2.66804
v -0.299 -1.19204 2.67004
v -0.305 -1.19204 2.67004
v -0.305 -1.19404 2.66804
v -0.299 -1.16596 2.64396
v -0.299 -1.16796 2.64196
v -0.305 -1.16796 2.64196
v -0.305 -1.16596 2.64396
v -0.305 -1.16596 2.66804
v -0.305 -1.16796 2.67004
v -0.299 -1.16796 2.67004
v -0.299 -1.16596 2.66804
v -0.305 -1.19204 2.64196
v -0.305 -1.19404 2.64396
v -0.307 -1.19204 2.64396
v -0.307 -1.19204 2.66804
v -0.305 -1.19404 2.66804
v -0.305 -1.19204 2.67004
v -0.307 -1.16796 2.64396
v -0.305 -1.16596 2.64396
v -0.305 -1.16796 2.64196
v -0.305 -1.16796 2.67004
v -0.305 -1.16596 2.66804
v -0.307 -1.16796 2.66804
v -0.297 -1.19204 2.64396
v -0.299 -1.19404 2.64396
v -0.299 -1.19204 2.64196
v -0.299 -1.19204 2.67004
v -0.299 -1.19404 2.66804
v -0.297 -1.19204 2.66804
v -0.299 -1.16796 2.64196
v -0.299 -1.16596 2.64396
v -0.297 -1.16796 2.64396
v -0.297 -1.16796 2.66804
v -0.299 -1.16596 2.66804
v -0.299 -1.16796 2.67004
v -0.307 -1.12004 2.66804
v -0.307 -1.09596 2.66804
v -0.307 -1.09596 2.64396
v -0.307 -1.12004 2.64396
v -0.297 -1.12004 2.64396
v -0.297 -1.09596 2.64396
v -0.297 -1.09596 2.66804
v -0.297 -1.12004 2.66804
v -0.305 -1.12204 2.64396
v -0.299 -1.12204 2.64396
v -0.299 -1.12204 2.66804
v -0.305 -1.12204 2.66804
v -0.305 -1.09396 2.66804
v -0.299 -1.09396 2.66804
v -0.299 -1.09396 2.64396
v -0.305 -1.09396 2.64396
v -0.305 -1.09596 2.64196
v -0.299 -1.09596 2.64196
v -0.299 -1.12004 2.64196
v -0.305 -1.12004 2.64196
v -0.305 -1.12004 2.67004
v -0.299 -1.12004 2.67004
v -0.299 -1.09596 2.67004
v -0.305 -1.09596 2.67004
v -0.307 -1.12004 2.64396
v -0.305 -1.12204 2.64396
v -0.305 -1.12204 2.66804
v -0.307 -1.12004 2.66804
v -0.307 -1.09596 2.66804
v -0.305 -1.09396 2.66804
v -0.305 -1.09396 2.64396
v -0.307 -1.09596 2.64396
v -0.297 -1.12004 2.66804
v -0.299 -1.12204 2.66804
v -0.299 -1.12204 2.64396
v -0.297 -1.12004 2.64396
v -0.297 -1.09596 2.64396
v -0.299 -1.09396 2.64396
v -0.299 -1.09396 2.66804
v -0.297 -1.09596 2.66804
v -0.307 -1.09596 2.64396
v -0.305 -1.09596 2.64196
v -0.305 -1.12004 2.64196
v -0.307 -1.12004 2.64396
v -0.307 -1.12004 2.66804
v -0.305 -1.12004 2.67004
v -0.305 -1.09596 2.67004
v -0.307 -1.09596 2.66804
v -0.297 -1.12004 2.64396
v -0.299 -1.12004 2.64196
v -0.299 -1.09596 2.64196
v -0.297 -1.09596 2.64396
v -0.297 -1.09596 2.66804
v -0.299 -1.09596 2.67004
v -0.299 -1.12004 2.67004
v -0.297 -1.12004 2.66804
v -0.305 -1.12204 2.64396
v -0.305 -1.12004 2.64196
v -0.299 -1.12004 2.64196
v -0.299 -1.12204 2.64396
v -0.299 -1.12204 2.66804
v -0.299 -1.12004 2.67004
v -0.305 -1.12004 2.67004
v -0.305 -1.12204 2.66804
v -0.299 -1.09396 2.64396
v -0.299 -1.09596 2.64196
v -0.305 -1.09596 2.64196
v -0.305 -1.09396 2.64396
v -0.305 -1.09396 2.66804
v -0.305 -1.09596 2.67004
v -0.299 -1.09596 2.67004
v -0.299 -1.09396 2.66804
v -0.305 -1.12004 2.64196
v -0.305 -1.12204 2.64396
v -0.307 -1.12004 2.64396
v -0.307 -1.12004 2.66804
v -0.305 -1.12204 2.66804
v -0.305 -1.12004 2.67004
v -0.307 -1.09596 2.64396
v -0.305 -1.09396 2.64396
v -0.305 -1.09596 2.64196
v -0.305 -1.09596 2.67004
v -0.305 -1.09396 2.66804
v -0.307 -1.09596 2.66804
v -0.297 -1.12004 2.64396
v -0.299 -1.12204 2.64396
v -0.299 -1.12004 2.64196
v -0.299 -1.12004 2.67004
v -0.299 -1.12204 2.66804
v -0.297 -1.12004 2.66804
v -0.299 -1.09596 2.64196
v -0.299 -1.09396 2.64396
v -0.297 -1.09596 2.64396
v -0.297 -1.09596 2.66804
v -0.299 -1.09396 2.66804
v -0.299 -1.09596 2.67004
v -0.307 -1.19204 2.63204
v -0.307 -1.16796 2.63204
v -0.307 -1.16796 2.60796
v -0.307 -1.19204 2.60796
v -0.297 -1.19204 2.60796
v -0.297 -1.16796 2.60796
v -0.297 -1.16796 2.63204
v -0.297 -1.19204 2.63204
v -0.305 -1.19404 2.60796
v -0.299 -1.19404 2.60796
v -0.299 -1.19404 2.63204
v -0.305 -1.19404 2.63204
v -0.305 -1.16596 2.63204
v -0.299 -1.16596 2.63204
v -0.299 -1.16596 2.60796
v -0.305 -1.16596 2.60796
v -0.305 -1.16796 2.60596
v -0.299 -1.16796 2.60596
v -0.299 -1.19204 2.60596
v -0.305 -1.19204 2.60596
v -0.305 -1.19204 2.63404
v -0.299 -1.19204 2.63404
v -0.299 -1.16796 2.63404
v -0.305 -1.16796 2.63404
v -0.307 -1.19204 2.60796
v -0.305 -1.19404 2.60796
v -0.305 -1.19404 2.63204
v -0.307 -1.19204 2.63204
v -0.307 -1.16796 2.63204
v -0.305 -1.16596 2.63204
v -0.305 -1.16596 2.60796
v -0.307 -1.16796 2.60796
v -0.297 -1.19204 2.63204
v -0.299 -1.19404 2.63204
v -0.299 -1.19404 2.60796
v -0.297 -1.19204 2.60796
v -0.297 -1.16796 2.60796
v -0.299 -1.16596 2.60796
v -0.299 -1.16596 2.63204
v -0.297 -1.16796 2.63204
v -0.307 -1.16796 2.60796
v -0.305 -1.16796 2.60596
v -0.305 -1.19204 2.60596
v -0.307 -1.19204 2.60796
v -0.307 -1.19204 2.63204
v -0.305 -1.19204 2.63404
v -0.305 -1.16796 2.63404
v -0.307 -1.16796 2.63204
v -0.297 -1.19204 2.60796
v -0.299 -1.19204 2.60596
v -0.299 -1.16796 2.60596
v -0.297 -1.16796 2.60796
v -0.297 -1.16796 2.63204
v -0.299 -1.16796 2.63404
v -0.299 -1.19204 2.63404
v -0.297 -1.19204 2.63204
v -0.305 -1.19404 2.60796
v -0.305 -1.19204 2.60596
v -0.299 -1.19204 2.60596
v -0.299 -1.19404 2.60796
v -0.299 -1.19404 2.63204
v -0.299 -1.19204 2.63404
v -0.305 -1.19204 2.63404
v -0.305 -1.19404 2.63204
v -0.299 -1.16596 2.60796
v -0.299 -1.16796 2.60596
v -0.305 -1.16796 2.60596
v -0.305 -1.16596 2.60796
v -0.305 -1.16596 2.63204
v -0.305 -1.16796 2.63404
v -0.299 -1.16796 2.63404
v -0.299 -1.16596 2.63204
v -0.305 -1.19204 2.60596
v -0.305 -1.19404 2.60796
v -0.307 -1.19204 2.60796
v -0.307 -1.19204 2.63204
v -0.305 -1.19404 2.63204
v -0.305 -1.19204 2.63404
v -0.307 -1.16796 2.60796
v -0.305 -1.16596 2.60796
v -0.305 -1.16796 2.60596
v -0.305 -1.16796 2.63404
v -0.305 -1.16596 2.63204
v -0.307 -1.16796 2.63204
v -0.297 -1.19204 2.60796
v -0.299 -1.19404 2.60796
v -0.299 -1.19204 2.60596
v -0.299 -1.19204 2.63404
v -0.299 -1.19404 2.63204
v -0.297 -1.19204 2.63204
v -0.299 -1.16796 2.60596
v -0.299 -1.16596 2.60796
v -0.297 -1.16796 2.60796
v -0.297 -1.16796 2.63204
v -0.299 -1.16596 2.63204
v -0.299 -1.16796 2.63404
v -0.307 -1.15604 2.63204
v -0.307 -1.13196 2.63204
v -0.307 -1.13196 2.60796
v -0.307 -1.15604 2.60796
v -0.297 -1.15604 2.60796
v -0.297 -1.13196 2.60796
v -0.297 -1.13196 2.63204
v -0.297 -1.15604 2.63204
v -0.305 -1.15804 2.60796
v -0.299 -1.15804 2.60796
v -0.299 -1.15804 2.63204
v -0.305 -1.15804 2.63204
v -0.305 -1.12996 2.63204
v -0.299 -1.12996 2.63204
v -0.299 -1.12996 2.60796
v -0.305 -1.12996 2.60796
v -0.305 -1.13196 2.60596
v -0.299 -1.13196 2.60596
v -0.299 -1.15604 2.60596
v -0.305 -1.15604 2.60596
v -0.305 -1.15604 2.63404
v -0.299 -1.15604 2.63404
v -0.299 -1.13196 2.63404
v -0.305 -1.13196 2.63404
v -0.307 -1.15604 2.60796
v -0.305 -1.15804 2.60796
v -0.305 -1.15804 2.63204
v -0.307 -1.15604 2.63204
v -0.307 -1.13196 2.63204
v -0.305 -1.12996 2.63204
v -0.305 -1.12996 2.60796
v -0.307 -1.13196 2.60796
v -0.297 -1.15604 2.63204
v -0.299 -1.15804 2.63204
v -0.299 -1.15804 2.60796
v -0.297 -1.15604 2.60796
v -0.297 -1.13196 2.60796
v -0.299 -1.12996 2.60796
v -0.299 -1.12996 2.63204
v -0.297 -1.13196 2.63204
v -0.307 -1.13196 2.60796
v -0.305 -1.13196 2.60596
v -0.305 -1.15604 2.60596
v -0.307 -1.15604 2.60796
v -0.307 -1.15604 2.63204
v -0.305 -1.15604 2.63404
v -0.305 -1.13196 2.63404
v -0.307 -1.13196 2.63204
v -0.297 -1.15604 2.60796
v -0.299 -1.15604 2.60596
v -0.299 -1.13196 2.60596
v -0.297 -1.13196 2.60796
v -0.297 -1.13196 2.63204
v -0.299 -1.13196 2.63404
v -0.299 -1.15604 2.63404
v -0.297 -1.15604 2.63204
v -0.305 -1.15804 2.60796
v -0.305 -1.15604 2.60596
v -0.299 -1.15604 2.60596
v -0.299 -1.15804 2.60796
v -0.299 -1.15804 2.63204
v -0.299 -1.15604 2.63404
v -0.305 -1.15604 2.63404
v -0.305 -1.15804 2.63204
v -0.299 -1.12996 2.60796
v -0.299 -1.13196 2.60596
v -0.305 -1.13196 2.60596
v -0.305 -1.12996 2.60796
v -0.305 -1.12996 2.63204
v -0.305 -1.13196 2.63404
v -0.299 -1.13196 2.63404
v -0.299 -1.12996 2.63204
v -0.305 -1.15604 2.60596
v -0.305 -1.15804 2.60796
v -0.307 -1.15604 2.60796
v -0.307 -1.15604 2.63204
v -0.305 -1.15804 2.63204
v -0.305 -1.15604 2.63404
v -0.307 -1.13196 2.60796
v -0.305 -1.12996 2.60796
v -0.305 -1.13196 2.60596
v -0.305 -1.13196 2.63404
v -0.305 -1.12996 2.63204
v -0.307 -1.13196 2.63204
v -0.297 -1.15604 2.60796
v -0.299 -1.15804 2.60796
v -0.299 -1.15604 2.60596
v -0.299 -1.15604 2.63404
v -0.299 -1.15804 2.63204
v -0.297 -1.15604 2.63204
v -0.299 -1.13196 2.60596
v -0.299 -1.12996 2.60796
v -0.297 -1.13196 2.60796
v -0.297 -1.13196 2.63204
v -0.299 -1.12996 2.63204
v -0.299 -1.13196 2.63404
v -0.307 -1.12004 2.63204
v -0.307 -1.09596 2.63204
v -0.307 -1.09596 2.60796
v -0.307 -1.12004 2.60796
v -0.297 -1.12004 2.60796
v -0.297 -1.09596 2.60796
v -0.297 -1.09596 2.63204
v -0.297 -1.12004 2.63204
v -0.305 -1.12204 2.60796
v -0.299 -1.12204 2.60796
v -0.299 -1.12204 2.63204
v -0.305 -1.12204 2.63204
v -0.305 -1.09396 2.63204
v -0.299 -1.09396 2.63204
v -0.299 -1.09396 2.60796
v -0.305 -1.09396 2.60796
v -0.305 -1.09596 2.60596
v -0.299 -1.09596 2.60596
v -0.299 -1.12004 2.60596
v -0.305 -1.12004 2.60596
v -0.305 -1.12004 2.63404
v -0.299 -1.12004 2.63404
v -0.299 -1.09596 2.63404
v -0.305 -1.09596 2.63404
v -0.307 -1.12004 2.60796
v -0.305 -1.12204 2.60796
v -0.305 -1.12204 2.63204
v -0.307 -1.12004 2.63204
v -0.307 -1.09596 2.63204
v -0.305 -1.09396 2.63204
v -0.305 -1.09396 2.60796
v -0.307 -1.09596 2.60796
v -0.297 -1.12004 2.63204
v -0.299 -1.12204 2.63204
v -0.299 -1.12204 2.60796
v -0.297 -1.12004 2.60796
v -0.297 -1.09596 2.60796
v -0.299 -1.09396 2.60796
v -0.299 -1.09396 2.63204
v -0.297 -1.09596 2.63204
v -0.307 -1.09596 2.60796
v -0.305 -1.09596 2.60596
v -0.305 -1.12004 2.60596
v -0.307 -1.12004 2.60796
v -0.307 -1.12004 2.63204
v -0.305 -1.12004 2.63404
v -0.305 -1.09596 2.63404
v -0.307 -1.09596 2.63204
v -0.297 -1.12004 2.60796
v -0.299 -1.12004 2.60596
v -0.299 -1.09596 2.60596
v -0.297 -1.09596 2.60796
v -0.297 -1.09596 2.63204
v -0.299 -1.09596 2.63404
v -0.299 -1.12004 2.63404
v -0.297 -1.12004 2.63204
v -0.305 -1.12204 2.60796
v -0.305 -1.12004 2.60596
v -0.299 -1.12004 2.60596
v -0.299 -1.12204 2.60796
v -0.299 -1.12204 2.63204
v -0.299 -1.12004 2.63404
v -0.305 -1.12004 2.63404
v -0.305 -1.12204 2.63204
v -0.299 -1.09396 2.60796
v -0.299 -1.09596 2.60596
v -0.305 -1.09596 2.60596
v -0.305 -1.09396 2.60796
v -0.305 -1.09396 2.63204
v -0.305 -1.09596 2.63404
v -0.299 -1.09596 2.63404
v -0.299 -1.09396 2.63204
v -0.305 -1.12004 2.60596
v -0.305 -1.12204 2.60796
v -0.307 -1.12004 2.60796
v -0.307 -1.12004 2.63204
v -0.305 -1.12204 2.63204
v -0.305 -1.12004 2.63404
v -0.307 -1.09596 2.60796
v -0.305 -1.09396 2.60796
v -0.305 -1.09596 2.60596
v -0.305 -1.09596 2.63404
v -0.305 -1.09396 2.63204
v -0.307 -1.09596 2.63204
v -0.297 -1.12004 2.60796
v -0.299 -1.12204 2.60796
v -0.299 -1.12004 2.60596
v -0.299 -1.12004 2.63404
v -0.299 -1.12204 2.63204
v -0.297 -1.12004 2.63204
v -0.299 -1.09596 2.60596
v -0.299 -1.09396 2.60796
v -0.297 -1.09596 2.60796
v -0.297 -1.09596 2.63204
v -0.299 -1.09396 2.63204
v -0.299 -1.09596 2.63404
v -0.307 -1.04804 2.74004
v -0.307 -1.02396 2.74004
v -0.307 -1.02396 2.71596
v -0.307 -1.04804 2.71596
v -0.297 -1.04804 2.71596
v -0.297 -1.02396 2.71596
v -0.297 -1.02396 2.74004
v -0.297 -1.04804 2.74004
v -0.305 -1.05004 2.71596
v -0.299 -1.05004 2.71596
v -0.299 -1.05004 2.74004
v -0.305 -1.05004 2.74004
v -0.305 -1.02196 2.74004
v -0.299 -1.02196 2.74004
v -0.299 -1.02196 2.71596
v -0.305 -1.02196 2.71596
v -0.305 -1.02396 2.71396
v -0.299 -1.02396 2.71396
v -0.299 -1.04804 2.71396
v -0.305 -1.04804 2.71396
v -0.305 -1.04804 2.74204
v -0.299 -1.04804 2.74204
v -0.299 -1.02396 2.74204
v -0.305 -1.02396 2.74204
v -0.307 -1.04804 2.71596
v -0.305 -1.05004 2.71596
v -0.305 -1.05004 2.74004
v -0.307 -1.04804 2.74004
v -0.307 -1.02396 2.74004
v -0.305 -1.02196 2.74004
v -0.305 -1.02196 2.71596
v -0.307 -1.02396 2.71596
v -0.297 -1.04804 2.74004
v -0.299 -1.05004 2.74004
v -0.299 -1.05004 2.71596
v -0.297 -1.04804 2.71596
v -0.297 -1.02396 2.71596
v -0.299 -1.02196 2.71596
v -0.299 -1.02196 2.74004
v -0.297 -1.02396 2.74004
v -0.307 -1.02396 2.71596
v -0.305 -1.02396 2.71396
v -0.305 -1.04804 2.71396
v -0.307 -1.04804 2.71596
v -0.307 -1.04804 2.74004
v -0.305 -1.04804 2.74204
v -0.305 -1.02396 2.74204
v -0.307 -1.02396 2.74004
v -0.297 -1.04804 2.71596
v -0.299 -1.04804 2.71396
v -0.299 -1.02396 2.71396
v -0.297 -1.02396 2.71596
v -0.297 -1.02396 2.74004
v -0.299 -1.02396 2.74204
v -0.299 -1.04804 2.74204
v -0.297 -1.04804 2.74004
v -0.305 -1.05004 2.71596
v -0.305 -1.04804 2.71396
v -0.299 -1.04804 2.71396
v -0.299 -1.05004 2.71596
v -0.299 -1.05004 2.74004
v -0.299 -1.04804 2.74204
v -0.305 -1.04804 2.74204
v -0.305 -1.05004 2.74004
v -0.299 -1.02196 2.71596
v -0.299 -1.02396 2.71396
v -0.305 -1.02396 2.71396
v -0.305 -1.02196 2.71596
v -0.305 -1.02196 2.74004
v -0.305 -1.02396 2.74204
v -0.299 -1.02396 2.74204
v -0.299 -1.02196 2.74004
v -0.305 -1.04804 2.71396
v -0.305 -1.05004 2.71596
v -0.307 -1.04804 2.71596
v -0.307 -1.04804 2.74004
v -0.305 -1.05004 2.74004
v -0.305 -1.04804 2.74204
v -0.307 -1.02396 2.71596
v -0.305 -1.02196 2.71596
v -0.305 -1.02396 2.71396
v -0.305 -1.02396 2.74204
v -0.305 -1.02196 2.74004
v -0.307 -1.02396 2.74004
v -0.297 -1.04804 2.71596
v -0.299 -1.05004 2.71596
v -0.299 -1.04804 2.71396
v -0.299 -1.04804 2.74204
v -0.299 -1.05004 2.74004
v -0.297 -1.04804 2.74004
v -0.299 -1.02396 2.71396
v -0.299 -1.02196 2.71596
v -0.297 -1.02396 2.71596
v -0.297 -1.02396 2.74004
v -0.299 -1.02196 2.74004
v -0.299 -1.02396 2.74204
v -0.307 -1.01204 2.74004
v -0.307 -0.98796 2.74004
v -0.307 -0.98796 2.71596
v -0.307 -1.01204 2.71596
v -0.297 -1.01204 2.71596
v -0.297 -0.98796 2.71596
v -0.297 -0.98796 2.74004
v -0.297 -1.01204 2.74004
v -0.305 -1.01404 2.71596
v -0.299 -1.01404 2.71596
v -0.299 -1.01404 2.74004
v -0.305 -1.01404 2.74004
v -0.305 -0.98596 2.74004
v -0.299 -0.98596 2.74004
v -0.299 -0.98596 2.71596
v -0.305 -0.98596 2.71596
v -0.305 -0.98796 2.71396
v -0.299 -0.98796 2.71396
v -0.299 -1.01204 2.71396
v -0.305 -1.01204 2.71396
v -0.305 -1.01204 2.74204
v -0.299 -1.01204 2.74204
v -0.299 -0.98796 2.74204
v -0.305 -0.98796 2.74204
v -0.307 -1.01204 2.71596
v -0.305 -1.01404 2.71596
v -0.305 -1.01404 2.74004
v -0.307 -1.01204 2.74004
v -0.307 -0.98796 2.74004
v -0.305 -0.98596 2.74004
v -0.305 -0.98596 2.71596
v -0.307 -0.98796 2.71596
v -0.297 -1.01204 2.74004
v -0.299 -1.01404 2.74004
v -0.299 -1.01404 2.71596
v -0.297 -1.01204 2.71596
v -0.297 -0.98796 2.71596
v -0.299 -0.98596 2.71596
v -0.299 -0.98596 2.74004
v -0.297 -0.98796 2.74004
v -0.307 -0.98796 2.71596
v -0.305 -0.98796 2.71396
v -0.305 -1.01204 2.71396
v -0.307 -1.01204 2.71596
v -0.307 -1.01204 2.74004
v -0.305 -1.01204 2.74204
v -0.305 -0.98796 2.74204
v -0.307 -0.98796 2.74004
v -0.297 -1.01204 2.71596
v -0.299 -1.01204 2.71396
v -0.299 -0.98796 2.71396
v -0.297 -0.98796 2.71596
v -0.297 -0.98796 2.74004
v -0.299 -0.98796 2.74204
v -0.299 -1.01204 2.74204
v -0.297 -1.01204 2.74004
v -0.305 -1.01404 2.71596
v -0.305 -1.01204 2.71396
v -0.299 -1.01204 2.71396
v -0.299 -1.01404 2.71596
v -0.299 -1.01404 2.74004
v -0.299 -1.01204 2.74204
v -0.305 -1.01204 2.74204
v -0.305 -1.01404 2.74004
v -0.299 -0.98596 2.71596
v -0.299 -0.98796 2.71396
v -0.305 -0.98796 2.71396
v -0.305 -0.98596 2.71596
v -0.305 -0.98596 2.74004
v -0.305 -0.98796 2.74204
v -0.299 -0.98796 2.74204
v -0.299 -0.98596 2.74004
v -0.305 -1.01204 2.71396
v -0.305 -1.01404 2.71596
v -0.307 -1.01204 2.71596
v -0.307 -1.01204 2.74004
v -0.305 -1.01404 2.74004
v -0.305 -1.01204 2.74204
v -0.307 -0.98796 2.71596
v -0.305 -0.98596 2.71596
v -0.305 -0.98796 2.71396
v -0.305 -0.98796 2.74204
v -0.305 -0.98596 2.74004
v -0.307 -0.98796 2.74004
v -0.297 -1.01204 2.71596
v -0.299 -1.01404 2.71596
v -0.299 -1.01204 2.71396
v -0.299 -1.01204 2.74204
v -0.299 -1.01404 2.74004
v -0.297 -1.01204 2.74004
v -0.299 -0.98796 2.71396
v -0.299 -0.98596 2.71596
v -0.297 -0.98796 2.71596
v -0.297 -0.98796 2.74004
v -0.299 -0.98596 2.74004
v -0.299 -0.98796 2.74204
v -0.307 -0.97604 2.74004
v -0.307 -0.95196 2.74004
v -0.307 -0.95196 2.71596
v -0.307 -0.97604 2.71596
v -0.297 -0.97604 2.71596
v -0.297 -0.95196 2.71596
v -0.297 -0.95196 2.74004
v -0.297 -0.97604 2.74004
v -0.305 -0.97804 2.71596
v -0.299 -0.97804 2.71596
v -0.299 -0.97804 2.74004
v -0.305 -0.97804 2.74004
v -0.305 -0.94996 2.74004
v -0.299 -0.94996 2.74004
v -0.299 -0.94996 2.71596
v -0.305 -0.94996 2.71596
v -0.305 -0.95196 2.71396
v -0.299 -0.95196 2.71396
v -0.299 -0.97604 2.71396
v -0.305 -0.97604 2.71396
v -0.305 -0.97604 2.74204
v -0.299 -0.97604 2.74204
v -0.299 -0.95196 2.74204
v -0.305 -0.95196 2.74204
v -0.307 -0.97604 2.71596
v -0.305 -0.97804 2.71596
v -0.305 -0.97804 2.74004
v -0.307 -0.97604 2.74004
v -0.307 -0.95196 2.74004
v -0.305 -0.94996 2.74004
v -0.305 -0.94996 2.71596
v -0.307 -0.95196 2.71596
v -0.297 -0.97604 2.74004
v -0.299 -0.97804 2.74004
v -0.299 -0.97804 2.71596
v -0.297 -0.97604 2.71596
v -0.297 -0.95196 2.71596
v -0.299 -0.94996 2.71596
v -0.299 -0.94996 2.74004
v -0.297 -0.95196 2.74004
v -0.307 -0.95196 2.71596
v -0.305 -0.95196 2.71396
v -0.305 -0.97604 2.71396
v -0.307 -0.97604 2.71596
v -0.307 -0.97604 2.74004
v -0.305 -0.97604 2.74204
v -0.305 -0.95196 2.74204
v -0.307 -0.95196 2.74004
v -0.297 -0.97604 2.71596
v -0.299 -0.97604 2.71396
v -0.299 -0.95196 2.71396
v -0.297 -0.95196 2.71596
v -0.297 -0.95196 2.74004
v -0.299 -0.95196 2.74204
v -0.299 -0.97604 2.74204
v -0.297 -0.97604 2.74004
v -0.305 -0.97804 2.71596
v -0.305 -0.97604 2.71396
v -0.299 -0.97604 2.71396
v -0.299 -0.97804 2.71596
v -0.299 -0.97804 2.74004
v -0.299 -0.97604 2.74204
v -0.305 -0.97604 2.74204
v -0.305 -0.97804 2.74004
v -0.299 -0.94996 2.71596
v -0.299 -0.95196 2.71396
v -0.305 -0.95196 2.71396
v -0.305 -0.94996 2.71596
v -0.305 -0.94996 2.74004
v -0.305 -0.95196 2.74204
v -0.299 -0.95196 2.74204
v -0.299 -0.94996 2.74004
v -0.305 -0.97604 2.71396
v -0.305 -0.97804 2.71596
v -0.307 -0.97604 2.71596
v -0.307 -0.97604 2.74004
v -0.305 -0.97804 2.74004
v -0.305 -0.97604 2.74204
v -0.307 -0.95196 2.71596
v -0.305 -0.94996 2.71596
v -0.305 -0.95196 2.71396
v -0.305 -0.95196 2.74204
v -0.305 -0.94996 2.74004
v -0.307 -0.95196 2.74004
v -0.297 -0.97604 2.71596
v -0.299 -0.97804 2.71596
v -0.299 -0.97604 2.71396
v -0.299 -0.97604 2.74204
v -0.299 -0.97804 2.74004
v -0.297 -0.97604 2.74004
v -0.299 -0.95196 2.71396
v -0.299 -0.94996 2.71596
v -0.297 -0.95196 2.71596
v -0.297 -0.95196 2.74004
v -0.299 -0.94996 2.74004
v -0.299 -0.95196 2.74204
v -0.307 -1.04804 2.70404
v -0.307 -1.02396 2.70404
v -0.307 -1.02396 2.67996
v -0.307 -1.04804 2.67996
v -0.297 -1.04804 2.67996
v -0.297 -1.02396 2.67996
v -0.297 -1.02396 2.70404
v -0.297 -1.04804 2.70404
v -0.305 -1.05004 2.67996
v -0.299 -1.05004 2.67996
v -0.299 -1.05004 2.70404
v -0.305 -1.05004 2.70404
v -0.305 -1.02196 2.70404
v -0.299 -1.02196 2.70404
v -0.299 -1.02196 2.67996
v -0.305 -1.02196 2.67996
v -0.305 -1.02396 2.67796
v -0.299 -1.02396 2.67796
v -0.299 -1.04804 2.67796
v -0.305 -1.04804 2.67796
v -0.305 -1.04804 2.70604
v -0.299 -1.04804 2.70604
v -0.299 -1.02396 2.70604
v -0.305 -1.02396 2.70604
v -0.307 -1.04804 2.67996
v -0.305 -1.05004 2.67996
v -0.305 -1.05004 2.70404
v -0.307 -1.04804 2.70404
v -0.307 -1.02396 2.70404
v -0.305 -1.02196 2.70404
v -0.305 -1.02196 2.67996
v -0.307 -1.02396 2.67996
v -0.297 -1.04804 2.70404
v -0.299 -1.05004 2.70404
v -0.299 -1.05004 2.67996
v -0.297 -1.04804 2.67996
v -0.297 -1.02396 2.67996
v -0.299 -1.02196 2.67996
v -0.299 -1.02196 2.70404
v -0.297 -1.02396 2.70404
v -0.307 -1.02396 2.67996
v -0.305 -1.02396 2.67796
v -0.305 -1.04804 2.67796
v -0.307 -1.04804 2.67996
v -0.307 -1.04804 2.70404
v -0.305 -1.04804 2.70604
v -0.305 -1.02396 2.70604
v -0.307 -1.02396 2.70404
v -0.297 -1.04804 2.67996
v -0.299 -1.04804 2.67796
v -0.299 -1.02396 2.67796
v -0.297 -1.02396 2.67996
v -0.297 -1.02396 2.70404
v -0.299 -1.02396 2.70604
v -0.299 -1.04804 2.70604
v -0.297 -1.04804 2.70404
v -0.305 -1.05004 2.67996
v -0.305 -1.04804 2.67796
v -0.299 -1.04804 2.67796
v -0.299 -1.05004 2.67996
v -0.299 -1.05004 2.70404
v -0.299 -1.04804 2.70604
v -0.305 -1.04804 2.70604
v -0.305 -1.05004 2.70404
v -0.299 -1.02196 2.67996
v -0.299 -1.02396 2.67796
v -0.305 -1.02396 2.67796
v -0.305 -1.02196 2.67996
v -0.305 -1.02196 2.70404
v -0.305 -1.02396 2.70604
v -0.299 -1.02396 2.70604
v -0.299 -1.02196 2.70404
v -0.305 -1.04804 2.67796
v -0.305 -1.05004 2.67996
v -0.307 -1.04804 2.67996
v -0.307 -1.04804 2.70404
v -0.305 -1.05004 2.70404
v -0.305 -1.04804 2.70604
v -0.307 -1.02396 2.67996
v -0.305 -1.02196 2.67996
v -0.305 -1.02396 2.67796
v -0.305 -1.02396 2.70604
v -0.305 -1.02196 2.70404
v -0.307 -1.02396 2.70404
v -0.297 -1.04804 2.67996
v -0.299 -1.05004 2.67996
v -0.299 -1.04804 2.67796
v -0.299 -1.04804 2.70604
v -0.299 -1.05004 2.70404
v -0.297 -1.04804 2.70404
v -0.299 -1.02396 2.67796
v -0.299 -1.02196 2.67996
v -0.297 -1.02396 2.67996
v -0.297 -1.02396 2.70404
v -0.299 -1.02196 2.70404
v -0.299 -1.02396 2.70604
v -0.307 -1.01204 2.66804
v -0.307 -0.98796 2.66804
v -0.307 -0.98796 2.64396
v -0.307 -1.01204 2.64396
v -0.297 -1.01204 2.64396
v -0.297 -0.98796 2.64396
v -0.297 -0.98796 2.66804
v -0.297 -1.01204 2.66804
v -0.305 -1.01404 2.64396
v -0.299 -1.01404 2.64396
v -0.299 -1.01404 2.66804
v -0.305 -1.01404 2.66804
v -0.305 -0.98596 2.66804
v -0.299 -0.98596 2.66804
v -0.299 -0.98596 2.64396
v -0.305 -0.98596 2.64396
v -0.305 -0.98796 2.64196
v -0.299 -0.98796 2.64196
v -0.299 -1.01204 2.64196
v -0.305 -1.01204 2.64196
v -0.305 -1.01204 2.67004
v -0.299 -1.01204 2.67004
v -0.299 -0.98796 2.67004
v -0.305 -0.98796 2.67004
v -0.307 -1.01204 2.64396
v -0.305 -1.01404 2.64396
v -0.305 -1.01404 2.66804
v -0.307 -1.01204 2.66804
v -0.307 -0.98796 2.66804
v -0.305 -0.98596 2.66804
v -0.305 -0.98596 2.64396
v -0.307 -0.98796 2.64396
v -0.297 -1.01204 2.66804
v -0.299 -1.01404 2.66804
v -0.299 -1.01404 2.64396
v -0.297 -1.01204 2.64396
v -0.297 -0.98796 2.64396
v -0.299 -0.98596 2.64396
v -0.299 -0.98596 2.66804
v -0.297 -0.98796 2.66804
v -0.307 -0.98796 2.64396
v -0.305 -0.98796 2.64196
v -0.305 -1.01204 2.64196
v -0.307 -1.01204 2.64396
v -0.307 -1.01204 2.66804
v -0.305 -1.01204 2.67004
v -0.305 -0.98796 2.67004
v -0.307 -0.98796 2.66804
v -0.297 -1.01204 2.64396
v -0.299 -1.01204 2.64196
v -0.299 -0.98796 2.64196
v -0.297 -0.98796 2.64396
v -0.297 -0.98796 2.66804
v -0.299 -0.98796 2.67004
v -0.299 -1.01204 2.67004
v -0.297 -1.01204 2.66804
v -0.305 -1.01404 2.64396
v -0.305 -1.01204 2.64196
v -0.299 -1.01204 2.64196
v -0.299 -1.01404 2.64396
v -0.299 -1.01404 2.66804
v -0.299 -1.01204 2.67004
v -0.305 -1.01204 2.67004
v -0.305 -1.01404 2.66804
v -0.299 -0.98596 2.64396
v -0.299 -0.98796 2.64196
v -0.305 -0.98796 2.64196
v -0.305 -0.98596 2.64396
v -0.305 -0.98596 2.66804
v -0.305 -0.98796 2.67004
v -0.299 -0.98796 2.67004
v -0.299 -0.98596 2.66804
v -0.305 -1.01204 2.64196
v -0.305 -1.01404 2.64396
v -0.307 -1.01204 2.64396
v -0.307 -1.01204 2.66804
v -0.305 -1.01404 2.66804
v -0.305 -1.01204 2.67004
v -0.307 -0.98796 2.64396
v -0.305 -0.98596 2.64396
v -0.305 -0.98796 2.64196
v -0.305 -0.98796 2.67004
v -0.305 -0.98596 2.66804
v -0.307 -0.98796 2.66804
v -0.297 -1.01204 2.64396
v -0.299 -1.01404 2.64396
v -0.299 -1.01204 2.64196
v -0.299 -1.01204 2.67004
v -0.299 -1.01404 2.66804
v -0.297 -1.01204 2.66804
v -0.299 -0.98796 2.64196
v -0.299 -0.98596 2.64396
v -0.297 -0.98796 2.64396
v -0.297 -0.98796 2.66804
v -0.299 -0.98596 2.66804
v -0.299 -0.98796 2.67004
v -0.307 -0.97604 2.66804
v -0.307 -0.95196 2.66804
v -0.307 -0.95196 2.64396
v -0.307 -0.97604 2.64396
v -0.297 -0.97604 2.64396
v -0.297 -0.95196 2.64396
v -0.297 -0.95196 2.66804
v -0.297 -0.97604 2.66804
v -0.305 -0.97804 2.64396
v -0.299 -0.97804 2.64396
v -0.299 -0.97804 2.66804
v -0.305 -0.97804 2.66804
v -0.305 -0.94996 2.66804
v -0.299 -0.94996 2.66804
v -0.299 -0.94996 2.64396
v -0.305 -0.94996 2.64396
v -0.305 -0.95196 2.64196
v -0.299 -0.95196 2.64196
v -0.299 -0.97604 2.64196
v -0.305 -0.97604 2.64196
v -0.305 -0.97604 2.67004
v -0.299 -0.97604 2.67004
v -0.299 -0.95196 2.67004
v -0.305 -0.95196 2.67004
v -0.307 -0.97604 2.64396
v -0.305 -0.97804 2.64396
v -0.305 -0.97804 2.66804
v -0.307 -0.97604 2.66804
v -0.307 -0.95196 2.66804
v -0.305 -0.94996 2.66804
v -0.305 -0.94996 2.64396
v -0.307 -0.95196 2.64396
v -0.297 -0.97604 2.66804
v -0.299 -0.97804 2.66804
v -0.299 -0.97804 2.64396
v -0.297 -0.97604 2.64396
v -0.297 -0.95196 2.64396
v -0.299 -0.94996 2.64396
v -0.299 -0.94996 2.66804
v -0.297 -0.95196 2.66804
v -0.307 -0.95196 2.64396
v -0.305 -0.95196 2.64196
v -0.305 -0.97604 2.64196
v -0.307 -0.97604 2.64396
v -0.307 -0.97604 2.66804
v -0.305 -0.97604 2.67004
v -0.305 -0.95196 2.67004
v -0.307 -0.95196 2.66804
v -0.297 -0.97604 2.64396
v -0.299 -0.97604 2.64196
v -0.299 -0.95196 2.64196
v -0.297 -0.95196 2.64396
v -0.297 -0.95196 2.66804
v -0.299 -0.95196 2.67004
v -0.299 -0.97604 2.67004
v -0.297 -0.97604 2.66804
v -0.305 -0.97804 2.64396
v -0.305 -0.97604 2.64196
v -0.299 -0.97604 2.64196
v -0.299 -0.97804 2.64396
v -0.299 -0.97804 2.66804
v -0.299 -0.97604 2.67004
v -0.305 -0.97604 2.67004
v -0.305 -0.97804 2.66804
v -0.299 -0.94996 2.64396
v -0.299 -0.95196 2.64196
v -0.305 -0.95196 2.64196
v -0.305 -0.94996 2.64396
v -0.305 -0.94996 2.66804
v -0.305 -0.95196 2.67004
v -0.299 -0.95196 2.67004
v -0.299 -0.94996 2.66804
v -0.305 -0.97604 2.64196
v -0.305 -0.97804 2.64396
v -0.307 -0.97604 2.64396
v -0.307 -0.97604 2.66804
v -0.305 -0.97804 2.66804
v -0.305 -0.97604 2.67004
v -0.307 -0.95196 2.64396
v -0.305 -0.94996 2.64396
v -0.305 -0.95196 2.64196
v -0.305 -0.95196 2.67004
v -0.305 -0.94996 2.66804
v -0.307 -0.95196 2.66804
v -0.297 -0.97604 2.64396
v -0.299 -0.97804 2.64396
v -0.299 -0.97604 2.64196
v -0.299 -0.97604 2.67004
v -0.299 -0.97804 2.66804
v -0.297 -0.97604 2.66804
v -0.299 -0.95196 2.64196
v -0.299 -0.94996 2.64396
v -0.297 -0.95196 2.64396
v -0.297 -0.95196 2.66804
v -0.299 -0.94996 2.66804
v -0.299 -0.95196 2.67004
v -0.307 -1.04804 2.63204
v -0.307 -1.02396 2.63204
v -0.307 -1.02396 2.60796
v -0.307 -1.04804 2.60796
v -0.297 -1.04804 2.60796
v -0.297 -1.02396 2.60796
v -0.297 -1.02396 2.63204
v -0.297 -1.04804 2.63204
v -0.305 -1.05004 2.60796
v -0.299 -1.05004 2.60796
v -0.299 -1.05004 2.63204
v -0.305 -1.05004 2.63204
v -0.305 -1.02196 2.63204
v -0.299 -1.02196 2.63204
v -0.299 -1.02196 2.60796
v -0.305 -1.02196 2.60796
v -0.305 -1.02396 2.60596
v -0.299 -1.02396 2.60596
v -0.299 -1.04804 2.60596
v -0.305 -1.04804 2.60596
v -0.305 -1.04804 2.63404
v -0.299 -1.04804 2.63404
v -0.299 -1.02396 2.63404
v -0.305 -1.02396 2.63404
v -0.307 -1.04804 2.60796
v -0.305 -1.05004 2.60796
v -0.305 -1.05004 2.63204
v -0.307 -1.04804 2.63204
v -0.307 -1.02396 2.63204
v -0.305 -1.02196 2.63204
v -0.305 -1.02196 2.60796
v -0.307 -1.02396 2.60796
v -0.297 -1.04804 2.63204
v -0.299 -1.05004 2.63204
v -0.299 -1.05004 2.60796
v -0.297 -1.04804 2.60796
v -0.297 -1.02396 2.60796
v -0.299 -1.02196 2.60796
v -0.299 -1.02196 2.63204
v -0.297 -1.02396 2.63204
v -0.307 -1.02396 2.60796
v -0.305 -1.02396 2.60596
v -0.305 -1.04804 2.60596
v -0.307 -1.04804 2.60796
v -0.307 -1.04804 2.63204
v -0.305 -1.04804 2.63404
v -0.305 -1.02396 2.63404
v -0.307 -1.02396 2.63204
v -0.297 -1.04804 2.60796
v -0.299 -1.04804 2.60596
v -0.299 -1.02396 2.60596
v -0.297 -1.02396 2.60796
v -0.297 -1.02396 2.63204
v -0.299 -1.02396 2.63404
v -0.299 -1.04804 2.63404
v -0.297 -1.04804 2.63204
v -0.305 -1.05004 2.60796
v -0.305 -1.04804 2.60596
v -0.299 -1.04804 2.60596
v -0.299 -1.05004 2.60796
v -0.299 -1.05004 2.63204
v -0.299 -1.04804 2.63404
v -0.305 -1.04804 2.63404
v -0.305 -1.05004 2.63204
v -0.299 -1.02196 2.60796
v -0.299 -1.02396 2.60596
v -0.305 -1.02396 2.60596
v -0.305 -1.02196 2.60796
v -0.305 -1.02196 2.63204
v -0.305 -1.02396 2.63404
v -0.299 -1.02396 2.63404
v -0.299 -1.02196 2.63204
v -0.305 -1.04804 2.60596
v -0.305 -1.05004 2.60796
v -0.307 -1.04804 2.60796
v -0.307 -1.04804 2.63204
v -0.305 -1.05004 2.63204
v -0.305 -1.04804 2.63404
v -0.307 -1.02396 2.60796
v -0.305 -1.02196 2.60796
v -0.305 -1.02396 2.60596
v -0.305 -1.02396 2.63404
v -0.305 -1.02196 2.63204
v -0.307 -1.02396 2.63204
v -0.297 -1.04804 2.60796
v -0.299 -1.05004 2.60796
v -0.299 -1.04804 2.60596
v -0.299 -1.04804 2.63404
v -0.299 -1.05004 2.63204
v -0.297 -1.04804 2.63204
v -0.299 -1.02396 2.60596
v -0.299 -1.02196 2.60796
v -0.297 -1.02396 2.60796
v -0.297 -1.02396 2.63204
v -0.299 -1.02196 2.63204
v -0.299 -1.02396 2.63404
v -0.307 -1.01204 2.63204
v -0.307 -0.98796 2.63204
v -0.307 -0.98796 2.60796
v -0.307 -1.01204 2.60796
v -0.297 -1.01204 2.60796
v -0.297 -0.98796 2.60796
v -0.297 -0.98796 2.63204
v -0.297 -1.01204 2.63204
v -0.305 -1.01404 2.60796
v -0.299 -1.01404 2.60796
v -0.299 -1.01404 2.63204
v -0.305 -1.01404 2.63204
v -0.305 -0.98596 2.63204
v -0.299 -0.98596 2.63204
v -0.299 -0.98596 2.60796
v -0.305 -0.98596 2.60796
v -0.305 -0.98796 2.60596
v -0.299 -0.98796 2.60596
v -0.299 -1.01204 2.60596
v -0.305 -1.01204 2.60596
v -0.305 -1.01204 2.63404
v -0.299 -1.01204 2.63404
v -0.299 -0.98796 2.63404
v -0.305 -0.98796 2.63404
v -0.307 -1.01204 2.60796
v -0.305 -1.01404 2.60796
v -0.305 -1.01404 2.63204
v -0.307 -1.01204 2.63204
v -0.307 -0.98796 2.63204
v -0.305 -0.98596 2.63204
v -0.305 -0.98596 2.60796
v -0.307 -0.98796 2.60796
v -0.297 -1.01204 2.63204
v -0.299 -1.01404 2.63204
v -0.299 -1.01404 2.60796
v -0.297 -1.01204 2.60796
v -0.297 -0.98796 2.60796
v -0.299 -0.98596 2.60796
v -0.299 -0.98596 2.63204
v -0.297 -0.98796 2.63204
v -0.307 -0.98796 2.60796
v -0.305 -0.98796 2.60596
v -0.305 -1.01204 2.60596
v -0.307 -1.01204 2.60796
v -0.307 -1.01204 2.63204
v -0.305 -1.01204 2.63404
v -0.305 -0.98796 2.63404
v -0.307 -0.98796 2.63204
v -0.297 -1.01204 2.60796
v -0.299 -1.01204 2.60596
v -0.299 -0.98796 2.60596
v -0.297 -0.98796 2.60796
v -0.297 -0.98796 2.63204
v -0.299 -0.98796 2.63404
v -0.299 -1.01204 2.63404
v -0.297 -1.01204 2.63204
v -0.305 -1.01404 2.60796
v -0.305 -1.01204 2.60596
v -0.299 -1.01204 2.60596
v -0.299 -1.01404 2.60796
v -0.299 -1.01404 2.63204
v -0.299 -1.01204 2.63404
v -0.305 -1.01204 2.63404
v -0.305 -1.01404 2.63204
v -0.299 -0.98596 2.60796
v -0.299 -0.98796 2.60596
v -0.305 -0.98796 2.60596
v -0.305 -0.98596 2.60796
v -0.305 -0.98596 2.63204
v -0.305 -0.98796 2.63404
v -0.299 -0.98796 2.63404
v -0.299 -0.98596 2.63204
v -0.305 -1.01204 2.60596
v -0.305 -1.01404 2.60796
v -0.307 -1.01204 2.60796
v -0.307 -1.01204 2.63204
v -0.305 -1.01404 2.63204
v -0.305 -1.01204 2.63404
v -0.307 -0.98796 2.60796
v -0.305 -0.98596 2.60796
v -0.305 -0.98796 2.60596
v -0.305 -0.98796 2.63404
v -0.305 -0.98596 2.63204
v -0.307 -0.98796 2.63204
v -0.297 -1.01204 2.60796
v -0.299 -1.01404 2.60796
v -0.299 -1.01204 2.60596
v -0.299 -1.01204 2.63404
v -0.299 -1.01404 2.63204
v -0.297 -1.01204 2.63204
v -0.299 -0.98796 2.60596
v -0.299 -0.98596 2.60796
v -0.297 -0.98796 2.60796
v -0.297 -0.98796 2.63204
v -0.299 -0.98596 2.63204
v -0.299 -0.98796 2.63404
v -0.307 -0.97604 2.63204
v -0.307 -0.95196 2.63204
v -0.307 -0.95196 2.60796
v -0.307 -0.97604 2.60796
v -0.297 -0.97604 2.60796
v -0.297 -0.95196 2.60796
v -0.297 -0.95196 2.63204
v -0.297 -0.97604 2.63204
v -0.305 -0.97804 2.60796
v -0.299 -0.97804 2.60796
v -0.299 -0.97804 2.63204
v -0.305 -0.97804 2.63204
v -0.305 -0.94996 2.63204
v -0.299 -0.94996 2.63204
v -0.299 -0.94996 2.60796
v -0.305 -0.94996 2.60796
v -0.305 -0.95196 2.60596
v -0.299 -0.95196 2.60596
v -0.299 -0.97604 2.60596
v -0.305 -0.97604 2.60596
v -0.305 -0.97604 2.63404
v -0.299 -0.97604 2.63404
v -0.299 -0.95196 2.63404
v -0.305 -0.95196 2.63404
v -0.307 -0.97604 2.60796
v -0.305 -0.97804 2.60796
v -0.305 -0.97804 2.63204
v -0.307 -0.97604 2.63204
v -0.307 -0.95196 2.63204
v -0.305 -0.94996 2.63204
v -0.305 -0.94996 2.60796
v -0.307 -0.95196 2.60796
v -0.297 -0.97604 2.63204
v -0.299 -0.97804 2.63204
v -0.299 -0.97804 2.60796
v -0.297 -0.97604 2.60796
v -0.297 -0.95196 2.60796
v -0.299 -0.94996 2.60796
v -0.299 -0.94996 2.63204
v -0.297 -0.95196 2.63204
v -0.307 -0.95196 2.60796
v -0.305 -0.95196 2.60596
v -0.305 -0.97604 2.60596
v -0.307 -0.97604 2.60796
v -0.307 -0.97604 2.63204
v -0.305 -0.97604 2.63404
v -0.305 -0.95196 2.63404
v -0.307 -0.95196 2.63204
v -0.297 -0.97604 2.60796
v -0.299 -0.97604 2.60596
v -0.299 -0.95196 2.60596
v -0.297 -0.95196 2.60796
v -0.297 -0.95196 2.63204
v -0.299 -0.95196 2.63404
v -0.299 -0.97604 2.63404
v -0.297 -0.97604 2.63204
v -0.305 -0.97804 2.60796
v -0.305 -0.97604 2.60596
v -0.299 -0.97604 2.60596
v -0.299 -0.97804 2.60796
v -0.299 -0.97804 2.63204
v -0.299 -0.97604 2.63404
v -0.305 -0.97604 2.63404
v -0.305 -0.97804 2.63204
v -0.299 -0.94996 2.60796
v -0.299 -0.95196 2.60596
v -0.305 -0.95196 2.60596
v -0.305 -0.94996 2.60796
v -0.305 -0.94996 2.63204
v -0.305 -0.95196 2.63404
v -0.299 -0.95196 2.63404
v -0.299 -0.94996 2.63204
v -0.305 -0.97604 2.60596
v -0.305 -0.97804 2.60796
v -0.307 -0.97604 2.60796
v -0.307 -0.97604 2.63204
v -0.305 -0.97804 2.63204
v -0.305 -0.97604 2.63404
v -0.307 -0.95196 2.60796
v -0.305 -0.94996 2.60796
v -0.305 -0.95196 2.60596
v -0.305 -0.95196 2.63404
v -0.305 -0.94996 2.63204
v -0.307 -0.95196 2.63204
v -0.297 -0.97604 2.60796
v -0.299 -0.97804 2.60796
v -0.299 -0.97604 2.60596
v -0.299 -0.97604 2.63404
v -0.299 -0.97804 2.63204
v -0.297 -0.97604 2.63204
v -0.299 -0.95196 2.60596
v -0.299 -0.94996 2.60796
v -0.297 -0.95196 2.60796
v -0.297 -0.95196 2.63204
v -0.299 -0.94996 2.63204
v -0.299 -0.95196 2.63404
v -0.307 -0.90404 2.74004
v -0.307 -0.87996 2.74004
v -0.307 -0.87996 2.71596
v -0.307 -0.90404 2.71596
v -0.297 -0.90404 2.71596
v -0.297 -0.87996 2.71596
v -0.297 -0.87996 2.74004
v -0.297 -0.90404 2.74004
v -0.305 -0.90604 2.71596
v -0.299 -0.90604 2.71596
v -0.299 -0.90604 2.74004
v -0.305 -0.90604 2.74004
v -0.305 -0.87796 2.74004
v -0.299 -0.87796 2.74004
v -0.299 -0.87796 2.71596
v -0.305 -0.87796 2.71596
v -0.305 -0.87996 2.71396
v -0.299 -0.87996 2.71396
v -0.299 -0.90404 2.71396
v -0.305 -0.90404 2.71396
v -0.305 -0.90404 2.74204
v -0.299 -0.90404 2.74204
v -0.299 -0.87996 2.74204
v -0.305 -0.87996 2.74204
v -0.307 -0.90404 2.71596
v -0.305 -0.90604 2.71596
v -0.305 -0.90604 2.74004
v -0.307 -0.90404 2.74004
v -0.307 -0.87996 2.74004
v -0.305 -0.87796 2.74004
v -0.305 -0.87796 2.71596
v -0.307 -0.87996 2.71596
v -0.297 -0.90404 2.74004
v -0.299 -0.90604 2.74004
v -0.299 -0.90604 2.71596
v -0.297 -0.90404 2.71596
v -0.297 -0.87996 2.71596
v -0.299 -0.87796 2.71596
v -0.299 -0.87796 2.74004
v -0.297 -0.87996 2.74004
v -0.307 -0.87996 2.71596
v -0.305 -0.87996 2.71396
v -0.305 -0.90404 2.71396
v -0.307 -0.90404 2.71596
v -0.307 -0.90404 2.74004
v -0.305 -0.90404 2.74204
v -0.305 -0.87996 2.74204
v -0.307 -0.87996 2.74004
v -0.297 -0.90404 2.71596
v -0.299 -0.90404 2.71396
v -0.299 -0.87996 2.71396
v -0.297 -0.87996 2.71596
v -0.297 -0.87996 2.74004
v -0.299 -0.87996 2.74204
v -0.299 -0.90404 2.74204
v -0.297 -0.90404 2.74004
v -0.305 -0.90604 2.71596
v -0.305 -0.90404 2.71396
v -0.299 -0.90404 2.71396
v -0.299 -0.90604 2.71596
v -0.299 -0.90604 2.74004
v -0.299 -0.90404 2.74204
v -0.305 -0.90404 2.74204
v -0.305 -0.90604 2.74004
v -0.299 -0.87796 2.71596
v -0.299 -0.87996 2.71396
v -0.305 -0.87996 2.71396
v -0.305 -0.87796 2.71596
v -0.305 -0.87796 2.74004
v -0.305 -0.87996 2.74204
v -0.299 -0.87996 2.74204
v -0.299 -0.87796 2.74004
v -0.305 -0.90404 2.71396
v -0.305 -0.90604 2.71596
v -0.307 -0.90404 2.71596
v -0.307 -0.90404 2.74004
v -0.305 -0.90604 2.74004
v -0.305 -0.90404 2.74204
v -0.307 -0.87996 2.71596
v -0.305 -0.87796 2.71596
v -0.305 -0.87996 2.71396
v -0.305 -0.87996 2.74204
v -0.305 -0.87796 2.74004
v -0.307 -0.87996 2.74004
v -0.297 -0.90404 2.71596
v -0.299 -0.90604 2.71596
v -0.299 -0.90404 2.71396
v -0.299 -0.90404 2.74204
v -0.299 -0.90604 2.74004
v -0.297 -0.90404 2.74004
v -0.299 -0.87996 2.71396
v -0.299 -0.87796 2.71596
v -0.297 -0.87996 2.71596
v -0.297 -0.87996 2.74004
v -0.299 -0.87796 2.74004
v -0.299 -0.87996 2.74204
v -0.307 -0.86804 2.74004
v -0.307 -0.84396 2.74004
v -0.307 -0.84396 2.71596
v -0.307 -0.86804 2.71596
v -0.297 -0.86804 2.71596
v -0.297 -0.84396 2.71596
v -0.297 -0.84396 2.74004
v -0.297 -0.86804 2.74004
v -0.305 -0.87004 2.71596
v -0.299 -0.87004 2.71596
v -0.299 -0.87004 2.74004
v -0.305 -0.87004 2.74004
v -0.305 -0.84196 2.74004
v -0.299 -0.84196 2.74004
v -0.299 -0.84196 2.71596
v -0.305 -0.84196 2.71596
v -0.305 -0.84396 2.71396
v -0.299 -0.84396 2.71396
v -0.299 -0.86804 2.71396
v -0.305 -0.86804 2.71396
v -0.305 -0.86804 2.74204
v -0.299 -0.86804 2.74204
v -0.299 -0.84396 2.74204
v -0.305 -0.84396 2.74204
v -0.307 -0.86804 2.71596
v -0.305 -0.87004 2.71596
v -0.305 -0.87004 2.74004
v -0.307 -0.86804 2.74004
v -0.307 -0.84396 2.74004
v -0.305 -0.84196 2.74004
v -0.305 -0.84196 2.71596
v -0.307 -0.84396 2.71596
v -0.297 -0.86804 2.74004
v -0.299 -0.87004 2.74004
v -0.299 -0.87004 2.71596
v -0.297 -0.86804 2.71596
v -0.297 -0.84396 2.71596
v -0.299 -0.84196 2.71596
v -0.299 -0.84196 2.74004
v -0.297 -0.84396 2.74004
v -0.307 -0.84396 2.71596
v -0.305 -0.84396 2.71396
v -0.305 -0.86804 2.71396
v -0.307 -0.86804 2.71596
v -0.307 -0.86804 2.74004
v -0.305 -0.86804 2.74204
v -0.305 -0.84396 2.74204
v -0.307 -0.84396 2.74004
v -0.297 -0.86804 2.71596
v -0.299 -0.86804 2.71396
v -0.299 -0.84396 2.71396
v -0.297 -0.84396 2.71596
v -0.297 -0.84396 2.74004
v -0.299 -0.84396 2.74204
v -0.299 -0.86804 2.74204
v -0.297 -0.86804 2.74004
v -0.305 -0.87004 2.71596
v -0.305 -0.86804 2.71396
v -0.299 -0.86804 2.71396
v -0.299 -0.87004 2.71596
v -0.299 -0.87004 2.74004
v -0.299 -0.86804 2.74204
v -0.305 -0.86804 2.74204
v -0.305 -0.87004 2.74004
v -0.299 -0.84196 2.71596
v -0.299 -0.84396 2.71396
v -0.305 -0.84396 2.71396
v -0.305 -0.84196 2.71596
v -0.305 -0.84196 2.74004
v -0.305 -0.84396 2.74204
v -0.299 -0.84396 2.74204
v -0.299 -0.84196 2.74004
v -0.305 -0.86804 2.71396
v -0.305 -0.87004 2.71596
v -0.307 -0.86804 2.71596
v -0.307 -0.86804 2.74004
v -0.305 -0.87004 2.74004
v -0.305 -0.86804 2.74204
v -0.307 -0.84396 2.71596
v -0.305 -0.84196 2.71596
v -0.305 -0.84396 2.71396
v -0.305 -0.84396 2.74204
v -0.305 -0.84196 2.74004
v -0.307 -0.84396 2.74004
v -0.297 -0.86804 2.71596
v -0.299 -0.87004 2.71596
v -0.299 -0.86804 2.71396
v -0.299 -0.86804 2.74204
v -0.299 -0.87004 2.74004
v -0.297 -0.86804 2.74004
v -0.299 -0.84396 2.71396
v -0.299 -0.84196 2.71596
v -0.297 -0.84396 2.71596
v -0.297 -0.84396 2.74004
v -0.299 -0.84196 2.74004
v -0.299 -0.84396 2.74204
v -0.307 -0.90404 2.70404
v -0.307 -0.87996 2.70404
v -0.307 -0.87996 2.67996
v -0.307 -0.90404 2.67996
v -0.297 -0.90404 2.67996
v -0.297 -0.87996 2.67996
v -0.297 -0.87996 2.70404
v -0.297 -0.90404 2.70404
v -0.305 -0.90604 2.67996
v -0.299 -0.90604 2.67996
v -0.299 -0.90604 2.70404
v -0.305 -0.90604 2.70404
v -0.305 -0.87796 2.70404
v -0.299 -0.87796 2.70404
v -0.299 -0.87796 2.67996
v -0.305 -0.87796 2.67996
v -0.305 -0.87996 2.67796
v -0.299 -0.87996 2.67796
v -0.299 -0.90404 2.67796
v -0.305 -0.90404 2.67796
v -0.305 -0.90404 2.70604
v -0.299 -0.90404 2.70604
v -0.299 -0.87996 2.70604
v -0.305 -0.87996 2.70604
v -0.307 -0.90404 2.67996
v -0.305 -0.90604 2.67996
v -0.305 -0.90604 2.70404
v -0.307 -0.90404 2.70404
v -0.307 -0.87996 2.70404
v -0.305 -0.87796 2.70404
v -0.305 -0.87796 2.67996
v -0.307 -0.87996 2.67996
v -0.297 -0.90404 2.70404
v -0.299 -0.90604 2.70404
v -0.299 -0.90604 2.67996
v -0.297 -0.90404 2.67996
v -0.297 -0.87996 2.67996
v -0.299 -0.87796 2.67996
v -0.299 -0.87796 2.70404
v -0.297 -0.87996 2.70404
v -0.307 -0.87996 2.67996
v -0.305 -0.87996 2.67796
v -0.305 -0.90404 2.67796
v -0.307 -0.90404 2.67996
v -0.307 -0.90404 2.70404
v -0.305 -0.90404 2.70604
v -0.305 -0.87996 2.70604
v -0.307 -0.87996 2.70404
v -0.297 -0.90404 2.67996
v -0.299 -0.90404 2.67796
v -0.299 -0.87996 2.67796
v -0.297 -0.87996 2.67996
v -0.297 -0.87996 2.70404
v -0.299 -0.87996 2.70604
v -0.299 -0.90404 2.70604
v -0.297 -0.90404 2.70404
v -0.305 -0.90604 2.67996
v -0.305 -0.90404 2.67796
v -0.299 -0.90404 2.67796
v -0.299 -0.90604 2.67996
v -0.299 -0.90604 2.70404
v -0.299 -0.90404 2.70604
v -0.305 -0.90404 2.70604
v -0.305 -0.90604 2.70404
v -0.299 -0.87796 2.67996
v -0.299 -0.87996 2.67796
v -0.305 -0.87996 2.67796
v -0.305 -0.87796 2.67996
v -0.305 -0.87796 2.70404
v -0.305 -0.87996 2.70604
v -0.299 -0.87996 2.70604
v -0.299 -0.87796 2.70404
v -0.305 -0.90404 2.67796
v -0.305 -0.90604 2.67996
v -0.307 -0.90404 2.67996
v -0.307 -0.90404 2.70404
v -0.305 -0.90604 2.70404
v -0.305 -0.90404 2.70604
v -0.307 -0.87996 2.67996
v -0.305 -0.87796 2.67996
v -0.305 -0.87996 2.67796
v -0.305 -0.87996 2.70604
v -0.305 -0.87796 2.70404
v -0.307 -0.87996 2.70404
v -0.297 -0.90404 2.67996
v -0.299 -0.90604 2.67996
v -0.299 -0.90404 2.67796
v -0.299 -0.90404 2.70604
v -0.299 -0.90604 2.70404
v -0.297 -0.90404 2.70404
v -0.299 -0.87996 2.67796
v -0.299 -0.87796 2.67996
v -0.297 -0.87996 2.67996
v -0.297 -0.87996 2.70404
v -0.299 -0.87796 2.70404
v -0.299 -0.87996 2.70604
v -0.307 -0.83204 2.70404
v -0.307 -0.80796 2.70404
v -0.307 -0.80796 2.67996
v -0.307 -0.83204 2.67996
v -0.297 -0.83204 2.67996
v -0.297 -0.80796 2.67996
v -0.297 -0.80796 2.70404
v -0.297 -0.83204 2.70404
v -0.305 -0.83404 2.67996
v -0.299 -0.83404 2.67996
v -0.299 -0.83404 2.70404
v -0.305 -0.83404 2.70404
v -0.305 -0.80596 2.70404
v -0.299 -0.80596 2.70404
v -0.299 -0.80596 2.67996
v -0.305 -0.80596 2.67996
v -0.305 -0.80796 2.67796
v -0.299 -0.80796 2.67796
v -0.299 -0.83204 2.67796
v -0.305 -0.83204 2.67796
v -0.305 -0.83204 2.70604
v -0.299 -0.83204 2.70604
v -0.299 -0.80796 2.70604
v -0.305 -0.80796 2.70604
v -0.307 -0.83204 2.67996
v -0.305 -0.83404 2.67996
v -0.305 -0.83404 2.70404
v -0.307 -0.83204 2.70404
v -0.307 -0.80796 2.70404
v -0.305 -0.80596 2.70404
v -0.305 -0.80596 2.67996
v -0.307 -0.80796 2.67996
v -0.297 -0.83204 2.70404
v -0.299 -0.83404 2.70404
v -0.299 -0.83404 2.67996
v -0.297 -0.83204 2.67996
v -0.297 -0.80796 2.67996
v -0.299 -0.80596 2.67996
v -0.299 -0.80596 2.70404
v -0.297 -0.80796 2.70404
v -0.307 -0.80796 2.67996
v -0.305 -0.80796 2.67796
v -0.305 -0.83204 2.67796
v -0.307 -0.83204 2.67996
v -0.307 -0.83204 2.70404
v -0.305 -0.83204 2.70604
v -0.305 -0.80796 2.70604
v -0.307 -0.80796 2.70404
v -0.297 -0.83204 2.67996
v -0.299 -0.83204 2.67796
v -0.299 -0.80796 2.67796
v -0.297 -0.80796 2.67996
v -0.297 -0.80796 2.70404
v -0.299 -0.80796 2.70604
v -0.299 -0.83204 2.70604
v -0.297 -0.83204 2.70404
v -0.305 -0.83404 2.67996
v -0.305 -0.83204 2.67796
v -0.299 -0.83204 2.67796
v -0.299 -0.83404 2.67996
v -0.299 -0.83404 2.70404
v -0.299 -0.83204 2.70604
v -0.305 -0.83204 2.70604
v -0.305 -0.83404 2.70404
v -0.299 -0.80596 2.67996
v -0.299 -0.80796 2.67796
v -0.305 -0.80796 2.67796
v -0.305 -0.80596 2.67996
v -0.305 -0.80596 2.70404
v -0.305 -0.80796 2.70604
v -0.299 -0.80796 2.70604
v -0.299 -0.80596 2.70404
v -0.305 -0.83204 2.67796
v -0.305 -0.83404 2.67996
v -0.307 -0.83204 2.67996
v -0.307 -0.83204 2.70404
v -0.305 -0.83404 2.70404
v -0.305 -0.83204 2.70604
v -0.307 -0.80796 2.67996
v -0.305 -0.80596 2.67996
v -0.305 -0.80796 2.67796
v -0.305 -0.80796 2.70604
v -0.305 -0.80596 2.70404
v -0.307 -0.80796 2.70404
v -0.297 -0.83204 2.67996
v -0.299 -0.83404 2.67996
v -0.299 -0.83204 2.67796
v -0.299 -0.83204 2.70604
v -0.299 -0.83404 2.70404
v -0.297 -0.83204 2.70404
v -0.299 -0.80796 2.67796
v -0.299 -0.80596 2.67996
v -0.297 -0.80796 2.67996
v -0.297 -0.80796 2.70404
v -0.299 -0.80596 2.70404
v -0.299 -0.80796 2.70604
v -0.307 -0.90404 2.66804
v -0.307 -0.87996 2.66804
v -0.307 -0.87996 2.64396
v -0.307 -0.90404 2.64396
v -0.297 -0.90404 2.64396
v -0.297 -0.87996 2.64396
v -0.297 -0.87996 2.66804
v -0.297 -0.90404 2.66804
v -0.305 -0.90604 2.64396
v -0.299 -0.90604 2.64396
v -0.299 -0.90604 2.66804
v -0.305 -0.90604 2.66804
v -0.305 -0.87796 2.66804
v -0.299 -0.87796 2.66804
v -0.299 -0.87796 2.64396
v -0.305 -0.87796 2.64396
v -0.305 -0.87996 2.64196
v -0.299 -0.87996 2.64196
v -0.299 -0.90404 2.64196
v -0.305 -0.90404 2.64196
v -0.305 -0.90404 2.67004
v -0.299 -0.90404 2.67004
v -0.299 -0.87996 2.67004
v -0.305 -0.87996 2.67004
v -0.307 -0.90404 2.64396
v -0.305 -0.90604 2.64396
v -0.305 -0.90604 2.66804
v -0.307 -0.90404 2.66804
v -0.307 -0.87996 2.66804
v -0.305 -0.87796 2.66804
v -0.305 -0.87796 2.64396
v -0.307 -0.87996 2.64396
v -0.297 -0.90404 2.66804
v -0.299 -0.90604 2.66804
v -0.299 -0.90604 2.64396
v -0.297 -0.90404 2.64396
v -0.297 -0.87996 2.64396
v -0.299 -0.87796 2.64396
v -0.299 -0.87796 2.66804
v -0.297 -0.87996 2.66804
v -0.307 -0.87996 2.64396
v -0.305 -0.87996 2.64196
v -0.305 -0.90404 2.64196
v -0.307 -0.90404 2.64396
v -0.307 -0.90404 2.66804
v -0.305 -0.90404 2.67004
v -0.305 -0.87996 2.67004
v -0.307 -0.87996 2.66804
v -0.297 -0.90404 2.64396
v -0.299 -0.90404 2.64196
v -0.299 -0.87996 2.64196
v -0.297 -0.87996 2.64396
v -0.297 -0.87996 2.66804
v -0.299 -0.87996 2.67004
v -0.299 -0.90404 2.67004
v -0.297 -0.90404 2.66804
v -0.305 -0.90604 2.64396
v -0.305 -0.90404 2.64196
v -0.299 -0.90404 2.64196
v -0.299 -0.90604 2.64396
v -0.299 -0.90604 2.66804
v -0.299 -0.90404 2.67004
v -0.305 -0.90404 2.67004
v -0.305 -0.90604 2.66804
v -0.299 -0.87796 2.64396
v -0.299 -0.87996 2.64196
v -0.305 -0.87996 2.64196
v -0.305 -0.87796 2.64396
v -0.305 -0.87796 2.66804
v -0.305 -0.87996 2.67004
v -0.299 -0.87996 2.67004
v -0.299 -0.87796 2.66804
v -0.305 -0.90404 2.64196
v -0.305 -0.90604 2.64396
v -0.307 -0.90404 2.64396
v -0.307 -0.90404 2.66804
v -0.305 -0.90604 2.66804
v -0.305 -0.90404 2.67004
v -0.307 -0.87996 2.64396
v -0.305 -0.87796 2.64396
v -0.305 -0.87996 2.64196
v -0.305 -0.87996 2.67004
v -0.305 -0.87796 2.66804
v -0.307 -0.87996 2.66804
v -0.297 -0.90404 2.64396
v -0.299 -0.90604 2.64396
v -0.299 -0.90404 2.64196
v -0.299 -0.90404 2.67004
v -0.299 -0.90604 2.66804
v -0.297 -0.90404 2.66804
v -0.299 -0.87996 2.64196
v -0.299 -0.87796 2.64396
v -0.297 -0.87996 2.64396
v -0.297 -0.87996 2.66804
v -0.299 -0.87796 2.66804
v -0.299 -0.87996 2.67004
v -0.307 -0.86804 2.66804
v -0.307 -0.84396 2.66804
v -0.307 -0.84396 2.64396
v -0.307 -0.86804 2.64396
v -0.297 -0.86804 2.64396
v -0.297 -0.84396 2.64396
v -0.297 -0.84396 2.66804
v -0.297 -0.86804 2.66804
v -0.305 -0.87004 2.64396
v -0.299 -0.87004 2.64396
v -0.299 -0.87004 2.66804
v -0.305 -0.87004 2.66804
v -0.305 -0.84196 2.66804
v -0.299 -0.84196 2.66804
v -0.299 -0.84196 2.64396
v -0.305 -0.84196 2.64396
v -0.305 -0.84396 2.64196
v -0.299 -0.84396 2.64196
v -0.299 -0.86804 2.64196
v -0.305 -0.86804 2.64196
v -0.305 -0.86804 2.67004
v -0.299 -0.86804 2.67004
v -0.299 -0.84396 2.67004
v -0.305 -0.84396 2.67004
v -0.307 -0.86804 2.64396
v -0.305 -0.87004 2.64396
v -0.305 -0.87004 2.66804
v -0.307 -0.86804 2.66804
v -0.307 -0.84396 2.66804
v -0.305 -0.84196 2.66804
v -0.305 -0.84196 2.64396
v -0.307 -0.84396 2.64396
v -0.297 -0.86804 2.66804
v -0.299 -0.87004 2.66804
v -0.299 -0.87004 2.64396
v -0.297 -0.86804 2.64396
v -0.297 -0.84396 2.64396
v -0.299 -0.84196 2.64396
v -0.299 -0.84196 2.66804
v -0.297 -0.84396 2.66804
v -0.307 -0.84396 2.64396
v -0.305 -0.84396 2.64196
v -0.305 -0.86804 2.64196
v -0.307 -0.86804 2.64396
v -0.307 -0.86804 2.66804
v -0.305 -0.86804 2.67004
v -0.305 -0.84396 2.67004
v -0.307 -0.84396 2.66804
v -0.297 -0.86804 2.64396
v -0.299 -0.86804 2.64196
v -0.299 -0.84396 2.64196
v -0.297 -0.84396 2.64396
v -0.297 -0.84396 2.66804
v -0.299 -0.84396 2.67004
v -0.299 -0.86804 2.67004
v -0.297 -0.86804 2.66804
v -0.305 -0.87004 2.64396
v -0.305 -0.86804 2.64196
v -0.299 -0.86804 2.64196
v -0.299 -0.87004 2.64396
v -0.299 -0.87004 2.66804
v -0.299 -0.86804 2.67004
v -0.305 -0.86804 2.67004
v -0.305 -0.87004 2.66804
v -0.299 -0.84196 2.64396
v -0.299 -0.84396 2.64196
v -0.305 -0.84396 2.64196
v -0.305 -0.84196 2.64396
v -0.305 -0.84196 2.66804
v -0.305 -0.84396 2.67004
v -0.299 -0.84396 2.67004
v -0.299 -0.84196 2.66804
v -0.305 -0.86804 2.64196
v -0.305 -0.87004 2.64396
v -0.307 -0.86804 2.64396
v -0.307 -0.86804 2.66804
v -0.305 -0.87004 2.66804
v -0.305 -0.86804 2.67004
v -0.307 -0.84396 2.64396
v -0.305 -0.84196 2.64396
v -0.305 -0.84396 2.64196
v -0.305 -0.84396 2.67004
v -0.305 -0.84196 2.66804
v -0.307 -0.84396 2.66804
v -0.297 -0.86804 2.64396
v -0.299 -0.87004 2.64396
v -0.299 -0.86804 2.64196
v -0.299 -0.86804 2.67004
v -0.299 -0.87004 2.66804
v -0.297 -0.86804 2.66804
v -0.299 -0.84396 2.64196
v -0.299 -0.84196 2.64396
v -0.297 -0.84396 2.64396
v -0.297 -0.84396 2.66804
v -0.299 -0.84196 2.66804
v -0.299 -0.84396 2.67004
v -0.307 -0.90404 2.63204
v -0.307 -0.87996 2.63204
v -0.307 -0.87996 2.60796
v -0.307 -0.90404 2.60796
v -0.297 -0.90404 2.60796
v -0.297 -0.87996 2.60796
v -0.297 -0.87996 2.63204
v -0.297 -0.90404 2.63204
v -0.305 -0.90604 2.60796
v -0.299 -0.90604 2.60796
v -0.299 -0.90604 2.63204
v -0.305 -0.90604 2.63204
v -0.305 -0.87796 2.63204
v -0.299 -0.87796 2.63204
v -0.299 -0.87796 2.60796
v -0.305 -0.87796 2.60796
v -0.305 -0.87996 2.60596
v -0.299 -0.87996 2.60596
v -0.299 -0.90404 2.60596
v -0.305 -0.90404 2.60596
v -0.305 -0.90404 2.63404
v -0.299 -0.90404 2.63404
v -0.299 -0.87996 2.63404
v -0.305 -0.87996 2.63404
v -0.307 -0.90404 2.60796
v -0.305 -0.90604 2.60796
v -0.305 -0.90604 2.63204
v -0.307 -0.90404 2.63204
v -0.307 -0.87996 2.63204
v -0.305 -0.87796 2.63204
v -0.305 -0.87796 2.60796
v -0.307 -0.87996 2.60796
v -0.297 -0.90404 2.63204
v -0.299 -0.90604 2.63204
v -0.299 -0.90604 2.60796
v -0.297 -0.90404 2.60796
v -0.297 -0.87996 2.60796
v -0.299 -0.87796 2.60796
v -0.299 -0.87796 2.63204
v -0.297 -0.87996 2.63204
v -0.307 -0.87996 2.60796
v -0.305 -0.87996 2.60596
v -0.305 -0.90404 2.60596
v -0.307 -0.90404 2.60796
v -0.307 -0.90404 2.63204
v -0.305 -0.90404 2.63404
v -0.305 -0.87996 2.63404
v -0.307 -0.87996 2.63204
v -0.297 -0.90404 2.60796
v -0.299 -0.90404 2.60596
v -0.299 -0.87996 2.60596
v -0.297 -0.87996 2.60796
v -0.297 -0.87996 2.63204
v -0.299 -0.87996 2.63404
v -0.299 -0.90404 2.63404
v -0.297 -0.90404 2.63204
v -0.305 -0.90604 2.60796
v -0.305 -0.90404 2.60596
v -0.299 -0.90404 2.60596
v -0.299 -0.90604 2.60796
v -0.299 -0.90604 2.63204
v -0.299 -0.90404 2.63404
v -0.305 -0.90404 2.63404
v -0.305 -0.90604 2.63204
v -0.299 -0.87796 2.60796
v -0.299 -0.87996 2.60596
v -0.305 -0.87996 2.60596
v -0.305 -0.87796 2.60796
v -0.305 -0.87796 2.63204
v -0.305 -0.87996 2.63404
v -0.299 -0.87996 2.63404
v -0.299 -0.87796 2.63204
v -0.305 -0.90404 2.60596
v -0.305 -0.90604 2.60796
v -0.307 -0.90404 2.60796
v -0.307 -0.90404 2.63204
v -0.305 -0.90604 2.63204
v -0.305 -0.90404 2.63404
v -0.307 -0.87996 2.60796
v -0.305 -0.87796 2.60796
v -0.305 -0.87996 2.60596
v -0.305 -0.87996 2.63404
v -0.305 -0.87796 2.63204
v -0.307 -0.87996 2.63204
v -0.297 -0.90404 2.60796
v -0.299 -0.90604 2.60796
v -0.299 -0.90404 2.60596
v -0.299 -0.90404 2.63404
v -0.299 -0.90604 2.63204
v -0.297 -0.90404 2.63204
v -0.299 -0.87996 2.60596
v -0.299 -0.87796 2.60796
v -0.297 -0.87996 2.60796
v -0.297 -0.87996 2.63204
v -0.299 -0.87796 2.63204
v -0.299 -0.87996 2.63404
v -0.307 -0.83204 2.63204
v -0.307 -0.80796 2.63204
v -0.307 -0.80796 2.60796
v -0.307 -0.83204 2.60796
v -0.297 -0.83204 2.60796
v -0.297 -0.80796 2.60796
v -0.297 -0.80796 2.63204
v -0.297 -0.83204 2.63204
v -0.305 -0.83404 2.60796
v -0.299 -0.83404 2.60796
v -0.299 -0.83404 2.63204
v -0.305 -0.83404 2.63204
v -0.305 -0.80596 2.63204
v -0.299 -0.80596 2.63204
v -0.299 -0.80596 2.60796
v -0.305 -0.80596 2.60796
v -0.305 -0.80796 2.60596
v -0.299 -0.80796 2.60596
v -0.299 -0.83204 2.60596
v -0.305 -0.83204 2.60596
v -0.305 -0.83204 2.63404
v -0.299 -0.83204 2.63404
v -0.299 -0.80796 2.63404
v -0.305 -0.80796 2.63404
v -0.307 -0.83204 2.60796
v -0.305 -0.83404 2.60796
v -0.305 -0.83404 2.63204
v -0.307 -0.83204 2.63204
v -0.307 -0.80796 2.63204
v -0.305 -0.80596 2.63204
v -0.305 -0.80596 2.60796
v -0.307 -0.80796 2.60796
v -0.297 -0.83204 2.63204
v -0.299 -0.83404 2.63204
v -0.299 -0.83404 2.60796
v -0.297 -0.83204 2.60796
v -0.297 -0.80796 2.60796
v -0.299 -0.80596 2.60796
v -0.299 -0.80596 2.63204
v -0.297 -0.80796 2.63204
v -0.307 -0.80796 2.60796
v -0.305 -0.80796 2.60596
v -0.305 -0.83204 2.60596
v -0.307 -0.83204 2.60796
v -0.307 -0.83204 2.63204
v -0.305 -0.83204 2.63404
v -0.305 -0.80796 2.63404
v -0.307 -0.80796 2.63204
v -0.297 -0.83204 2.60796
v -0.299 -0.83204 2.60596
v -0.299 -0.80796 2.60596
v -0.297 -0.80796 2.60796
v -0.297 -0.80796 2.63204
v -0.299 -0.80796 2.63404
v -0.299 -0.83204 2.63404
v -0.297 -0.83204 2.63204
v -0.305 -0.83404 2.60796
v -0.305 -0.83204 2.60596
v -0.299 -0.83204 2.60596
v -0.299 -0.83404 2.60796
v -0.299 -0.83404 2.63204
v -0.299 -0.83204 2.63404
v -0.305 -0.83204 2.63404
v -0.305 -0.83404 2.63204
v -0.299 -0.80596 2.60796
v -0.299 -0.80796 2.60596
v -0.305 -0.80796 2.60596
v -0.305 -0.80596 2.60796
v -0.305 -0.80596 2.63204
v -0.305 -0.80796 2.63404
v -0.299 -0.80796 2.63404
v -0.299 -0.80596 2.63204
v -0.305 -0.83204 2.60596
v -0.305 -0.83404 2.60796
v -0.307 -0.83204 2.60796
v -0.307 -0.83204 2.63204
v -0.305 -0.83404 2.63204
v -0.305 -0.83204 2.63404
v -0.307 -0.80796 2.60796
v -0.305 -0.80596 2.60796
v -0.305 -0.80796 2.60596
v -0.305 -0.80796 2.63404
v -0.305 -0.80596 2.63204
v -0.307 -0.80796 2.63204
v -0.297 -0.83204 2.60796
v -0.299 -0.83404 2.60796
v -0.299 -0.83204 2.60596
v -0.299 -0.83204 2.63404
v -0.299 -0.83404 2.63204
v -0.297 -0.83204 2.63204
v -0.299 -0.80796 2.60596
v -0.299 -0.80596 2.60796
v -0.297 -0.80796 2.60796
v -0.297 -0.80796 2.63204
v -0.299 -0.80596 2.63204
v -0.299 -0.80796 2.63404
v -0.307 -0.68804 2.74004
v -0.307 -0.66396 2.74004
v -0.307 -0.66396 2.71596
v -0.307 -0.68804 2.71596
v -0.297 -0.68804 2.71596
v -0.297 -0.66396 2.71596
v -0.297 -0.66396 2.74004
v -0.297 -0.68804 2.74004
v -0.305 -0.69004 2.71596
v -0.299 -0.69004 2.71596
v -0.299 -0.69004 2.74004
v -0.305 -0.69004 2.74004
v -0.305 -0.66196 2.74004
v -0.299 -0.66196 2.74004
v -0.299 -0.66196 2.71596
v -0.305 -0.66196 2.71596
v -0.305 -0.66396 2.71396
v -0.299 -0.66396 2.71396
v -0.299 -0.68804 2.71396
v -0.305 -0.68804 2.71396
v -0.305 -0.68804 2.74204
v -0.299 -0.68804 2.74204
v -0.299 -0.66396 2.74204
v -0.305 -0.66396 2.74204
v -0.307 -0.68804 2.71596
v -0.305 -0.69004 2.71596
v -0.305 -0.69004 2.74004
v -0.307 -0.68804 2.74004
v -0.307 -0.66396 2.74004
v -0.305 -0.66196 2.74004
v -0.305 -0.66196 2.71596
v -0.307 -0.66396 2.71596
v -0.297 -0.68804 2.74004
v -0.299 -0.69004 2.74004
v -0.299 -0.69004 2.71596
v -0.297 -0.68804 2.71596
v -0.297 -0.66396 2.71596
v -0.299 -0.66196 2.71596
v -0.299 -0.66196 2.74004
v -0.297 -0.66396 2.74004
v -0.307 -0.66396 2.71596
v -0.305 -0.66396 2.71396
v -0.305 -0.68804 2.71396
v -0.307 -0.68804 2.71596
v -0.307 -0.68804 2.74004
v -0.305 -0.68804 2.74204
v -0.305 -0.66396 2.74204
v -0.307 -0.66396 2.74004
v -0.297 -0.68804 2.71596
v -0.299 -0.68804 2.71396
v -0.299 -0.66396 2.71396
v -0.297 -0.66396 2.71596
v -0.297 -0.66396 2.74004
v -0.299 -0.66396 2.74204
v -0.299 -0.68804 2.74204
v -0.297 -0.68804 2.74004
v -0.305 -0.69004 2.71596
v -0.305 -0.68804 2.71396
v -0.299 -0.68804 2.71396
v -0.299 -0.69004 2.71596
v -0.299 -0.69004 2.74004
v -0.299 -0.68804 2.74204
v -0.305 -0.68804 2.74204
v -0.305 -0.69004 2.74004
v -0.299 -0.66196 2.71596
v -0.299 -0.66396 2.71396
v -0.305 -0.66396 2.71396
v -0.305 -0.66196 2.71596
v -0.305 -0.66196 2.74004
v -0.305 -0.66396 2.74204
v -0.299 -0.66396 2.74204
v -0.299 -0.66196 2.74004
v -0.305 -0.68804 2.71396
v -0.305 -0.69004 2.71596
v -0.307 -0.68804 2.71596
v -0.307 -0.68804 2.74004
v -0.305 -0.69004 2.74004
v -0.305 -0.68804 2.74204
v -0.307 -0.66396 2.71596
v -0.305 -0.66196 2.71596
v -0.305 -0.66396 2.71396
v -0.305 -0.66396 2.74204
v -0.305 -0.66196 2.74004
v -0.307 -0.66396 2.74004
v -0.297 -0.68804 2.71596
v -0.299 -0.69004 2.71596
v -0.299 -0.68804 2.71396
v -0.299 -0.68804 2.74204
v -0.299 -0.69004 2.74004
v -0.297 -0.68804 2.74004
v -0.299 -0.66396 2.71396
v -0.299 -0.66196 2.71596
v -0.297 -0.66396 2.71596
v -0.297 -0.66396 2.74004
v -0.299 -0.66196 2.74004
v -0.299 -0.66396 2.74204
v -0.307 -0.65204 2.74004
v -0.307 -0.62796 2.74004
v -0.307 -0.62796 2.71596
v -0.307 -0.65204 2.71596
v -0.297 -0.65204 2.71596
v -0.297 -0.62796 2.71596
v -0.297 -0.62796 2.74004
v -0.297 -0.65204 2.74004
v -0.305 -0.65404 2.71596
v -0.299 -0.65404 2.71596
v -0.299 -0.65404 2.74004
v -0.305 -0.65404 2.74004
v -0.305 -0.62596 2.74004
v -0.299 -0.62596 2.74004
v -0.299 -0.62596 2.71596
v -0.305 -0.62596 2.71596
v -0.305 -0.62796 2.71396
v -0.299 -0.62796 2.71396
v -0.299 -0.65204 2.71396
v -0.305 -0.65204 2.71396
v -0.305 -0.65204 2.74204
v -0.299 -0.65204 2.74204
v -0.299 -0.62796 2.74204
v -0.305 -0.62796 2.74204
v -0.307 -0.65204 2.71596
v -0.305 -0.65404 2.71596
v -0.305 -0.65404 2.74004
v -0.307 -0.65204 2.74004
v -0.307 -0.62796 2.74004
v -0.305 -0.62596 2.74004
v -0.305 -0.62596 2.71596
v -0.307 -0.62796 2.71596
v -0.297 -0.65204 2.74004
v -0.299 -0.65404 2.74004
v -0.299 -0.65404 2.71596
v -0.297 -0.65204 2.71596
v -0.297 -0.62796 2.71596
v -0.299 -0.62596 2.71596
v -0.299 -0.62596 2.74004
v -0.297 -0.62796 2.74004
v -0.307 -0.62796 2.71596
v -0.305 -0.62796 2.71396
v -0.305 -0.65204 2.71396
v -0.307 -0.65204 2.71596
v -0.307 -0.65204 2.74004
v -0.305 -0.65204 2.74204
v -0.305 -0.62796 2.74204
v -0.307 -0.62796 2.74004
v -0.297 -0.65204 2.71596
v -0.299 -0.65204 2.71396
v -0.299 -0.62796 2.71396
v -0.297 -0.62796 2.71596
v -0.297 -0.62796 2.74004
v -0.299 -0.62796 2.74204
v -0.299 -0.65204 2.74204
v -0.297 -0.65204 2.74004
v -0.305 -0.65404 2.71596
v -0.305 -0.65204 2.71396
v -0.299 -0.65204 2.71396
v -0.299 -0.65404 2.71596
v -0.299 -0.65404 2.74004
v -0.299 -0.65204 2.74204
v -0.305 -0.65204 2.74204
v -0.305 -0.65404 2.74004
v -0.299 -0.62596 2.71596
v -0.299 -0.62796 2.71396
v -0.305 -0.62796 2.71396
v -0.305 -0.62596 2.71596
v -0.305 -0.62596 2.74004
v -0.305 -0.62796 2.74204
v -0.299 -0.62796 2.74204
v -0.299 -0.62596 2.74004
v -0.305 -0.65204 2.71396
v -0.305 -0.65404 2.71596
v -0.307 -0.65204 2.71596
v -0.307 -0.65204 2.74004
v -0.305 -0.65404 2.74004
v -0.305 -0.65204 2.74204
v -0.307 -0.62796 2.71596
v -0.305 -0.62596 2.71596
v -0.305 -0.62796 2.71396
v -0.305 -0.62796 2.74204
v -0.305 -0.62596 2.74004
v -0.307 -0.62796 2.74004
v -0.297 -0.65204 2.71596
v -0.299 -0.65404 2.71596
v -0.299 -0.65204 2.71396
v -0.299 -0.65204 2.74204
v -0.299 -0.65404 2.74004
v -0.297 -0.65204 2.74004
v -0.299 -0.62796 2.71396
v -0.299 -0.62596 2.71596
v -0.297 -0.62796 2.71596
v -0.297 -0.62796 2.74004
v -0.299 -0.62596 2.74004
v -0.299 -0.62796 2.74204
v -0.307 -0.61604 2.74004
v -0.307 -0.59196 2.74004
v -0.307 -0.59196 2.71596
v -0.307 -0.61604 2.71596
v -0.297 -0.61604 2.71596
v -0.297 -0.59196 2.71596
v -0.297 -0.59196 2.74004
v -0.297 -0.61604 2.74004
v -0.305 -0.61804 2.71596
v -0.299 -0.61804 2.71596
v -0.299 -0.61804 2.74004
v -0.305 -0.61804 2.74004
v -0.305 -0.58996 2.74004
v -0.299 -0.58996 2.74004
v -0.299 -0.58996 2.71596
v -0.305 -0.58996 2.71596
v -0.305 -0.59196 2.71396
v -0.299 -0.59196 2.71396
v -0.299 -0.61604 2.71396
v -0.305 -0.61604 2.71396
v -0.305 -0.61604 2.74204
v -0.299 -0.61604 2.74204
v -0.299 -0.59196 2.74204
v -0.305 -0.59196 2.74204
v -0.307 -0.61604 2.71596
v -0.305 -0.61804 2.71596
v -0.305 -0.61804 2.74004
v -0.307 -0.61604 2.74004
v -0.307 -0.59196 2.74004
v -0.305 -0.58996 2.74004
v -0.305 -0.58996 2.71596
v -0.307 -0.59196 2.71596
v -0.297 -0.61604 2.74004
v -0.299 -0.61804 2.74004
v -0.299 -0.61804 2.71596
v -0.297 -0.61604 2.71596
v -0.297 -0.59196 2.71596
v -0.299 -0.58996 2.71596
v -0.299 -0.58996 2.74004
v -0.297 -0.59196 2.74004
v -0.307 -0.59196 2.71596
v -0.305 -0.59196 2.71396
v -0.305 -0.61604 2.71396
v -0.307 -0.61604 2.71596
v -0.307 -0.61604 2.74004
v -0.305 -0.61604 2.74204
v -0.305 -0.59196 2.74204
v -0.307 -0.59196 2.74004
v -0.297 -0.61604 2.71596
v -0.299 -0.61604 2.71396
v -0.299 -0.59196 2.71396
v -0.297 -0.59196 2.71596
v -0.297 -0.59196 2.74004
v -0.299 -0.59196 2.74204
v -0.299 -0.61604 2.74204
v -0.297 -0.61604 2.74004
v -0.305 -0.61804 2.71596
v -0.305 -0.61604 2.71396
v -0.299 -0.61604 2.71396
v -0.299 -0.61804 2.71596
v -0.299 -0.61804 2.74004
v -0.299 -0.61604 2.74204
v -0.305 -0.61604 2.74204
v -0.305 -0.61804 2.74004
v -0.299 -0.58996 2.71596
v -0.299 -0.59196 2.71396
v -0.305 -0.59196 2.71396
v -0.305 -0.58996 2.71596
v -0.305 -0.58996 2.74004
v -0.305 -0.59196 2.74204
v -0.299 -0.59196 2.74204
v -0.299 -0.58996 2.74004
v -0.305 -0.61604 2.71396
v -0.305 -0.61804 2.71596
v -0.307 -0.61604 2.71596
v -0.307 -0.61604 2.74004
v -0.305 -0.61804 2.74004
v -0.305 -0.61604 2.74204
v -0.307 -0.59196 2.71596
v -0.305 -0.58996 2.71596
v -0.305 -0.59196 2.71396
v -0.305 -0.59196 2.74204
v -0.305 -0.58996 2.74004
v -0.307 -0.59196 2.74004
v -0.297 -0.61604 2.71596
v -0.299 -0.61804 2.71596
v -0.299 -0.61604 2.71396
v -0.299 -0.61604 2.74204
v -0.299 -0.61804 2.74004
v -0.297 -0.61604 2.74004
v -0.299 -0.59196 2.71396
v -0.299 -0.58996 2.71596
v -0.297 -0.59196 2.71596
v -0.297 -0.59196 2.74004
v -0.299 -0.58996 2.74004
v -0.299 -0.59196 2.74204
v -0.307 -0.68804 2.70404
v -0.307 -0.66396 2.70404
v -0.307 -0.66396 2.67996
v -0.307 -0.68804 2.67996
v -0.297 -0.68804 2.67996
v -0.297 -0.66396 2.67996
v -0.297 -0.66396 2.70404
v -0.297 -0.68804 2.70404
v -0.305 -0.69004 2.67996
v -0.299 -0.69004 2.67996
v -0.299 -0.69004 2.70404
v -0.305 -0.69004 2.70404
v -0.305 -0.66196 2.70404
v -0.299 -0.66196 2.70404
v -0.299 -0.66196 2.67996
v -0.305 -0.66196 2.67996
v -0.305 -0.66396 2.67796
v -0.299 -0.66396 2.67796
v -0.299 -0.68804 2.67796
v -0.305 -0.68804 2.67796
v -0.305 -0.68804 2.70604
v -0.299 -0.68804 2.70604
v -0.299 -0.66396 2.70604
v -0.305 -0.66396 2.70604
v -0.307 -0.68804 2.67996
v -0.305 -0.69004 2.67996
v -0.305 -0.69004 2.70404
v -0.307 -0.68804 2.70404
v -0.307 -0.66396 2.70404
v -0.305 -0.66196 2.70404
v -0.305 -0.66196 2.67996
v -0.307 -0.66396 2.67996
v -0.297 -0.68804 2.70404
v -0.299 -0.69004 2.70404
v -0.299 -0.69004 2.67996
v -0.297 -0.68804 2.67996
v -0.297 -0.66396 2.67996
v -0.299 -0.66196 2.67996
v -0.299 -0.66196 2.70404
v -0.297 -0.66396 2.70404
v -0.307 -0.66396 2.67996
v -0.305 -0.66396 2.67796
v -0.305 -0.68804 2.67796
v -0.307 -0.68804 2.67996
v -0.307 -0.68804 2.70404
v -0.305 -0.68804 2.70604
v -0.305 -0.66396 2.70604
v -0.307 -0.66396 2.70404
v -0.297 -0.68804 2.67996
v -0.299 -0.68804 2.67796
v -0.299 -0.66396 2.67796
v -0.297 -0.66396 2.67996
v -0.297 -0.66396 2.70404
v -0.299 -0.66396 2.70604
v -0.299 -0.68804 2.70604
v -0.297 -0.68804 2.70404
v -0.305 -0.69004 2.67996
v -0.305 -0.68804 2.67796
v -0.299 -0.68804 2.67796
v -0.299 -0.69004 2.67996
v -0.299 -0.69004 2.70404
v -0.299 -0.68804 2.70604
v -0.305 -0.68804 2.70604
v -0.305 -0.69004 2.70404
v -0.299 -0.66196 2.67996
v -0.299 -0.66396 2.67796
v -0.305 -0.66396 2.67796
v -0.305 -0.66196 2.67996
v -0.305 -0.66196 2.70404
v -0.305 -0.66396 2.70604
v -0.299 -0.66396 2.70604
v -0.299 -0.66196 2.70404
v -0.305 -0.68804 2.67796
v -0.305 -0.69004 2.67996
v -0.307 -0.68804 2.67996
v -0.307 -0.68804 2.70404
v -0.305 -0.69004 2.70404
v -0.305 -0.68804 2.70604
v -0.307 -0.66396 2.67996
v -0.305 -0.66196 2.67996
v -0.305 -0.66396 2.67796
v -0.305 -0.66396 2.70604
v -0.305 -0.66196 2.70404
v -0.307 -0.66396 2.70404
v -0.297 -0.68804 2.67996
v -0.299 -0.69004 2.67996
v -0.299 -0.68804 2.67796
v -0.299 -0.68804 2.70604
v -0.299 -0.69004 2.70404
v -0.297 -0.68804 2.70404
v -0.299 -0.66396 2.67796
v -0.299 -0.66196 2.67996
v -0.297 -0.66396 2.67996
v -0.297 -0.66396 2.70404
v -0.299 -0.66196 2.70404
v -0.299 -0.66396 2.70604
v -0.307 -0.65204 2.70404
v -0.307 -0.62796 2.70404
v -0.307 -0.62796 2.67996
v -0.307 -0.65204 2.67996
v -0.297 -0.65204 2.67996
v -0.297 -0.62796 2.67996
v -0.297 -0.62796 2.70404
v -0.297 -0.65204 2.70404
v -0.305 -0.65404 2.67996
v -0.299 -0.65404 2.67996
v -0.299 -0.65404 2.70404
v -0.305 -0.65404 2.70404
v -0.305 -0.62596 2.70404
v -0.299 -0.62596 2.70404
v -0.299 -0.62596 2.67996
v -0.305 -0.62596 2.67996
v -0.305 -0.62796 2.67796
v -0.299 -0.62796 2.67796
v -0.299 -0.65204 2.67796
v -0.305 -0.65204 2.67796
v -0.305 -0.65204 2.70604
v -0.299 -0.65204 2.70604
v -0.299 -0.62796 2.70604
v -0.305 -0.62796 2.70604
v -0.307 -0.65204 2.67996
v -0.305 -0.65404 2.67996
v -0.305 -0.65404 2.70404
v -0.307 -0.65204 2.70404
v -0.307 -0.62796 2.70404
v -0.305 -0.62596 2.70404
v -0.305 -0.62596 2.67996
v -0.307 -0.62796 2.67996
v -0.297 -0.65204 2.70404
v -0.299 -0.65404 2.70404
v -0.299 -0.65404 2.67996
v -0.297 -0.65204 2.67996
v -0.297 -0.62796 2.67996
v -0.299 -0.62596 2.67996
v -0.299 -0.62596 2.70404
v -0.297 -0.62796 2.70404
v -0.307 -0.62796 2.67996
v -0.305 -0.62796 2.67796
v -0.305 -0.65204 2.67796
v -0.307 -0.65204 2.67996
v -0.307 -0.65204 2.70404
v -0.305 -0.65204 2.70604
v -0.305 -0.62796 2.70604
v -0.307 -0.62796 2.70404
v -0.297 -0.65204 2.67996
v -0.299 -0.65204 2.67796
v -0.299 -0.62796 2.67796
v -0.297 -0.62796 2.67996
v -0.297 -0.62796 2.70404
v -0.299 -0.62796 2.70604
v -0.299 -0.65204 2.70604
v -0.297 -0.65204 2.70404
v -0.305 -0.65404 2.67996
v -0.305 -0.65204 2.67796
v -0.299 -0.65204 2.67796
v -0.299 -0.65404 2.67996
v -0.299 -0.65404 2.70404
v -0.299 -0.65204 2.70604
v -0.305 -0.65204 2.70604
v -0.305 -0.65404 2.70404
v -0.299 -0.62596 2.67996
v -0.299 -0.62796 2.67796
v -0.305 -0.62796 2.67796
v -0.305 -0.62596 2.67996
v -0.305 -0.62596 2.70404
v -0.305 -0.62796 2.70604
v -0.299 -0.62796 2.70604
v -0.299 -0.62596 2.70404
v -0.305 -0.65204 2.67796
v -0.305 -0.65404 2.67996
v -0.307 -0.65204 2.67996
v -0.307 -0.65204 2.70404
v -0.305 -0.65404 2.70404
v -0.305 -0.65204 2.70604
v -0.307 -0.62796 2.67996
v -0.305 -0.62596 2.67996
v -0.305 -0.62796 2.67796
v -0.305 -0.62796 2.70604
v -0.305 -0.62596 2.70404
v -0.307 -0.62796 2.70404
v -0.297 -0.65204 2.67996
v -0.299 -0.65404 2.67996
v -0.299 -0.65204 2.67796
v -0.299 -0.65204 2.70604
v -0.299 -0.65404 2.70404
v -0.297 -0.65204 2.70404
v -0.299 -0.62796 2.67796
v -0.299 -0.62596 2.67996
v -0.297 -0.62796 2.67996
v -0.297 -0.62796 2.70404
v -0.299 -0.62596 2.70404
v -0.299 -0.62796 2.70604
v -0.307 -0.68804 2.66804
v -0.307 -0.66396 2.66804
v -0.307 -0.66396 2.64396
v -0.307 -0.68804 2.64396
v -0.297 -0.68804 2.64396
v -0.297 -0.66396 2.64396
v -0.297 -0.66396 2.66804
v -0.297 -0.68804 2.66804
v -0.305 -0.69004 2.64396
v -0.299 -0.69004 2.64396
v -0.299 -0.69004 2.66804
v -0.305 -0.69004 2.66804
v -0.305 -0.66196 2.66804
v -0.299 -0.66196 2.66804
v -0.299 -0.66196 2.64396
v -0.305 -0.66196 2.64396
v -0.305 -0.66396 2.64196
v -0.299 -0.66396 2.64196
v -0.299 -0.68804 2.64196
v -0.305 -0.68804 2.64196
v -0.305 -0.68804 2.67004
v -0.299 -0.68804 2.67004
v -0.299 -0.66396 2.67004
v -0.305 -0.66396 2.67004
v -0.307 -0.68804 2.64396
v -0.305 -0.69004 2.64396
v -0.305 -0.69004 2.66804
v -0.307 -0.68804 2.66804
v -0.307 -0.66396 2.66804
v -0.305 -0.66196 2.66804
v -0.305 -0.66196 2.64396
v -0.307 -0.66396 2.64396
v -0.297 -0.68804 2.66804
v -0.299 -0.69004 2.66804
v -0.299 -0.69004 2.64396
v -0.297 -0.68804 2.64396
v -0.297 -0.66396 2.64396
v -0.299 -0.66196 2.64396
v -0.299 -0.66196 2.66804
v -0.297 -0.66396 2.66804
v -0.307 -0.66396 2.64396
v -0.305 -0.66396 2.64196
v -0.305 -0.68804 2.64196
v -0.307 -0.68804 2.64396
v -0.307 -0.68804 2.66804
v -0.305 -0.68804 2.67004
v -0.305 -0.66396 2.67004
v -0.307 -0.66396 2.66804
v -0.297 -0.68804 2.64396
v -0.299 -0.68804 2.64196
v -0.299 -0.66396 2.64196
v -0.297 -0.66396 2.64396
v -0.297 -0.66396 2.66804
v -0.299 -0.66396 2.67004
v -0.299 -0.68804 2.67004
v -0.297 -0.68804 2.66804
v -0.305 -0.69004 2.64396
v -0.305 -0.68804 2.64196
v -0.299 -0.68804 2.64196
v -0.299 -0.69004 2.64396
v -0.299 -0.69004 2.66804
v -0.299 -0.68804 2.67004
v -0.305 -0.68804 2.67004
v -0.305 -0.69004 2.66804
v -0.299 -0.66196 2.64396
v -0.299 -0.66396 2.64196
v -0.305 -0.66396 2.64196
v -0.305 -0.66196 2.64396
v -0.305 -0.66196 2.66804
v -0.305 -0.66396 2.67004
v -0.299 -0.66396 2.67004
v -0.299 -0.66196 2.66804
v -0.305 -0.68804 2.64196
v -0.305 -0.69004 2.64396
v -0.307 -0.68804 2.64396
v -0.307 -0.68804 2.66804
v -0.305 -0.69004 2.66804
v -0.305 -0.68804 2.67004
v -0.307 -0.66396 2.64396
v -0.305 -0.66196 2.64396
v -0.305 -0.66396 2.64196
v -0.305 -0.66396 2.67004
v -0.305 -0.66196 2.66804
v -0.307 -0.66396 2.66804
v -0.297 -0.68804 2.64396
v -0.299 -0.69004 2.64396
v -0.299 -0.68804 2.64196
v -0.299 -0.68804 2.67004
v -0.299 -0.69004 2.66804
v -0.297 -0.68804 2.66804
v -0.299 -0.66396 2.64196
v -0.299 -0.66196 2.64396
v -0.297 -0.66396 2.64396
v -0.297 -0.66396 2.66804
v -0.299 -0.66196 2.66804
v -0.299 -0.66396 2.67004
v -0.307 -0.68804 2.63204
v -0.307 -0.66396 2.63204
v -0.307 -0.66396 2.60796
v -0.307 -0.68804 2.60796
v -0.297 -0.68804 2.60796
v -0.297 -0.66396 2.60796
v -0.297 -0.66396 2.63204
v -0.297 -0.68804 2.63204
v -0.305 -0.69004 2.60796
v -0.299 -0.69004 2.60796
v -0.299 -0.69004 2.63204
v -0.305 -0.69004 2.63204
v -0.305 -0.66196 2.63204
v -0.299 -0.66196 2.63204
v -0.299 -0.66196 2.60796
v -0.305 -0.66196 2.60796
v -0.305 -0.66396 2.60596
v -0.299 -0.66396 2.60596
v -0.299 -0.68804 2.60596
v -0.305 -0.68804 2.60596
v -0.305 -0.68804 2.63404
v -0.299 -0.68804 2.63404
v -0.299 -0.66396 2.63404
v -0.305 -0.66396 2.63404
v -0.307 -0.68804 2.60796
v -0.305 -0.69004 2.60796
v -0.305 -0.69004 2.63204
v -0.307 -0.68804 2.63204
v -0.307 -0.66396 2.63204
v -0.305 -0.66196 2.63204
v -0.305 -0.66196 2.60796
v -0.307 -0.66396 2.60796
v -0.297 -0.68804 2.63204
v -0.299 -0.69004 2.63204
v -0.299 -0.69004 2.60796
v -0.297 -0.68804 2.60796
v -0.297 -0.66396 2.60796
v -0.299 -0.66196 2.60796
v -0.299 -0.66196 2.63204
v -0.297 -0.66396 2.63204
v -0.307 -0.66396 2.60796
v -0.305 -0.66396 2.60596
v -0.305 -0.68804 2.60596
v -0.307 -0.68804 2.60796
v -0.307 -0.68804 2.63204
v -0.305 -0.68804 2.63404
v -0.305 -0.66396 2.63404
v -0.307 -0.66396 2.63204
v -0.297 -0.68804 2.60796
v -0.299 -0.68804 2.60596
v -0.299 -0.66396 2.60596
v -0.297 -0.66396 2.60796
v -0.297 -0.66396 2.63204
v -0.299 -0.66396 2.63404
v -0.299 -0.68804 2.63404
v -0.297 -0.68804 2.63204
v -0.305 -0.69004 2.60796
v -0.305 -0.68804 2.60596
v -0.299 -0.68804 2.60596
v -0.299 -0.69004 2.60796
v -0.299 -0.69004 2.63204
v -0.299 -0.68804 2.63404
v -0.305 -0.68804 2.63404
v -0.305 -0.69004 2.63204
v -0.299 -0.66196 2.60796
v -0.299 -0.66396 2.60596
v -0.305 -0.66396 2.60596
v -0.305 -0.66196 2.60796
v -0.305 -0.66196 2.63204
v -0.305 -0.66396 2.63404
v -0.299 -0.66396 2.63404
v -0.299 -0.66196 2.63204
v -0.305 -0.68804 2.60596
v -0.305 -0.69004 2.60796
v -0.307 -0.68804 2.60796
v -0.307 -0.68804 2.63204
v -0.305 -0.69004 2.63204
v -0.305 -0.68804 2.63404
v -0.307 -0.66396 2.60796
v -0.305 -0.66196 2.60796
v -0.305 -0.66396 2.60596
v -0.305 -0.66396 2.63404
v -0.305 -0.66196 2.63204
v -0.307 -0.66396 2.63204
v -0.297 -0.68804 2.60796
v -0.299 -0.69004 2.60796
v -0.299 -0.68804 2.60596
v -0.299 -0.68804 2.63404
v -0.299 -0.69004 2.63204
v -0.297 -0.68804 2.63204
v -0.299 -0.66396 2.60596
v -0.299 -0.66196 2.60796
v -0.297 -0.66396 2.60796
v -0.297 -0.66396 2.63204
v -0.299 -0.66196 2.63204
v -0.299 -0.66396 2.63404
v -0.307 -0.65204 2.63204
v -0.307 -0.62796 2.63204
v -0.307 -0.62796 2.60796
v -0.307 -0.65204 2.60796
v -0.297 -0.65204 2.60796
v -0.297 -0.62796 2.60796
v -0.297 -0.62796 2.63204
v -0.297 -0.65204 2.63204
v -0.305 -0.65404 2.60796
v -0.299 -0.65404 2.60796
v -0.299 -0.65404 2.63204
v -0.305 -0.65404 2.63204
v -0.305 -0.62596 2.63204
v -0.299 -0.62596 2.63204
v -0.299 -0.62596 2.60796
v -0.305 -0.62596 2.60796
v -0.305 -0.62796 2.60596
v -0.299 -0.62796 2.60596
v -0.299 -0.65204 2.60596
v -0.305 -0.65204 2.60596
v -0.305 -0.65204 2.63404
v -0.299 -0.65204 2.63404
v -0.299 -0.62796 2.63404
v -0.305 -0.62796 2.63404
v -0.307 -0.65204 2.60796
v -0.305 -0.65404 2.60796
v -0.305 -0.65404 2.63204
v -0.307 -0.65204 2.63204
v -0.307 -0.62796 2.63204
v -0.305 -0.62596 2.63204
v -0.305 -0.62596 2.60796
v -0.307 -0.62796 2.60796
v -0.297 -0.65204 2.63204
v -0.299 -0.65404 2.63204
v -0.299 -0.65404 2.60796
v -0.297 -0.65204 2.60796
v -0.297 -0.62796 2.60796
v -0.299 -0.62596 2.60796
v -0.299 -0.62596 2.63204
v -0.297 -0.62796 2.63204
v -0.307 -0.62796 2.60796
v -0.305 -0.62796 2.60596
v -0.305 -0.65204 2.60596
v -0.307 -0.65204 2.60796
v -0.307 -0.65204 2.63204
v -0.305 -0.65204 2.63404
v -0.305 -0.62796 2.63404
v -0.307 -0.62796 2.63204
v -0.297 -0.65204 2.60796
v -0.299 -0.65204 2.60596
v -0.299 -0.62796 2.60596
v -0.297 -0.62796 2.60796
v -0.297 -0.62796 2.63204
v -0.299 -0.62796 2.63404
v -0.299 -0.65204 2.63404
v -0.297 -0.65204 2.63204
v -0.305 -0.65404 2.60796
v -0.305 -0.65204 2.60596
v -0.299 -0.65204 2.60596
v -0.299 -0.65404 2.60796
v -0.299 -0.65404 2.63204
v -0.299 -0.65204 2.63404
v -0.305 -0.65204 2.63404
v -0.305 -0.65404 2.63204
v -0.299 -0.62596 2.60796
v -0.299 -0.62796 2.60596
v -0.305 -0.62796 2.60596
v -0.305 -0.62596 2.60796
v -0.305 -0.62596 2.63204
v -0.305 -0.62796 2.63404
v -0.299 -0.62796 2.63404
v -0.299 -0.62596 2.63204
v -0.305 -0.65204 2.60596
v -0.305 -0.65404 2.60796
v -0.307 -0.65204 2.60796
v -0.307 -0.65204 2.63204
v -0.305 -0.65404 2.63204
v -0.305 -0.65204 2.63404
v -0.307 -0.62796 2.60796
v -0.305 -0.62596 2.60796
v -0.305 -0.62796 2.60596
v -0.305 -0.62796 2.63404
v -0.305 -0.62596 2.63204
v -0.307 -0.62796 2.63204
v -0.297 -0.65204 2.60796
v -0.299 -0.65404 2.60796
v -0.299 -0.65204 2.60596
v -0.299 -0.65204 2.63404
v -0.299 -0.65404 2.63204
v -0.297 -0.65204 2.63204
v -0.299 -0.62796 2.60596
v -0.299 -0.62596 2.60796
v -0.297 -0.62796 2.60796
v -0.297 -0.62796 2.63204
v -0.299 -0.62596 2.63204
v -0.299 -0.62796 2.63404
v -0.307 -0.61604 2.63204
v -0.307 -0.59196 2.63204
v -0.307 -0.59196 2.60796
v -0.307 -0.61604 2.60796
v -0.297 -0.61604 2.60796
v -0.297 -0.59196 2.60796
v -0.297 -0.59196 2.63204
v -0.297 -0.61604 2.63204
v -0.305 -0.61804 2.60796
v -0.299 -0.61804 2.60796
v -0.299 -0.61804 2.63204
v -0.305 -0.61804 2.63204
v -0.305 -0.58996 2.63204
v -0.299 -0.58996 2.63204
v -0.299 -0.58996 2.60796
v -0.305 -0.58996 2.60796
v -0.305 -0.59196 2.60596
v -0.299 -0.59196 2.60596
v -0.299 -0.61604 2.60596
v -0.305 -0.61604 2.60596
v -0.305 -0.61604 2.63404
v -0.299 -0.61604 2.63404
v -0.299 -0.59196 2.63404
v -0.305 -0.59196 2.63404
v -0.307 -0.61604 2.60796
v -0.305 -0.61804 2.60796
v -0.305 -0.61804 2.63204
v -0.307 -0.61604 2.63204
v -0.307 -0.59196 2.63204
v -0.305 -0.58996 2.63204
v -0.305 -0.58996 2.60796
v -0.307 -0.59196 2.60796
v -0.297 -0.61604 2.63204
v -0.299 -0.61804 2.63204
v -0.299 -0.61804 2.60796
v -0.297 -0.61604 2.60796
v -0.297 -0.59196 2.60796
v -0.299 -0.58996 2.60796
v -0.299 -0.58996 2.63204
v -0.297 -0.59196 2.63204
v -0.307 -0.59196 2.60796
v -0.305 -0.59196 2.60596
v -0.305 -0.61604 2.60596
v -0.307 -0.61604 2.60796
v -0.307 -0.61604 2.63204
v -0.305 -0.61604 2.63404
v -0.305 -0.59196 2.63404
v -0.307 -0.59196 2.63204
v -0.297 -0.61604 2.60796
v -0.299 -0.61604 2.60596
v -0.299 -0.59196 2.60596
v -0.297 -0.59196 2.60796
v -0.297 -0.59196 2.63204
v -0.299 -0.59196 2.63404
v -0.299 -0.61604 2.63404
v -0.297 -0.61604 2.63204
v -0.305 -0.61804 2.60796
v -0.305 -0.61604 2.60596
v -0.299 -0.61604 2.60596
v -0.299 -0.61804 2.60796
v -0.299 -0.61804 2.63204
v -0.299 -0.61604 2.63404
v -0.305 -0.61604 2.63404
v -0.305 -0.61804 2.63204
v -0.299 -0.58996 2.60796
v -0.299 -0.59196 2.60596
v -0.305 -0.59196 2.60596
v -0.305 -0.58996 2.60796
v -0.305 -0.58996 2.63204
v -0.305 -0.59196 2.63404
v -0.299 -0.59196 2.63404
v -0.299 -0.58996 2.63204
v -0.305 -0.61604 2.60596
v -0.305 -0.61804 2.60796
v -0.307 -0.61604 2.60796
v -0.307 -0.61604 2.63204
v -0.305 -0.61804 2.63204
v -0.305 -0.61604 2.63404
v -0.307 -0.59196 2.60796
v -0.305 -0.58996 2.60796
v -0.305 -0.59196 2.60596
v -0.305 -0.59196 2.63404
v -0.305 -0.58996 2.63204
v -0.307 -0.59196 2.63204
v -0.297 -0.61604 2.60796
v -0.299 -0.61804 2.60796
v -0.299 -0.61604 2.60596
v -0.299 -0.61604 2.63404
v -0.299 -0.61804 2.63204
v -0.297 -0.61604 2.63204
v -0.299 -0.59196 2.60596
v -0.299 -0.58996 2.60796
v -0.297 -0.59196 2.60796
v -0.297 -0.59196 2.63204
v -0.299 -0.58996 2.63204
v -0.299 -0.59196 2.63404
v -0.307 -0.54404 2.74004
v -0.307 -0.51996 2.74004
v -0.307 -0.51996 2.71596
v -0.307 -0.54404 2.71596
v -0.297 -0.54404 2.71596
v -0.297 -0.51996 2.71596
v -0.297 -0.51996 2.74004
v -0.297 -0.54404 2.74004
v -0.305 -0.54604 2.71596
v -0.299 -0.54604 2.71596
v -0.299 -0.54604 2.74004
v -0.305 -0.54604 2.74004
v -0.305 -0.51796 2.74004
v -0.299 -0.51796 2.74004
v -0.299 -0.51796 2.71596
v -0.305 -0.51796 2.71596
v -0.305 -0.51996 2.71396
v -0.299 -0.51996 2.71396
v -0.299 -0.54404 2.71396
v -0.305 -0.54404 2.71396
v -0.305 -0.54404 2.74204
v -0.299 -0.54404 2.74204
v -0.299 -0.51996 2.74204
v -0.305 -0.51996 2.74204
v -0.307 -0.54404 2.71596
v -0.305 -0.54604 2.71596
v -0.305 -0.54604 2.74004
v -0.307 -0.54404 2.74004
v -0.307 -0.51996 2.74004
v -0.305 -0.51796 2.74004
v -0.305 -0.51796 2.71596
v -0.307 -0.51996 2.71596
v -0.297 -0.54404 2.74004
v -0.299 -0.54604 2.74004
v -0.299 -0.54604 2.71596
v -0.297 -0.54404 2.71596
v -0.297 -0.51996 2.71596
v -0.299 -0.51796 2.71596
v -0.299 -0.51796 2.74004
v -0.297 -0.51996 2.74004
v -0.307 -0.51996 2.71596
v -0.305 -0.51996 2.71396
v -0.305 -0.54404 2.71396
v -0.307 -0.54404 2.71596
v -0.307 -0.54404 2.74004
v -0.305 -0.54404 2.74204
v -0.305 -0.51996 2.74204
v -0.307 -0.51996 2.74004
v -0.297 -0.54404 2.71596
v -0.299 -0.54404 2.71396
v -0.299 -0.51996 2.71396
v -0.297 -0.51996 2.71596
v -0.297 -0.51996 2.74004
v -0.299 -0.51996 2.74204
v -0.299 -0.54404 2.74204
v -0.297 -0.54404 2.74004
v -0.305 -0.54604 2.71596
v -0.305 -0.54404 2.71396
v -0.299 -0.54404 2.71396
v -0.299 -0.54604 2.71596
v -0.299 -0.54604 2.74004
v -0.299 -0.54404 2.74204
v -0.305 -0.54404 2.74204
v -0.305 -0.54604 2.74004
v -0.299 -0.51796 2.71596
v -0.299 -0.51996 2.71396
v -0.305 -0.51996 2.71396
v -0.305 -0.51796 2.71596
v -0.305 -0.51796 2.74004
v -0.305 -0.51996 2.74204
v -0.299 -0.51996 2.74204
v -0.299 -0.51796 2.74004
v -0.305 -0.54404 2.71396
v -0.305 -0.54604 2.71596
v -0.307 -0.54404 2.71596
v -0.307 -0.54404 2.74004
v -0.305 -0.54604 2.74004
v -0.305 -0.54404 2.74204
v -0.307 -0.51996 2.71596
v -0.305 -0.51796 2.71596
v -0.305 -0.51996 2.71396
v -0.305 -0.51996 2.74204
v -0.305 -0.51796 2.74004
v -0.307 -0.51996 2.74004
v -0.297 -0.54404 2.71596
v -0.299 -0.54604 2.71596
v -0.299 -0.54404 2.71396
v -0.299 -0.54404 2.74204
v -0.299 -0.54604 2.74004
v -0.297 -0.54404 2.74004
v -0.299 -0.51996 2.71396
v -0.299 -0.51796 2.71596
v -0.297 -0.51996 2.71596
v -0.297 -0.51996 2.74004
v -0.299 -0.51796 2.74004
v -0.299 -0.51996 2.74204
v -0.307 -0.54404 2.70404
v -0.307 -0.51996 2.70404
v -0.307 -0.51996 2.67996
v -0.307 -0.54404 2.67996
v -0.297 -0.54404 2.67996
v -0.297 -0.51996 2.67996
v -0.297 -0.51996 2.70404
v -0.297 -0.54404 2.70404
v -0.305 -0.54604 2.67996
v -0.299 -0.54604 2.67996
v -0.299 -0.54604 2.70404
v -0.305 -0.54604 2.70404
v -0.305 -0.51796 2.70404
v -0.299 -0.51796 2.70404
v -0.299 -0.51796 2.67996
v -0.305 -0.51796 2.67996
v -0.305 -0.51996 2.67796
v -0.299 -0.51996 2.67796
v -0.299 -0.54404 2.67796
v -0.305 -0.54404 2.67796
v -0.305 -0.54404 2.70604
v -0.299 -0.54404 2.70604
v -0.299 -0.51996 2.70604
v -0.305 -0.51996 2.70604
v -0.307 -0.54404 2.67996
v -0.305 -0.54604 2.67996
v -0.305 -0.54604 2.70404
v -0.307 -0.54404 2.70404
v -0.307 -0.51996 2.70404
v -0.305 -0.51796 2.70404
v -0.305 -0.51796 2.67996
v -0.307 -0.51996 2.67996
v -0.297 -0.54404 2.70404
v -0.299 -0.54604 2.70404
v -0.299 -0.54604 2.67996
v -0.297 -0.54404 2.67996
v -0.297 -0.51996 2.67996
v -0.299 -0.51796 2.67996
v -0.299 -0.51796 2.70404
v -0.297 -0.51996 2.70404
v -0.307 -0.51996 2.67996
v -0.305 -0.51996 2.67796
v -0.305 -0.54404 2.67796
v -0.307 -0.54404 2.67996
v -0.307 -0.54404 2.70404
v -0.305 -0.54404 2.70604
v -0.305 -0.51996 2.70604
v -0.307 -0.51996 2.70404
v -0.297 -0.54404 2.67996
v -0.299 -0.54404 2.67796
v -0.299 -0.51996 2.67796
v -0.297 -0.51996 2.67996
v -0.297 -0.51996 2.70404
v -0.299 -0.51996 2.70604
v -0.299 -0.54404 2.70604
v -0.297 -0.54404 2.70404
v -0.305 -0.54604 2.67996
v -0.305 -0.54404 2.67796
v -0.299 -0.54404 2.67796
v -0.299 -0.54604 2.67996
v -0.299 -0.54604 2.70404
v -0.299 -0.54404 2.70604
v -0.305 -0.54404 2.70604
v -0.305 -0.54604 2.70404
v -0.299 -0.51796 2.67996
v -0.299 -0.51996 2.67796
v -0.305 -0.51996 2.67796
v -0.305 -0.51796 2.67996
v -0.305 -0.51796 2.70404
v -0.305 -0.51996 2.70604
v -0.299 -0.51996 2.70604
v -0.299 -0.51796 2.70404
v -0.305 -0.54404 2.67796
v -0.305 -0.54604 2.67996
v -0.307 -0.54404 2.67996
v -0.307 -0.54404 2.70404
v -0.305 -0.54604 2.70404
v -0.305 -0.54404 2.70604
v -0.307 -0.51996 2.67996
v -0.305 -0.51796 2.67996
v -0.305 -0.51996 2.67796
v -0.305 -0.51996 2.70604
v -0.305 -0.51796 2.70404
v -0.307 -0.51996 2.70404
v -0.297 -0.54404 2.67996
v -0.299 -0.54604 2.67996
v -0.299 -0.54404 2.67796
v -0.299 -0.54404 2.70604
v -0.299 -0.54604 2.70404
v -0.297 -0.54404 2.70404
v -0.299 -0.51996 2.67796
v -0.299 -0.51796 2.67996
v -0.297 -0.51996 2.67996
v -0.297 -0.51996 2.70404
v -0.299 -0.51796 2.70404
v -0.299 -0.51996 2.70604
v -0.307 -0.54404 2.66804
v -0.307 -0.51996 2.66804
v -0.307 -0.51996 2.64396
v -0.307 -0.54404 2.64396
v -0.297 -0.54404 2.64396
v -0.297 -0.51996 2.64396
v -0.297 -0.51996 2.66804
v -0.297 -0.54404 2.66804
v -0.305 -0.54604 2.64396
v -0.299 -0.54604 2.64396
v -0.299 -0.54604 2.66804
v -0.305 -0.54604 2.66804
v -0.305 -0.51796 2.66804
v -0.299 -0.51796 2.66804
v -0.299 -0.51796 2.64396
v -0.305 -0.51796 2.64396
v -0.305 -0.51996 2.64196
v -0.299 -0.51996 2.64196
v -0.299 -0.54404 2.64196
v -0.305 -0.54404 2.64196
v -0.305 -0.54404 2.67004
v -0.299 -0.54404 2.67004
v -0.299 -0.51996 2.67004
v -0.305 -0.51996 2.67004
v -0.307 -0.54404 2.64396
v -0.305 -0.54604 2.64396
v -0.305 -0.54604 2.66804
v -0.307 -0.54404 2.66804
v -0.307 -0.51996 2.66804
v -0.305 -0.51796 2.66804
v -0.305 -0.51796 2.64396
v -0.307 -0.51996 2.64396
v -0.297 -0.54404 2.66804
v -0.299 -0.54604 2.66804
v -0.299 -0.54604 2.64396
v -0.297 -0.54404 2.64396
v -0.297 -0.51996 2.64396
v -0.299 -0.51796 2.64396
v -0.299 -0.51796 2.66804
v -0.297 -0.51996 2.66804
v -0.307 -0.51996 2.64396
v -0.305 -0.51996 2.64196
v -0.305 -0.54404 2.64196
v -0.307 -0.54404 2.64396
v -0.307 -0.54404 2.66804
v -0.305 -0.54404 2.67004
v -0.305 -0.51996 2.67004
v -0.307 -0.51996 2.66804
v -0.297 -0.54404 2.64396
v -0.299 -0.54404 2.64196
v -0.299 -0.51996 2.64196
v -0.297 -0.51996 2.64396
v -0.297 -0.51996 2.66804
v -0.299 -0.51996 2.67004
v -0.299 -0.54404 2.67004
v -0.297 -0.54404 2.66804
v -0.305 -0.54604 2.64396
v -0.305 -0.54404 2.64196
v -0.299 -0.54404 2.64196
v -0.299 -0.54604 2.64396
v -0.299 -0.54604 2.66804
v -0.299 -0.54404 2.67004
v -0.305 -0.54404 2.67004
v -0.305 -0.54604 2.66804
v -0.299 -0.51796 2.64396
v -0.299 -0.51996 2.64196
v -0.305 -0.51996 2.64196
v -0.305 -0.51796 2.64396
v -0.305 -0.51796 2.66804
v -0.305 -0.51996 2.67004
v -0.299 -0.51996 2.67004
v -0.299 -0.51796 2.66804
v -0.305 -0.54404 2.64196
v -0.305 -0.54604 2.64396
v -0.307 -0.54404 2.64396
v -0.307 -0.54404 2.66804
v -0.305 -0.54604 2.66804
v -0.305 -0.54404 2.67004
v -0.307 -0.51996 2.64396
v -0.305 -0.51796 2.64396
v -0.305 -0.51996 2.64196
v -0.305 -0.51996 2.67004
v -0.305 -0.51796 2.66804
v -0.307 -0.51996 2.66804
v -0.297 -0.54404 2.64396
v -0.299 -0.54604 2.64396
v -0.299 -0.54404 2.64196
v -0.299 -0.54404 2.67004
v -0.299 -0.54604 2.66804
v -0.297 -0.54404 2.66804
v -0.299 -0.51996 2.64196
v -0.299 -0.51796 2.64396
v -0.297 -0.51996 2.64396
v -0.297 -0.51996 2.66804
v -0.299 -0.51796 2.66804
v -0.299 -0.51996 2.67004
v -0.307 -0.54404 2.63204
v -0.307 -0.51996 2.63204
v -0.307 -0.51996 2.60796
v -0.307 -0.54404 2.60796
v -0.297 -0.54404 2.60796
v -0.297 -0.51996 2.60796
v -0.297 -0.51996 2.63204
v -0.297 -0.54404 2.63204
v -0.305 -0.54604 2.60796
v -0.299 -0.54604 2.60796
v -0.299 -0.54604 2.63204
v -0.305 -0.54604 2.63204
v -0.305 -0.51796 2.63204
v -0.299 -0.51796 2.63204
v -0.299 -0.51796 2.60796
v -0.305 -0.51796 2.60796
v -0.305 -0.51996 2.60596
v -0.299 -0.51996 2.60596
v -0.299 -0.54404 2.60596
v -0.305 -0.54404 2.60596
v -0.305 -0.54404 2.63404
v -0.299 -0.54404 2.63404
v -0.299 -0.51996 2.63404
v -0.305 -0.51996 2.63404
v -0.307 -0.54404 2.60796
v -0.305 -0.54604 2.60796
v -0.305 -0.54604 2.63204
v -0.307 -0.54404 2.63204
v -0.307 -0.51996 2.63204
v -0.305 -0.51796 2.63204
v -0.305 -0.51796 2.60796
v -0.307 -0.51996 2.60796
v -0.297 -0.54404 2.63204
v -0.299 -0.54604 2.63204
v -0.299 -0.54604 2.60796
v -0.297 -0.54404 2.60796
v -0.297 -0.51996 2.60796
v -0.299 -0.51796 2.60796
v -0.299 -0.51796 2.63204
v -0.297 -0.51996 2.63204
v -0.307 -0.51996 2.60796
v -0.305 -0.51996 2.60596
v -0.305 -0.54404 2.60596
v -0.307 -0.54404 2.60796
v -0.307 -0.54404 2.63204
v -0.305 -0.54404 2.63404
v -0.305 -0.51996 2.63404
v -0.307 -0.51996 2.63204
v -0.297 -0.54404 2.60796
v -0.299 -0.54404 2.60596
v -0.299 -0.51996 2.60596
v -0.297 -0.51996 2.60796
v -0.297 -0.51996 2.63204
v -0.299 -0.51996 2.63404
v -0.299 -0.54404 2.63404
v -0.297 -0.54404 2.63204
v -0.305 -0.54604 2.60796
v -0.305 -0.54404 2.60596
v -0.299 -0.54404 2.60596
v -0.299 -0.54604 2.60796
v -0.299 -0.54604 2.63204
v -0.299 -0.54404 2.63404
v -0.305 -0.54404 2.63404
v -0.305 -0.54604 2.63204
v -0.299 -0.51796 2.60796
v -0.299 -0.51996 2.60596
v -0.305 -0.51996 2.60596
v -0.305 -0.51796 2.60796
v -0.305 -0.51796 2.63204
v -0.305 -0.51996 2.63404
v -0.299 -0.51996 2.63404
v -0.299 -0.51796 2.63204
v -0.305 -0.54404 2.60596
v -0.305 -0.54604 2.60796
v -0.307 -0.54404 2.60796
v -0.307 -0.54404 2.63204
v -0.305 -0.54604 2.63204
v -0.305 -0.54404 2.63404
v -0.307 -0.51996 2.60796
v -0.305 -0.51796 2.60796
v -0.305 -0.51996 2.60596
v -0.305 -0.51996 2.63404
v -0.305 -0.51796 2.63204
v -0.307 -0.51996 2.63204
v -0.297 -0.54404 2.60796
v -0.299 -0.54604 2.60796
v -0.299 -0.54404 2.60596
v -0.299 -0.54404 2.63404
v -0.299 -0.54604 2.63204
v -0.297 -0.54404 2.63204
v -0.299 -0.51996 2.60596
v -0.299 -0.51796 2.60796
v -0.297 -0.51996 2.60796
v -0.297 -0.51996 2.63204
v -0.299 -0.51796 2.63204
v -0.299 -0.51996 2.63404
v -0.307 -0.50804 2.63204
v -0.307 -0.48396 2.63204
v -0.307 -0.48396 2.60796
v -0.307 -0.50804 2.60796
v -0.297 -0.50804 2.60796
v -0.297 -0.48396 2.60796
v -0.297 -0.48396 2.63204
v -0.297 -0.50804 2.63204
v -0.305 -0.51004 2.60796
v -0.299 -0.51004 2.60796
v -0.299 -0.51004 2.63204
v -0.305 -0.51004 2.63204
v -0.305 -0.48196 2.63204
v -0.299 -0.48196 2.63204
v -0.299 -0.48196 2.60796
v -0.305 -0.48196 2.60796
v -0.305 -0.48396 2.60596
v -0.299 -0.48396 2.60596
v -0.299 -0.50804 2.60596
v -0.305 -0.50804 2.60596
v -0.305 -0.50804 2.63404
v -0.299 -0.50804 2.63404
v -0.299 -0.48396 2.63404
v -0.305 -0.48396 2.63404
v -0.307 -0.50804 2.60796
v -0.305 -0.51004 2.60796
v -0.305 -0.51004 2.63204
v -0.307 -0.50804 2.63204
v -0.307 -0.48396 2.63204
v -0.305 -0.48196 2.63204
v -0.305 -0.48196 2.60796
v -0.307 -0.48396 2.60796
v -0.297 -0.50804 2.63204
v -0.299 -0.51004 2.63204
v -0.299 -0.51004 2.60796
v -0.297 -0.50804 2.60796
v -0.297 -0.48396 2.60796
v -0.299 -0.48196 2.60796
v -0.299 -0.48196 2.63204
v -0.297 -0.48396 2.63204
v -0.307 -0.48396 2.60796
v -0.305 -0.48396 2.60596
v -0.305 -0.50804 2.60596
v -0.307 -0.50804 2.60796
v -0.307 -0.50804 2.63204
v -0.305 -0.50804 2.63404
v -0.305 -0.48396 2.63404
v -0.307 -0.48396 2.63204
v -0.297 -0.50804 2.60796
v -0.299 -0.50804 2.60596
v -0.299 -0.48396 2.60596
v -0.297 -0.48396 2.60796
v -0.297 -0.48396 2.63204
v -0.299 -0.48396 2.63404
v -0.299 -0.50804 2.63404
v -0.297 -0.50804 2.63204
v -0.305 -0.51004 2.60796
v -0.305 -0.50804 2.60596
v -0.299 -0.50804 2.60596
v -0.299 -0.51004 2.60796
v -0.299 -0.51004 2.63204
v -0.299 -0.50804 2.63404
v -0.305 -0.50804 2.63404
v -0.305 -0.51004 2.63204
v -0.299 -0.48196 2.60796
v -0.299 -0.48396 2.60596
v -0.305 -0.48396 2.60596
v -0.305 -0.48196 2.60796
v -0.305 -0.48196 2.63204
v -0.305 -0.48396 2.63404
v -0.299 -0.48396 2.63404
v -0.299 -0.48196 2.63204
v -0.305 -0.50804 2.60596
v -0.305 -0.51004 2.60796
v -0.307 -0.50804 2.60796
v -0.307 -0.50804 2.63204
v -0.305 -0.51004 2.63204
v -0.305 -0.50804 2.63404
v -0.307 -0.48396 2.60796
v -0.305 -0.48196 2.60796
v -0.305 -0.48396 2.60596
v -0.305 -0.48396 2.63404
v -0.305 -0.48196 2.63204
v -0.307 -0.48396 2.63204
v -0.297 -0.50804 2.60796
v -0.299 -0.51004 2.60796
v -0.299 -0.50804 2.60596
v -0.299 -0.50804 2.63404
v -0.299 -0.51004 2.63204
v -0.297 -0.50804 2.63204
v -0.299 -0.48396 2.60596
v -0.299 -0.48196 2.60796
v -0.297 -0.48396 2.60796
v -0.297 -0.48396 2.63204
v -0.299 -0.48196 2.63204
v -0.299 -0.48396 2.63404
v -0.307 -0.47204 2.63204
v -0.307 -0.44796 2.63204
v -0.307 -0.44796 2.60796
v -0.307 -0.47204 2.60796
v -0.297 -0.47204 2.60796
v -0.297 -0.44796 2.60796
v -0.297 -0.44796 2.63204
v -0.297 -0.47204 2.63204
v -0.305 -0.47404 2.60796
v -0.299 -0.47404 2.60796
v -0.299 -0.47404 2.63204
v -0.305 -0.47404 2.63204
v -0.305 -0.44596 2.63204
v -0.299 -0.44596 2.63204
v -0.299 -0.44596 2.60796
v -0.305 -0.44596 2.60796
v -0.305 -0.44796 2.60596
v -0.299 -0.44796 2.60596
v -0.299 -0.47204 2.60596
v -0.305 -0.47204 2.60596
v -0.305 -0.47204 2.63404
v -0.299 -0.47204 2.63404
v -0.299 -0.44796 2.63404
v -0.305 -0.44796 2.63404
v -0.307 -0.47204 2.60796
v -0.305 -0.47404 2.60796
v -0.305 -0.47404 2.63204
v -0.307 -0.47204 2.63204
v -0.307 -0.44796 2.63204
v -0.305 -0.44596 2.63204
v -0.305 -0.44596 2.60796
v -0.307 -0.44796 2.60796
v -0.297 -0.47204 2.63204
v -0.299 -0.47404 2.63204
v -0.299 -0.47404 2.60796
v -0.297 -0.47204 2.60796
v -0.297 -0.44796 2.60796
v -0.299 -0.44596 2.60796
v -0.299 -0.44596 2.63204
v -0.297 -0.44796 2.63204
v -0.307 -0.44796 2.60796
v -0.305 -0.44796 2.60596
v -0.305 -0.47204 2.60596
v -0.307 -0.47204 2.60796
v -0.307 -0.47204 2.63204
v -0.305 -0.47204 2.63404
v -0.305 -0.44796 2.63404
v -0.307 -0.44796 2.63204
v -0.297 -0.47204 2.60796
v -0.299 -0.47204 2.60596
v -0.299 -0.44796 2.60596
v -0.297 -0.44796 2.60796
v -0.297 -0.44796 2.63204
v -0.299 -0.44796 2.63404
v -0.299 -0.47204 2.63404
v -0.297 -0.47204 2.63204
v -0.305 -0.47404 2.60796
v -0.305 -0.47204 2.60596
v -0.299 -0.47204 2.60596
v -0.299 -0.47404 2.60796
v -0.299 -0.47404 2.63204
v -0.299 -0.47204 2.63404
v -0.305 -0.47204 2.63404
v -0.305 -0.47404 2.63204
v -0.299 -0.44596 2.60796
v -0.299 -0.44796 2.60596
v -0.305 -0.44796 2.60596
v -0.305 -0.44596 2.60796
v -0.305 -0.44596 2.63204
v -0.305 -0.44796 2.63404
v -0.299 -0.44796 2.63404
v -0.299 -0.44596 2.63204
v -0.305 -0.47204 2.60596
v -0.305 -0.47404 2.60796
v -0.307 -0.47204 2.60796
v -0.307 -0.47204 2.63204
v -0.305 -0.47404 2.63204
v -0.305 -0.47204 2.63404
v -0.307 -0.44796 2.60796
v -0.305 -0.44596 2.60796
v -0.305 -0.44796 2.60596
v -0.305 -0.44796 2.63404
v -0.305 -0.44596 2.63204
v -0.307 -0.44796 2.63204
v -0.297 -0.47204 2.60796
v -0.299 -0.47404 2.60796
v -0.299 -0.47204 2.60596
v -0.299 -0.47204 2.63404
v -0.299 -0.47404 2.63204
v -0.297 -0.47204 2.63204
v -0.299 -0.44796 2.60596
v -0.299 -0.44596 2.60796
v -0.297 -0.44796 2.60796
v -0.297 -0.44796 2.63204
v -0.299 -0.44596 2.63204
v -0.299 -0.44796 2.63404
v -0.307 -0.40004 2.74004
v -0.307 -0.37596 2.74004
v -0.307 -0.37596 2.71596
v -0.307 -0.40004 2.71596
v -0.297 -0.40004 2.71596
v -0.297 -0.37596 2.71596
v -0.297 -0.37596 2.74004
v -0.297 -0.40004 2.74004
v -0.305 -0.40204 2.71596
v -0.299 -0.40204 2.71596
v -0.299 -0.40204 2.74004
v -0.305 -0.40204 2.74004
v -0.305 -0.37396 2.74004
v -0.299 -0.37396 2.74004
v -0.299 -0.37396 2.71596
v -0.305 -0.37396 2.71596
v -0.305 -0.37596 2.71396
v -0.299 -0.37596 2.71396
v -0.299 -0.40004 2.71396
v -0.305 -0.40004 2.71396
v -0.305 -0.40004 2.74204
v -0.299 -0.40004 2.74204
v -0.299 -0.37596 2.74204
v -0.305 -0.37596 2.74204
v -0.307 -0.40004 2.71596
v -0.305 -0.40204 2.71596
v -0.305 -0.40204 2.74004
v -0.307 -0.40004 2.74004
v -0.307 -0.37596 2.74004
v -0.305 -0.37396 2.74004
v -0.305 -0.37396 2.71596
v -0.307 -0.37596 2.71596
v -0.297 -0.40004 2.74004
v -0.299 -0.40204 2.74004
v -0.299 -0.40204 2.71596
v -0.297 -0.40004 2.71596
v -0.297 -0.37596 2.71596
v -0.299 -0.37396 2.71596
v -0.299 -0.37396 2.74004
v -0.297 -0.37596 2.74004
v -0.307 -0.37596 2.71596
v -0.305 -0.37596 2.71396
v -0.305 -0.40004 2.71396
v -0.307 -0.40004 2.71596
v -0.307 -0.40004 2.74004
v -0.305 -0.40004 2.74204
v -0.305 -0.37596 2.74204
v -0.307 -0.37596 2.74004
v -0.297 -0.40004 2.71596
v -0.299 -0.40004 2.71396
v -0.299 -0.37596 2.71396
v -0.297 -0.37596 2.71596
v -0.297 -0.37596 2.74004
v -0.299 -0.37596 2.74204
v -0.299 -0.40004 2.74204
v -0.297 -0.40004 2.74004
v -0.305 -0.40204 2.71596
v -0.305 -0.40004 2.71396
v -0.299 -0.40004 2.71396
v -0.299 -0.40204 2.71596
v -0.299 -0.40204 2.74004
v -0.299 -0.40004 2.74204
v -0.305 -0.40004 2.74204
v -0.305 -0.40204 2.74004
v -0.299 -0.37396 2.71596
v -0.299 -0.37596 2.71396
v -0.305 -0.37596 2.71396
v -0.305 -0.37396 2.71596
v -0.305 -0.37396 2.74004
v -0.305 -0.37596 2.74204
v -0.299 -0.37596 2.74204
v -0.299 -0.37396 2.74004
v -0.305 -0.40004 2.71396
v -0.305 -0.40204 2.71596
v -0.307 -0.40004 2.71596
v -0.307 -0.40004 2.74004
v -0.305 -0.40204 2.74004
v -0.305 -0.40004 2.74204
v -0.307 -0.37596 2.71596
v -0.305 -0.37396 2.71596
v -0.305 -0.37596 2.71396
v -0.305 -0.37596 2.74204
v -0.305 -0.37396 2.74004
v -0.307 -0.37596 2.74004
v -0.297 -0.40004 2.71596
v -0.299 -0.40204 2.71596
v -0.299 -0.40004 2.71396
v -0.299 -0.40004 2.74204
v -0.299 -0.40204 2.74004
v -0.297 -0.40004 2.74004
v -0.299 -0.37596 2.71396
v -0.299 -0.37396 2.71596
v -0.297 -0.37596 2.71596
v -0.297 -0.37596 2.74004
v -0.299 -0.37396 2.74004
v -0.299 -0.37596 2.74204
v -0.307 -0.36404 2.74004
v -0.307 -0.33996 2.74004
v -0.307 -0.33996 2.71596
v -0.307 -0.36404 2.71596
v -0.297 -0.36404 2.71596
v -0.297 -0.33996 2.71596
v -0.297 -0.33996 2.74004
v -0.297 -0.36404 2.74004
v -0.305 -0.36604 2.71596
v -0.299 -0.36604 2.71596
v -0.299 -0.36604 2.74004
v -0.305 -0.36604 2.74004
v -0.305 -0.33796 2.74004
v -0.299 -0.33796 2.74004
v -0.299 -0.33796 2.71596
v -0.305 -0.33796 2.71596
v -0.305 -0.33996 2.71396
v -0.299 -0.33996 2.71396
v -0.299 -0.36404 2.71396
v -0.305 -0.36404 2.71396
v -0.305 -0.36404 2.74204
v -0.299 -0.36404 2.74204
v -0.299 -0.33996 2.74204
v -0.305 -0.33996 2.74204
v -0.307 -0.36404 2.71596
v -0.305 -0.36604 2.71596
v -0.305 -0.36604 2.74004
v -0.307 -0.36404 2.74004
v -0.307 -0.33996 2.74004
v -0.305 -0.33796 2.74004
v -0.305 -0.33796 2.71596
v -0.307 -0.33996 2.71596
v -0.297 -0.36404 2.74004
v -0.299 -0.36604 2.74004
v -0.299 -0.36604 2.71596
v -0.297 -0.36404 2.71596
v -0.297 -0.33996 2.71596
v -0.299 -0.33796 2.71596
v -0.299 -0.33796 2.74004
v -0.297 -0.33996 2.74004
v -0.307 -0.33996 2.71596
v -0.305 -0.33996 2.71396
v -0.305 -0.36404 2.71396
v -0.307 -0.36404 2.71596
v -0.307 -0.36404 2.74004
v -0.305 -0.36404 2.74204
v -0.305 -0.33996 2.74204
v -0.307 -0.33996 2.74004
v -0.297 -0.36404 2.71596
v -0.299 -0.36404 2.71396
v -0.299 -0.33996 2.71396
v -0.297 -0.33996 2.71596
v -0.297 -0.33996 2.74004
v -0.299 -0.33996 2.74204
v -0.299 -0.36404 2.74204
v -0.297 -0.36404 2.74004
v -0.305 -0.36604 2.71596
v -0.305 -0.36404 2.71396
v -0.299 -0.36404 2.71396
v -0.299 -0.36604 2.71596
v -0.299 -0.36604 2.74004
v -0.299 -0.36404 2.74204
v -0.305 -0.36404 2.74204
v -0.305 -0.36604 2.74004
v -0.299 -0.33796 2.71596
v -0.299 -0.33996 2.71396
v -0.305 -0.33996 2.71396
v -0.305 -0.33796 2.71596
v -0.305 -0.33796 2.74004
v -0.305 -0.33996 2.74204
v -0.299 -0.33996 2.74204
v -0.299 -0.33796 2.74004
v -0.305 -0.36404 2.71396
v -0.305 -0.36604 2.71596
v -0.307 -0.36404 2.71596
v -0.307 -0.36404 2.74004
v -0.305 -0.36604 2.74004
v -0.305 -0.36404 2.74204
v -0.307 -0.33996 2.71596
v -0.305 -0.33796 2.71596
v -0.305 -0.33996 2.71396
v -0.305 -0.33996 2.74204
v -0.305 -0.33796 2.74004
v -0.307 -0.33996 2.74004
v -0.297 -0.36404 2.71596
v -0.299 -0.36604 2.71596
v -0.299 -0.36404 2.71396
v -0.299 -0.36404 2.74204
v -0.299 -0.36604 2.74004
v -0.297 -0.36404 2.74004
v -0.299 -0.33996 2.71396
v -0.299 -0.33796 2.71596
v -0.297 -0.33996 2.71596
v -0.297 -0.33996 2.74004
v -0.299 -0.33796 2.74004
v -0.299 -0.33996 2.74204
v -0.307 -0.32804 2.74004
v -0.307 -0.30396 2.74004
v -0.307 -0.30396 2.71596
v -0.307 -0.32804 2.71596
v -0.297 -0.32804 2.71596
v -0.297 -0.30396 2.71596
v -0.297 -0.30396 2.74004
v -0.297 -0.32804 2.74004
v -0.305 -0.33004 2.71596
v -0.299 -0.33004 2.71596
v -0.299 -0.33004 2.74004
v -0.305 -0.33004 2.74004
v -0.305 -0.30196 2.74004
v -0.299 -0.30196 2.74004
v -0.299 -0.30196 2.71596
v -0.305 -0.30196 2.71596
v -0.305 -0.30396 2.71396
v -0.299 -0.30396 2.71396
v -0.299 -0.32804 2.71396
v -0.305 -0.32804 2.71396
v -0.305 -0.32804 2.74204
v -0.299 -0.32804 2.74204
v -0.299 -0.30396 2.74204
v -0.305 -0.30396 2.74204
v -0.307 -0.32804 2.71596
v -0.305 -0.33004 2.71596
v -0.305 -0.33004 2.74004
v -0.307 -0.32804 2.74004
v -0.307 -0.30396 2.74004
v -0.305 -0.30196 2.74004
v -0.305 -0.30196 2.71596
v -0.307 -0.30396 2.71596
v -0.297 -0.32804 2.74004
v -0.299 -0.33004 2.74004
v -0.299 -0.33004 2.71596
v -0.297 -0.32804 2.71596
v -0.297 -0.30396 2.71596
v -0.299 -0.30196 2.71596
v -0.299 -0.30196 2.74004
v -0.297 -0.30396 2.74004
v -0.307 -0.30396 2.71596
v -0.305 -0.30396 2.71396
v -0.305 -0.32804 2.71396
v -0.307 -0.32804 2.71596
v -0.307 -0.32804 2.74004
v -0.305 -0.32804 2.74204
v -0.305 -0.30396 2.74204
v -0.307 -0.30396 2.74004
v -0.297 -0.32804 2.71596
v -0.299 -0.32804 2.71396
v -0.299 -0.30396 2.71396
v -0.297 -0.30396 2.71596
v -0.297 -0.30396 2.74004
v -0.299 -0.30396 2.74204
v -0.299 -0.32804 2.74204
v -0.297 -0.32804 2.74004
v -0.305 -0.33004 2.71596
v -0.305 -0.32804 2.71396
v -0.299 -0.32804 2.71396
v -0.299 -0.33004 2.71596
v -0.299 -0.33004 2.74004
v -0.299 -0.32804 2.74204
v -0.305 -0.32804 2.74204
v -0.305 -0.33004 2.74004
v -0.299 -0.30196 2.71596
v -0.299 -0.30396 2.71396
v -0.305 -0.30396 2.71396
v -0.305 -0.30196 2.71596
v -0.305 -0.30196 2.74004
v -0.305 -0.30396 2.74204
v -0.299 -0.30396 2.74204
v -0.299 -0.30196 2.74004
v -0.305 -0.32804 2.71396
v -0.305 -0.33004 2.71596
v -0.307 -0.32804 2.71596
v -0.307 -0.32804 2.74004
v -0.305 -0.33004 2.74004
v -0.305 -0.32804 2.74204
v -0.307 -0.30396 2.71596
v -0.305 -0.30196 2.71596
v -0.305 -0.30396 2.71396
v -0.305 -0.30396 2.74204
v -0.305 -0.30196 2.74004
v -0.307 -0.30396 2.74004
v -0.297 -0.32804 2.71596
v -0.299 -0.33004 2.71596
v -0.299 -0.32804 2.71396
v -0.299 -0.32804 2.74204
v -0.299 -0.33004 2.74004
v -0.297 -0.32804 2.74004
v -0.299 -0.30396 2.71396
v -0.299 -0.30196 2.71596
v -0.297 -0.30396 2.71596
v -0.297 -0.30396 2.74004
v -0.299 -0.30196 2.74004
v -0.299 -0.30396 2.74204
v -0.307 -0.40004 2.70404
v -0.307 -0.37596 2.70404
v -0.307 -0.37596 2.67996
v -0.307 -0.40004 2.67996
v -0.297 -0.40004 2.67996
v -0.297 -0.37596 2.67996
v -0.297 -0.37596 2.70404
v -0.297 -0.40004 2.70404
v -0.305 -0.40204 2.67996
v -0.299 -0.40204 2.67996
v -0.299 -0.40204 2.70404
v -0.305 -0.40204 2.70404
v -0.305 -0.37396 2.70404
v -0.299 -0.37396 2.70404
v -0.299 -0.37396 2.67996
v -0.305 -0.37396 2.67996
v -0.305 -0.37596 2.67796
v -0.299 -0.37596 2.67796
v -0.299 -0.40004 2.67796
v -0.305 -0.40004 2.67796
v -0.305 -0.40004 2.70604
v -0.299 -0.40004 2.70604
v -0.299 -0.37596 2.70604
v -0.305 -0.37596 2.70604
v -0.307 -0.40004 2.67996
v -0.305 -0.40204 2.67996
v -0.305 -0.40204 2.70404
v -0.307 -0.40004 2.70404
v -0.307 -0.37596 2.70404
v -0.305 -0.37396 2.70404
v -0.305 -0.37396 2.67996
v -0.307 -0.37596 2.67996
v -0.297 -0.40004 2.70404
v -0.299 -0.40204 2.70404
v -0.299 -0.40204 2.67996
v -0.297 -0.40004 2.67996
v -0.297 -0.37596 2.67996
v -0.299 -0.37396 2.67996
v -0.299 -0.37396 2.70404
v -0.297 -0.37596 2.70404
v -0.307 -0.37596 2.67996
v -0.305 -0.37596 2.67796
v -0.305 -0.40004 2.67796
v -0.307 -0.40004 2.67996
v -0.307 -0.40004 2.70404
v -0.305 -0.40004 2.70604
v -0.305 -0.37596 2.70604
v -0.307 -0.37596 2.70404
v -0.297 -0.40004 2.67996
v -0.299 -0.40004 2.67796
v -0.299 -0.37596 2.67796
v -0.297 -0.37596 2.67996
v -0.297 -0.37596 2.70404
v -0.299 -0.37596 2.70604
v -0.299 -0.40004 2.70604
v -0.297 -0.40004 2.70404
v -0.305 -0.40204 2.67996
v -0.305 -0.40004 2.67796
v -0.299 -0.40004 2.67796
v -0.299 -0.40204 2.67996
v -0.299 -0.40204 2.70404
v -0.299 -0.40004 2.70604
v -0.305 -0.40004 2.70604
v -0.305 -0.40204 2.70404
v -0.299 -0.37396 2.67996
v -0.299 -0.37596 2.67796
v -0.305 -0.37596 2.67796
v -0.305 -0.37396 2.67996
v -0.305 -0.37396 2.70404
v -0.305 -0.37596 2.70604
v -0.299 -0.37596 2.70604
v -0.299 -0.37396 2.70404
v -0.305 -0.40004 2.67796
v -0.305 -0.40204 2.67996
v -0.307 -0.40004 2.67996
v -0.307 -0.40004 2.70404
v -0.305 -0.40204 2.70404
v -0.305 -0.40004 2.70604
v -0.307 -0.37596 2.67996
v -0.305 -0.37396 2.67996
v -0.305 -0.37596 2.67796
v -0.305 -0.37596 2.70604
v -0.305 -0.37396 2.70404
v -0.307 -0.37596 2.70404
v -0.297 -0.40004 2.67996
v -0.299 -0.40204 2.67996
v -0.299 -0.40004 2.67796
v -0.299 -0.40004 2.70604
v -0.299 -0.40204 2.70404
v -0.297 -0.40004 2.70404
v -0.299 -0.37596 2.67796
v -0.299 -0.37396 2.67996
v -0.297 -0.37596 2.67996
v -0.297 -0.37596 2.70404
v -0.299 -0.37396 2.70404
v -0.299 -0.37596 2.70604
v -0.307 -0.36404 2.70404
v -0.307 -0.33996 2.70404
v -0.307 -0.33996 2.67996
v -0.307 -0.36404 2.67996
v -0.297 -0.36404 2.67996
v -0.297 -0.33996 2.67996
v -0.297 -0.33996 2.70404
v -0.297 -0.36404 2.70404
v -0.305 -0.36604 2.67996
v -0.299 -0.36604 2.67996
v -0.299 -0.36604 2.70404
v -0.305 -0.36604 2.70404
v -0.305 -0.33796 2.70404
v -0.299 -0.33796 2.70404
v -0.299 -0.33796 2.67996
v -0.305 -0.33796 2.67996
v -0.305 -0.33996 2.67796
v -0.299 -0.33996 2.67796
v -0.299 -0.36404 2.67796
v -0.305 -0.36404 2.67796
v -0.305 -0.36404 2.70604
v -0.299 -0.36404 2.70604
v -0.299 -0.33996 2.70604
v -0.305 -0.33996 2.70604
v -0.307 -0.36404 2.67996
v -0.305 -0.36604 2.67996
v -0.305 -0.36604 2.70404
v -0.307 -0.36404 2.70404
v -0.307 -0.33996 2.70404
v -0.305 -0.33796 2.70404
v -0.305 -0.33796 2.67996
v -0.307 -0.33996 2.67996
v -0.297 -0.36404 2.70404
v -0.299 -0.36604 2.70404
v -0.299 -0.36604 2.67996
v -0.297 -0.36404 2.67996
v -0.297 -0.33996 2.67996
v -0.299 -0.33796 2.67996
v -0.299 -0.33796 2.70404
v -0.297 -0.33996 2.70404
v -0.307 -0.33996 2.67996
v -0.305 -0.33996 2.67796
v -0.305 -0.36404 2.67796
v -0.307 -0.36404 2.67996
v -0.307 -0.36404 2.70404
v -0.305 -0.36404 2.70604
v -0.305 -0.33996 2.70604
v -0.307 -0.33996 2.70404
v -0.297 -0.36404 2.67996
v -0.299 -0.36404 2.67796
v -0.299 -0.33996 2.67796
v -0.297 -0.33996 2.67996
v -0.297 -0.33996 2.70404
v -0.299 -0.33996 2.70604
v -0.299 -0.36404 2.70604
v -0.297 -0.36404 2.70404
v -0.305 -0.36604 2.67996
v -0.305 -0.36404 2.67796
v -0.299 -0.36404 2.67796
v -0.299 -0.36604 2.67996
v -0.299 -0.36604 2.70404
v -0.299 -0.36404 2.70604
v -0.305 -0.36404 2.70604
v -0.305 -0.36604 2.70404
v -0.299 -0.33796 2.67996
v -0.299 -0.33996 2.67796
v -0.305 -0.33996 2.67796
v -0.305 -0.33796 2.67996
v -0.305 -0.33796 2.70404
v -0.305 -0.33996 2.70604
v -0.299 -0.33996 2.70604
v -0.299 -0.33796 2.70404
v -0.305 -0.36404 2.67796
v -0.305 -0.36604 2.67996
v -0.307 -0.36404 2.67996
v -0.307 -0.36404 2.70404
v -0.305 -0.36604 2.70404
v -0.305 -0.36404 2.70604
v -0.307 -0.33996 2.67996
v -0.305 -0.33796 2.67996
v -0.305 -0.33996 2.67796
v -0.305 -0.33996 2.70604
v -0.305 -0.33796 2.70404
v -0.307 -0.33996 2.70404
v -0.297 -0.36404 2.67996
v -0.299 -0.36604 2.67996
v -0.299 -0.36404 2.67796
v -0.299 -0.36404 2.70604
v -0.299 -0.36604 2.70404
v -0.297 -0.36404 2.70404
v -0.299 -0.33996 2.67796
v -0.299 -0.33796 2.67996
v -0.297 -0.33996 2.67996
v -0.297 -0.33996 2.70404
v -0.299 -0.33796 2.70404
v -0.299 -0.33996 2.70604
v -0.307 -0.40004 2.66804
v -0.307 -0.37596 2.66804
v -0.307 -0.37596 2.64396
v -0.307 -0.40004 2.64396
v -0.297 -0.40004 2.64396
v -0.297 -0.37596 2.64396
v -0.297 -0.37596 2.66804
v -0.297 -0.40004 2.66804
v -0.305 -0.40204 2.64396
v -0.299 -0.40204 2.64396
v -0.299 -0.40204 2.66804
v -0.305 -0.40204 2.66804
v -0.305 -0.37396 2.66804
v -0.299 -0.37396 2.66804
v -0.299 -0.37396 2.64396
v -0.305 -0.37396 2.64396
v -0.305 -0.37596 2.64196
v -0.299 -0.37596 2.64196
v -0.299 -0.40004 2.64196
v -0.305 -0.40004 2.64196
v -0.305 -0.40004 2.67004
v -0.299 -0.40004 2.67004
v -0.299 -0.37596 2.67004
v -0.305 -0.37596 2.67004
v -0.307 -0.40004 2.64396
v -0.305 -0.40204 2.64396
v -0.305 -0.40204 2.66804
v -0.307 -0.40004 2.66804
v -0.307 -0.37596 2.66804
v -0.305 -0.37396 2.66804
v -0.305 -0.37396 2.64396
v -0.307 -0.37596 2.64396
v -0.297 -0.40004 2.66804
v -0.299 -0.40204 2.66804
v -0.299 -0.40204 2.64396
v -0.297 -0.40004 2.64396
v -0.297 -0.37596 2.64396
v -0.299 -0.37396 2.64396
v -0.299 -0.37396 2.66804
v -0.297 -0.37596 2.66804
v -0.307 -0.37596 2.64396
v -0.305 -0.37596 2.64196
v -0.305 -0.40004 2.64196
v -0.307 -0.40004 2.64396
v -0.307 -0.40004 2.66804
v -0.305 -0.40004 2.67004
v -0.305 -0.37596 2.67004
v -0.307 -0.37596 2.66804
v -0.297 -0.40004 2.64396
v -0.299 -0.40004 2.64196
v -0.299 -0.37596 2.64196
v -0.297 -0.37596 2.64396
v -0.297 -0.37596 2.66804
v -0.299 -0.37596 2.67004
v -0.299 -0.40004 2.67004
v -0.297 -0.40004 2.66804
v -0.305 -0.40204 2.64396
v -0.305 -0.40004 2.64196
v -0.299 -0.40004 2.64196
v -0.299 -0.40204 2.64396
v -0.299 -0.40204 2.66804
v -0.299 -0.40004 2.67004
v -0.305 -0.40004 2.67004
v -0.305 -0.40204 2.66804
v -0.299 -0.37396 2.64396
v -0.299 -0.37596 2.64196
v -0.305 -0.37596 2.64196
v -0.305 -0.37396 2.64396
v -0.305 -0.37396 2.66804
v -0.305 -0.37596 2.67004
v -0.299 -0.37596 2.67004
v -0.299 -0.37396 2.66804
v -0.305 -0.40004 2.64196
v -0.305 -0.40204 2.64396
v -0.307 -0.40004 2.64396
v -0.307 -0.40004 2.66804
v -0.305 -0.40204 2.66804
v -0.305 -0.40004 2.67004
v -0.307 -0.37596 2.64396
v -0.305 -0.37396 2.64396
v -0.305 -0.37596 2.64196
v -0.305 -0.37596 2.67004
v -0.305 -0.37396 2.66804
v -0.307 -0.37596 2.66804
v -0.297 -0.40004 2.64396
v -0.299 -0.40204 2.64396
v -0.299 -0.40004 2.64196
v -0.299 -0.40004 2.67004
v -0.299 -0.40204 2.66804
v -0.297 -0.40004 2.66804
v -0.299 -0.37596 2.64196
v -0.299 -0.37396 2.64396
v -0.297 -0.37596 2.64396
v -0.297 -0.37596 2.66804
v -0.299 -0.37396 2.66804
v -0.299 -0.37596 2.67004
v -0.307 -0.40004 2.63204
v -0.307 -0.37596 2.63204
v -0.307 -0.37596 2.60796
v -0.307 -0.40004 2.60796
v -0.297 -0.40004 2.60796
v -0.297 -0.37596 2.60796
v -0.297 -0.37596 2.63204
v -0.297 -0.40004 2.63204
v -0.305 -0.40204 2.60796
v -0.299 -0.40204 2.60796
v -0.299 -0.40204 2.63204
v -0.305 -0.40204 2.63204
v -0.305 -0.37396 2.63204
v -0.299 -0.37396 2.63204
v -0.299 -0.37396 2.60796
v -0.305 -0.37396 2.60796
v -0.305 -0.37596 2.60596
v -0.299 -0.37596 2.60596
v -0.299 -0.40004 2.60596
v -0.305 -0.40004 2.60596
v -0.305 -0.40004 2.63404
v -0.299 -0.40004 2.63404
v -0.299 -0.37596 2.63404
v -0.305 -0.37596 2.63404
v -0.307 -0.40004 2.60796
v -0.305 -0.40204 2.60796
v -0.305 -0.40204 2.63204
v -0.307 -0.40004 2.63204
v -0.307 -0.37596 2.63204
v -0.305 -0.37396 2.63204
v -0.305 -0.37396 2.60796
v -0.307 -0.37596 2.60796
v -0.297 -0.40004 2.63204
v -0.299 -0.40204 2.63204
v -0.299 -0.40204 2.60796
v -0.297 -0.40004 2.60796
v -0.297 -0.37596 2.60796
v -0.299 -0.37396 2.60796
v -0.299 -0.37396 2.63204
v -0.297 -0.37596 2.63204
v -0.307 -0.37596 2.60796
v -0.305 -0.37596 2.60596
v -0.305 -0.40004 2.60596
v -0.307 -0.40004 2.60796
v -0.307 -0.40004 2.63204
v -0.305 -0.40004 2.63404
v -0.305 -0.37596 2.63404
v -0.307 -0.37596 2.63204
v -0.297 -0.40004 2.60796
v -0.299 -0.40004 2.60596
v -0.299 -0.37596 2.60596
v -0.297 -0.37596 2.60796
v -0.297 -0.37596 2.63204
v -0.299 -0.37596 2.63404
v -0.299 -0.40004 2.63404
v -0.297 -0.40004 2.63204
v -0.305 -0.40204 2.60796
v -0.305 -0.40004 2.60596
v -0.299 -0.40004 2.60596
v -0.299 -0.40204 2.60796
v -0.299 -0.40204 2.63204
v -0.299 -0.40004 2.63404
v -0.305 -0.40004 2.63404
v -0.305 -0.40204 2.63204
v -0.299 -0.37396 2.60796
v -0.299 -0.37596 2.60596
v -0.305 -0.37596 2.60596
v -0.305 -0.37396 2.60796
v -0.305 -0.37396 2.63204
v -0.305 -0.37596 2.63404
v -0.299 -0.37596 2.63404
v -0.299 -0.37396 2.63204
v -0.305 -0.40004 2.60596
v -0.305 -0.40204 2.60796
v -0.307 -0.40004 2.60796
v -0.307 -0.40004 2.63204
v -0.305 -0.40204 2.63204
v -0.305 -0.40004 2.63404
v -0.307 -0.37596 2.60796
v -0.305 -0.37396 2.60796
v -0.305 -0.37596 2.60596
v -0.305 -0.37596 2.63404
v -0.305 -0.37396 2.63204
v -0.307 -0.37596 2.63204
v -0.297 -0.40004 2.60796
v -0.299 -0.40204 2.60796
v -0.299 -0.40004 2.60596
v -0.299 -0.40004 2.63404
v -0.299 -0.40204 2.63204
v -0.297 -0.40004 2.63204
v -0.299 -0.37596 2.60596
v -0.299 -0.37396 2.60796
v -0.297 -0.37596 2.60796
v -0.297 -0.37596 2.63204
v -0.299 -0.37396 2.63204
v -0.299 -0.37596 2.63404
v -0.307 -0.36404 2.63204
v -0.307 -0.33996 2.63204
v -0.307 -0.33996 2.60796
v -0.307 -0.36404 2.60796
v -0.297 -0.36404 2.60796
v -0.297 -0.33996 2.60796
v -0.297 -0.33996 2.63204
v -0.297 -0.36404 2.63204
v -0.305 -0.36604 2.60796
v -0.299 -0.36604 2.60796
v -0.299 -0.36604 2.63204
v -0.305 -0.36604 2.63204
v -0.305 -0.33796 2.63204
v -0.299 -0.33796 2.63204
v -0.299 -0.33796 2.60796
v -0.305 -0.33796 2.60796
v -0.305 -0.33996 2.60596
v -0.299 -0.33996 2.60596
v -0.299 -0.36404 2.60596
v -0.305 -0.36404 2.60596
v -0.305 -0.36404 2.63404
v -0.299 -0.36404 2.63404
v -0.299 -0.33996 2.63404
v -0.305 -0.33996 2.63404
v -0.307 -0.36404 2.60796
v -0.305 -0.36604 2.60796
v -0.305 -0.36604 2.63204
v -0.307 -0.36404 2.63204
v -0.307 -0.33996 2.63204
v -0.305 -0.33796 2.63204
v -0.305 -0.33796 2.60796
v -0.307 -0.33996 2.60796
v -0.297 -0.36404 2.63204
v -0.299 -0.36604 2.63204
v -0.299 -0.36604 2.60796
v -0.297 -0.36404 2.60796
v -0.297 -0.33996 2.60796
v -0.299 -0.33796 2.60796
v -0.299 -0.33796 2.63204
v -0.297 -0.33996 2.63204
v -0.307 -0.33996 2.60796
v -0.305 -0.33996 2.60596
v -0.305 -0.36404 2.60596
v -0.307 -0.36404 2.60796
v -0.307 -0.36404 2.63204
v -0.305 -0.36404 2.63404
v -0.305 -0.33996 2.63404
v -0.307 -0.33996 2.63204
v -0.297 -0.36404 2.60796
v -0.299 -0.36404 2.60596
v -0.299 -0.33996 2.60596
v -0.297 -0.33996 2.60796
v -0.297 -0.33996 2.63204
v -0.299 -0.33996 2.63404
v -0.299 -0.36404 2.63404
v -0.297 -0.36404 2.63204
v -0.305 -0.36604 2.60796
v -0.305 -0.36404 2.60596
v -0.299 -0.36404 2.60596
v -0.299 -0.36604 2.60796
v -0.299 -0.36604 2.63204
v -0.299 -0.36404 2.63404
v -0.305 -0.36404 2.63404
v -0.305 -0.36604 2.63204
v -0.299 -0.33796 2.60796
v -0.299 -0.33996 2.60596
v -0.305 -0.33996 2.60596
v -0.305 -0.33796 2.60796
v -0.305 -0.33796 2.63204
v -0.305 -0.33996 2.63404
v -0.299 -0.33996 2.63404
v -0.299 -0.33796 2.63204
v -0.305 -0.36404 2.60596
v -0.305 -0.36604 2.60796
v -0.307 -0.36404 2.60796
v -0.307 -0.36404 2.63204
v -0.305 -0.36604 2.63204
v -0.305 -0.36404 2.63404
v -0.307 -0.33996 2.60796
v -0.305 -0.33796 2.60796
v -0.305 -0.33996 2.60596
v -0.305 -0.33996 2.63404
v -0.305 -0.33796 2.63204
v -0.307 -0.33996 2.63204
v -0.297 -0.36404 2.60796
v -0.299 -0.36604 2.60796
v -0.299 -0.36404 2.60596
v -0.299 -0.36404 2.63404
v -0.299 -0.36604 2.63204
v -0.297 -0.36404 2.63204
v -0.299 -0.33996 2.60596
v -0.299 -0.33796 2.60796
v -0.297 -0.33996 2.60796
v -0.297 -0.33996 2.63204
v -0.299 -0.33796 2.63204
v -0.299 -0.33996 2.63404
v -0.307 -0.32804 2.63204
v -0.307 -0.30396 2.63204
v -0.307 -0.30396 2.60796
v -0.307 -0.32804 2.60796
v -0.297 -0.32804 2.60796
v -0.297 -0.30396 2.60796
v -0.297 -0.30396 2.63204
v -0.297 -0.32804 2.63204
v -0.305 -0.33004 2.60796
v -0.299 -0.33004 2.60796
v -0.299 -0.33004 2.63204
v -0.305 -0.33004 2.63204
v -0.305 -0.30196 2.63204
v -0.299 -0.30196 2.63204
v -0.299 -0.30196 2.60796
v -0.305 -0.30196 2.60796
v -0.305 -0.30396 2.60596
v -0.299 -0.30396 2.60596
v -0.299 -0.32804 2.60596
v -0.305 -0.32804 2.60596
v -0.305 -0.32804 2.63404
v -0.299 -0.32804 2.63404
v -0.299 -0.30396 2.63404
v -0.305 -0.30396 2.63404
v -0.307 -0.32804 2.60796
v -0.305 -0.33004 2.60796
v -0.305 -0.33004 2.63204
v -0.307 -0.32804 2.63204
v -0.307 -0.30396 2.63204
v -0.305 -0.30196 2.63204
v -0.305 -0.30196 2.60796
v -0.307 -0.30396 2.60796
v -0.297 -0.32804 2.63204
v -0.299 -0.33004 2.63204
v -0.299 -0.33004 2.60796
v -0.297 -0.32804 2.60796
v -0.297 -0.30396 2.60796
v -0.299 -0.30196 2.60796
v -0.299 -0.30196 2.63204
v -0.297 -0.30396 2.63204
v -0.307 -0.30396 2.60796
v -0.305 -0.30396 2.60596
v -0.305 -0.32804 2.60596
v -0.307 -0.32804 2.60796
v -0.307 -0.32804 2.63204
v -0.305 -0.32804 2.63404
v -0.305 -0.30396 2.63404
v -0.307 -0.30396 2.63204
v -0.297 -0.32804 2.60796
v -0.299 -0.32804 2.60596
v -0.299 -0.30396 2.60596
v -0.297 -0.30396 2.60796
v -0.297 -0.30396 2.63204
v -0.299 -0.30396 2.63404
v -0.299 -0.32804 2.63404
v -0.297 -0.32804 2.63204
v -0.305 -0.33004 2.60796
v -0.305 -0.32804 2.60596
v -0.299 -0.32804 2.60596
v -0.299 -0.33004 2.60796
v -0.299 -0.33004 2.63204
v -0.299 -0.32804 2.63404
v -0.305 -0.32804 2.63404
v -0.305 -0.33004 2.63204
v -0.299 -0.30196 2.60796
v -0.299 -0.30396 2.60596
v -0.305 -0.30396 2.60596
v -0.305 -0.30196 2.60796
v -0.305 -0.30196 2.63204
v -0.305 -0.30396 2.63404
v -0.299 -0.30396 2.63404
v -0.299 -0.30196 2.63204
v -0.305 -0.32804 2.60596
v -0.305 -0.33004 2.60796
v -0.307 -0.32804 2.60796
v -0.307 -0.32804 2.63204
v -0.305 -0.33004 2.63204
v -0.305 -0.32804 2.63404
v -0.307 -0.30396 2.60796
v -0.305 -0.30196 2.60796
v -0.305 -0.30396 2.60596
v -0.305 -0.30396 2.63404
v -0.305 -0.30196 2.63204
v -0.307 -0.30396 2.63204
v -0.297 -0.32804 2.60796
v -0.299 -0.33004 2.60796
v -0.299 -0.32804 2.60596
v -0.299 -0.32804 2.63404
v -0.299 -0.33004 2.63204
v -0.297 -0.32804 2.63204
v -0.299 -0.30396 2.60596
v -0.299 -0.30196 2.60796
v -0.297 -0.30396 2.60796
v -0.297 -0.30396 2.63204
v -0.299 -0.30196 2.63204
v -0.299 -0.30396 2.63404
v -0.307 -0.25604 2.74004
v -0.307 -0.23196 2.74004
v -0.307 -0.23196 2.71596
v -0.307 -0.25604 2.71596
v -0.297 -0.25604 2.71596
v -0.297 -0.23196 2.71596
v -0.297 -0.23196 2.74004
v -0.297 -0.25604 2.74004
v -0.305 -0.25804 2.71596
v -0.299 -0.25804 2.71596
v -0.299 -0.25804 2.74004
v -0.305 -0.25804 2.74004
v -0.305 -0.22996 2.74004
v -0.299 -0.22996 2.74004
v -0.299 -0.22996 2.71596
v -0.305 -0.22996 2.71596
v -0.305 -0.23196 2.71396
v -0.299 -0.23196 2.71396
v -0.299 -0.25604 2.71396
v -0.305 -0.25604 2.71396
v -0.305 -0.25604 2.74204
v -0.299 -0.25604 2.74204
v -0.299 -0.23196 2.74204
v -0.305 -0.23196 2.74204
v -0.307 -0.25604 2.71596
v -0.305 -0.25804 2.71596
v -0.305 -0.25804 2.74004
v -0.307 -0.25604 2.74004
v -0.307 -0.23196 2.74004
v -0.305 -0.22996 2.74004
v -0.305 -0.22996 2.71596
v -0.307 -0.23196 2.71596
v -0.297 -0.25604 2.74004
v -0.299 -0.25804 2.74004
v -0.299 -0.25804 2.71596
v -0.297 -0.25604 2.71596
v -0.297 -0.23196 2.71596
v -0.299 -0.22996 2.71596
v -0.299 -0.22996 2.74004
v -0.297 -0.23196 2.74004
v -0.307 -0.23196 2.71596
v -0.305 -0.23196 2.71396
v -0.305 -0.25604 2.71396
v -0.307 -0.25604 2.71596
v -0.307 -0.25604 2.74004
v -0.305 -0.25604 2.74204
v -0.305 -0.23196 2.74204
v -0.307 -0.23196 2.74004
v -0.297 -0.25604 2.71596
v -0.299 -0.25604 2.71396
v -0.299 -0.23196 2.71396
v -0.297 -0.23196 2.71596
v -0.297 -0.23196 2.74004
v -0.299 -0.23196 2.74204
v -0.299 -0.25604 2.74204
v -0.297 -0.25604 2.74004
v -0.305 -0.25804 2.71596
v -0.305 -0.25604 2.71396
v -0.299 -0.25604 2.71396
v -0.299 -0.25804 2.71596
v -0.299 -0.25804 2.74004
v -0.299 -0.25604 2.74204
v -0.305 -0.25604 2.74204
v -0.305 -0.25804 2.74004
v -0.299 -0.22996 2.71596
v -0.299 -0.23196 2.71396
v -0.305 -0.23196 2.71396
v -0.305 -0.22996 2.71596
v -0.305 -0.22996 2.74004
v -0.305 -0.23196 2.74204
v -0.299 -0.23196 2.74204
v -0.299 -0.22996 2.74004
v -0.305 -0.25604 2.71396
v -0.305 -0.25804 2.71596
v -0.307 -0.25604 2.71596
v -0.307 -0.25604 2.74004
v -0.305 -0.25804 2.74004
v -0.305 -0.25604 2.74204
v -0.307 -0.23196 2.71596
v -0.305 -0.22996 2.71596
v -0.305 -0.23196 2.71396
v -0.305 -0.23196 2.74204
v -0.305 -0.22996 2.74004
v -0.307 -0.23196 2.74004
v -0.297 -0.25604 2.71596
v -0.299 -0.25804 2.71596
v -0.299 -0.25604 2.71396
v -0.299 -0.25604 2.74204
v -0.299 -0.25804 2.74004
v -0.297 -0.25604 2.74004
v -0.299 -0.23196 2.71396
v -0.299 -0.22996 2.71596
v -0.297 -0.23196 2.71596
v -0.297 -0.23196 2.74004
v -0.299 -0.22996 2.74004
v -0.299 -0.23196 2.74204
v -0.307 -0.22004 2.74004
v -0.307 -0.19596 2.74004
v -0.307 -0.19596 2.71596
v -0.307 -0.22004 2.71596
v -0.297 -0.22004 2.71596
v -0.297 -0.19596 2.71596
v -0.297 -0.19596 2.74004
v -0.297 -0.22004 2.74004
v -0.305 -0.22204 2.71596
v -0.299 -0.22204 2.71596
v -0.299 -0.22204 2.74004
v -0.305 -0.22204 2.74004
v -0.305 -0.19396 2.74004
v -0.299 -0.19396 2.74004
v -0.299 -0.19396 2.71596
v -0.305 -0.19396 2.71596
v -0.305 -0.19596 2.71396
v -0.299 -0.19596 2.71396
v -0.299 -0.22004 2.71396
v -0.305 -0.22004 2.71396
v -0.305 -0.22004 2.74204
v -0.299 -0.22004 2.74204
v -0.299 -0.19596 2.74204
v -0.305 -0.19596 2.74204
v -0.307 -0.22004 2.71596
v -0.305 -0.22204 2.71596
v -0.305 -0.22204 2.74004
v -0.307 -0.22004 2.74004
v -0.307 -0.19596 2.74004
v -0.305 -0.19396 2.74004
v -0.305 -0.19396 2.71596
v -0.307 -0.19596 2.71596
v -0.297 -0.22004 2.74004
v -0.299 -0.22204 2.74004
v -0.299 -0.22204 2.71596
v -0.297 -0.22004 2.71596
v -0.297 -0.19596 2.71596
v -0.299 -0.19396 2.71596
v -0.299 -0.19396 2.74004
v -0.297 -0.19596 2.74004
v -0.307 -0.19596 2.71596
v -0.305 -0.19596 2.71396
v -0.305 -0.22004 2.71396
v -0.307 -0.22004 2.71596
v -0.307 -0.22004 2.74004
v -0.305 -0.22004 2.74204
v -0.305 -0.19596 2.74204
v -0.307 -0.19596 2.74004
v -0.297 -0.22004 2.71596
v -0.299 -0.22004 2.71396
v -0.299 -0.19596 2.71396
v -0.297 -0.19596 2.71596
v -0.297 -0.19596 2.74004
v -0.299 -0.19596 2.74204
v -0.299 -0.22004 2.74204
v -0.297 -0.22004 2.74004
v -0.305 -0.22204 2.71596
v -0.305 -0.22004 2.71396
v -0.299 -0.22004 2.71396
v -0.299 -0.22204 2.71596
v -0.299 -0.22204 2.74004
v -0.299 -0.22004 2.74204
v -0.305 -0.22004 2.74204
v -0.305 -0.22204 2.74004
v -0.299 -0.19396 2.71596
v -0.299 -0.19596 2.71396
v -0.305 -0.19596 2.71396
v -0.305 -0.19396 2.71596
v -0.305 -0.19396 2.74004
v -0.305 -0.19596 2.74204
v -0.299 -0.19596 2.74204
v -0.299 -0.19396 2.74004
v -0.305 -0.22004 2.71396
v -0.305 -0.22204 2.71596
v -0.307 -0.22004 2.71596
v -0.307 -0.22004 2.74004
v -0.305 -0.22204 2.74004
v -0.305 -0.22004 2.74204
v -0.307 -0.19596 2.71596
v -0.305 -0.19396 2.71596
v -0.305 -0.19596 2.71396
v -0.305 -0.19596 2.74204
v -0.305 -0.19396 2.74004
v -0.307 -0.19596 2.74004
v -0.297 -0.22004 2.71596
v -0.299 -0.22204 2.71596
v -0.299 -0.22004 2.71396
v -0.299 -0.22004 2.74204
v -0.299 -0.22204 2.74004
v -0.297 -0.22004 2.74004
v -0.299 -0.19596 2.71396
v -0.299 -0.19396 2.71596
v -0.297 -0.19596 2.71596
v -0.297 -0.19596 2.74004
v -0.299 -0.19396 2.74004
v -0.299 -0.19596 2.74204
v -0.307 -0.18404 2.74004
v -0.307 -0.15996 2.74004
v -0.307 -0.15996 2.71596
v -0.307 -0.18404 2.71596
v -0.297 -0.18404 2.71596
v -0.297 -0.15996 2.71596
v -0.297 -0.15996 2.74004
v -0.297 -0.18404 2.74004
v -0.305 -0.18604 2.71596
v -0.299 -0.18604 2.71596
v -0.299 -0.18604 2.74004
v -0.305 -0.18604 2.74004
v -0.305 -0.15796 2.74004
v -0.299 -0.15796 2.74004
v -0.299 -0.15796 2.71596
v -0.305 -0.15796 2.71596
v -0.305 -0.15996 2.71396
v -0.299 -0.15996 2.71396
v -0.299 -0.18404 2.71396
v -0.305 -0.18404 2.71396
v -0.305 -0.18404 2.74204
v -0.299 -0.18404 2.74204
v -0.299 -0.15996 2.74204
v -0.305 -0.15996 2.74204
v -0.307 -0.18404 2.71596
v -0.305 -0.18604 2.71596
v -0.305 -0.18604 2.74004
v -0.307 -0.18404 2.74004
v -0.307 -0.15996 2.74004
v -0.305 -0.15796 2.74004
v -0.305 -0.15796 2.71596
v -0.307 -0.15996 2.71596
v -0.297 -0.18404 2.74004
v -0.299 -0.18604 2.74004
v -0.299 -0.18604 2.71596
v -0.297 -0.18404 2.71596
v -0.297 -0.15996 2.71596
v -0.299 -0.15796 2.71596
v -0.299 -0.15796 2.74004
v -0.297 -0.15996 2.74004
v -0.307 -0.15996 2.71596
v -0.305 -0.15996 2.71396
v -0.305 -0.18404 2.71396
v -0.307 -0.18404 2.71596
v -0.307 -0.18404 2.74004
v -0.305 -0.18404 2.74204
v -0.305 -0.15996 2.74204
v -0.307 -0.15996 2.74004
v -0.297 -0.18404 2.71596
v -0.299 -0.18404 2.71396
v -0.299 -0.15996 2.71396
v -0.297 -0.15996 2.71596
v -0.297 -0.15996 2.74004
v -0.299 -0.15996 2.74204
v -0.299 -0.18404 2.74204
v -0.297 -0.18404 2.74004
v -0.305 -0.18604 2.71596
v -0.305 -0.18404 2.71396
v -0.299 -0.18404 2.71396
v -0.299 -0.18604 2.71596
v -0.299 -0.18604 2.74004
v -0.299 -0.18404 2.74204
v -0.305 -0.18404 2.74204
v -0.305 -0.18604 2.74004
v -0.299 -0.15796 2.71596
v -0.299 -0.15996 2.71396
v -0.305 -0.15996 2.71396
v -0.305 -0.15796 2.71596
v -0.305 -0.15796 2.74004
v -0.305 -0.15996 2.74204
v -0.299 -0.15996 2.74204
v -0.299 -0.15796 2.74004
v -0.305 -0.18404 2.71396
v -0.305 -0.18604 2.71596
v -0.307 -0.18404 2.71596
v -0.307 -0.18404 2.74004
v -0.305 -0.18604 2.74004
v -0.305 -0.18404 2.74204
v -0.307 -0.15996 2.71596
v -0.305 -0.15796 2.71596
v -0.305 -0.15996 2.71396
v -0.305 -0.15996 2.74204
v -0.305 -0.15796 2.74004
v -0.307 -0.15996 2.74004
v -0.297 -0.18404 2.71596
v -0.299 -0.18604 2.71596
v -0.299 -0.18404 2.71396
v -0.299 -0.18404 2.74204
v -0.299 -0.18604 2.74004
v -0.297 -0.18404 2.74004
v -0.299 -0.15996 2.71396
v -0.299 -0.15796 2.71596
v -0.297 -0.15996 2.71596
v -0.297 -0.15996 2.74004
v -0.299 -0.15796 2.74004
v -0.299 -0.15996 2.74204
v -0.307 -0.25604 2.70404
v -0.307 -0.23196 2.70404
v -0.307 -0.23196 2.67996
v -0.307 -0.25604 2.67996
v -0.297 -0.25604 2.67996
v -0.297 -0.23196 2.67996
v -0.297 -0.23196 2.70404
v -0.297 -0.25604 2.70404
v -0.305 -0.25804 2.67996
v -0.299 -0.25804 2.67996
v -0.299 -0.25804 2.70404
v -0.305 -0.25804 2.70404
v -0.305 -0.22996 2.70404
v -0.299 -0.22996 2.70404
v -0.299 -0.22996 2.67996
v -0.305 -0.22996 2.67996
v -0.305 -0.23196 2.67796
v -0.299 -0.23196 2.67796
v -0.299 -0.25604 2.67796
v -0.305 -0.25604 2.67796
v -0.305 -0.25604 2.70604
v -0.299 -0.25604 2.70604
v -0.299 -0.23196 2.70604
v -0.305 -0.23196 2.70604
v -0.307 -0.25604 2.67996
v -0.305 -0.25804 2.67996
v -0.305 -0.25804 2.70404
v -0.307 -0.25604 2.70404
v -0.307 -0.23196 2.70404
v -0.305 -0.22996 2.70404
v -0.305 -0.22996 2.67996
v -0.307 -0.23196 2.67996
v -0.297 -0.25604 2.70404
v -0.299 -0.25804 2.70404
v -0.299 -0.25804 2.67996
v -0.297 -0.25604 2.67996
v -0.297 -0.23196 2.67996
v -0.299 -0.22996 2.67996
v -0.299 -0.22996 2.70404
v -0.297 -0.23196 2.70404
v -0.307 -0.23196 2.67996
v -0.305 -0.23196 2.67796
v -0.305 -0.25604 2.67796
v -0.307 -0.25604 2.67996
v -0.307 -0.25604 2.70404
v -0.305 -0.25604 2.70604
v -0.305 -0.23196 2.70604
v -0.307 -0.23196 2.70404
v -0.297 -0.25604 2.67996
v -0.299 -0.25604 2.67796
v -0.299 -0.23196 2.67796
v -0.297 -0.23196 2.67996
v -0.297 -0.23196 2.70404
v -0.299 -0.23196 2.70604
v -0.299 -0.25604 2.70604
v -0.297 -0.25604 2.70404
v -0.305 -0.25804 2.67996
v -0.305 -0.25604 2.67796
v -0.299 -0.25604 2.67796
v -0.299 -0.25804 2.67996
v -0.299 -0.25804 2.70404
v -0.299 -0.25604 2.70604
v -0.305 -0.25604 2.70604
v -0.305 -0.25804 2.70404
v -0.299 -0.22996 2.67996
v -0.299 -0.23196 2.67796
v -0.305 -0.23196 2.67796
v -0.305 -0.22996 2.67996
v -0.305 -0.22996 2.70404
v -0.305 -0.23196 2.70604
v -0.299 -0.23196 2.70604
v -0.299 -0.22996 2.70404
v -0.305 -0.25604 2.67796
v -0.305 -0.25804 2.67996
v -0.307 -0.25604 2.67996
v -0.307 -0.25604 2.70404
v -0.305 -0.25804 2.70404
v -0.305 -0.25604 2.70604
v -0.307 -0.23196 2.67996
v -0.305 -0.22996 2.67996
v -0.305 -0.23196 2.67796
v -0.305 -0.23196 2.70604
v -0.305 -0.22996 2.70404
v -0.307 -0.23196 2.70404
v -0.297 -0.25604 2.67996
v -0.299 -0.25804 2.67996
v -0.299 -0.25604 2.67796
v -0.299 -0.25604 2.70604
v -0.299 -0.25804 2.70404
v -0.297 -0.25604 2.70404
v -0.299 -0.23196 2.67796
v -0.299 -0.22996 2.67996
v -0.297 -0.23196 2.67996
v -0.297 -0.23196 2.70404
v -0.299 -0.22996 2.70404
v -0.299 -0.23196 2.70604
v -0.307 -0.25604 2.66804
v -0.307 -0.23196 2.66804
v -0.307 -0.23196 2.64396
v -0.307 -0.25604 2.64396
v -0.297 -0.25604 2.64396
v -0.297 -0.23196 2.64396
v -0.297 -0.23196 2.66804
v -0.297 -0.25604 2.66804
v -0.305 -0.25804 2.64396
v -0.299 -0.25804 2.64396
v -0.299 -0.25804 2.66804
v -0.305 -0.25804 2.66804
v -0.305 -0.22996 2.66804
v -0.299 -0.22996 2.66804
v -0.299 -0.22996 2.64396
v -0.305 -0.22996 2.64396
v -0.305 -0.23196 2.64196
v -0.299 -0.23196 2.64196
v -0.299 -0.25604 2.64196
v -0.305 -0.25604 2.64196
v -0.305 -0.25604 2.67004
v -0.299 -0.25604 2.67004
v -0.299 -0.23196 2.67004
v -0.305 -0.23196 2.67004
v -0.307 -0.25604 2.64396
v -0.305 -0.25804 2.64396
v -0.305 -0.25804 2.66804
v -0.307 -0.25604 2.66804
v -0.307 -0.23196 2.66804
v -0.305 -0.22996 2.66804
v -0.305 -0.22996 2.64396
v -0.307 -0.23196 2.64396
v -0.297 -0.25604 2.66804
v -0.299 -0.25804 2.66804
v -0.299 -0.25804 2.64396
v -0.297 -0.25604 2.64396
v -0.297 -0.23196 2.64396
v -0.299 -0.22996 2.64396
v -0.299 -0.22996 2.66804
v -0.297 -0.23196 2.66804
v -0.307 -0.23196 2.64396
v -0.305 -0.23196 2.64196
v -0.305 -0.25604 2.64196
v -0.307 -0.25604 2.64396
v -0.307 -0.25604 2.66804
v -0.305 -0.25604 2.67004
v -0.305 -0.23196 2.67004
v -0.307 -0.23196 2.66804
v -0.297 -0.25604 2.64396
v -0.299 -0.25604 2.64196
v -0.299 -0.23196 2.64196
v -0.297 -0.23196 2.64396
v -0.297 -0.23196 2.66804
v -0.299 -0.23196 2.67004
v -0.299 -0.25604 2.67004
v -0.297 -0.25604 2.66804
v -0.305 -0.25804 2.64396
v -0.305 -0.25604 2.64196
v -0.299 -0.25604 2.64196
v -0.299 -0.25804 2.64396
v -0.299 -0.25804 2.66804
v -0.299 -0.25604 2.67004
v -0.305 -0.25604 2.67004
v -0.305 -0.25804 2.66804
v -0.299 -0.22996 2.64396
v -0.299 -0.23196 2.64196
v -0.305 -0.23196 2.64196
v -0.305 -0.22996 2.64396
v -0.305 -0.22996 2.66804
v -0.305 -0.23196 2.67004
v -0.299 -0.23196 2.67004
v -0.299 -0.22996 2.66804
v -0.305 -0.25604 2.64196
v -0.305 -0.25804 2.64396
v -0.307 -0.25604 2.64396
v -0.307 -0.25604 2.66804
v -0.305 -0.25804 2.66804
v -0.305 -0.25604 2.67004
v -0.307 -0.23196 2.64396
v -0.305 -0.22996 2.64396
v -0.305 -0.23196 2.64196
v -0.305 -0.23196 2.67004
v -0.305 -0.22996 2.66804
v -0.307 -0.23196 2.66804
v -0.297 -0.25604 2.64396
v -0.299 -0.25804 2.64396
v -0.299 -0.25604 2.64196
v -0.299 -0.25604 2.67004
v -0.299 -0.25804 2.66804
v -0.297 -0.25604 2.66804
v -0.299 -0.23196 2.64196
v -0.299 -0.22996 2.64396
v -0.297 -0.23196 2.64396
v -0.297 -0.23196 2.66804
v -0.299 -0.22996 2.66804
v -0.299 -0.23196 2.67004
v -0.307 -0.25604 2.63204
v -0.307 -0.23196 2.63204
v -0.307 -0.23196 2.60796
v -0.307 -0.25604 2.60796
v -0.297 -0.25604 2.60796
v -0.297 -0.23196 2.60796
v -0.297 -0.23196 2.63204
v -0.297 -0.25604 2.63204
v -0.305 -0.25804 2.60796
v -0.299 -0.25804 2.60796
v -0.299 -0.25804 2.63204
v -0.305 -0.25804 2.63204
v -0.305 -0.22996 2.63204
v -0.299 -0.22996 2.63204
v -0.299 -0.22996 2.60796
v -0.305 -0.22996 2.60796
v -0.305 -0.23196 2.60596
v -0.299 -0.23196 2.60596
v -0.299 -0.25604 2.60596
v -0.305 -0.25604 2.60596
v -0.305 -0.25604 2.63404
v -0.299 -0.25604 2.63404
v -0.299 -0.23196 2.63404
v -0.305 -0.23196 2.63404
v -0.307 -0.25604 2.60796
v -0.305 -0.25804 2.60796
v -0.305 -0.25804 2.63204
v -0.307 -0.25604 2.63204
v -0.307 -0.23196 2.63204
v -0.305 -0.22996 2.63204
v -0.305 -0.22996 2.60796
v -0.307 -0.23196 2.60796
v -0.297 -0.25604 2.63204
v -0.299 -0.25804 2.63204
v -0.299 -0.25804 2.60796
v -0.297 -0.25604 2.60796
v -0.297 -0.23196 2.60796
v -0.299 -0.22996 2.60796
v -0.299 -0.22996 2.63204
v -0.297 -0.23196 2.63204
v -0.307 -0.23196 2.60796
v -0.305 -0.23196 2.60596
v -0.305 -0.25604 2.60596
v -0.307 -0.25604 2.60796
v -0.307 -0.25604 2.63204
v -0.305 -0.25604 2.63404
v -0.305 -0.23196 2.63404
v -0.307 -0.23196 2.63204
v -0.297 -0.25604 2.60796
v -0.299 -0.25604 2.60596
v -0.299 -0.23196 2.60596
v -0.297 -0.23196 2.60796
v -0.297 -0.23196 2.63204
v -0.299 -0.23196 2.63404
v -0.299 -0.25604 2.63404
v -0.297 -0.25604 2.63204
v -0.305 -0.25804 2.60796
v -0.305 -0.25604 2.60596
v -0.299 -0.25604 2.60596
v -0.299 -0.25804 2.60796
v -0.299 -0.25804 2.63204
v -0.299 -0.25604 2.63404
v -0.305 -0.25604 2.63404
v -0.305 -0.25804 2.63204
v -0.299 -0.22996 2.60796
v -0.299 -0.23196 2.60596
v -0.305 -0.23196 2.60596
v -0.305 -0.22996 2.60796
v -0.305 -0.22996 2.63204
v -0.305 -0.23196 2.63404
v -0.299 -0.23196 2.63404
v -0.299 -0.22996 2.63204
v -0.305 -0.25604 2.60596
v -0.305 -0.25804 2.60796
v -0.307 -0.25604 2.60796
v -0.307 -0.25604 2.63204
v -0.305 -0.25804 2.63204
v -0.305 -0.25604 2.63404
v -0.307 -0.23196 2.60796
v -0.305 -0.22996 2.60796
v -0.305 -0.23196 2.60596
v -0.305 -0.23196 2.63404
v -0.305 -0.22996 2.63204
v -0.307 -0.23196 2.63204
v -0.297 -0.25604 2.60796
v -0.299 -0.25804 2.60796
v -0.299 -0.25604 2.60596
v -0.299 -0.25604 2.63404
v -0.299 -0.25804 2.63204
v -0.297 -0.25604 2.63204
v -0.299 -0.23196 2.60596
v -0.299 -0.22996 2.60796
v -0.297 -0.23196 2.60796
v -0.297 -0.23196 2.63204
v -0.299 -0.22996 2.63204
v -0.299 -0.23196 2.63404
v -0.307 -0.22004 2.63204
v -0.307 -0.19596 2.63204
v -0.307 -0.19596 2.60796
v -0.307 -0.22004 2.60796
v -0.297 -0.22004 2.60796
v -0.297 -0.19596 2.60796
v -0.297 -0.19596 2.63204
v -0.297 -0.22004 2.63204
v -0.305 -0.22204 2.60796
v -0.299 -0.22204 2.60796
v -0.299 -0.22204 2.63204
v -0.305 -0.22204 2.63204
v -0.305 -0.19396 2.63204
v -0.299 -0.19396 2.63204
v -0.299 -0.19396 2.60796
v -0.305 -0.19396 2.60796
v -0.305 -0.19596 2.60596
v -0.299 -0.19596 2.60596
v -0.299 -0.22004 2.60596
v -0.305 -0.22004 2.60596
v -0.305 -0.22004 2.63404
v -0.299 -0.22004 2.63404
v -0.299 -0.19596 2.63404
v -0.305 -0.19596 2.63404
v -0.307 -0.22004 2.60796
v -0.305 -0.22204 2.60796
v -0.305 -0.22204 2.63204
v -0.307 -0.22004 2.63204
v -0.307 -0.19596 2.63204
v -0.305 -0.19396 2.63204
v -0.305 -0.19396 2.60796
v -0.307 -0.19596 2.60796
v -0.297 -0.22004 2.63204
v -0.299 -0.22204 2.63204
v -0.299 -0.22204 2.60796
v -0.297 -0.22004 2.60796
v -0.297 -0.19596 2.60796
v -0.299 -0.19396 2.60796
v -0.299 -0.19396 2.63204
v -0.297 -0.19596 2.63204
v -0.307 -0.19596 2.60796
v -0.305 -0.19596 2.60596
v -0.305 -0.22004 2.60596
v -0.307 -0.22004 2.60796
v -0.307 -0.22004 2.63204
v -0.305 -0.22004 2.63404
v -0.305 -0.19596 2.63404
v -0.307 -0.19596 2.63204
v -0.297 -0.22004 2.60796
v -0.299 -0.22004 2.60596
v -0.299 -0.19596 2.60596
v -0.297 -0.19596 2.60796
v -0.297 -0.19596 2.63204
v -0.299 -0.19596 2.63404
v -0.299 -0.22004 2.63404
v -0.297 -0.22004 2.63204
v -0.305 -0.22204 2.60796
v -0.305 -0.22004 2.60596
v -0.299 -0.22004 2.60596
v -0.299 -0.22204 2.60796
v -0.299 -0.22204 2.63204
v -0.299 -0.22004 2.63404
v -0.305 -0.22004 2.63404
v -0.305 -0.22204 2.63204
v -0.299 -0.19396 2.60796
v -0.299 -0.19596 2.60596
v -0.305 -0.19596 2.60596
v -0.305 -0.19396 2.60796
v -0.305 -0.19396 2.63204
v -0.305 -0.19596 2.63404
v -0.299 -0.19596 2.63404
v -0.299 -0.19396 2.63204
v -0.305 -0.22004 2.60596
v -0.305 -0.22204 2.60796
v -0.307 -0.22004 2.60796
v -0.307 -0.22004 2.63204
v -0.305 -0.22204 2.63204
v -0.305 -0.22004 2.63404
v -0.307 -0.19596 2.60796
v -0.305 -0.19396 2.60796
v -0.305 -0.19596 2.60596
v -0.305 -0.19596 2.63404
v -0.305 -0.19396 2.63204
v -0.307 -0.19596 2.63204
v -0.297 -0.22004 2.60796
v -0.299 -0.22204 2.60796
v -0.299 -0.22004 2.60596
v -0.299 -0.22004 2.63404
v -0.299 -0.22204 2.63204
v -0.297 -0.22004 2.63204
v -0.299 -0.19596 2.60596
v -0.299 -0.19396 2.60796
v -0.297 -0.19596 2.60796
v -0.297 -0.19596 2.63204
v -0.299 -0.19396 2.63204
v -0.299 -0.19596 2.63404
v -0.307 -0.18404 2.63204
v -0.307 -0.15996 2.63204
v -0.307 -0.15996 2.60796
v -0.307 -0.18404 2.60796
v -0.297 -0.18404 2.60796
v -0.297 -0.15996 2.60796
v -0.297 -0.15996 2.63204
v -0.297 -0.18404 2.63204
v -0.305 -0.18604 2.60796
v -0.299 -0.18604 2.60796
v -0.299 -0.18604 2.63204
v -0.305 -0.18604 2.63204
v -0.305 -0.15796 2.63204
v -0.299 -0.15796 2.63204
v -0.299 -0.15796 2.60796
v -0.305 -0.15796 2.60796
v -0.305 -0.15996 2.60596
v -0.299 -0.15996 2.60596
v -0.299 -0.18404 2.60596
v -0.305 -0.18404 2.60596
v -0.305 -0.18404 2.63404
v -0.299 -0.18404 2.63404
v -0.299 -0.15996 2.63404
v -0.305 -0.15996 2.63404
v -0.307 -0.18404 2.60796
v -0.305 -0.18604 2.60796
v -0.305 -0.18604 2.63204
v -0.307 -0.18404 2.63204
v -0.307 -0.15996 2.63204
v -0.305 -0.15796 2.63204
v -0.305 -0.15796 2.60796
v -0.307 -0.15996 2.60796
v -0.297 -0.18404 2.63204
v -0.299 -0.18604 2.63204
v -0.299 -0.18604 2.60796
v -0.297 -0.18404 2.60796
v -0.297 -0.15996 2.60796
v -0.299 -0.15796 2.60796
v -0.299 -0.15796 2.63204
v -0.297 -0.15996 2.63204
v -0.307 -0.15996 2.60796
v -0.305 -0.15996 2.60596
v -0.305 -0.18404 2.60596
v -0.307 -0.18404 2.60796
v -0.307 -0.18404 2.63204
v -0.305 -0.18404 2.63404
v -0.305 -0.15996 2.63404
v -0.307 -0.15996 2.63204
v -0.297 -0.18404 2.60796
v -0.299 -0.18404 2.60596
v -0.299 -0.15996 2.60596
v -0.297 -0.15996 2.60796
v -0.297 -0.15996 2.63204
v -0.299 -0.15996 2.63404
v -0.299 -0.18404 2.63404
v -0.297 -0.18404 2.63204
v -0.305 -0.18604 2.60796
v -0.305 -0.18404 2.60596
v -0.299 -0.18404 2.60596
v -0.299 -0.18604 2.60796
v -0.299 -0.18604 2.63204
v -0.299 -0.18404 2.63404
v -0.305 -0.18404 2.63404
v -0.305 -0.18604 2.63204
v -0.299 -0.15796 2.60796
v -0.299 -0.15996 2.60596
v -0.305 -0.15996 2.60596
v -0.305 -0.15796 2.60796
v -0.305 -0.15796 2.63204
v -0.305 -0.15996 2.63404
v -0.299 -0.15996 2.63404
v -0.299 -0.15796 2.63204
v -0.305 -0.18404 2.60596
v -0.305 -0.18604 2.60796
v -0.307 -0.18404 2.60796
v -0.307 -0.18404 2.63204
v -0.305 -0.18604 2.63204
v -0.305 -0.18404 2.63404
v -0.307 -0.15996 2.60796
v -0.305 -0.15796 2.60796
v -0.305 -0.15996 2.60596
v -0.305 -0.15996 2.63404
v -0.305 -0.15796 2.63204
v -0.307 -0.15996 2.63204
v -0.297 -0.18404 2.60796
v -0.299 -0.18604 2.60796
v -0.299 -0.18404 2.60596
v -0.299 -0.18404 2.63404
v -0.299 -0.18604 2.63204
v -0.297 -0.18404 2.63204
v -0.299 -0.15996 2.60596
v -0.299 -0.15796 2.60796
v -0.297 -0.15996 2.60796
v -0.297 -0.15996 2.63204
v -0.299 -0.15796 2.63204
v -0.299 -0.15996 2.63404
v -0.307 -0.11204 2.74004
v -0.307 -0.08796 2.74004
v -0.307 -0.08796 2.71596
v -0.307 -0.11204 2.71596
v -0.297 -0.11204 2.71596
v -0.297 -0.08796 2.71596
v -0.297 -0.08796 2.74004
v -0.297 -0.11204 2.74004
v -0.305 -0.11404 2.71596
v -0.299 -0.11404 2.71596
v -0.299 -0.11404 2.74004
v -0.305 -0.11404 2.74004
v -0.305 -0.08596 2.74004
v -0.299 -0.08596 2.74004
v -0.299 -0.08596 2.71596
v -0.305 -0.08596 2.71596
v -0.305 -0.08796 2.71396
v -0.299 -0.08796 2.71396
v -0.299 -0.11204 2.71396
v -0.305 -0.11204 2.71396
v -0.305 -0.11204 2.74204
v -0.299 -0.11204 2.74204
v -0.299 -0.08796 2.74204
v -0.305 -0.08796 2.74204
v -0.307 -0.11204 2.71596
v -0.305 -0.11404 2.71596
v -0.305 -0.11404 2.74004
v -0.307 -0.11204 2.74004
v -0.307 -0.08796 2.74004
v -0.305 -0.08596 2.74004
v -0.305 -0.08596 2.71596
v -0.307 -0.08796 2.71596
v -0.297 -0.11204 2.74004
v -0.299 -0.11404 2.74004
v -0.299 -0.11404 2.71596
v -0.297 -0.11204 2.71596
v -0.297 -0.08796 2.71596
v -0.299 -0.08596 2.71596
v -0.299 -0.08596 2.74004
v -0.297 -0.08796 2.74004
v -0.307 -0.08796 2.71596
v -0.305 -0.08796 2.71396
v -0.305 -0.11204 2.71396
v -0.307 -0.11204 2.71596
v -0.307 -0.11204 2.74004
v -0.305 -0.11204 2.74204
v -0.305 -0.08796 2.74204
v -0.307 -0.08796 2.74004
v -0.297 -0.11204 2.71596
v -0.299 -0.11204 2.71396
v -0.299 -0.08796 2.71396
v -0.297 -0.08796 2.71596
v -0.297 -0.08796 2.74004
v -0.299 -0.08796 2.74204
v -0.299 -0.11204 2.74204
v -0.297 -0.11204 2.74004
v -0.305 -0.11404 2.71596
v -0.305 -0.11204 2.71396
v -0.299 -0.11204 2.71396
v -0.299 -0.11404 2.71596
v -0.299 -0.11404 2.74004
v -0.299 -0.11204 2.74204
v -0.305 -0.11204 2.74204
v -0.305 -0.11404 2.74004
v -0.299 -0.08596 2.71596
v -0.299 -0.08796 2.71396
v -0.305 -0.08796 2.71396
v -0.305 -0.08596 2.71596
v -0.305 -0.08596 2.74004
v -0.305 -0.08796 2.74204
v -0.299 -0.08796 2.74204
v -0.299 -0.08596 2.74004
v -0.305 -0.11204 2.71396
v -0.305 -0.11404 2.71596
v -0.307 -0.11204 2.71596
v -0.307 -0.11204 2.74004
v -0.305 -0.11404 2.74004
v -0.305 -0.11204 2.74204
v -0.307 -0.08796 2.71596
v -0.305 -0.08596 2.71596
v -0.305 -0.08796 2.71396
v -0.305 -0.08796 2.74204
v -0.305 -0.08596 2.74004
v -0.307 -0.08796 2.74004
v -0.297 -0.11204 2.71596
v -0.299 -0.11404 2.71596
v -0.299 -0.11204 2.71396
v -0.299 -0.11204 2.74204
v -0.299 -0.11404 2.74004
v -0.297 -0.11204 2.74004
v -0.299 -0.08796 2.71396
v -0.299 -0.08596 2.71596
v -0.297 -0.08796 2.71596
v -0.297 -0.08796 2.74004
v -0.299 -0.08596 2.74004
v -0.299 -0.08796 2.74204
v -0.307 -0.07604 2.74004
v -0.307 -0.05196 2.74004
v -0.307 -0.05196 2.71596
v -0.307 -0.07604 2.71596
v -0.297 -0.07604 2.71596
v -0.297 -0.05196 2.71596
v -0.297 -0.05196 2.74004
v -0.297 -0.07604 2.74004
v -0.305 -0.07804 2.71596
v -0.299 -0.07804 2.71596
v -0.299 -0.07804 2.74004
v -0.305 -0.07804 2.74004
v -0.305 -0.04996 2.74004
v -0.299 -0.04996 2.74004
v -0.299 -0.04996 2.71596
v -0.305 -0.04996 2.71596
v -0.305 -0.05196 2.71396
v -0.299 -0.05196 2.71396
v -0.299 -0.07604 2.71396
v -0.305 -0.07604 2.71396
v -0.305 -0.07604 2.74204
v -0.299 -0.07604 2.74204
v -0.299 -0.05196 2.74204
v -0.305 -0.05196 2.74204
v -0.307 -0.07604 2.71596
v -0.305 -0.07804 2.71596
v -0.305 -0.07804 2.74004
v -0.307 -0.07604 2.74004
v -0.307 -0.05196 2.74004
v -0.305 -0.04996 2.74004
v -0.305 -0.04996 2.71596
v -0.307 -0.05196 2.71596
v -0.297 -0.07604 2.74004
v -0.299 -0.07804 2.74004
v -0.299 -0.07804 2.71596
v -0.297 -0.07604 2.71596
v -0.297 -0.05196 2.71596
v -0.299 -0.04996 2.71596
v -0.299 -0.04996 2.74004
v -0.297 -0.05196 2.74004
v -0.307 -0.05196 2.71596
v -0.305 -0.05196 2.71396
v -0.305 -0.07604 2.71396
v -0.307 -0.07604 2.71596
v -0.307 -0.07604 2.74004
v -0.305 -0.07604 2.74204
v -0.305 -0.05196 2.74204
v -0.307 -0.05196 2.74004
v -0.297 -0.07604 2.71596
v -0.299 -0.07604 2.71396
v -0.299 -0.05196 2.71396
v -0.297 -0.05196 2.71596
v -0.297 -0.05196 2.74004
v -0.299 -0.05196 2.74204
v -0.299 -0.07604 2.74204
v -0.297 -0.07604 2.74004
v -0.305 -0.07804 2.71596
v -0.305 -0.07604 2.71396
v -0.299 -0.07604 2.71396
v -0.299 -0.07804 2.71596
v -0.299 -0.07804 2.74004
v -0.299 -0.07604 2.74204
v -0.305 -0.07604 2.74204
v -0.305 -0.07804 2.74004
v -0.299 -0.04996 2.71596
v -0.299 -0.05196 2.71396
v -0.305 -0.05196 2.71396
v -0.305 -0.04996 2.71596
v -0.305 -0.04996 2.74004
v -0.305 -0.05196 2.74204
v -0.299 -0.05196 2.74204
v -0.299 -0.04996 2.74004
v -0.305 -0.07604 2.71396
v -0.305 -0.07804 2.71596
v -0.307 -0.07604 2.71596
v -0.307 -0.07604 2.74004
v -0.305 -0.07804 2.74004
v -0.305 -0.07604 2.74204
v -0.307 -0.05196 2.71596
v -0.305 -0.04996 2.71596
v -0.305 -0.05196 2.71396
v -0.305 -0.05196 2.74204
v -0.305 -0.04996 2.74004
v -0.307 -0.05196 2.74004
v -0.297 -0.07604 2.71596
v -0.299 -0.07804 2.71596
v -0.299 -0.07604 2.71396
v -0.299 -0.07604 2.74204
v -0.299 -0.07804 2.74004
v -0.297 -0.07604 2.74004
v -0.299 -0.05196 2.71396
v -0.299 -0.04996 2.71596
v -0.297 -0.05196 2.71596
v -0.297 -0.05196 2.74004
v -0.299 -0.04996 2.74004
v -0.299 -0.05196 2.74204
v -0.307 -0.04004 2.74004
v -0.307 -0.01596 2.74004
v -0.307 -0.01596 2.71596
v -0.307 -0.04004 2.71596
v -0.297 -0.04004 2.71596
v -0.297 -0.01596 2.71596
v -0.297 -0.01596 2.74004
v -0.297 -0.04004 2.74004
v -0.305 -0.04204 2.71596
v -0.299 -0.04204 2.71596
v -0.299 -0.04204 2.74004
v -0.305 -0.04204 2.74004
v -0.305 -0.01396 2.74004
v -0.299 -0.01396 2.74004
v -0.299 -0.01396 2.71596
v -0.305 -0.01396 2.71596
v -0.305 -0.01596 2.71396
v -0.299 -0.01596 2.71396
v -0.299 -0.04004 2.71396
v -0.305 -0.04004 2.71396
v -0.305 -0.04004 2.74204
v -0.299 -0.04004 2.74204
v -0.299 -0.01596 2.74204
v -0.305 -0.01596 2.74204
v -0.307 -0.04004 2.71596
v -0.305 -0.04204 2.71596
v -0.305 -0.04204 2.74004
v -0.307 -0.04004 2.74004
v -0.307 -0.01596 2.74004
v -0.305 -0.01396 2.74004
v -0.305 -0.01396 2.71596
v -0.307 -0.01596 2.71596
v -0.297 -0.04004 2.74004
v -0.299 -0.04204 2.74004
v -0.299 -0.04204 2.71596
v -0.297 -0.04004 2.71596
v -0.297 -0.01596 2.71596
v -0.299 -0.01396 2.71596
v -0.299 -0.01396 2.74004
v -0.297 -0.01596 2.74004
v -0.307 -0.01596 2.71596
v -0.305 -0.01596 2.71396
v -0.305 -0.04004 2.71396
v -0.307 -0.04004 2.71596
v -0.307 -0.04004 2.74004
v -0.305 -0.04004 2.74204
v -0.305 -0.01596 2.74204
v -0.307 -0.01596 2.74004
v -0.297 -0.04004 2.71596
v -0.299 -0.04004 2.71396
v -0.299 -0.01596 2.71396
v -0.297 -0.01596 2.71596
v -0.297 -0.01596 2.74004
v -0.299 -0.01596 2.74204
v -0.299 -0.04004 2.74204
v -0.297 -0.04004 2.74004
v -0.305 -0.04204 2.71596
v -0.305 -0.04004 2.71396
v -0.299 -0.04004 2.71396
v -0.299 -0.04204 2.71596
v -0.299 -0.04204 2.74004
v -0.299 -0.04004 2.74204
v -0.305 -0.04004 2.74204
v -0.305 -0.04204 2.74004
v -0.299 -0.01396 2.71596
v -0.299 -0.01596 2.71396
v -0.305 -0.01596 2.71396
v -0.305 -0.01396 2.71596
v -0.305 -0.01396 2.74004
v -0.305 -0.01596 2.74204
v -0.299 -0.01596 2.74204
v -0.299 -0.01396 2.74004
v -0.305 -0.04004 2.71396
v -0.305 -0.04204 2.71596
v -0.307 -0.04004 2.71596
v -0.307 -0.04004 2.74004
v -0.305 -0.04204 2.74004
v -0.305 -0.04004 2.74204
v -0.307 -0.01596 2.71596
v -0.305 -0.01396 2.71596
v -0.305 -0.01596 2.71396
v -0.305 -0.01596 2.74204
v -0.305 -0.01396 2.74004
v -0.307 -0.01596 2.74004
v -0.297 -0.04004 2.71596
v -0.299 -0.04204 2.71596
v -0.299 -0.04004 2.71396
v -0.299 -0.04004 2.74204
v -0.299 -0.04204 2.74004
v -0.297 -0.04004 2.74004
v -0.299 -0.01596 2.71396
v -0.299 -0.01396 2.71596
v -0.297 -0.01596 2.71596
v -0.297 -0.01596 2.74004
v -0.299 -0.01396 2.74004
v -0.299 -0.01596 2.74204
v -0.307 -0.07604 2.70404
v -0.307 -0.05196 2.70404
v -0.307 -0.05196 2.67996
v -0.307 -0.07604 2.67996
v -0.297 -0.07604 2.67996
v -0.297 -0.05196 2.67996
v -0.297 -0.05196 2.70404
v -0.297 -0.07604 2.70404
v -0.305 -0.07804 2.67996
v -0.299 -0.07804 2.67996
v -0.299 -0.07804 2.70404
v -0.305 -0.07804 2.70404
v -0.305 -0.04996 2.70404
v -0.299 -0.04996 2.70404
v -0.299 -0.04996 2.67996
v -0.305 -0.04996 2.67996
v -0.305 -0.05196 2.67796
v -0.299 -0.05196 2.67796
v -0.299 -0.07604 2.67796
v -0.305 -0.07604 2.67796
v -0.305 -0.07604 2.70604
v -0.299 -0.07604 2.70604
v -0.299 -0.05196 2.70604
v -0.305 -0.05196 2.70604
v -0.307 -0.07604 2.67996
v -0.305 -0.07804 2.67996
v -0.305 -0.07804 2.70404
v -0.307 -0.07604 2.70404
v -0.307 -0.05196 2.70404
v -0.305 -0.04996 2.70404
v -0.305 -0.04996 2.67996
v -0.307 -0.05196 2.67996
v -0.297 -0.07604 2.70404
v -0.299 -0.07804 2.70404
v -0.299 -0.07804 2.67996
v -0.297 -0.07604 2.67996
v -0.297 -0.05196 2.67996
v -0.299 -0.04996 2.67996
v -0.299 -0.04996 2.70404
v -0.297 -0.05196 2.70404
v -0.307 -0.05196 2.67996
v -0.305 -0.05196 2.67796
v -0.305 -0.07604 2.67796
v -0.307 -0.07604 2.67996
v -0.307 -0.07604 2.70404
v -0.305 -0.07604 2.70604
v -0.305 -0.05196 2.70604
v -0.307 -0.05196 2.70404
v -0.297 -0.07604 2.67996
v -0.299 -0.07604 2.67796
v -0.299 -0.05196 2.67796
v -0.297 -0.05196 2.67996
v -0.297 -0.05196 2.70404
v -0.299 -0.05196 2.70604
v -0.299 -0.07604 2.70604
v -0.297 -0.07604 2.70404
v -0.305 -0.07804 2.67996
v -0.305 -0.07604 2.67796
v -0.299 -0.07604 2.67796
v -0.299 -0.07804 2.67996
v -0.299 -0.07804 2.70404
v -0.299 -0.07604 2.70604
v -0.305 -0.07604 2.70604
v -0.305 -0.07804 2.70404
v -0.299 -0.04996 2.67996
v -0.299 -0.05196 2.67796
v -0.305 -0.05196 2.67796
v -0.305 -0.04996 2.67996
v -0.305 -0.04996 2.70404
v -0.305 -0.05196 2.70604
v -0.299 -0.05196 2.70604
v -0.299 -0.04996 2.70404
v -0.305 -0.07604 2.67796
v -0.305 -0.07804 2.67996
v -0.307 -0.07604 2.67996
v -0.307 -0.07604 2.70404
v -0.305 -0.07804 2.70404
v -0.305 -0.07604 2.70604
v -0.307 -0.05196 2.67996
v -0.305 -0.04996 2.67996
v -0.305 -0.05196 2.67796
v -0.305 -0.05196 2.70604
v -0.305 -0.04996 2.70404
v -0.307 -0.05196 2.70404
v -0.297 -0.07604 2.67996
v -0.299 -0.07804 2.67996
v -0.299 -0.07604 2.67796
v -0.299 -0.07604 2.70604
v -0.299 -0.07804 2.70404
v -0.297 -0.07604 2.70404
v -0.299 -0.05196 2.67796
v -0.299 -0.04996 2.67996
v -0.297 -0.05196 2.67996
v -0.297 -0.05196 2.70404
v -0.299 -0.04996 2.70404
v -0.299 -0.05196 2.70604
v -0.307 -0.07604 2.66804
v -0.307 -0.05196 2.66804
v -0.307 -0.05196 2.64396
v -0.307 -0.07604 2.64396
v -0.297 -0.07604 2.64396
v -0.297 -0.05196 2.64396
v -0.297 -0.05196 2.66804
v -0.297 -0.07604 2.66804
v -0.305 -0.07804 2.64396
v -0.299 -0.07804 2.64396
v -0.299 -0.07804 2.66804
v -0.305 -0.07804 2.66804
v -0.305 -0.04996 2.66804
v -0.299 -0.04996 2.66804
v -0.299 -0.04996 2.64396
v -0.305 -0.04996 2.64396
v -0.305 -0.05196 2.64196
v -0.299 -0.05196 2.64196
v -0.299 -0.07604 2.64196
v -0.305 -0.07604 2.64196
v -0.305 -0.07604 2.67004
v -0.299 -0.07604 2.67004
v -0.299 -0.05196 2.67004
v -0.305 -0.05196 2.67004
v -0.307 -0.07604 2.64396
v -0.305 -0.07804 2.64396
v -0.305 -0.07804 2.66804
v -0.307 -0.07604 2.66804
v -0.307 -0.05196 2.66804
v -0.305 -0.04996 2.66804
v -0.305 -0.04996 2.64396
v -0.307 -0.05196 2.64396
v -0.297 -0.07604 2.66804
v -0.299 -0.07804 2.66804
v -0.299 -0.07804 2.64396
v -0.297 -0.07604 2.64396
v -0.297 -0.05196 2.64396
v -0.299 -0.04996 2.64396
v -0.299 -0.04996 2.66804
v -0.297 -0.05196 2.66804
v -0.307 -0.05196 2.64396
v -0.305 -0.05196 2.64196
v -0.305 -0.07604 2.64196
v -0.307 -0.07604 2.64396
v -0.307 -0.07604 2.66804
v -0.305 -0.07604 2.67004
v -0.305 -0.05196 2.67004
v -0.307 -0.05196 2.66804
v -0.297 -0.07604 2.64396
v -0.299 -0.07604 2.64196
v -0.299 -0.05196 2.64196
v -0.297 -0.05196 2.64396
v -0.297 -0.05196 2.66804
v -0.299 -0.05196 2.67004
v -0.299 -0.07604 2.67004
v -0.297 -0.07604 2.66804
v -0.305 -0.07804 2.64396
v -0.305 -0.07604 2.64196
v -0.299 -0.07604 2.64196
v -0.299 -0.07804 2.64396
v -0.299 -0.07804 2.66804
v -0.299 -0.07604 2.67004
v -0.305 -0.07604 2.67004
v -0.305 -0.07804 2.66804
v -0.299 -0.04996 2.64396
v -0.299 -0.05196 2.64196
v -0.305 -0.05196 2.64196
v -0.305 -0.04996 2.64396
v -0.305 -0.04996 2.66804
v -0.305 -0.05196 2.67004
v -0.299 -0.05196 2.67004
v -0.299 -0.04996 2.66804
v -0.305 -0.07604 2.64196
v -0.305 -0.07804 2.64396
v -0.307 -0.07604 2.64396
v -0.307 -0.07604 2.66804
v -0.305 -0.07804 2.66804
v -0.305 -0.07604 2.67004
v -0.307 -0.05196 2.64396
v -0.305 -0.04996 2.64396
v -0.305 -0.05196 2.64196
v -0.305 -0.05196 2.67004
v -0.305 -0.04996 2.66804
v -0.307 -0.05196 2.66804
v -0.297 -0.07604 2.64396
v -0.299 -0.07804 2.64396
v -0.299 -0.07604 2.64196
v -0.299 -0.07604 2.67004
v -0.299 -0.07804 2.66804
v -0.297 -0.07604 2.66804
v -0.299 -0.05196 2.64196
v -0.299 -0.04996 2.64396
v -0.297 -0.05196 2.64396
v -0.297 -0.05196 2.66804
v -0.299 -0.04996 2.66804
v -0.299 -0.05196 2.67004
v -0.307 -0.07604 2.63204
v -0.307 -0.05196 2.63204
v -0.307 -0.05196 2.60796
v -0.307 -0.07604 2.60796
v -0.297 -0.07604 2.60796
v -0.297 -0.05196 2.60796
v -0.297 -0.05196 2.63204
v -0.297 -0.07604 2.63204
v -0.305 -0.07804 2.60796
v -0.299 -0.07804 2.60796
v -0.299 -0.07804 2.63204
v -0.305 -0.07804 2.63204
v -0.305 -0.04996 2.63204
v -0.299 -0.04996 2.63204
v -0.299 -0.04996 2.60796
v -0.305 -0.04996 2.60796
v -0.305 -0.05196 2.60596
v -0.299 -0.05196 2.60596
v -0.299 -0.07604 2.60596
v -0.305 -0.07604 2.60596
v -0.305 -0.07604 2.63404
v -0.299 -0.07604 2.63404
v -0.299 -0.05196 2.63404
v -0.305 -0.05196 2.63404
v -0.307 -0.07604 2.60796
v -0.305 -0.07804 2.60796
v -0.305 -0.07804 2.63204
v -0.307 -0.07604 2.63204
v -0.307 -0.05196 2.63204
v -0.305 -0.04996 2.63204
v -0.305 -0.04996 2.60796
v -0.307 -0.05196 2.60796
v -0.297 -0.07604 2.63204
v -0.299 -0.07804 2.63204
v -0.299 -0.07804 2.60796
v -0.297 -0.07604 2.60796
v -0.297 -0.05196 2.60796
v -0.299 -0.04996 2.60796
v -0.299 -0.04996 2.63204
v -0.297 -0.05196 2.63204
v -0.307 -0.05196 2.60796
v -0.305 -0.05196 2.60596
v -0.305 -0.07604 2.60596
v -0.307 -0.07604 2.60796
v -0.307 -0.07604 2.63204
v -0.305 -0.07604 2.63404
v -0.305 -0.05196 2.63404
v -0.307 -0.05196 2.63204
v -0.297 -0.07604 2.60796
v -0.299 -0.07604 2.60596
v -0.299 -0.05196 2.60596
v -0.297 -0.05196 2.60796
v -0.297 -0.05196 2.63204
v -0.299 -0.05196 2.63404
v -0.299 -0.07604 2.63404
v -0.297 -0.07604 2.63204
v -0.305 -0.07804 2.60796
v -0.305 -0.07604 2.60596
v -0.299 -0.07604 2.60596
v -0.299 -0.07804 2.60796
v -0.299 -0.07804 2.63204
v -0.299 -0.07604 2.63404
v -0.305 -0.07604 2.63404
v -0.305 -0.07804 2.63204
v -0.299 -0.04996 2.60796
v -0.299 -0.05196 2.60596
v -0.305 -0.05196 2.60596
v -0.305 -0.04996 2.60796
v -0.305 -0.04996 2.63204
v -0.305 -0.05196 2.63404
v -0.299 -0.05196 2.63404
v -0.299 -0.04996 2.63204
v -0.305 -0.07604 2.60596
v -0.305 -0.07804 2.60796
v -0.307 -0.07604 2.60796
v -0.307 -0.07604 2.63204
v -0.305 -0.07804 2.63204
v -0.305 -0.07604 2.63404
v -0.307 -0.05196 2.60796
v -0.305 -0.04996 2.60796
v -0.305 -0.05196 2.60596
v -0.305 -0.05196 2.63404
v -0.305 -0.04996 2.63204
v -0.307 -0.05196 2.63204
v -0.297 -0.07604 2.60796
v -0.299 -0.07804 2.60796
v -0.299 -0.07604 2.60596
v -0.299 -0.07604 2.63404
v -0.299 -0.07804 2.63204
v -0.297 -0.07604 2.63204
v -0.299 -0.05196 2.60596
v -0.299 -0.04996 2.60796
v -0.297 -0.05196 2.60796
v -0.297 -0.05196 2.63204
v -0.299 -0.04996 2.63204
v -0.299 -0.05196 2.63404
v -0.307 0.03196 2.74004
v -0.307 0.05604 2.74004
v -0.307 0.05604 2.71596
v -0.307 0.03196 2.71596
v -0.297 0.03196 2.71596
v -0.297 0.05604 2.71596
v -0.297 0.05604 2.74004
v -0.297 0.03196 2.74004
v -0.305 0.02996 2.71596
v -0.299 0.02996 2.71596
v -0.299 0.02996 2.74004
v -0.305 0.02996 2.74004
v -0.305 0.05804 2.74004
v -0.299 0.05804 2.74004
v -0.299 0.05804 2.71596
v -0.305 0.05804 2.71596
v -0.305 0.05604 2.71396
v -0.299 0.05604 2.71396
v -0.299 0.03196 2.71396
v -0.305 0.03196 2.71396
v -0.305 0.03196 2.74204
v -0.299 0.03196 2.74204
v -0.299 0.05604 2.74204
v -0.305 0.05604 2.74204
v -0.307 0.03196 2.71596
v -0.305 0.02996 2.71596
v -0.305 0.02996 2.74004
v -0.307 0.03196 2.74004
v -0.307 0.05604 2.74004
v -0.305 0.05804 2.74004
v -0.305 0.05804 2.71596
v -0.307 0.05604 2.71596
v -0.297 0.03196 2.74004
v -0.299 0.02996 2.74004
v -0.299 0.02996 2.71596
v -0.297 0.03196 2.71596
v -0.297 0.05604 2.71596
v -0.299 0.05804 2.71596
v -0.299 0.05804 2.74004
v -0.297 0.05604 2.74004
v -0.307 0.05604 2.71596
v -0.305 0.05604 2.71396
v -0.305 0.03196 2.71396
v -0.307 0.03196 2.71596
v -0.307 0.03196 2.74004
v -0.305 0.03196 2.74204
v -0.305 0.05604 2.74204
v -0.307 0.05604 2.74004
v -0.297 0.03196 2.71596
v -0.299 0.03196 2.71396
v -0.299 0.05604 2.71396
v -0.297 0.05604 2.71596
v -0.297 0.05604 2.74004
v -0.299 0.05604 2.74204
v -0.299 0.03196 2.74204
v -0.297 0.03196 2.74004
v -0.305 0.02996 2.71596
v -0.305 0.03196 2.71396
v -0.299 0.03196 2.71396
v -0.299 0.02996 2.71596
v -0.299 0.02996 2.74004
v -0.299 0.03196 2.74204
v -0.305 0.03196 2.74204
v -0.305 0.02996 2.74004
v -0.299 0.05804 2.71596
v -0.299 0.05604 2.71396
v -0.305 0.05604 2.71396
v -0.305 0.05804 2.71596
v -0.305 0.05804 2.74004
v -0.305 0.05604 2.74204
v -0.299 0.05604 2.74204
v -0.299 0.05804 2.74004
v -0.305 0.03196 2.71396
v -0.305 0.02996 2.71596
v -0.307 0.03196 2.71596
v -0.307 0.03196 2.74004
v -0.305 0.02996 2.74004
v -0.305 0.03196 2.74204
v -0.307 0.05604 2.71596
v -0.305 0.05804 2.71596
v -0.305 0.05604 2.71396
v -0.305 0.05604 2.74204
v -0.305 0.05804 2.74004
v -0.307 0.05604 2.74004
v -0.297 0.03196 2.71596
v -0.299 0.02996 2.71596
v -0.299 0.03196 2.71396
v -0.299 0.03196 2.74204
v -0.299 0.02996 2.74004
v -0.297 0.03196 2.74004
v -0.299 0.05604 2.71396
v -0.299 0.05804 2.71596
v -0.297 0.05604 2.71596
v -0.297 0.05604 2.74004
v -0.299 0.05804 2.74004
v -0.299 0.05604 2.74204
v -0.307 0.06796 2.74004
v -0.307 0.09204 2.74004
v -0.307 0.09204 2.71596
v -0.307 0.06796 2.71596
v -0.297 0.06796 2.71596
v -0.297 0.09204 2.71596
v -0.297 0.09204 2.74004
v -0.297 0.06796 2.74004
v -0.305 0.06596 2.71596
v -0.299 0.06596 2.71596
v -0.299 0.06596 2.74004
v -0.305 0.06596 2.74004
v -0.305 0.09404 2.74004
v -0.299 0.09404 2.74004
v -0.299 0.09404 2.71596
v -0.305 0.09404 2.71596
v -0.305 0.09204 2.71396
v -0.299 0.09204 2.71396
v -0.299 0.06796 2.71396
v -0.305 0.06796 2.71396
v -0.305 0.06796 2.74204
v -0.299 0.06796 2.74204
v -0.299 0.09204 2.74204
v -0.305 0.09204 2.74204
v -0.307 0.06796 2.71596
v -0.305 0.06596 2.71596
v -0.305 0.06596 2.74004
v -0.307 0.06796 2.74004
v -0.307 0.09204 2.74004
v -0.305 0.09404 2.74004
v -0.305 0.09404 2.71596
v -0.307 0.09204 2.71596
v -0.297 0.06796 2.74004
v -0.299 0.06596 2.74004
v -0.299 0.06596 2.71596
v -0.297 0.06796 2.71596
v -0.297 0.09204 2.71596
v -0.299 0.09404 2.71596
v -0.299 0.09404 2.74004
v -0.297 0.09204 2.74004
v -0.307 0.09204 2.71596
v -0.305 0.09204 2.71396
v -0.305 0.06796 2.71396
v -0.307 0.06796 2.71596
v -0.307 0.06796 2.74004
v -0.305 0.06796 2.74204
v -0.305 0.09204 2.74204
v -0.307 0.09204 2.74004
v -0.297 0.06796 2.71596
v -0.299 0.06796 2.71396
v -0.299 0.09204 2.71396
v -0.297 0.09204 2.71596
v -0.297 0.09204 2.74004
v -0.299 0.09204 2.74204
v -0.299 0.06796 2.74204
v -0.297 0.06796 2.74004
v -0.305 0.06596 2.71596
v -0.305 0.06796 2.71396
v -0.299 0.06796 2.71396
v -0.299 0.06596 2.71596
v -0.299 0.06596 2.74004
v -0.299 0.06796 2.74204
v -0.305 0.06796 2.74204
v -0.305 0.06596 2.74004
v -0.299 0.09404 2.71596
v -0.299 0.09204 2.71396
v -0.305 0.09204 2.71396
v -0.305 0.09404 2.71596
v -0.305 0.09404 2.74004
v -0.305 0.09204 2.74204
v -0.299 0.09204 2.74204
v -0.299 0.09404 2.74004
v -0.305 0.06796 2.71396
v -0.305 0.06596 2.71596
v -0.307 0.06796 2.71596
v -0.307 0.06796 2.74004
v -0.305 0.06596 2.74004
v -0.305 0.06796 2.74204
v -0.307 0.09204 2.71596
v -0.305 0.09404 2.71596
v -0.305 0.09204 2.71396
v -0.305 0.09204 2.74204
v -0.305 0.09404 2.74004
v -0.307 0.09204 2.74004
v -0.297 0.06796 2.71596
v -0.299 0.06596 2.71596
v -0.299 0.06796 2.71396
v -0.299 0.06796 2.74204
v -0.299 0.06596 2.74004
v -0.297 0.06796 2.74004
v -0.299 0.09204 2.71396
v -0.299 0.09404 2.71596
v -0.297 0.09204 2.71596
v -0.297 0.09204 2.74004
v -0.299 0.09404 2.74004
v -0.299 0.09204 2.74204
v -0.307 0.03196 2.70404
v -0.307 0.05604 2.70404
v -0.307 0.05604 2.67996
v -0.307 0.03196 2.67996
v -0.297 0.03196 2.67996
v -0.297 0.05604 2.67996
v -0.297 0.05604 2.70404
v -0.297 0.03196 2.70404
v -0.305 0.02996 2.67996
v -0.299 0.02996 2.67996
v -0.299 0.02996 2.70404
v -0.305 0.02996 2.70404
v -0.305 0.05804 2.70404
v -0.299 0.05804 2.70404
v -0.299 0.05804 2.67996
v -0.305 0.05804 2.67996
v -0.305 0.05604 2.67796
v -0.299 0.05604 2.67796
v -0.299 0.03196 2.67796
v -0.305 0.03196 2.67796
v -0.305 0.03196 2.70604
v -0.299 0.03196 2.70604
v -0.299 0.05604 2.70604
v -0.305 0.05604 2.70604
v -0.307 0.03196 2.67996
v -0.305 0.02996 2.67996
v -0.305 0.02996 2.70404
v -0.307 0.03196 2.70404
v -0.307 0.05604 2.70404
v -0.305 0.05804 2.70404
v -0.305 0.05804 2.67996
v -0.307 0.05604 2.67996
v -0.297 0.03196 2.70404
v -0.299 0.02996 2.70404
v -0.299 0.02996 2.67996
v -0.297 0.03196 2.67996
v -0.297 0.05604 2.67996
v -0.299 0.05804 2.67996
v -0.299 0.05804 2.70404
v -0.297 0.05604 2.70404
v -0.307 0.05604 2.67996
v -0.305 0.05604 2.67796
v -0.305 0.03196 2.67796
v -0.307 0.03196 2.67996
v -0.307 0.03196 2.70404
v -0.305 0.03196 2.70604
v -0.305 0.05604 2.70604
v -0.307 0.05604 2.70404
v -0.297 0.03196 2.67996
v -0.299 0.03196 2.67796
v -0.299 0.05604 2.67796
v -0.297 0.05604 2.67996
v -0.297 0.05604 2.70404
v -0.299 0.05604 2.70604
v -0.299 0.03196 2.70604
v -0.297 0.03196 2.70404
v -0.305 0.02996 2.67996
v -0.305 0.03196 2.67796
v -0.299 0.03196 2.67796
v -0.299 0.02996 2.67996
v -0.299 0.02996 2.70404
v -0.299 0.03196 2.70604
v -0.305 0.03196 2.70604
v -0.305 0.02996 2.70404
v -0.299 0.05804 2.67996
v -0.299 0.05604 2.67796
v -0.305 0.05604 2.67796
v -0.305 0.05804 2.67996
v -0.305 0.05804 2.70404
v -0.305 0.05604 2.70604
v -0.299 0.05604 2.70604
v -0.299 0.05804 2.70404
v -0.305 0.03196 2.67796
v -0.305 0.02996 2.67996
v -0.307 0.03196 2.67996
v -0.307 0.03196 2.70404
v -0.305 0.02996 2.70404
v -0.305 0.03196 2.70604
v -0.307 0.05604 2.67996
v -0.305 0.05804 2.67996
v -0.305 0.05604 2.67796
v -0.305 0.05604 2.70604
v -0.305 0.05804 2.70404
v -0.307 0.05604 2.70404
v -0.297 0.03196 2.67996
v -0.299 0.02996 2.67996
v -0.299 0.03196 2.67796
v -0.299 0.03196 2.70604
v -0.299 0.02996 2.70404
v -0.297 0.03196 2.70404
v -0.299 0.05604 2.67796
v -0.299 0.05804 2.67996
v -0.297 0.05604 2.67996
v -0.297 0.05604 2.70404
v -0.299 0.05804 2.70404
v -0.299 0.05604 2.70604
v -0.307 0.10396 2.70404
v -0.307 0.12804 2.70404
v -0.307 0.12804 2.67996
v -0.307 0.10396 2.67996
v -0.297 0.10396 2.67996
v -0.297 0.12804 2.67996
v -0.297 0.12804 2.70404
v -0.297 0.10396 2.70404
v -0.305 0.10196 2.67996
v -0.299 0.10196 2.67996
v -0.299 0.10196 2.70404
v -0.305 0.10196 2.70404
v -0.305 0.13004 2.70404
v -0.299 0.13004 2.70404
v -0.299 0.13004 2.67996
v -0.305 0.13004 2.67996
v -0.305 0.12804 2.67796
v -0.299 0.12804 2.67796
v -0.299 0.10396 2.67796
v -0.305 0.10396 2.67796
v -0.305 0.10396 2.70604
v -0.299 0.10396 2.70604
v -0.299 0.12804 2.70604
v -0.305 0.12804 2.70604
v -0.307 0.10396 2.67996
v -0.305 0.10196 2.67996
v -0.305 0.10196 2.70404
v -0.307 0.10396 2.70404
v -0.307 0.12804 2.70404
v -0.305 0.13004 2.70404
v -0.305 0.13004 2.67996
v -0.307 0.12804 2.67996
v -0.297 0.10396 2.70404
v -0.299 0.10196 2.70404
v -0.299 0.10196 2.67996
v -0.297 0.10396 2.67996
v -0.297 0.12804 2.67996
v -0.299 0.13004 2.67996
v -0.299 0.13004 2.70404
v -0.297 0.12804 2.70404
v -0.307 0.12804 2.67996
v -0.305 0.12804 2.67796
v -0.305 0.10396 2.67796
v -0.307 0.10396 2.67996
v -0.307 0.10396 2.70404
v -0.305 0.10396 2.70604
v -0.305 0.12804 2.70604
v -0.307 0.12804 2.70404
v -0.297 0.10396 2.67996
v -0.299 0.10396 2.67796
v -0.299 0.12804 2.67796
v -0.297 0.12804 2.67996
v -0.297 0.12804 2.70404
v -0.299 0.12804 2.70604
v -0.299 0.10396 2.70604
v -0.297 0.10396 2.70404
v -0.305 0.10196 2.67996
v -0.305 0.10396 2.67796
v -0.299 0.10396 2.67796
v -0.299 0.10196 2.67996
v -0.299 0.10196 2.70404
v -0.299 0.10396 2.70604
v -0.305 0.10396 2.70604
v -0.305 0.10196 2.70404
v -0.299 0.13004 2.67996
v -0.299 0.12804 2.67796
v -0.305 0.12804 2.67796
v -0.305 0.13004 2.67996
v -0.305 0.13004 2.70404
v -0.305 0.12804 2.70604
v -0.299 0.12804 2.70604
v -0.299 0.13004 2.70404
v -0.305 0.10396 2.67796
v -0.305 0.10196 2.67996
v -0.307 0.10396 2.67996
v -0.307 0.10396 2.70404
v -0.305 0.10196 2.70404
v -0.305 0.10396 2.70604
v -0.307 0.12804 2.67996
v -0.305 0.13004 2.67996
v -0.305 0.12804 2.67796
v -0.305 0.12804 2.70604
v -0.305 0.13004 2.70404
v -0.307 0.12804 2.70404
v -0.297 0.10396 2.67996
v -0.299 0.10196 2.67996
v -0.299 0.10396 2.67796
v -0.299 0.10396 2.70604
v -0.299 0.10196 2.70404
v -0.297 0.10396 2.70404
v -0.299 0.12804 2.67796
v -0.299 0.13004 2.67996
v -0.297 0.12804 2.67996
v -0.297 0.12804 2.70404
v -0.299 0.13004 2.70404
v -0.299 0.12804 2.70604
v -0.307 0.03196 2.66804
v -0.307 0.05604 2.66804
v -0.307 0.05604 2.64396
v -0.307 0.03196 2.64396
v -0.297 0.03196 2.64396
v -0.297 0.05604 2.64396
v -0.297 0.05604 2.66804
v -0.297 0.03196 2.66804
v -0.305 0.02996 2.64396
v -0.299 0.02996 2.64396
v -0.299 0.02996 2.66804
v -0.305 0.02996 2.66804
v -0.305 0.05804 2.66804
v -0.299 0.05804 2.66804
v -0.299 0.05804 2.64396
v -0.305 0.05804 2.64396
v -0.305 0.05604 2.64196
v -0.299 0.05604 2.64196
v -0.299 0.03196 2.64196
v -0.305 0.03196 2.64196
v -0.305 0.03196 2.67004
v -0.299 0.03196 2.67004
v -0.299 0.05604 2.67004
v -0.305 0.05604 2.67004
v -0.307 0.03196 2.64396
v -0.305 0.02996 2.64396
v -0.305 0.02996 2.66804
v -0.307 0.03196 2.66804
v -0.307 0.05604 2.66804
v -0.305 0.05804 2.66804
v -0.305 0.05804 2.64396
v -0.307 0.05604 2.64396
v -0.297 0.03196 2.66804
v -0.299 0.02996 2.66804
v -0.299 0.02996 2.64396
v -0.297 0.03196 2.64396
v -0.297 0.05604 2.64396
v -0.299 0.05804 2.64396
v -0.299 0.05804 2.66804
v -0.297 0.05604 2.66804
v -0.307 0.05604 2.64396
v -0.305 0.05604 2.64196
v -0.305 0.03196 2.64196
v -0.307 0.03196 2.64396
v -0.307 0.03196 2.66804
v -0.305 0.03196 2.67004
v -0.305 0.05604 2.67004
v -0.307 0.05604 2.66804
v -0.297 0.03196 2.64396
v -0.299 0.03196 2.64196
v -0.299 0.05604 2.64196
v -0.297 0.05604 2.64396
v -0.297 0.05604 2.66804
v -0.299 0.05604 2.67004
v -0.299 0.03196 2.67004
v -0.297 0.03196 2.66804
v -0.305 0.02996 2.64396
v -0.305 0.03196 2.64196
v -0.299 0.03196 2.64196
v -0.299 0.02996 2.64396
v -0.299 0.02996 2.66804
v -0.299 0.03196 2.67004
v -0.305 0.03196 2.67004
v -0.305 0.02996 2.66804
v -0.299 0.05804 2.64396
v -0.299 0.05604 2.64196
v -0.305 0.05604 2.64196
v -0.305 0.05804 2.64396
v -0.305 0.05804 2.66804
v -0.305 0.05604 2.67004
v -0.299 0.05604 2.67004
v -0.299 0.05804 2.66804
v -0.305 0.03196 2.64196
v -0.305 0.02996 2.64396
v -0.307 0.03196 2.64396
v -0.307 0.03196 2.66804
v -0.305 0.02996 2.66804
v -0.305 0.03196 2.67004
v -0.307 0.05604 2.64396
v -0.305 0.05804 2.64396
v -0.305 0.05604 2.64196
v -0.305 0.05604 2.67004
v -0.305 0.05804 2.66804
v -0.307 0.05604 2.66804
v -0.297 0.03196 2.64396
v -0.299 0.02996 2.64396
v -0.299 0.03196 2.64196
v -0.299 0.03196 2.67004
v -0.299 0.02996 2.66804
v -0.297 0.03196 2.66804
v -0.299 0.05604 2.64196
v -0.299 0.05804 2.64396
v -0.297 0.05604 2.64396
v -0.297 0.05604 2.66804
v -0.299 0.05804 2.66804
v -0.299 0.05604 2.67004
v -0.307 0.06796 2.66804
v -0.307 0.09204 2.66804
v -0.307 0.09204 2.64396
v -0.307 0.06796 2.64396
v -0.297 0.06796 2.64396
v -0.297 0.09204 2.64396
v -0.297 0.09204 2.66804
v -0.297 0.06796 2.66804
v -0.305 0.06596 2.64396
v -0.299 0.06596 2.64396
v -0.299 0.06596 2.66804
v -0.305 0.06596 2.66804
v -0.305 0.09404 2.66804
v -0.299 0.09404 2.66804
v -0.299 0.09404 2.64396
v -0.305 0.09404 2.64396
v -0.305 0.09204 2.64196
v -0.299 0.09204 2.64196
v -0.299 0.06796 2.64196
v -0.305 0.06796 2.64196
v -0.305 0.06796 2.67004
v -0.299 0.06796 2.67004
v -0.299 0.09204 2.67004
v -0.305 0.09204 2.67004
v -0.307 0.06796 2.64396
v -0.305 0.06596 2.64396
v -0.305 0.06596 2.66804
v -0.307 0.06796 2.66804
v -0.307 0.09204 2.66804
v -0.305 0.09404 2.66804
v -0.305 0.09404 2.64396
v -0.307 0.09204 2.64396
v -0.297 0.06796 2.66804
v -0.299 0.06596 2.66804
v -0.299 0.06596 2.64396
v -0.297 0.06796 2.64396
v -0.297 0.09204 2.64396
v -0.299 0.09404 2.64396
v -0.299 0.09404 2.66804
v -0.297 0.09204 2.66804
v -0.307 0.09204 2.64396
v -0.305 0.09204 2.64196
v -0.305 0.06796 2.64196
v -0.307 0.06796 2.64396
v -0.307 0.06796 2.66804
v -0.305 0.06796 2.67004
v -0.305 0.09204 2.67004
v -0.307 0.09204 2.66804
v -0.297 0.06796 2.64396
v -0.299 0.06796 2.64196
v -0.299 0.09204 2.64196
v -0.297 0.09204 2.64396
v -0.297 0.09204 2.66804
v -0.299 0.09204 2.67004
v -0.299 0.06796 2.67004
v -0.297 0.06796 2.66804
v -0.305 0.06596 2.64396
v -0.305 0.06796 2.64196
v -0.299 0.06796 2.64196
v -0.299 0.06596 2.64396
v -0.299 0.06596 2.66804
v -0.299 0.06796 2.67004
v -0.305 0.06796 2.67004
v -0.305 0.06596 2.66804
v -0.299 0.09404 2.64396
v -0.299 0.09204 2.64196
v -0.305 0.09204 2.64196
v -0.305 0.09404 2.64396
v -0.305 0.09404 2.66804
v -0.305 0.09204 2.67004
v -0.299 0.09204 2.67004
v -0.299 0.09404 2.66804
v -0.305 0.06796 2.64196
v -0.305 0.06596 2.64396
v -0.307 0.06796 2.64396
v -0.307 0.06796 2.66804
v -0.305 0.06596 2.66804
v -0.305 0.06796 2.67004
v -0.307 0.09204 2.64396
v -0.305 0.09404 2.64396
v -0.305 0.09204 2.64196
v -0.305 0.09204 2.67004
v -0.305 0.09404 2.66804
v -0.307 0.09204 2.66804
v -0.297 0.06796 2.64396
v -0.299 0.06596 2.64396
v -0.299 0.06796 2.64196
v -0.299 0.06796 2.67004
v -0.299 0.06596 2.66804
v -0.297 0.06796 2.66804
v -0.299 0.09204 2.64196
v -0.299 0.09404 2.64396
v -0.297 0.09204 2.64396
v -0.297 0.09204 2.66804
v -0.299 0.09404 2.66804
v -0.299 0.09204 2.67004
v -0.307 0.03196 2.63204
v -0.307 0.05604 2.63204
v -0.307 0.05604 2.60796
v -0.307 0.03196 2.60796
v -0.297 0.03196 2.60796
v -0.297 0.05604 2.60796
v -0.297 0.05604 2.63204
v -0.297 0.03196 2.63204
v -0.305 0.02996 2.60796
v -0.299 0.02996 2.60796
v -0.299 0.02996 2.63204
v -0.305 0.02996 2.63204
v -0.305 0.05804 2.63204
v -0.299 0.05804 2.63204
v -0.299 0.05804 2.60796
v -0.305 0.05804 2.60796
v -0.305 0.05604 2.60596
v -0.299 0.05604 2.60596
v -0.299 0.03196 2.60596
v -0.305 0.03196 2.60596
v -0.305 0.03196 2.63404
v -0.299 0.03196 2.63404
v -0.299 0.05604 2.63404
v -0.305 0.05604 2.63404
v -0.307 0.03196 2.60796
v -0.305 0.02996 2.60796
v -0.305 0.02996 2.63204
v -0.307 0.03196 2.63204
v -0.307 0.05604 2.63204
v -0.305 0.05804 2.63204
v -0.305 0.05804 2.60796
v -0.307 0.05604 2.60796
v -0.297 0.03196 2.63204
v -0.299 0.02996 2.63204
v -0.299 0.02996 2.60796
v -0.297 0.03196 2.60796
v -0.297 0.05604 2.60796
v -0.299 0.05804 2.60796
v -0.299 0.05804 2.63204
v -0.297 0.05604 2.63204
v -0.307 0.05604 2.60796
v -0.305 0.05604 2.60596
v -0.305 0.03196 2.60596
v -0.307 0.03196 2.60796
v -0.307 0.03196 2.63204
v -0.305 0.03196 2.63404
v -0.305 0.05604 2.63404
v -0.307 0.05604 2.63204
v -0.297 0.03196 2.60796
v -0.299 0.03196 2.60596
v -0.299 0.05604 2.60596
v -0.297 0.05604 2.60796
v -0.297 0.05604 2.63204
v -0.299 0.05604 2.63404
v -0.299 0.03196 2.63404
v -0.297 0.03196 2.63204
v -0.305 0.02996 2.60796
v -0.305 0.03196 2.60596
v -0.299 0.03196 2.60596
v -0.299 0.02996 2.60796
v -0.299 0.02996 2.63204
v -0.299 0.03196 2.63404
v -0.305 0.03196 2.63404
v -0.305 0.02996 2.63204
v -0.299 0.05804 2.60796
v -0.299 0.05604 2.60596
v -0.305 0.05604 2.60596
v -0.305 0.05804 2.60796
v -0.305 0.05804 2.63204
v -0.305 0.05604 2.63404
v -0.299 0.05604 2.63404
v -0.299 0.05804 2.63204
v -0.305 0.03196 2.60596
v -0.305 0.02996 2.60796
v -0.307 0.03196 2.60796
v -0.307 0.03196 2.63204
v -0.305 0.02996 2.63204
v -0.305 0.03196 2.63404
v -0.307 0.05604 2.60796
v -0.305 0.05804 2.60796
v -0.305 0.05604 2.60596
v -0.305 0.05604 2.63404
v -0.305 0.05804 2.63204
v -0.307 0.05604 2.63204
v -0.297 0.03196 2.60796
v -0.299 0.02996 2.60796
v -0.299 0.03196 2.60596
v -0.299 0.03196 2.63404
v -0.299 0.02996 2.63204
v -0.297 0.03196 2.63204
v -0.299 0.05604 2.60596
v -0.299 0.05804 2.60796
v -0.297 0.05604 2.60796
v -0.297 0.05604 2.63204
v -0.299 0.05804 2.63204
v -0.299 0.05604 2.63404
v -0.307 0.10396 2.63204
v -0.307 0.12804 2.63204
v -0.307 0.12804 2.60796
v -0.307 0.10396 2.60796
v -0.297 0.10396 2.60796
v -0.297 0.12804 2.60796
v -0.297 0.12804 2.63204
v -0.297 0.10396 2.63204
v -0.305 0.10196 2.60796
v -0.299 0.10196 2.60796
v -0.299 0.10196 2.63204
v -0.305 0.10196 2.63204
v -0.305 0.13004 2.63204
v -0.299 0.13004 2.63204
v -0.299 0.13004 2.60796
v -0.305 0.13004 2.60796
v -0.305 0.12804 2.60596
v -0.299 0.12804 2.60596
v -0.299 0.10396 2.60596
v -0.305 0.10396 2.60596
v -0.305 0.10396 2.63404
v -0.299 0.10396 2.63404
v -0.299 0.12804 2.63404
v -0.305 0.12804 2.63404
v -0.307 0.10396 2.60796
v -0.305 0.10196 2.60796
v -0.305 0.10196 2.63204
v -0.307 0.10396 2.63204
v -0.307 0.12804 2.63204
v -0.305 0.13004 2.63204
v -0.305 0.13004 2.60796
v -0.307 0.12804 2.60796
v -0.297 0.10396 2.63204
v -0.299 0.10196 2.63204
v -0.299 0.10196 2.60796
v -0.297 0.10396 2.60796
v -0.297 0.12804 2.60796
v -0.299 0.13004 2.60796
v -0.299 0.13004 2.63204
v -0.297 0.12804 2.63204
v -0.307 0.12804 2.60796
v -0.305 0.12804 2.60596
v -0.305 0.10396 2.60596
v -0.307 0.10396 2.60796
v -0.307 0.10396 2.63204
v -0.305 0.10396 2.63404
v -0.305 0.12804 2.63404
v -0.307 0.12804 2.63204
v -0.297 0.10396 2.60796
v -0.299 0.10396 2.60596
v -0.299 0.12804 2.60596
v -0.297 0.12804 2.60796
v -0.297 0.12804 2.63204
v -0.299 0.12804 2.63404
v -0.299 0.10396 2.63404
v -0.297 0.10396 2.63204
v -0.305 0.10196 2.60796
v -0.305 0.10396 2.60596
v -0.299 0.10396 2.60596
v -0.299 0.10196 2.60796
v -0.299 0.10196 2.63204
v -0.299 0.10396 2.63404
v -0.305 0.10396 2.63404
v -0.305 0.10196 2.63204
v -0.299 0.13004 2.60796
v -0.299 0.12804 2.60596
v -0.305 0.12804 2.60596
v -0.305 0.13004 2.60796
v -0.305 0.13004 2.63204
v -0.305 0.12804 2.63404
v -0.299 0.12804 2.63404
v -0.299 0.13004 2.63204
v -0.305 0.10396 2.60596
v -0.305 0.10196 2.60796
v -0.307 0.10396 2.60796
v -0.307 0.10396 2.63204
v -0.305 0.10196 2.63204
v -0.305 0.10396 2.63404
v -0.307 0.12804 2.60796
v -0.305 0.13004 2.60796
v -0.305 0.12804 2.60596
v -0.305 0.12804 2.63404
v -0.305 0.13004 2.63204
v -0.307 0.12804 2.63204
v -0.297 0.10396 2.60796
v -0.299 0.10196 2.60796
v -0.299 0.10396 2.60596
v -0.299 0.10396 2.63404
v -0.299 0.10196 2.63204
v -0.297 0.10396 2.63204
v -0.299 0.12804 2.60596
v -0.299 0.13004 2.60796
v -0.297 0.12804 2.60796
v -0.297 0.12804 2.63204
v -0.299 0.13004 2.63204
v -0.299 0.12804 2.63404
v -0.307 0.17596 2.74004
v -0.307 0.20004 2.74004
v -0.307 0.20004 2.71596
v -0.307 0.17596 2.71596
v -0.297 0.17596 2.71596
v -0.297 0.20004 2.71596
v -0.297 0.20004 2.74004
v -0.297 0.17596 2.74004
v -0.305 0.17396 2.71596
v -0.299 0.17396 2.71596
v -0.299 0.17396 2.74004
v -0.305 0.17396 2.74004
v -0.305 0.20204 2.74004
v -0.299 0.20204 2.74004
v -0.299 0.20204 2.71596
v -0.305 0.20204 2.71596
v -0.305 0.20004 2.71396
v -0.299 0.20004 2.71396
v -0.299 0.17596 2.71396
v -0.305 0.17596 2.71396
v -0.305 0.17596 2.74204
v -0.299 0.17596 2.74204
v -0.299 0.20004 2.74204
v -0.305 0.20004 2.74204
v -0.307 0.17596 2.71596
v -0.305 0.17396 2.71596
v -0.305 0.17396 2.74004
v -0.307 0.17596 2.74004
v -0.307 0.20004 2.74004
v -0.305 0.20204 2.74004
v -0.305 0.20204 2.71596
v -0.307 0.20004 2.71596
v -0.297 0.17596 2.74004
v -0.299 0.17396 2.74004
v -0.299 0.17396 2.71596
v -0.297 0.17596 2.71596
v -0.297 0.20004 2.71596
v -0.299 0.20204 2.71596
v -0.299 0.20204 2.74004
v -0.297 0.20004 2.74004
v -0.307 0.20004 2.71596
v -0.305 0.20004 2.71396
v -0.305 0.17596 2.71396
v -0.307 0.17596 2.71596
v -0.307 0.17596 2.74004
v -0.305 0.17596 2.74204
v -0.305 0.20004 2.74204
v -0.307 0.20004 2.74004
v -0.297 0.17596 2.71596
v -0.299 0.17596 2.71396
v -0.299 0.20004 2.71396
v -0.297 0.20004 2.71596
v -0.297 0.20004 2.74004
v -0.299 0.20004 2.74204
v -0.299 0.17596 2.74204
v -0.297 0.17596 2.74004
v -0.305 0.17396 2.71596
v -0.305 0.17596 2.71396
v -0.299 0.17596 2.71396
v -0.299 0.17396 2.71596
v -0.299 0.17396 2.74004
v -0.299 0.17596 2.74204
v -0.305 0.17596 2.74204
v -0.305 0.17396 2.74004
v -0.299 0.20204 2.71596
v -0.299 0.20004 2.71396
v -0.305 0.20004 2.71396
v -0.305 0.20204 2.71596
v -0.305 0.20204 2.74004
v -0.305 0.20004 2.74204
v -0.299 0.20004 2.74204
v -0.299 0.20204 2.74004
v -0.305 0.17596 2.71396
v -0.305 0.17396 2.71596
v -0.307 0.17596 2.71596
v -0.307 0.17596 2.74004
v -0.305 0.17396 2.74004
v -0.305 0.17596 2.74204
v -0.307 0.20004 2.71596
v -0.305 0.20204 2.71596
v -0.305 0.20004 2.71396
v -0.305 0.20004 2.74204
v -0.305 0.20204 2.74004
v -0.307 0.20004 2.74004
v -0.297 0.17596 2.71596
v -0.299 0.17396 2.71596
v -0.299 0.17596 2.71396
v -0.299 0.17596 2.74204
v -0.299 0.17396 2.74004
v -0.297 0.17596 2.74004
v -0.299 0.20004 2.71396
v -0.299 0.20204 2.71596
v -0.297 0.20004 2.71596
v -0.297 0.20004 2.74004
v -0.299 0.20204 2.74004
v -0.299 0.20004 2.74204
v -0.307 0.21196 2.74004
v -0.307 0.23604 2.74004
v -0.307 0.23604 2.71596
v -0.307 0.21196 2.71596
v -0.297 0.21196 2.71596
v -0.297 0.23604 2.71596
v -0.297 0.23604 2.74004
v -0.297 0.21196 2.74004
v -0.305 0.20996 2.71596
v -0.299 0.20996 2.71596
v -0.299 0.20996 2.74004
v -0.305 0.20996 2.74004
v -0.305 0.23804 2.74004
v -0.299 0.23804 2.74004
v -0.299 0.23804 2.71596
v -0.305 0.23804 2.71596
v -0.305 0.23604 2.71396
v -0.299 0.23604 2.71396
v -0.299 0.21196 2.71396
v -0.305 0.21196 2.71396
v -0.305 0.21196 2.74204
v -0.299 0.21196 2.74204
v -0.299 0.23604 2.74204
v -0.305 0.23604 2.74204
v -0.307 0.21196 2.71596
v -0.305 0.20996 2.71596
v -0.305 0.20996 2.74004
v -0.307 0.21196 2.74004
v -0.307 0.23604 2.74004
v -0.305 0.23804 2.74004
v -0.305 0.23804 2.71596
v -0.307 0.23604 2.71596
v -0.297 0.21196 2.74004
v -0.299 0.20996 2.74004
v -0.299 0.20996 2.71596
v -0.297 0.21196 2.71596
v -0.297 0.23604 2.71596
v -0.299 0.23804 2.71596
v -0.299 0.23804 2.74004
v -0.297 0.23604 2.74004
v -0.307 0.23604 2.71596
v -0.305 0.23604 2.71396
v -0.305 0.21196 2.71396
v -0.307 0.21196 2.71596
v -0.307 0.21196 2.74004
v -0.305 0.21196 2.74204
v -0.305 0.23604 2.74204
v -0.307 0.23604 2.74004
v -0.297 0.21196 2.71596
v -0.299 0.21196 2.71396
v -0.299 0.23604 2.71396
v -0.297 0.23604 2.71596
v -0.297 0.23604 2.74004
v -0.299 0.23604 2.74204
v -0.299 0.21196 2.74204
v -0.297 0.21196 2.74004
v -0.305 0.20996 2.71596
v -0.305 0.21196 2.71396
v -0.299 0.21196 2.71396
v -0.299 0.20996 2.71596
v -0.299 0.20996 2.74004
v -0.299 0.21196 2.74204
v -0.305 0.21196 2.74204
v -0.305 0.20996 2.74004
v -0.299 0.23804 2.71596
v -0.299 0.23604 2.71396
v -0.305 0.23604 2.71396
v -0.305 0.23804 2.71596
v -0.305 0.23804 2.74004
v -0.305 0.23604 2.74204
v -0.299 0.23604 2.74204
v -0.299 0.23804 2.74004
v -0.305 0.21196 2.71396
v -0.305 0.20996 2.71596
v -0.307 0.21196 2.71596
v -0.307 0.21196 2.74004
v -0.305 0.20996 2.74004
v -0.305 0.21196 2.74204
v -0.307 0.23604 2.71596
v -0.305 0.23804 2.71596
v -0.305 0.23604 2.71396
v -0.305 0.23604 2.74204
v -0.305 0.23804 2.74004
v -0.307 0.23604 2.74004
v -0.297 0.21196 2.71596
v -0.299 0.20996 2.71596
v -0.299 0.21196 2.71396
v -0.299 0.21196 2.74204
v -0.299 0.20996 2.74004
v -0.297 0.21196 2.74004
v -0.299 0.23604 2.71396
v -0.299 0.23804 2.71596
v -0.297 0.23604 2.71596
v -0.297 0.23604 2.74004
v -0.299 0.23804 2.74004
v -0.299 0.23604 2.74204
v -0.307 0.24796 2.74004
v -0.307 0.27204 2.74004
v -0.307 0.27204 2.71596
v -0.307 0.24796 2.71596
v -0.297 0.24796 2.71596
v -0.297 0.27204 2.71596
v -0.297 0.27204 2.74004
v -0.297 0.24796 2.74004
v -0.305 0.24596 2.71596
v -0.299 0.24596 2.71596
v -0.299 0.24596 2.74004
v -0.305 0.24596 2.74004
v -0.305 0.27404 2.74004
v -0.299 0.27404 2.74004
v -0.299 0.27404 2.71596
v -0.305 0.27404 2.71596
v -0.305 0.27204 2.71396
v -0.299 0.27204 2.71396
v -0.299 0.24796 2.71396
v -0.305 0.24796 2.71396
v -0.305 0.24796 2.74204
v -0.299 0.24796 2.74204
v -0.299 0.27204 2.74204
v -0.305 0.27204 2.74204
v -0.307 0.24796 2.71596
v -0.305 0.24596 2.71596
v -0.305 0.24596 2.74004
v -0.307 0.24796 2.74004
v -0.307 0.27204 2.74004
v -0.305 0.27404 2.74004
v -0.305 0.27404 2.71596
v -0.307 0.27204 2.71596
v -0.297 0.24796 2.74004
v -0.299 0.24596 2.74004
v -0.299 0.24596 2.71596
v -0.297 0.24796 2.71596
v -0.297 0.27204 2.71596
v -0.299 0.27404 2.71596
v -0.299 0.27404 2.74004
v -0.297 0.27204 2.74004
v -0.307 0.27204 2.71596
v -0.305 0.27204 2.71396
v -0.305 0.24796 2.71396
v -0.307 0.24796 2.71596
v -0.307 0.24796 2.74004
v -0.305 0.24796 2.74204
v -0.305 0.27204 2.74204
v -0.307 0.27204 2.74004
v -0.297 0.24796 2.71596
v -0.299 0.24796 2.71396
v -0.299 0.27204 2.71396
v -0.297 0.27204 2.71596
v -0.297 0.27204 2.74004
v -0.299 0.27204 2.74204
v -0.299 0.24796 2.74204
v -0.297 0.24796 2.74004
v -0.305 0.24596 2.71596
v -0.305 0.24796 2.71396
v -0.299 0.24796 2.71396
v -0.299 0.24596 2.71596
v -0.299 0.24596 2.74004
v -0.299 0.24796 2.74204
v -0.305 0.24796 2.74204
v -0.305 0.24596 2.74004
v -0.299 0.27404 2.71596
v -0.299 0.27204 2.71396
v -0.305 0.27204 2.71396
v -0.305 0.27404 2.71596
v -0.305 0.27404 2.74004
v -0.305 0.27204 2.74204
v -0.299 0.27204 2.74204
v -0.299 0.27404 2.74004
v -0.305 0.24796 2.71396
v -0.305 0.24596 2.71596
v -0.307 0.24796 2.71596
v -0.307 0.24796 2.74004
v -0.305 0.24596 2.74004
v -0.305 0.24796 2.74204
v -0.307 0.27204 2.71596
v -0.305 0.27404 2.71596
v -0.305 0.27204 2.71396
v -0.305 0.27204 2.74204
v -0.305 0.27404 2.74004
v -0.307 0.27204 2.74004
v -0.297 0.24796 2.71596
v -0.299 0.24596 2.71596
v -0.299 0.24796 2.71396
v -0.299 0.24796 2.74204
v -0.299 0.24596 2.74004
v -0.297 0.24796 2.74004
v -0.299 0.27204 2.71396
v -0.299 0.27404 2.71596
v -0.297 0.27204 2.71596
v -0.297 0.27204 2.74004
v -0.299 0.27404 2.74004
v -0.299 0.27204 2.74204
v -0.307 0.17596 2.70404
v -0.307 0.20004 2.70404
v -0.307 0.20004 2.67996
v -0.307 0.17596 2.67996
v -0.297 0.17596 2.67996
v -0.297 0.20004 2.67996
v -0.297 0.20004 2.70404
v -0.297 0.17596 2.70404
v -0.305 0.17396 2.67996
v -0.299 0.17396 2.67996
v -0.299 0.17396 2.70404
v -0.305 0.17396 2.70404
v -0.305 0.20204 2.70404
v -0.299 0.20204 2.70404
v -0.299 0.20204 2.67996
v -0.305 0.20204 2.67996
v -0.305 0.20004 2.67796
v -0.299 0.20004 2.67796
v -0.299 0.17596 2.67796
v -0.305 0.17596 2.67796
v -0.305 0.17596 2.70604
v -0.299 0.17596 2.70604
v -0.299 0.20004 2.70604
v -0.305 0.20004 2.70604
v -0.307 0.17596 2.67996
v -0.305 0.17396 2.67996
v -0.305 0.17396 2.70404
v -0.307 0.17596 2.70404
v -0.307 0.20004 2.70404
v -0.305 0.20204 2.70404
v -0.305 0.20204 2.67996
v -0.307 0.20004 2.67996
v -0.297 0.17596 2.70404
v -0.299 0.17396 2.70404
v -0.299 0.17396 2.67996
v -0.297 0.17596 2.67996
v -0.297 0.20004 2.67996
v -0.299 0.20204 2.67996
v -0.299 0.20204 2.70404
v -0.297 0.20004 2.70404
v -0.307 0.20004 2.67996
v -0.305 0.20004 2.67796
v -0.305 0.17596 2.67796
v -0.307 0.17596 2.67996
v -0.307 0.17596 2.70404
v -0.305 0.17596 2.70604
v -0.305 0.20004 2.70604
v -0.307 0.20004 2.70404
v -0.297 0.17596 2.67996
v -0.299 0.17596 2.67796
v -0.299 0.20004 2.67796
v -0.297 0.20004 2.67996
v -0.297 0.20004 2.70404
v -0.299 0.20004 2.70604
v -0.299 0.17596 2.70604
v -0.297 0.17596 2.70404
v -0.305 0.17396 2.67996
v -0.305 0.17596 2.67796
v -0.299 0.17596 2.67796
v -0.299 0.17396 2.67996
v -0.299 0.17396 2.70404
v -0.299 0.17596 2.70604
v -0.305 0.17596 2.70604
v -0.305 0.17396 2.70404
v -0.299 0.20204 2.67996
v -0.299 0.20004 2.67796
v -0.305 0.20004 2.67796
v -0.305 0.20204 2.67996
v -0.305 0.20204 2.70404
v -0.305 0.20004 2.70604
v -0.299 0.20004 2.70604
v -0.299 0.20204 2.70404
v -0.305 0.17596 2.67796
v -0.305 0.17396 2.67996
v -0.307 0.17596 2.67996
v -0.307 0.17596 2.70404
v -0.305 0.17396 2.70404
v -0.305 0.17596 2.70604
v -0.307 0.20004 2.67996
v -0.305 0.20204 2.67996
v -0.305 0.20004 2.67796
v -0.305 0.20004 2.70604
v -0.305 0.20204 2.70404
v -0.307 0.20004 2.70404
v -0.297 0.17596 2.67996
v -0.299 0.17396 2.67996
v -0.299 0.17596 2.67796
v -0.299 0.17596 2.70604
v -0.299 0.17396 2.70404
v -0.297 0.17596 2.70404
v -0.299 0.20004 2.67796
v -0.299 0.20204 2.67996
v -0.297 0.20004 2.67996
v -0.297 0.20004 2.70404
v -0.299 0.20204 2.70404
v -0.299 0.20004 2.70604
v -0.307 0.24796 2.70404
v -0.307 0.27204 2.70404
v -0.307 0.27204 2.67996
v -0.307 0.24796 2.67996
v -0.297 0.24796 2.67996
v -0.297 0.27204 2.67996
v -0.297 0.27204 2.70404
v -0.297 0.24796 2.70404
v -0.305 0.24596 2.67996
v -0.299 0.24596 2.67996
v -0.299 0.24596 2.70404
v -0.305 0.24596 2.70404
v -0.305 0.27404 2.70404
v -0.299 0.27404 2.70404
v -0.299 0.27404 2.67996
v -0.305 0.27404 2.67996
v -0.305 0.27204 2.67796
v -0.299 0.27204 2.67796
v -0.299 0.24796 2.67796
v -0.305 0.24796 2.67796
v -0.305 0.24796 2.70604
v -0.299 0.24796 2.70604
v -0.299 0.27204 2.70604
v -0.305 0.27204 2.70604
v -0.307 0.24796 2.67996
v -0.305 0.24596 2.67996
v -0.305 0.24596 2.70404
v -0.307 0.24796 2.70404
v -0.307 0.27204 2.70404
v -0.305 0.27404 2.70404
v -0.305 0.27404 2.67996
v -0.307 0.27204 2.67996
v -0.297 0.24796 2.70404
v -0.299 0.24596 2.70404
v -0.299 0.24596 2.67996
v -0.297 0.24796 2.67996
v -0.297 0.27204 2.67996
v -0.299 0.27404 2.67996
v -0.299 0.27404 2.70404
v -0.297 0.27204 2.70404
v -0.307 0.27204 2.67996
v -0.305 0.27204 2.67796
v -0.305 0.24796 2.67796
v -0.307 0.24796 2.67996
v -0.307 0.24796 2.70404
v -0.305 0.24796 2.70604
v -0.305 0.27204 2.70604
v -0.307 0.27204 2.70404
v -0.297 0.24796 2.67996
v -0.299 0.24796 2.67796
v -0.299 0.27204 2.67796
v -0.297 0.27204 2.67996
v -0.297 0.27204 2.70404
v -0.299 0.27204 2.70604
v -0.299 0.24796 2.70604
v -0.297 0.24796 2.70404
v -0.305 0.24596 2.67996
v -0.305 0.24796 2.67796
v -0.299 0.24796 2.67796
v -0.299 0.24596 2.67996
v -0.299 0.24596 2.70404
v -0.299 0.24796 2.70604
v -0.305 0.24796 2.70604
v -0.305 0.24596 2.70404
v -0.299 0.27404 2.67996
v -0.299 0.27204 2.67796
v -0.305 0.27204 2.67796
v -0.305 0.27404 2.67996
v -0.305 0.27404 2.70404
v -0.305 0.27204 2.70604
v -0.299 0.27204 2.70604
v -0.299 0.27404 2.70404
v -0.305 0.24796 2.67796
v -0.305 0.24596 2.67996
v -0.307 0.24796 2.67996
v -0.307 0.24796 2.70404
v -0.305 0.24596 2.70404
v -0.305 0.24796 2.70604
v -0.307 0.27204 2.67996
v -0.305 0.27404 2.67996
v -0.305 0.27204 2.67796
v -0.305 0.27204 2.70604
v -0.305 0.27404 2.70404
v -0.307 0.27204 2.70404
v -0.297 0.24796 2.67996
v -0.299 0.24596 2.67996
v -0.299 0.24796 2.67796
v -0.299 0.24796 2.70604
v -0.299 0.24596 2.70404
v -0.297 0.24796 2.70404
v -0.299 0.27204 2.67796
v -0.299 0.27404 2.67996
v -0.297 0.27204 2.67996
v -0.297 0.27204 2.70404
v -0.299 0.27404 2.70404
v -0.299 0.27204 2.70604
v -0.307 0.17596 2.66804
v -0.307 0.20004 2.66804
v -0.307 0.20004 2.64396
v -0.307 0.17596 2.64396
v -0.297 0.17596 2.64396
v -0.297 0.20004 2.64396
v -0.297 0.20004 2.66804
v -0.297 0.17596 2.66804
v -0.305 0.17396 2.64396
v -0.299 0.17396 2.64396
v -0.299 0.17396 2.66804
v -0.305 0.17396 2.66804
v -0.305 0.20204 2.66804
v -0.299 0.20204 2.66804
v -0.299 0.20204 2.64396
v -0.305 0.20204 2.64396
v -0.305 0.20004 2.64196
v -0.299 0.20004 2.64196
v -0.299 0.17596 2.64196
v -0.305 0.17596 2.64196
v -0.305 0.17596 2.67004
v -0.299 0.17596 2.67004
v -0.299 0.20004 2.67004
v -0.305 0.20004 2.67004
v -0.307 0.17596 2.64396
v -0.305 0.17396 2.64396
v -0.305 0.17396 2.66804
v -0.307 0.17596 2.66804
v -0.307 0.20004 2.66804
v -0.305 0.20204 2.66804
v -0.305 0.20204 2.64396
v -0.307 0.20004 2.64396
v -0.297 0.17596 2.66804
v -0.299 0.17396 2.66804
v -0.299 0.17396 2.64396
v -0.297 0.17596 2.64396
v -0.297 0.20004 2.64396
v -0.299 0.20204 2.64396
v -0.299 0.20204 2.66804
v -0.297 0.20004 2.66804
v -0.307 0.20004 2.64396
v -0.305 0.20004 2.64196
v -0.305 0.17596 2.64196
v -0.307 0.17596 2.64396
v -0.307 0.17596 2.66804
v -0.305 0.17596 2.67004
v -0.305 0.20004 2.67004
v -0.307 0.20004 2.66804
v -0.297 0.17596 2.64396
v -0.299 0.17596 2.64196
v -0.299 0.20004 2.64196
v -0.297 0.20004 2.64396
v -0.297 0.20004 2.66804
v -0.299 0.20004 2.67004
v -0.299 0.17596 2.67004
v -0.297 0.17596 2.66804
v -0.305 0.17396 2.64396
v -0.305 0.17596 2.64196
v -0.299 0.17596 2.64196
v -0.299 0.17396 2.64396
v -0.299 0.17396 2.66804
v -0.299 0.17596 2.67004
v -0.305 0.17596 2.67004
v -0.305 0.17396 2.66804
v -0.299 0.20204 2.64396
v -0.299 0.20004 2.64196
v -0.305 0.20004 2.64196
v -0.305 0.20204 2.64396
v -0.305 0.20204 2.66804
v -0.305 0.20004 2.67004
v -0.299 0.20004 2.67004
v -0.299 0.20204 2.66804
v -0.305 0.17596 2.64196
v -0.305 0.17396 2.64396
v -0.307 0.17596 2.64396
v -0.307 0.17596 2.66804
v -0.305 0.17396 2.66804
v -0.305 0.17596 2.67004
v -0.307 0.20004 2.64396
v -0.305 0.20204 2.64396
v -0.305 0.20004 2.64196
v -0.305 0.20004 2.67004
v -0.305 0.20204 2.66804
v -0.307 0.20004 2.66804
v -0.297 0.17596 2.64396
v -0.299 0.17396 2.64396
v -0.299 0.17596 2.64196
v -0.299 0.17596 2.67004
v -0.299 0.17396 2.66804
v -0.297 0.17596 2.66804
v -0.299 0.20004 2.64196
v -0.299 0.20204 2.64396
v -0.297 0.20004 2.64396
v -0.297 0.20004 2.66804
v -0.299 0.20204 2.66804
v -0.299 0.20004 2.67004
v -0.307 0.24796 2.66804
v -0.307 0.27204 2.66804
v -0.307 0.27204 2.64396
v -0.307 0.24796 2.64396
v -0.297 0.24796 2.64396
v -0.297 0.27204 2.64396
v -0.297 0.27204 2.66804
v -0.297 0.24796 2.66804
v -0.305 0.24596 2.64396
v -0.299 0.24596 2.64396
v -0.299 0.24596 2.66804
v -0.305 0.24596 2.66804
v -0.305 0.27404 2.66804
v -0.299 0.27404 2.66804
v -0.299 0.27404 2.64396
v -0.305 0.27404 2.64396
v -0.305 0.27204 2.64196
v -0.299 0.27204 2.64196
v -0.299 0.24796 2.64196
v -0.305 0.24796 2.64196
v -0.305 0.24796 2.67004
v -0.299 0.24796 2.67004
v -0.299 0.27204 2.67004
v -0.305 0.27204 2.67004
v -0.307 0.24796 2.64396
v -0.305 0.24596 2.64396
v -0.305 0.24596 2.66804
v -0.307 0.24796 2.66804
v -0.307 0.27204 2.66804
v -0.305 0.27404 2.66804
v -0.305 0.27404 2.64396
v -0.307 0.27204 2.64396
v -0.297 0.24796 2.66804
v -0.299 0.24596 2.66804
v -0.299 0.24596 2.64396
v -0.297 0.24796 2.64396
v -0.297 0.27204 2.64396
v -0.299 0.27404 2.64396
v -0.299 0.27404 2.66804
v -0.297 0.27204 2.66804
v -0.307 0.27204 2.64396
v -0.305 0.27204 2.64196
v -0.305 0.24796 2.64196
v -0.307 0.24796 2.64396
v -0.307 0.24796 2.66804
v -0.305 0.24796 2.67004
v -0.305 0.27204 2.67004
v -0.307 0.27204 2.66804
v -0.297 0.24796 2.64396
v -0.299 0.24796 2.64196
v -0.299 0.27204 2.64196
v -0.297 0.27204 2.64396
v -0.297 0.27204 2.66804
v -0.299 0.27204 2.67004
v -0.299 0.24796 2.67004
v -0.297 0.24796 2.66804
v -0.305 0.24596 2.64396
v -0.305 0.24796 2.64196
v -0.299 0.24796 2.64196
v -0.299 0.24596 2.64396
v -0.299 0.24596 2.66804
v -0.299 0.24796 2.67004
v -0.305 0.24796 2.67004
v -0.305 0.24596 2.66804
v -0.299 0.27404 2.64396
v -0.299 0.27204 2.64196
v -0.305 0.27204 2.64196
v -0.305 0.27404 2.64396
v -0.305 0.27404 2.66804
v -0.305 0.27204 2.67004
v -0.299 0.27204 2.67004
v -0.299 0.27404 2.66804
v -0.305 0.24796 2.64196
v -0.305 0.24596 2.64396
v -0.307 0.24796 2.64396
v -0.307 0.24796 2.66804
v -0.305 0.24596 2.66804
v -0.305 0.24796 2.67004
v -0.307 0.27204 2.64396
v -0.305 0.27404 2.64396
v -0.305 0.27204 2.64196
v -0.305 0.27204 2.67004
v -0.305 0.27404 2.66804
v -0.307 0.27204 2.66804
v -0.297 0.24796 2.64396
v -0.299 0.24596 2.64396
v -0.299 0.24796 2.64196
v -0.299 0.24796 2.67004
v -0.299 0.24596 2.66804
v -0.297 0.24796 2.66804
v -0.299 0.27204 2.64196
v -0.299 0.27404 2.64396
v -0.297 0.27204 2.64396
v -0.297 0.27204 2.66804
v -0.299 0.27404 2.66804
v -0.299 0.27204 2.67004
v -0.307 0.17596 2.63204
v -0.307 0.20004 2.63204
v -0.307 0.20004 2.60796
v -0.307 0.17596 2.60796
v -0.297 0.17596 2.60796
v -0.297 0.20004 2.60796
v -0.297 0.20004 2.63204
v -0.297 0.17596 2.63204
v -0.305 0.17396 2.60796
v -0.299 0.17396 2.60796
v -0.299 0.17396 2.63204
v -0.305 0.17396 2.63204
v -0.305 0.20204 2.63204
v -0.299 0.20204 2.63204
v -0.299 0.20204 2.60796
v -0.305 0.20204 2.60796
v -0.305 0.20004 2.60596
v -0.299 0.20004 2.60596
v -0.299 0.17596 2.60596
v -0.305 0.17596 2.60596
v -0.305 0.17596 2.63404
v -0.299 0.17596 2.63404
v -0.299 0.20004 2.63404
v -0.305 0.20004 2.63404
v -0.307 0.17596 2.60796
v -0.305 0.17396 2.60796
v -0.305 0.17396 2.63204
v -0.307 0.17596 2.63204
v -0.307 0.20004 2.63204
v -0.305 0.20204 2.63204
v -0.305 0.20204 2.60796
v -0.307 0.20004 2.60796
v -0.297 0.17596 2.63204
v -0.299 0.17396 2.63204
v -0.299 0.17396 2.60796
v -0.297 0.17596 2.60796
v -0.297 0.20004 2.60796
v -0.299 0.20204 2.60796
v -0.299 0.20204 2.63204
v -0.297 0.20004 2.63204
v -0.307 0.20004 2.60796
v -0.305 0.20004 2.60596
v -0.305 0.17596 2.60596
v -0.307 0.17596 2.60796
v -0.307 0.17596 2.63204
v -0.305 0.17596 2.63404
v -0.305 0.20004 2.63404
v -0.307 0.20004 2.63204
v -0.297 0.17596 2.60796
v -0.299 0.17596 2.60596
v -0.299 0.20004 2.60596
v -0.297 0.20004 2.60796
v -0.297 0.20004 2.63204
v -0.299 0.20004 2.63404
v -0.299 0.17596 2.63404
v -0.297 0.17596 2.63204
v -0.305 0.17396 2.60796
v -0.305 0.17596 2.60596
v -0.299 0.17596 2.60596
v -0.299 0.17396 2.60796
v -0.299 0.17396 2.63204
v -0.299 0.17596 2.63404
v -0.305 0.17596 2.63404
v -0.305 0.17396 2.63204
v -0.299 0.20204 2.60796
v -0.299 0.20004 2.60596
v -0.305 0.20004 2.60596
v -0.305 0.20204 2.60796
v -0.305 0.20204 2.63204
v -0.305 0.20004 2.63404
v -0.299 0.20004 2.63404
v -0.299 0.20204 2.63204
v -0.305 0.17596 2.60596
v -0.305 0.17396 2.60796
v -0.307 0.17596 2.60796
v -0.307 0.17596 2.63204
v -0.305 0.17396 2.63204
v -0.305 0.17596 2.63404
v -0.307 0.20004 2.60796
v -0.305 0.20204 2.60796
v -0.305 0.20004 2.60596
v -0.305 0.20004 2.63404
v -0.305 0.20204 2.63204
v -0.307 0.20004 2.63204
v -0.297 0.17596 2.60796
v -0.299 0.17396 2.60796
v -0.299 0.17596 2.60596
v -0.299 0.17596 2.63404
v -0.299 0.17396 2.63204
v -0.297 0.17596 2.63204
v -0.299 0.20004 2.60596
v -0.299 0.20204 2.60796
v -0.297 0.20004 2.60796
v -0.297 0.20004 2.63204
v -0.299 0.20204 2.63204
v -0.299 0.20004 2.63404
v -0.307 0.21196 2.63204
v -0.307 0.23604 2.63204
v -0.307 0.23604 2.60796
v -0.307 0.21196 2.60796
v -0.297 0.21196 2.60796
v -0.297 0.23604 2.60796
v -0.297 0.23604 2.63204
v -0.297 0.21196 2.63204
v -0.305 0.20996 2.60796
v -0.299 0.20996 2.60796
v -0.299 0.20996 2.63204
v -0.305 0.20996 2.63204
v -0.305 0.23804 2.63204
v -0.299 0.23804 2.63204
v -0.299 0.23804 2.60796
v -0.305 0.23804 2.60796
v -0.305 0.23604 2.60596
v -0.299 0.23604 2.60596
v -0.299 0.21196 2.60596
v -0.305 0.21196 2.60596
v -0.305 0.21196 2.63404
v -0.299 0.21196 2.63404
v -0.299 0.23604 2.63404
v -0.305 0.23604 2.63404
v -0.307 0.21196 2.60796
v -0.305 0.20996 2.60796
v -0.305 0.20996 2.63204
v -0.307 0.21196 2.63204
v -0.307 0.23604 2.63204
v -0.305 0.23804 2.63204
v -0.305 0.23804 2.60796
v -0.307 0.23604 2.60796
v -0.297 0.21196 2.63204
v -0.299 0.20996 2.63204
v -0.299 0.20996 2.60796
v -0.297 0.21196 2.60796
v -0.297 0.23604 2.60796
v -0.299 0.23804 2.60796
v -0.299 0.23804 2.63204
v -0.297 0.23604 2.63204
v -0.307 0.23604 2.60796
v -0.305 0.23604 2.60596
v -0.305 0.21196 2.60596
v -0.307 0.21196 2.60796
v -0.307 0.21196 2.63204
v -0.305 0.21196 2.63404
v -0.305 0.23604 2.63404
v -0.307 0.23604 2.63204
v -0.297 0.21196 2.60796
v -0.299 0.21196 2.60596
v -0.299 0.23604 2.60596
v -0.297 0.23604 2.60796
v -0.297 0.23604 2.63204
v -0.299 0.23604 2.63404
v -0.299 0.21196 2.63404
v -0.297 0.21196 2.63204
v -0.305 0.20996 2.60796
v -0.305 0.21196 2.60596
v -0.299 0.21196 2.60596
v -0.299 0.20996 2.60796
v -0.299 0.20996 2.63204
v -0.299 0.21196 2.63404
v -0.305 0.21196 2.63404
v -0.305 0.20996 2.63204
v -0.299 0.23804 2.60796
v -0.299 0.23604 2.60596
v -0.305 0.23604 2.60596
v -0.305 0.23804 2.60796
v -0.305 0.23804 2.63204
v -0.305 0.23604 2.63404
v -0.299 0.23604 2.63404
v -0.299 0.23804 2.63204
v -0.305 0.21196 2.60596
v -0.305 0.20996 2.60796
v -0.307 0.21196 2.60796
v -0.307 0.21196 2.63204
v -0.305 0.20996 2.63204
v -0.305 0.21196 2.63404
v -0.307 0.23604 2.60796
v -0.305 0.23804 2.60796
v -0.305 0.23604 2.60596
v -0.305 0.23604 2.63404
v -0.305 0.23804 2.63204
v -0.307 0.23604 2.63204
v -0.297 0.21196 2.60796
v -0.299 0.20996 2.60796
v -0.299 0.21196 2.60596
v -0.299 0.21196 2.63404
v -0.299 0.20996 2.63204
v -0.297 0.21196 2.63204
v -0.299 0.23604 2.60596
v -0.299 0.23804 2.60796
v -0.297 0.23604 2.60796
v -0.297 0.23604 2.63204
v -0.299 0.23804 2.63204
v -0.299 0.23604 2.63404
v -0.307 0.24796 2.63204
v -0.307 0.27204 2.63204
v -0.307 0.27204 2.60796
v -0.307 0.24796 2.60796
v -0.297 0.24796 2.60796
v -0.297 0.27204 2.60796
v -0.297 0.27204 2.63204
v -0.297 0.24796 2.63204
v -0.305 0.24596 2.60796
v -0.299 0.24596 2.60796
v -0.299 0.24596 2.63204
v -0.305 0.24596 2.63204
v -0.305 0.27404 2.63204
v -0.299 0.27404 2.63204
v -0.299 0.27404 2.60796
v -0.305 0.27404 2.60796
v -0.305 0.27204 2.60596
v -0.299 0.27204 2.60596
v -0.299 0.24796 2.60596
v -0.305 0.24796 2.60596
v -0.305 0.24796 2.63404
v -0.299 0.24796 2.63404
v -0.299 0.27204 2.63404
v -0.305 0.27204 2.63404
v -0.307 0.24796 2.60796
v -0.305 0.24596 2.60796
v -0.305 0.24596 2.63204
v -0.307 0.24796 2.63204
v -0.307 0.27204 2.63204
v -0.305 0.27404 2.63204
v -0.305 0.27404 2.60796
v -0.307 0.27204 2.60796
v -0.297 0.24796 2.63204
v -0.299 0.24596 2.63204
v -0.299 0.24596 2.60796
v -0.297 0.24796 2.60796
v -0.297 0.27204 2.60796
v -0.299 0.27404 2.60796
v -0.299 0.27404 2.63204
v -0.297 0.27204 2.63204
v -0.307 0.27204 2.60796
v -0.305 0.27204 2.60596
v -0.305 0.24796 2.60596
v -0.307 0.24796 2.60796
v -0.307 0.24796 2.63204
v -0.305 0.24796 2.63404
v -0.305 0.27204 2.63404
v -0.307 0.27204 2.63204
v -0.297 0.24796 2.60796
v -0.299 0.24796 2.60596
v -0.299 0.27204 2.60596
v -0.297 0.27204 2.60796
v -0.297 0.27204 2.63204
v -0.299 0.27204 2.63404
v -0.299 0.24796 2.63404
v -0.297 0.24796 2.63204
v -0.305 0.24596 2.60796
v -0.305 0.24796 2.60596
v -0.299 0.24796 2.60596
v -0.299 0.24596 2.60796
v -0.299 0.24596 2.63204
v -0.299 0.24796 2.63404
v -0.305 0.24796 2.63404
v -0.305 0.24596 2.63204
v -0.299 0.27404 2.60796
v -0.299 0.27204 2.60596
v -0.305 0.27204 2.60596
v -0.305 0.27404 2.60796
v -0.305 0.27404 2.63204
v -0.305 0.27204 2.63404
v -0.299 0.27204 2.63404
v -0.299 0.27404 2.63204
v -0.305 0.24796 2.60596
v -0.305 0.24596 2.60796
v -0.307 0.24796 2.60796
v -0.307 0.24796 2.63204
v -0.305 0.24596 2.63204
v -0.305 0.24796 2.63404
v -0.307 0.27204 2.60796
v -0.305 0.27404 2.60796
v -0.305 0.27204 2.60596
v -0.305 0.27204 2.63404
v -0.305 0.27404 2.63204
v -0.307 0.27204 2.63204
v -0.297 0.24796 2.60796
v -0.299 0.24596 2.60796
v -0.299 0.24796 2.60596
v -0.299 0.24796 2.63404
v -0.299 0.24596 2.63204
v -0.297 0.24796 2.63204
v -0.299 0.27204 2.60596
v -0.299 0.27404 2.60796
v -0.297 0.27204 2.60796
v -0.297 0.27204 2.63204
v -0.299 0.27404 2.63204
v -0.299 0.27204 2.63404
v -0.307 0.31996 2.74004
v -0.307 0.34404 2.74004
v -0.307 0.34404 2.71596
v -0.307 0.31996 2.71596
v -0.297 0.31996 2.71596
v -0.297 0.34404 2.71596
v -0.297 0.34404 2.74004
v -0.297 0.31996 2.74004
v -0.305 0.31796 2.71596
v -0.299 0.31796 2.71596
v -0.299 0.31796 2.74004
v -0.305 0.31796 2.74004
v -0.305 0.34604 2.74004
v -0.299 0.34604 2.74004
v -0.299 0.34604 2.71596
v -0.305 0.34604 2.71596
v -0.305 0.34404 2.71396
v -0.299 0.34404 2.71396
v -0.299 0.31996 2.71396
v -0.305 0.31996 2.71396
v -0.305 0.31996 2.74204
v -0.299 0.31996 2.74204
v -0.299 0.34404 2.74204
v -0.305 0.34404 2.74204
v -0.307 0.31996 2.71596
v -0.305 0.31796 2.71596
v -0.305 0.31796 2.74004
v -0.307 0.31996 2.74004
v -0.307 0.34404 2.74004
v -0.305 0.34604 2.74004
v -0.305 0.34604 2.71596
v -0.307 0.34404 2.71596
v -0.297 0.31996 2.74004
v -0.299 0.31796 2.74004
v -0.299 0.31796 2.71596
v -0.297 0.31996 2.71596
v -0.297 0.34404 2.71596
v -0.299 0.34604 2.71596
v -0.299 0.34604 2.74004
v -0.297 0.34404 2.74004
v -0.307 0.34404 2.71596
v -0.305 0.34404 2.71396
v -0.305 0.31996 2.71396
v -0.307 0.31996 2.71596
v -0.307 0.31996 2.74004
v -0.305 0.31996 2.74204
v -0.305 0.34404 2.74204
v -0.307 0.34404 2.74004
v -0.297 0.31996 2.71596
v -0.299 0.31996 2.71396
v -0.299 0.34404 2.71396
v -0.297 0.34404 2.71596
v -0.297 0.34404 2.74004
v -0.299 0.34404 2.74204
v -0.299 0.31996 2.74204
v -0.297 0.31996 2.74004
v -0.305 0.31796 2.71596
v -0.305 0.31996 2.71396
v -0.299 0.31996 2.71396
v -0.299 0.31796 2.71596
v -0.299 0.31796 2.74004
v -0.299 0.31996 2.74204
v -0.305 0.31996 2.74204
v -0.305 0.31796 2.74004
v -0.299 0.34604 2.71596
v -0.299 0.34404 2.71396
v -0.305 0.34404 2.71396
v -0.305 0.34604 2.71596
v -0.305 0.34604 2.74004
v -0.305 0.34404 2.74204
v -0.299 0.34404 2.74204
v -0.299 0.34604 2.74004
v -0.305 0.31996 2.71396
v -0.305 0.31796 2.71596
v -0.307 0.31996 2.71596
v -0.307 0.31996 2.74004
v -0.305 0.31796 2.74004
v -0.305 0.31996 2.74204
v -0.307 0.34404 2.71596
v -0.305 0.34604 2.71596
v -0.305 0.34404 2.71396
v -0.305 0.34404 2.74204
v -0.305 0.34604 2.74004
v -0.307 0.34404 2.74004
v -0.297 0.31996 2.71596
v -0.299 0.31796 2.71596
v -0.299 0.31996 2.71396
v -0.299 0.31996 2.74204
v -0.299 0.31796 2.74004
v -0.297 0.31996 2.74004
v -0.299 0.34404 2.71396
v -0.299 0.34604 2.71596
v -0.297 0.34404 2.71596
v -0.297 0.34404 2.74004
v -0.299 0.34604 2.74004
v -0.299 0.34404 2.74204
v -0.307 0.35596 2.74004
v -0.307 0.38004 2.74004
v -0.307 0.38004 2.71596
v -0.307 0.35596 2.71596
v -0.297 0.35596 2.71596
v -0.297 0.38004 2.71596
v -0.297 0.38004 2.74004
v -0.297 0.35596 2.74004
v -0.305 0.35396 2.71596
v -0.299 0.35396 2.71596
v -0.299 0.35396 2.74004
v -0.305 0.35396 2.74004
v -0.305 0.38204 2.74004
v -0.299 0.38204 2.74004
v -0.299 0.38204 2.71596
v -0.305 0.38204 2.71596
v -0.305 0.38004 2.71396
v -0.299 0.38004 2.71396
v -0.299 0.35596 2.71396
v -0.305 0.35596 2.71396
v -0.305 0.35596 2.74204
v -0.299 0.35596 2.74204
v -0.299 0.38004 2.74204
v -0.305 0.38004 2.74204
v -0.307 0.35596 2.71596
v -0.305 0.35396 2.71596
v -0.305 0.35396 2.74004
v -0.307 0.35596 2.74004
v -0.307 0.38004 2.74004
v -0.305 0.38204 2.74004
v -0.305 0.38204 2.71596
v -0.307 0.38004 2.71596
v -0.297 0.35596 2.74004
v -0.299 0.35396 2.74004
v -0.299 0.35396 2.71596
v -0.297 0.35596 2.71596
v -0.297 0.38004 2.71596
v -0.299 0.38204 2.71596
v -0.299 0.38204 2.74004
v -0.297 0.38004 2.74004
v -0.307 0.38004 2.71596
v -0.305 0.38004 2.71396
v -0.305 0.35596 2.71396
v -0.307 0.35596 2.71596
v -0.307 0.35596 2.74004
v -0.305 0.35596 2.74204
v -0.305 0.38004 2.74204
v -0.307 0.38004 2.74004
v -0.297 0.35596 2.71596
v -0.299 0.35596 2.71396
v -0.299 0.38004 2.71396
v -0.297 0.38004 2.71596
v -0.297 0.38004 2.74004
v -0.299 0.38004 2.74204
v -0.299 0.35596 2.74204
v -0.297 0.35596 2.74004
v -0.305 0.35396 2.71596
v -0.305 0.35596 2.71396
v -0.299 0.35596 2.71396
v -0.299 0.35396 2.71596
v -0.299 0.35396 2.74004
v -0.299 0.35596 2.74204
v -0.305 0.35596 2.74204
v -0.305 0.35396 2.74004
v -0.299 0.38204 2.71596
v -0.299 0.38004 2.71396
v -0.305 0.38004 2.71396
v -0.305 0.38204 2.71596
v -0.305 0.38204 2.74004
v -0.305 0.38004 2.74204
v -0.299 0.38004 2.74204
v -0.299 0.38204 2.74004
v -0.305 0.35596 2.71396
v -0.305 0.35396 2.71596
v -0.307 0.35596 2.71596
v -0.307 0.35596 2.74004
v -0.305 0.35396 2.74004
v -0.305 0.35596 2.74204
v -0.307 0.38004 2.71596
v -0.305 0.38204 2.71596
v -0.305 0.38004 2.71396
v -0.305 0.38004 2.74204
v -0.305 0.38204 2.74004
v -0.307 0.38004 2.74004
v -0.297 0.35596 2.71596
v -0.299 0.35396 2.71596
v -0.299 0.35596 2.71396
v -0.299 0.35596 2.74204
v -0.299 0.35396 2.74004
v -0.297 0.35596 2.74004
v -0.299 0.38004 2.71396
v -0.299 0.38204 2.71596
v -0.297 0.38004 2.71596
v -0.297 0.38004 2.74004
v -0.299 0.38204 2.74004
v -0.299 0.38004 2.74204
v -0.307 0.31996 2.70404
v -0.307 0.34404 2.70404
v -0.307 0.34404 2.67996
v -0.307 0.31996 2.67996
v -0.297 0.31996 2.67996
v -0.297 0.34404 2.67996
v -0.297 0.34404 2.70404
v -0.297 0.31996 2.70404
v -0.305 0.31796 2.67996
v -0.299 0.31796 2.67996
v -0.299 0.31796 2.70404
v -0.305 0.31796 2.70404
v -0.305 0.34604 2.70404
v -0.299 0.34604 2.70404
v -0.299 0.34604 2.67996
v -0.305 0.34604 2.67996
v -0.305 0.34404 2.67796
v -0.299 0.34404 2.67796
v -0.299 0.31996 2.67796
v -0.305 0.31996 2.67796
v -0.305 0.31996 2.70604
v -0.299 0.31996 2.70604
v -0.299 0.34404 2.70604
v -0.305 0.34404 2.70604
v -0.307 0.31996 2.67996
v -0.305 0.31796 2.67996
v -0.305 0.31796 2.70404
v -0.307 0.31996 2.70404
v -0.307 0.34404 2.70404
v -0.305 0.34604 2.70404
v -0.305 0.34604 2.67996
v -0.307 0.34404 2.67996
v -0.297 0.31996 2.70404
v -0.299 0.31796 2.70404
v -0.299 0.31796 2.67996
v -0.297 0.31996 2.67996
v -0.297 0.34404 2.67996
v -0.299 0.34604 2.67996
v -0.299 0.34604 2.70404
v -0.297 0.34404 2.70404
v -0.307 0.34404 2.67996
v -0.305 0.34404 2.67796
v -0.305 0.31996 2.67796
v -0.307 0.31996 2.67996
v -0.307 0.31996 2.70404
v -0.305 0.31996 2.70604
v -0.305 0.34404 2.70604
v -0.307 0.34404 2.70404
v -0.297 0.31996 2.67996
v -0.299 0.31996 2.67796
v -0.299 0.34404 2.67796
v -0.297 0.34404 2.67996
v -0.297 0.34404 2.70404
v -0.299 0.34404 2.70604
v -0.299 0.31996 2.70604
v -0.297 0.31996 2.70404
v -0.305 0.31796 2.67996
v -0.305 0.31996 2.67796
v -0.299 0.31996 2.67796
v -0.299 0.31796 2.67996
v -0.299 0.31796 2.70404
v -0.299 0.31996 2.70604
v -0.305 0.31996 2.70604
v -0.305 0.31796 2.70404
v -0.299 0.34604 2.67996
v -0.299 0.34404 2.67796
v -0.305 0.34404 2.67796
v -0.305 0.34604 2.67996
v -0.305 0.34604 2.70404
v -0.305 0.34404 2.70604
v -0.299 0.34404 2.70604
v -0.299 0.34604 2.70404
v -0.305 0.31996 2.67796
v -0.305 0.31796 2.67996
v -0.307 0.31996 2.67996
v -0.307 0.31996 2.70404
v -0.305 0.31796 2.70404
v -0.305 0.31996 2.70604
v -0.307 0.34404 2.67996
v -0.305 0.34604 2.67996
v -0.305 0.34404 2.67796
v -0.305 0.34404 2.70604
v -0.305 0.34604 2.70404
v -0.307 0.34404 2.70404
v -0.297 0.31996 2.67996
v -0.299 0.31796 2.67996
v -0.299 0.31996 2.67796
v -0.299 0.31996 2.70604
v -0.299 0.31796 2.70404
v -0.297 0.31996 2.70404
v -0.299 0.34404 2.67796
v -0.299 0.34604 2.67996
v -0.297 0.34404 2.67996
v -0.297 0.34404 2.70404
v -0.299 0.34604 2.70404
v -0.299 0.34404 2.70604
v -0.307 0.39196 2.70404
v -0.307 0.41604 2.70404
v -0.307 0.41604 2.67996
v -0.307 0.39196 2.67996
v -0.297 0.39196 2.67996
v -0.297 0.41604 2.67996
v -0.297 0.41604 2.70404
v -0.297 0.39196 2.70404
v -0.305 0.38996 2.67996
v -0.299 0.38996 2.67996
v -0.299 0.38996 2.70404
v -0.305 0.38996 2.70404
v -0.305 0.41804 2.70404
v -0.299 0.41804 2.70404
v -0.299 0.41804 2.67996
v -0.305 0.41804 2.67996
v -0.305 0.41604 2.67796
v -0.299 0.41604 2.67796
v -0.299 0.39196 2.67796
v -0.305 0.39196 2.67796
v -0.305 0.39196 2.70604
v -0.299 0.39196 2.70604
v -0.299 0.41604 2.70604
v -0.305 0.41604 2.70604
v -0.307 0.39196 2.67996
v -0.305 0.38996 2.67996
v -0.305 0.38996 2.70404
v -0.307 0.39196 2.70404
v -0.307 0.41604 2.70404
v -0.305 0.41804 2.70404
v -0.305 0.41804 2.67996
v -0.307 0.41604 2.67996
v -0.297 0.39196 2.70404
v -0.299 0.38996 2.70404
v -0.299 0.38996 2.67996
v -0.297 0.39196 2.67996
v -0.297 0.41604 2.67996
v -0.299 0.41804 2.67996
v -0.299 0.41804 2.70404
v -0.297 0.41604 2.70404
v -0.307 0.41604 2.67996
v -0.305 0.41604 2.67796
v -0.305 0.39196 2.67796
v -0.307 0.39196 2.67996
v -0.307 0.39196 2.70404
v -0.305 0.39196 2.70604
v -0.305 0.41604 2.70604
v -0.307 0.41604 2.70404
v -0.297 0.39196 2.67996
v -0.299 0.39196 2.67796
v -0.299 0.41604 2.67796
v -0.297 0.41604 2.67996
v -0.297 0.41604 2.70404
v -0.299 0.41604 2.70604
v -0.299 0.39196 2.70604
v -0.297 0.39196 2.70404
v -0.305 0.38996 2.67996
v -0.305 0.39196 2.67796
v -0.299 0.39196 2.67796
v -0.299 0.38996 2.67996
v -0.299 0.38996 2.70404
v -0.299 0.39196 2.70604
v -0.305 0.39196 2.70604
v -0.305 0.38996 2.70404
v -0.299 0.41804 2.67996
v -0.299 0.41604 2.67796
v -0.305 0.41604 2.67796
v -0.305 0.41804 2.67996
v -0.305 0.41804 2.70404
v -0.305 0.41604 2.70604
v -0.299 0.41604 2.70604
v -0.299 0.41804 2.70404
v -0.305 0.39196 2.67796
v -0.305 0.38996 2.67996
v -0.307 0.39196 2.67996
v -0.307 0.39196 2.70404
v -0.305 0.38996 2.70404
v -0.305 0.39196 2.70604
v -0.307 0.41604 2.67996
v -0.305 0.41804 2.67996
v -0.305 0.41604 2.67796
v -0.305 0.41604 2.70604
v -0.305 0.41804 2.70404
v -0.307 0.41604 2.70404
v -0.297 0.39196 2.67996
v -0.299 0.38996 2.67996
v -0.299 0.39196 2.67796
v -0.299 0.39196 2.70604
v -0.299 0.38996 2.70404
v -0.297 0.39196 2.70404
v -0.299 0.41604 2.67796
v -0.299 0.41804 2.67996
v -0.297 0.41604 2.67996
v -0.297 0.41604 2.70404
v -0.299 0.41804 2.70404
v -0.299 0.41604 2.70604
v -0.307 0.31996 2.66804
v -0.307 0.34404 2.66804
v -0.307 0.34404 2.64396
v -0.307 0.31996 2.64396
v -0.297 0.31996 2.64396
v -0.297 0.34404 2.64396
v -0.297 0.34404 2.66804
v -0.297 0.31996 2.66804
v -0.305 0.31796 2.64396
v -0.299 0.31796 2.64396
v -0.299 0.31796 2.66804
v -0.305 0.31796 2.66804
v -0.305 0.34604 2.66804
v -0.299 0.34604 2.66804
v -0.299 0.34604 2.64396
v -0.305 0.34604 2.64396
v -0.305 0.34404 2.64196
v -0.299 0.34404 2.64196
v -0.299 0.31996 2.64196
v -0.305 0.31996 2.64196
v -0.305 0.31996 2.67004
v -0.299 0.31996 2.67004
v -0.299 0.34404 2.67004
v -0.305 0.34404 2.67004
v -0.307 0.31996 2.64396
v -0.305 0.31796 2.64396
v -0.305 0.31796 2.66804
v -0.307 0.31996 2.66804
v -0.307 0.34404 2.66804
v -0.305 0.34604 2.66804
v -0.305 0.34604 2.64396
v -0.307 0.34404 2.64396
v -0.297 0.31996 2.66804
v -0.299 0.31796 2.66804
v -0.299 0.31796 2.64396
v -0.297 0.31996 2.64396
v -0.297 0.34404 2.64396
v -0.299 0.34604 2.64396
v -0.299 0.34604 2.66804
v -0.297 0.34404 2.66804
v -0.307 0.34404 2.64396
v -0.305 0.34404 2.64196
v -0.305 0.31996 2.64196
v -0.307 0.31996 2.64396
v -0.307 0.31996 2.66804
v -0.305 0.31996 2.67004
v -0.305 0.34404 2.67004
v -0.307 0.34404 2.66804
v -0.297 0.31996 2.64396
v -0.299 0.31996 2.64196
v -0.299 0.34404 2.64196
v -0.297 0.34404 2.64396
v -0.297 0.34404 2.66804
v -0.299 0.34404 2.67004
v -0.299 0.31996 2.67004
v -0.297 0.31996 2.66804
v -0.305 0.31796 2.64396
v -0.305 0.31996 2.64196
v -0.299 0.31996 2.64196
v -0.299 0.31796 2.64396
v -0.299 0.31796 2.66804
v -0.299 0.31996 2.67004
v -0.305 0.31996 2.67004
v -0.305 0.31796 2.66804
v -0.299 0.34604 2.64396
v -0.299 0.34404 2.64196
v -0.305 0.34404 2.64196
v -0.305 0.34604 2.64396
v -0.305 0.34604 2.66804
v -0.305 0.34404 2.67004
v -0.299 0.34404 2.67004
v -0.299 0.34604 2.66804
v -0.305 0.31996 2.64196
v -0.305 0.31796 2.64396
v -0.307 0.31996 2.64396
v -0.307 0.31996 2.66804
v -0.305 0.31796 2.66804
v -0.305 0.31996 2.67004
v -0.307 0.34404 2.64396
v -0.305 0.34604 2.64396
v -0.305 0.34404 2.64196
v -0.305 0.34404 2.67004
v -0.305 0.34604 2.66804
v -0.307 0.34404 2.66804
v -0.297 0.31996 2.64396
v -0.299 0.31796 2.64396
v -0.299 0.31996 2.64196
v -0.299 0.31996 2.67004
v -0.299 0.31796 2.66804
v -0.297 0.31996 2.66804
v -0.299 0.34404 2.64196
v -0.299 0.34604 2.64396
v -0.297 0.34404 2.64396
v -0.297 0.34404 2.66804
v -0.299 0.34604 2.66804
v -0.299 0.34404 2.67004
v -0.307 0.35596 2.66804
v -0.307 0.38004 2.66804
v -0.307 0.38004 2.64396
v -0.307 0.35596 2.64396
v -0.297 0.35596 2.64396
v -0.297 0.38004 2.64396
v -0.297 0.38004 2.66804
v -0.297 0.35596 2.66804
v -0.305 0.35396 2.64396
v -0.299 0.35396 2.64396
v -0.299 0.35396 2.66804
v -0.305 0.35396 2.66804
v -0.305 0.38204 2.66804
v -0.299 0.38204 2.66804
v -0.299 0.38204 2.64396
v -0.305 0.38204 2.64396
v -0.305 0.38004 2.64196
v -0.299 0.38004 2.64196
v -0.299 0.35596 2.64196
v -0.305 0.35596 2.64196
v -0.305 0.35596 2.67004
v -0.299 0.35596 2.67004
v -0.299 0.38004 2.67004
v -0.305 0.38004 2.67004
v -0.307 0.35596 2.64396
v -0.305 0.35396 2.64396
v -0.305 0.35396 2.66804
v -0.307 0.35596 2.66804
v -0.307 0.38004 2.66804
v -0.305 0.38204 2.66804
v -0.305 0.38204 2.64396
v -0.307 0.38004 2.64396
v -0.297 0.35596 2.66804
v -0.299 0.35396 2.66804
v -0.299 0.35396 2.64396
v -0.297 0.35596 2.64396
v -0.297 0.38004 2.64396
v -0.299 0.38204 2.64396
v -0.299 0.38204 2.66804
v -0.297 0.38004 2.66804
v -0.307 0.38004 2.64396
v -0.305 0.38004 2.64196
v -0.305 0.35596 2.64196
v -0.307 0.35596 2.64396
v -0.307 0.35596 2.66804
v -0.305 0.35596 2.67004
v -0.305 0.38004 2.67004
v -0.307 0.38004 2.66804
v -0.297 0.35596 2.64396
v -0.299 0.35596 2.64196
v -0.299 0.38004 2.64196
v -0.297 0.38004 2.64396
v -0.297 0.38004 2.66804
v -0.299 0.38004 2.67004
v -0.299 0.35596 2.67004
v -0.297 0.35596 2.66804
v -0.305 0.35396 2.64396
v -0.305 0.35596 2.64196
v -0.299 0.35596 2.64196
v -0.299 0.35396 2.64396
v -0.299 0.35396 2.66804
v -0.299 0.35596 2.67004
v -0.305 0.35596 2.67004
v -0.305 0.35396 2.66804
v -0.299 0.38204 2.64396
v -0.299 0.38004 2.64196
v -0.305 0.38004 2.64196
v -0.305 0.38204 2.64396
v -0.305 0.38204 2.66804
v -0.305 0.38004 2.67004
v -0.299 0.38004 2.67004
v -0.299 0.38204 2.66804
v -0.305 0.35596 2.64196
v -0.305 0.35396 2.64396
v -0.307 0.35596 2.64396
v -0.307 0.35596 2.66804
v -0.305 0.35396 2.66804
v -0.305 0.35596 2.67004
v -0.307 0.38004 2.64396
v -0.305 0.38204 2.64396
v -0.305 0.38004 2.64196
v -0.305 0.38004 2.67004
v -0.305 0.38204 2.66804
v -0.307 0.38004 2.66804
v -0.297 0.35596 2.64396
v -0.299 0.35396 2.64396
v -0.299 0.35596 2.64196
v -0.299 0.35596 2.67004
v -0.299 0.35396 2.66804
v -0.297 0.35596 2.66804
v -0.299 0.38004 2.64196
v -0.299 0.38204 2.64396
v -0.297 0.38004 2.64396
v -0.297 0.38004 2.66804
v -0.299 0.38204 2.66804
v -0.299 0.38004 2.67004
v -0.307 0.31996 2.63204
v -0.307 0.34404 2.63204
v -0.307 0.34404 2.60796
v -0.307 0.31996 2.60796
v -0.297 0.31996 2.60796
v -0.297 0.34404 2.60796
v -0.297 0.34404 2.63204
v -0.297 0.31996 2.63204
v -0.305 0.31796 2.60796
v -0.299 0.31796 2.60796
v -0.299 0.31796 2.63204
v -0.305 0.31796 2.63204
v -0.305 0.34604 2.63204
v -0.299 0.34604 2.63204
v -0.299 0.34604 2.60796
v -0.305 0.34604 2.60796
v -0.305 0.34404 2.60596
v -0.299 0.34404 2.60596
v -0.299 0.31996 2.60596
v -0.305 0.31996 2.60596
v -0.305 0.31996 2.63404
v -0.299 0.31996 2.63404
v -0.299 0.34404 2.63404
v -0.305 0.34404 2.63404
v -0.307 0.31996 2.60796
v -0.305 0.31796 2.60796
v -0.305 0.31796 2.63204
v -0.307 0.31996 2.63204
v -0.307 0.34404 2.63204
v -0.305 0.34604 2.63204
v -0.305 0.34604 2.60796
v -0.307 0.34404 2.60796
v -0.297 0.31996 2.63204
v -0.299 0.31796 2.63204
v -0.299 0.31796 2.60796
v -0.297 0.31996 2.60796
v -0.297 0.34404 2.60796
v -0.299 0.34604 2.60796
v -0.299 0.34604 2.63204
v -0.297 0.34404 2.63204
v -0.307 0.34404 2.60796
v -0.305 0.34404 2.60596
v -0.305 0.31996 2.60596
v -0.307 0.31996 2.60796
v -0.307 0.31996 2.63204
v -0.305 0.31996 2.63404
v -0.305 0.34404 2.63404
v -0.307 0.34404 2.63204
v -0.297 0.31996 2.60796
v -0.299 0.31996 2.60596
v -0.299 0.34404 2.60596
v -0.297 0.34404 2.60796
v -0.297 0.34404 2.63204
v -0.299 0.34404 2.63404
v -0.299 0.31996 2.63404
v -0.297 0.31996 2.63204
v -0.305 0.31796 2.60796
v -0.305 0.31996 2.60596
v -0.299 0.31996 2.60596
v -0.299 0.31796 2.60796
v -0.299 0.31796 2.63204
v -0.299 0.31996 2.63404
v -0.305 0.31996 2.63404
v -0.305 0.31796 2.63204
v -0.299 0.34604 2.60796
v -0.299 0.34404 2.60596
v -0.305 0.34404 2.60596
v -0.305 0.34604 2.60796
v -0.305 0.34604 2.63204
v -0.305 0.34404 2.63404
v -0.299 0.34404 2.63404
v -0.299 0.34604 2.63204
v -0.305 0.31996 2.60596
v -0.305 0.31796 2.60796
v -0.307 0.31996 2.60796
v -0.307 0.31996 2.63204
v -0.305 0.31796 2.63204
v -0.305 0.31996 2.63404
v -0.307 0.34404 2.60796
v -0.305 0.34604 2.60796
v -0.305 0.34404 2.60596
v -0.305 0.34404 2.63404
v -0.305 0.34604 2.63204
v -0.307 0.34404 2.63204
v -0.297 0.31996 2.60796
v -0.299 0.31796 2.60796
v -0.299 0.31996 2.60596
v -0.299 0.31996 2.63404
v -0.299 0.31796 2.63204
v -0.297 0.31996 2.63204
v -0.299 0.34404 2.60596
v -0.299 0.34604 2.60796
v -0.297 0.34404 2.60796
v -0.297 0.34404 2.63204
v -0.299 0.34604 2.63204
v -0.299 0.34404 2.63404
v -0.307 0.46396 2.74004
v -0.307 0.48804 2.74004
v -0.307 0.48804 2.71596
v -0.307 0.46396 2.71596
v -0.297 0.46396 2.71596
v -0.297 0.48804 2.71596
v -0.297 0.48804 2.74004
v -0.297 0.46396 2.74004
v -0.305 0.46196 2.71596
v -0.299 0.46196 2.71596
v -0.299 0.46196 2.74004
v -0.305 0.46196 2.74004
v -0.305 0.49004 2.74004
v -0.299 0.49004 2.74004
v -0.299 0.49004 2.71596
v -0.305 0.49004 2.71596
v -0.305 0.48804 2.71396
v -0.299 0.48804 2.71396
v -0.299 0.46396 2.71396
v -0.305 0.46396 2.71396
v -0.305 0.46396 2.74204
v -0.299 0.46396 2.74204
v -0.299 0.48804 2.74204
v -0.305 0.48804 2.74204
v -0.307 0.46396 2.71596
v -0.305 0.46196 2.71596
v -0.305 0.46196 2.74004
v -0.307 0.46396 2.74004
v -0.307 0.48804 2.74004
v -0.305 0.49004 2.74004
v -0.305 0.49004 2.71596
v -0.307 0.48804 2.71596
v -0.297 0.46396 2.74004
v -0.299 0.46196 2.74004
v -0.299 0.46196 2.71596
v -0.297 0.46396 2.71596
v -0.297 0.48804 2.71596
v -0.299 0.49004 2.71596
v -0.299 0.49004 2.74004
v -0.297 0.48804 2.74004
v -0.307 0.48804 2.71596
v -0.305 0.48804 2.71396
v -0.305 0.46396 2.71396
v -0.307 0.46396 2.71596
v -0.307 0.46396 2.74004
v -0.305 0.46396 2.74204
v -0.305 0.48804 2.74204
v -0.307 0.48804 2.74004
v -0.297 0.46396 2.71596
v -0.299 0.46396 2.71396
v -0.299 0.48804 2.71396
v -0.297 0.48804 2.71596
v -0.297 0.48804 2.74004
v -0.299 0.48804 2.74204
v -0.299 0.46396 2.74204
v -0.297 0.46396 2.74004
v -0.305 0.46196 2.71596
v -0.305 0.46396 2.71396
v -0.299 0.46396 2.71396
v -0.299 0.46196 2.71596
v -0.299 0.46196 2.74004
v -0.299 0.46396 2.74204
v -0.305 0.46396 2.74204
v -0.305 0.46196 2.74004
v -0.299 0.49004 2.71596
v -0.299 0.48804 2.71396
v -0.305 0.48804 2.71396
v -0.305 0.49004 2.71596
v -0.305 0.49004 2.74004
v -0.305 0.48804 2.74204
v -0.299 0.48804 2.74204
v -0.299 0.49004 2.74004
v -0.305 0.46396 2.71396
v -0.305 0.46196 2.71596
v -0.307 0.46396 2.71596
v -0.307 0.46396 2.74004
v -0.305 0.46196 2.74004
v -0.305 0.46396 2.74204
v -0.307 0.48804 2.71596
v -0.305 0.49004 2.71596
v -0.305 0.48804 2.71396
v -0.305 0.48804 2.74204
v -0.305 0.49004 2.74004
v -0.307 0.48804 2.74004
v -0.297 0.46396 2.71596
v -0.299 0.46196 2.71596
v -0.299 0.46396 2.71396
v -0.299 0.46396 2.74204
v -0.299 0.46196 2.74004
v -0.297 0.46396 2.74004
v -0.299 0.48804 2.71396
v -0.299 0.49004 2.71596
v -0.297 0.48804 2.71596
v -0.297 0.48804 2.74004
v -0.299 0.49004 2.74004
v -0.299 0.48804 2.74204
v -0.307 0.49996 2.74004
v -0.307 0.52404 2.74004
v -0.307 0.52404 2.71596
v -0.307 0.49996 2.71596
v -0.297 0.49996 2.71596
v -0.297 0.52404 2.71596
v -0.297 0.52404 2.74004
v -0.297 0.49996 2.74004
v -0.305 0.49796 2.71596
v -0.299 0.49796 2.71596
v -0.299 0.49796 2.74004
v -0.305 0.49796 2.74004
v -0.305 0.52604 2.74004
v -0.299 0.52604 2.74004
v -0.299 0.52604 2.71596
v -0.305 0.52604 2.71596
v -0.305 0.52404 2.71396
v -0.299 0.52404 2.71396
v -0.299 0.49996 2.71396
v -0.305 0.49996 2.71396
v -0.305 0.49996 2.74204
v -0.299 0.49996 2.74204
v -0.299 0.52404 2.74204
v -0.305 0.52404 2.74204
v -0.307 0.49996 2.71596
v -0.305 0.49796 2.71596
v -0.305 0.49796 2.74004
v -0.307 0.49996 2.74004
v -0.307 0.52404 2.74004
v -0.305 0.52604 2.74004
v -0.305 0.52604 2.71596
v -0.307 0.52404 2.71596
v -0.297 0.49996 2.74004
v -0.299 0.49796 2.74004
v -0.299 0.49796 2.71596
v -0.297 0.49996 2.71596
v -0.297 0.52404 2.71596
v -0.299 0.52604 2.71596
v -0.299 0.52604 2.74004
v -0.297 0.52404 2.74004
v -0.307 0.52404 2.71596
v -0.305 0.52404 2.71396
v -0.305 0.49996 2.71396
v -0.307 0.49996 2.71596
v -0.307 0.49996 2.74004
v -0.305 0.49996 2.74204
v -0.305 0.52404 2.74204
v -0.307 0.52404 2.74004
v -0.297 0.49996 2.71596
v -0.299 0.49996 2.71396
v -0.299 0.52404 2.71396
v -0.297 0.52404 2.71596
v -0.297 0.52404 2.74004
v -0.299 0.52404 2.74204
v -0.299 0.49996 2.74204
v -0.297 0.49996 2.74004
v -0.305 0.49796 2.71596
v -0.305 0.49996 2.71396
v -0.299 0.49996 2.71396
v -0.299 0.49796 2.71596
v -0.299 0.49796 2.74004
v -0.299 0.49996 2.74204
v -0.305 0.49996 2.74204
v -0.305 0.49796 2.74004
v -0.299 0.52604 2.71596
v -0.299 0.52404 2.71396
v -0.305 0.52404 2.71396
v -0.305 0.52604 2.71596
v -0.305 0.52604 2.74004
v -0.305 0.52404 2.74204
v -0.299 0.52404 2.74204
v -0.299 0.52604 2.74004
v -0.305 0.49996 2.71396
v -0.305 0.49796 2.71596
v -0.307 0.49996 2.71596
v -0.307 0.49996 2.74004
v -0.305 0.49796 2.74004
v -0.305 0.49996 2.74204
v -0.307 0.52404 2.71596
v -0.305 0.52604 2.71596
v -0.305 0.52404 2.71396
v -0.305 0.52404 2.74204
v -0.305 0.52604 2.74004
v -0.307 0.52404 2.74004
v -0.297 0.49996 2.71596
v -0.299 0.49796 2.71596
v -0.299 0.49996 2.71396
v -0.299 0.49996 2.74204
v -0.299 0.49796 2.74004
v -0.297 0.49996 2.74004
v -0.299 0.52404 2.71396
v -0.299 0.52604 2.71596
v -0.297 0.52404 2.71596
v -0.297 0.52404 2.74004
v -0.299 0.52604 2.74004
v -0.299 0.52404 2.74204
v -0.307 0.53596 2.74004
v -0.307 0.56004 2.74004
v -0.307 0.56004 2.71596
v -0.307 0.53596 2.71596
v -0.297 0.53596 2.71596
v -0.297 0.56004 2.71596
v -0.297 0.56004 2.74004
v -0.297 0.53596 2.74004
v -0.305 0.53396 2.71596
v -0.299 0.53396 2.71596
v -0.299 0.53396 2.74004
v -0.305 0.53396 2.74004
v -0.305 0.56204 2.74004
v -0.299 0.56204 2.74004
v -0.299 0.56204 2.71596
v -0.305 0.56204 2.71596
v -0.305 0.56004 2.71396
v -0.299 0.56004 2.71396
v -0.299 0.53596 2.71396
v -0.305 0.53596 2.71396
v -0.305 0.53596 2.74204
v -0.299 0.53596 2.74204
v -0.299 0.56004 2.74204
v -0.305 0.56004 2.74204
v -0.307 0.53596 2.71596
v -0.305 0.53396 2.71596
v -0.305 0.53396 2.74004
v -0.307 0.53596 2.74004
v -0.307 0.56004 2.74004
v -0.305 0.56204 2.74004
v -0.305 0.56204 2.71596
v -0.307 0.56004 2.71596
v -0.297 0.53596 2.74004
v -0.299 0.53396 2.74004
v -0.299 0.53396 2.71596
v -0.297 0.53596 2.71596
v -0.297 0.56004 2.71596
v -0.299 0.56204 2.71596
v -0.299 0.56204 2.74004
v -0.297 0.56004 2.74004
v -0.307 0.56004 2.71596
v -0.305 0.56004 2.71396
v -0.305 0.53596 2.71396
v -0.307 0.53596 2.71596
v -0.307 0.53596 2.74004
v -0.305 0.53596 2.74204
v -0.305 0.56004 2.74204
v -0.307 0.56004 2.74004
v -0.297 0.53596 2.71596
v -0.299 0.53596 2.71396
v -0.299 0.56004 2.71396
v -0.297 0.56004 2.71596
v -0.297 0.56004 2.74004
v -0.299 0.56004 2.74204
v -0.299 0.53596 2.74204
v -0.297 0.53596 2.74004
v -0.305 0.53396 2.71596
v -0.305 0.53596 2.71396
v -0.299 0.53596 2.71396
v -0.299 0.53396 2.71596
v -0.299 0.53396 2.74004
v -0.299 0.53596 2.74204
v -0.305 0.53596 2.74204
v -0.305 0.53396 2.74004
v -0.299 0.56204 2.71596
v -0.299 0.56004 2.71396
v -0.305 0.56004 2.71396
v -0.305 0.56204 2.71596
v -0.305 0.56204 2.74004
v -0.305 0.56004 2.74204
v -0.299 0.56004 2.74204
v -0.299 0.56204 2.74004
v -0.305 0.53596 2.71396
v -0.305 0.53396 2.71596
v -0.307 0.53596 2.71596
v -0.307 0.53596 2.74004
v -0.305 0.53396 2.74004
v -0.305 0.53596 2.74204
v -0.307 0.56004 2.71596
v -0.305 0.56204 2.71596
v -0.305 0.56004 2.71396
v -0.305 0.56004 2.74204
v -0.305 0.56204 2.74004
v -0.307 0.56004 2.74004
v -0.297 0.53596 2.71596
v -0.299 0.53396 2.71596
v -0.299 0.53596 2.71396
v -0.299 0.53596 2.74204
v -0.299 0.53396 2.74004
v -0.297 0.53596 2.74004
v -0.299 0.56004 2.71396
v -0.299 0.56204 2.71596
v -0.297 0.56004 2.71596
v -0.297 0.56004 2.74004
v -0.299 0.56204 2.74004
v -0.299 0.56004 2.74204
v -0.307 0.49996 2.70404
v -0.307 0.52404 2.70404
v -0.307 0.52404 2.67996
v -0.307 0.49996 2.67996
v -0.297 0.49996 2.67996
v -0.297 0.52404 2.67996
v -0.297 0.52404 2.70404
v -0.297 0.49996 2.70404
v -0.305 0.49796 2.67996
v -0.299 0.49796 2.67996
v -0.299 0.49796 2.70404
v -0.305 0.49796 2.70404
v -0.305 0.52604 2.70404
v -0.299 0.52604 2.70404
v -0.299 0.52604 2.67996
v -0.305 0.52604 2.67996
v -0.305 0.52404 2.67796
v -0.299 0.52404 2.67796
v -0.299 0.49996 2.67796
v -0.305 0.49996 2.67796
v -0.305 0.49996 2.70604
v -0.299 0.49996 2.70604
v -0.299 0.52404 2.70604
v -0.305 0.52404 2.70604
v -0.307 0.49996 2.67996
v -0.305 0.49796 2.67996
v -0.305 0.49796 2.70404
v -0.307 0.49996 2.70404
v -0.307 0.52404 2.70404
v -0.305 0.52604 2.70404
v -0.305 0.52604 2.67996
v -0.307 0.52404 2.67996
v -0.297 0.49996 2.70404
v -0.299 0.49796 2.70404
v -0.299 0.49796 2.67996
v -0.297 0.49996 2.67996
v -0.297 0.52404 2.67996
v -0.299 0.52604 2.67996
v -0.299 0.52604 2.70404
v -0.297 0.52404 2.70404
v -0.307 0.52404 2.67996
v -0.305 0.52404 2.67796
v -0.305 0.49996 2.67796
v -0.307 0.49996 2.67996
v -0.307 0.49996 2.70404
v -0.305 0.49996 2.70604
v -0.305 0.52404 2.70604
v -0.307 0.52404 2.70404
v -0.297 0.49996 2.67996
v -0.299 0.49996 2.67796
v -0.299 0.52404 2.67796
v -0.297 0.52404 2.67996
v -0.297 0.52404 2.70404
v -0.299 0.52404 2.70604
v -0.299 0.49996 2.70604
v -0.297 0.49996 2.70404
v -0.305 0.49796 2.67996
v -0.305 0.49996 2.67796
v -0.299 0.49996 2.67796
v -0.299 0.49796 2.67996
v -0.299 0.49796 2.70404
v -0.299 0.49996 2.70604
v -0.305 0.49996 2.70604
v -0.305 0.49796 2.70404
v -0.299 0.52604 2.67996
v -0.299 0.52404 2.67796
v -0.305 0.52404 2.67796
v -0.305 0.52604 2.67996
v -0.305 0.52604 2.70404
v -0.305 0.52404 2.70604
v -0.299 0.52404 2.70604
v -0.299 0.52604 2.70404
v -0.305 0.49996 2.67796
v -0.305 0.49796 2.67996
v -0.307 0.49996 2.67996
v -0.307 0.49996 2.70404
v -0.305 0.49796 2.70404
v -0.305 0.49996 2.70604
v -0.307 0.52404 2.67996
v -0.305 0.52604 2.67996
v -0.305 0.52404 2.67796
v -0.305 0.52404 2.70604
v -0.305 0.52604 2.70404
v -0.307 0.52404 2.70404
v -0.297 0.49996 2.67996
v -0.299 0.49796 2.67996
v -0.299 0.49996 2.67796
v -0.299 0.49996 2.70604
v -0.299 0.49796 2.70404
v -0.297 0.49996 2.70404
v -0.299 0.52404 2.67796
v -0.299 0.52604 2.67996
v -0.297 0.52404 2.67996
v -0.297 0.52404 2.70404
v -0.299 0.52604 2.70404
v -0.299 0.52404 2.70604
v -0.307 0.49996 2.66804
v -0.307 0.52404 2.66804
v -0.307 0.52404 2.64396
v -0.307 0.49996 2.64396
v -0.297 0.49996 2.64396
v -0.297 0.52404 2.64396
v -0.297 0.52404 2.66804
v -0.297 0.49996 2.66804
v -0.305 0.49796 2.64396
v -0.299 0.49796 2.64396
v -0.299 0.49796 2.66804
v -0.305 0.49796 2.66804
v -0.305 0.52604 2.66804
v -0.299 0.52604 2.66804
v -0.299 0.52604 2.64396
v -0.305 0.52604 2.64396
v -0.305 0.52404 2.64196
v -0.299 0.52404 2.64196
v -0.299 0.49996 2.64196
v -0.305 0.49996 2.64196
v -0.305 0.49996 2.67004
v -0.299 0.49996 2.67004
v -0.299 0.52404 2.67004
v -0.305 0.52404 2.67004
v -0.307 0.49996 2.64396
v -0.305 0.49796 2.64396
v -0.305 0.49796 2.66804
v -0.307 0.49996 2.66804
v -0.307 0.52404 2.66804
v -0.305 0.52604 2.66804
v -0.305 0.52604 2.64396
v -0.307 0.52404 2.64396
v -0.297 0.49996 2.66804
v -0.299 0.49796 2.66804
v -0.299 0.49796 2.64396
v -0.297 0.49996 2.64396
v -0.297 0.52404 2.64396
v -0.299 0.52604 2.64396
v -0.299 0.52604 2.66804
v -0.297 0.52404 2.66804
v -0.307 0.52404 2.64396
v -0.305 0.52404 2.64196
v -0.305 0.49996 2.64196
v -0.307 0.49996 2.64396
v -0.307 0.49996 2.66804
v -0.305 0.49996 2.67004
v -0.305 0.52404 2.67004
v -0.307 0.52404 2.66804
v -0.297 0.49996 2.64396
v -0.299 0.49996 2.64196
v -0.299 0.52404 2.64196
v -0.297 0.52404 2.64396
v -0.297 0.52404 2.66804
v -0.299 0.52404 2.67004
v -0.299 0.49996 2.67004
v -0.297 0.49996 2.66804
v -0.305 0.49796 2.64396
v -0.305 0.49996 2.64196
v -0.299 0.49996 2.64196
v -0.299 0.49796 2.64396
v -0.299 0.49796 2.66804
v -0.299 0.49996 2.67004
v -0.305 0.49996 2.67004
v -0.305 0.49796 2.66804
v -0.299 0.52604 2.64396
v -0.299 0.52404 2.64196
v -0.305 0.52404 2.64196
v -0.305 0.52604 2.64396
v -0.305 0.52604 2.66804
v -0.305 0.52404 2.67004
v -0.299 0.52404 2.67004
v -0.299 0.52604 2.66804
v -0.305 0.49996 2.64196
v -0.305 0.49796 2.64396
v -0.307 0.49996 2.64396
v -0.307 0.49996 2.66804
v -0.305 0.49796 2.66804
v -0.305 0.49996 2.67004
v -0.307 0.52404 2.64396
v -0.305 0.52604 2.64396
v -0.305 0.52404 2.64196
v -0.305 0.52404 2.67004
v -0.305 0.52604 2.66804
v -0.307 0.52404 2.66804
v -0.297 0.49996 2.64396
v -0.299 0.49796 2.64396
v -0.299 0.49996 2.64196
v -0.299 0.49996 2.67004
v -0.299 0.49796 2.66804
v -0.297 0.49996 2.66804
v -0.299 0.52404 2.64196
v -0.299 0.52604 2.64396
v -0.297 0.52404 2.64396
v -0.297 0.52404 2.66804
v -0.299 0.52604 2.66804
v -0.299 0.52404 2.67004
v -0.307 0.46396 2.63204
v -0.307 0.48804 2.63204
v -0.307 0.48804 2.60796
v -0.307 0.46396 2.60796
v -0.297 0.46396 2.60796
v -0.297 0.48804 2.60796
v -0.297 0.48804 2.63204
v -0.297 0.46396 2.63204
v -0.305 0.46196 2.60796
v -0.299 0.46196 2.60796
v -0.299 0.46196 2.63204
v -0.305 0.46196 2.63204
v -0.305 0.49004 2.63204
v -0.299 0.49004 2.63204
v -0.299 0.49004 2.60796
v -0.305 0.49004 2.60796
v -0.305 0.48804 2.60596
v -0.299 0.48804 2.60596
v -0.299 0.46396 2.60596
v -0.305 0.46396 2.60596
v -0.305 0.46396 2.63404
v -0.299 0.46396 2.63404
v -0.299 0.48804 2.63404
v -0.305 0.48804 2.63404
v -0.307 0.46396 2.60796
v -0.305 0.46196 2.60796
v -0.305 0.46196 2.63204
v -0.307 0.46396 2.63204
v -0.307 0.48804 2.63204
v -0.305 0.49004 2.63204
v -0.305 0.49004 2.60796
v -0.307 0.48804 2.60796
v -0.297 0.46396 2.63204
v -0.299 0.46196 2.63204
v -0.299 0.46196 2.60796
v -0.297 0.46396 2.60796
v -0.297 0.48804 2.60796
v -0.299 0.49004 2.60796
v -0.299 0.49004 2.63204
v -0.297 0.48804 2.63204
v -0.307 0.48804 2.60796
v -0.305 0.48804 2.60596
v -0.305 0.46396 2.60596
v -0.307 0.46396 2.60796
v -0.307 0.46396 2.63204
v -0.305 0.46396 2.63404
v -0.305 0.48804 2.63404
v -0.307 0.48804 2.63204
v -0.297 0.46396 2.60796
v -0.299 0.46396 2.60596
v -0.299 0.48804 2.60596
v -0.297 0.48804 2.60796
v -0.297 0.48804 2.63204
v -0.299 0.48804 2.63404
v -0.299 0.46396 2.63404
v -0.297 0.46396 2.63204
v -0.305 0.46196 2.60796
v -0.305 0.46396 2.60596
v -0.299 0.46396 2.60596
v -0.299 0.46196 2.60796
v -0.299 0.46196 2.63204
v -0.299 0.46396 2.63404
v -0.305 0.46396 2.63404
v -0.305 0.46196 2.63204
v -0.299 0.49004 2.60796
v -0.299 0.48804 2.60596
v -0.305 0.48804 2.60596
v -0.305 0.49004 2.60796
v -0.305 0.49004 2.63204
v -0.305 0.48804 2.63404
v -0.299 0.48804 2.63404
v -0.299 0.49004 2.63204
v -0.305 0.46396 2.60596
v -0.305 0.46196 2.60796
v -0.307 0.46396 2.60796
v -0.307 0.46396 2.63204
v -0.305 0.46196 2.63204
v -0.305 0.46396 2.63404
v -0.307 0.48804 2.60796
v -0.305 0.49004 2.60796
v -0.305 0.48804 2.60596
v -0.305 0.48804 2.63404
v -0.305 0.49004 2.63204
v -0.307 0.48804 2.63204
v -0.297 0.46396 2.60796
v -0.299 0.46196 2.60796
v -0.299 0.46396 2.60596
v -0.299 0.46396 2.63404
v -0.299 0.46196 2.63204
v -0.297 0.46396 2.63204
v -0.299 0.48804 2.60596
v -0.299 0.49004 2.60796
v -0.297 0.48804 2.60796
v -0.297 0.48804 2.63204
v -0.299 0.49004 2.63204
v -0.299 0.48804 2.63404
v -0.307 0.49996 2.63204
v -0.307 0.52404 2.63204
v -0.307 0.52404 2.60796
v -0.307 0.49996 2.60796
v -0.297 0.49996 2.60796
v -0.297 0.52404 2.60796
v -0.297 0.52404 2.63204
v -0.297 0.49996 2.63204
v -0.305 0.49796 2.60796
v -0.299 0.49796 2.60796
v -0.299 0.49796 2.63204
v -0.305 0.49796 2.63204
v -0.305 0.52604 2.63204
v -0.299 0.52604 2.63204
v -0.299 0.52604 2.60796
v -0.305 0.52604 2.60796
v -0.305 0.52404 2.60596
v -0.299 0.52404 2.60596
v -0.299 0.49996 2.60596
v -0.305 0.49996 2.60596
v -0.305 0.49996 2.63404
v -0.299 0.49996 2.63404
v -0.299 0.52404 2.63404
v -0.305 0.52404 2.63404
v -0.307 0.49996 2.60796
v -0.305 0.49796 2.60796
v -0.305 0.49796 2.63204
v -0.307 0.49996 2.63204
v -0.307 0.52404 2.63204
v -0.305 0.52604 2.63204
v -0.305 0.52604 2.60796
v -0.307 0.52404 2.60796
v -0.297 0.49996 2.63204
v -0.299 0.49796 2.63204
v -0.299 0.49796 2.60796
v -0.297 0.49996 2.60796
v -0.297 0.52404 2.60796
v -0.299 0.52604 2.60796
v -0.299 0.52604 2.63204
v -0.297 0.52404 2.63204
v -0.307 0.52404 2.60796
v -0.305 0.52404 2.60596
v -0.305 0.49996 2.60596
v -0.307 0.49996 2.60796
v -0.307 0.49996 2.63204
v -0.305 0.49996 2.63404
v -0.305 0.52404 2.63404
v -0.307 0.52404 2.63204
v -0.297 0.49996 2.60796
v -0.299 0.49996 2.60596
v -0.299 0.52404 2.60596
v -0.297 0.52404 2.60796
v -0.297 0.52404 2.63204
v -0.299 0.52404 2.63404
v -0.299 0.49996 2.63404
v -0.297 0.49996 2.63204
v -0.305 0.49796 2.60796
v -0.305 0.49996 2.60596
v -0.299 0.49996 2.60596
v -0.299 0.49796 2.60796
v -0.299 0.49796 2.63204
v -0.299 0.49996 2.63404
v -0.305 0.49996 2.63404
v -0.305 0.49796 2.63204
v -0.299 0.52604 2.60796
v -0.299 0.52404 2.60596
v -0.305 0.52404 2.60596
v -0.305 0.52604 2.60796
v -0.305 0.52604 2.63204
v -0.305 0.52404 2.63404
v -0.299 0.52404 2.63404
v -0.299 0.52604 2.63204
v -0.305 0.49996 2.60596
v -0.305 0.49796 2.60796
v -0.307 0.49996 2.60796
v -0.307 0.49996 2.63204
v -0.305 0.49796 2.63204
v -0.305 0.49996 2.63404
v -0.307 0.52404 2.60796
v -0.305 0.52604 2.60796
v -0.305 0.52404 2.60596
v -0.305 0.52404 2.63404
v -0.305 0.52604 2.63204
v -0.307 0.52404 2.63204
v -0.297 0.49996 2.60796
v -0.299 0.49796 2.60796
v -0.299 0.49996 2.60596
v -0.299 0.49996 2.63404
v -0.299 0.49796 2.63204
v -0.297 0.49996 2.63204
v -0.299 0.52404 2.60596
v -0.299 0.52604 2.60796
v -0.297 0.52404 2.60796
v -0.297 0.52404 2.63204
v -0.299 0.52604 2.63204
v -0.299 0.52404 2.63404
v -0.307 0.53596 2.63204
v -0.307 0.56004 2.63204
v -0.307 0.56004 2.60796
v -0.307 0.53596 2.60796
v -0.297 0.53596 2.60796
v -0.297 0.56004 2.60796
v -0.297 0.56004 2.63204
v -0.297 0.53596 2.63204
v -0.305 0.53396 2.60796
v -0.299 0.53396 2.60796
v -0.299 0.53396 2.63204
v -0.305 0.53396 2.63204
v -0.305 0.56204 2.63204
v -0.299 0.56204 2.63204
v -0.299 0.56204 2.60796
v -0.305 0.56204 2.60796
v -0.305 0.56004 2.60596
v -0.299 0.56004 2.60596
v -0.299 0.53596 2.60596
v -0.305 0.53596 2.60596
v -0.305 0.53596 2.63404
v -0.299 0.53596 2.63404
v -0.299 0.56004 2.63404
v -0.305 0.56004 2.63404
v -0.307 0.53596 2.60796
v -0.305 0.53396 2.60796
v -0.305 0.53396 2.63204
v -0.307 0.53596 2.63204
v -0.307 0.56004 2.63204
v -0.305 0.56204 2.63204
v -0.305 0.56204 2.60796
v -0.307 0.56004 2.60796
v -0.297 0.53596 2.63204
v -0.299 0.53396 2.63204
v -0.299 0.53396 2.60796
v -0.297 0.53596 2.60796
v -0.297 0.56004 2.60796
v -0.299 0.56204 2.60796
v -0.299 0.56204 2.63204
v -0.297 0.56004 2.63204
v -0.307 0.56004 2.60796
v -0.305 0.56004 2.60596
v -0.305 0.53596 2.60596
v -0.307 0.53596 2.60796
v -0.307 0.53596 2.63204
v -0.305 0.53596 2.63404
v -0.305 0.56004 2.63404
v -0.307 0.56004 2.63204
v -0.297 0.53596 2.60796
v -0.299 0.53596 2.60596
v -0.299 0.56004 2.60596
v -0.297 0.56004 2.60796
v -0.297 0.56004 2.63204
v -0.299 0.56004 2.63404
v -0.299 0.53596 2.63404
v -0.297 0.53596 2.63204
v -0.305 0.53396 2.60796
v -0.305 0.53596 2.60596
v -0.299 0.53596 2.60596
v -0.299 0.53396 2.60796
v -0.299 0.53396 2.63204
v -0.299 0.53596 2.63404
v -0.305 0.53596 2.63404
v -0.305 0.53396 2.63204
v -0.299 0.56204 2.60796
v -0.299 0.56004 2.60596
v -0.305 0.56004 2.60596
v -0.305 0.56204 2.60796
v -0.305 0.56204 2.63204
v -0.305 0.56004 2.63404
v -0.299 0.56004 2.63404
v -0.299 0.56204 2.63204
v -0.305 0.53596 2.60596
v -0.305 0.53396 2.60796
v -0.307 0.53596 2.60796
v -0.307 0.53596 2.63204
v -0.305 0.53396 2.63204
v -0.305 0.53596 2.63404
v -0.307 0.56004 2.60796
v -0.305 0.56204 2.60796
v -0.305 0.56004 2.60596
v -0.305 0.56004 2.63404
v -0.305 0.56204 2.63204
v -0.307 0.56004 2.63204
v -0.297 0.53596 2.60796
v -0.299 0.53396 2.60796
v -0.299 0.53596 2.60596
v -0.299 0.53596 2.63404
v -0.299 0.53396 2.63204
v -0.297 0.53596 2.63204
v -0.299 0.56004 2.60596
v -0.299 0.56204 2.60796
v -0.297 0.56004 2.60796
v -0.297 0.56004 2.63204
v -0.299 0.56204 2.63204
v -0.299 0.56004 2.63404
v -0.307 0.60796 2.74004
v -0.307 0.63204 2.74004
v -0.307 0.63204 2.71596
v -0.307 0.60796 2.71596
v -0.297 0.60796 2.71596
v -0.297 0.63204 2.71596
v -0.297 0.63204 2.74004
v -0.297 0.60796 2.74004
v -0.305 0.60596 2.71596
v -0.299 0.60596 2.71596
v -0.299 0.60596 2.74004
v -0.305 0.60596 2.74004
v -0.305 0.63404 2.74004
v -0.299 0.63404 2.74004
v -0.299 0.63404 2.71596
v -0.305 0.63404 2.71596
v -0.305 0.63204 2.71396
v -0.299 0.63204 2.71396
v -0.299 0.60796 2.71396
v -0.305 0.60796 2.71396
v -0.305 0.60796 2.74204
v -0.299 0.60796 2.74204
v -0.299 0.63204 2.74204
v -0.305 0.63204 2.74204
v -0.307 0.60796 2.71596
v -0.305 0.60596 2.71596
v -0.305 0.60596 2.74004
v -0.307 0.60796 2.74004
v -0.307 0.63204 2.74004
v -0.305 0.63404 2.74004
v -0.305 0.63404 2.71596
v -0.307 0.63204 2.71596
v -0.297 0.60796 2.74004
v -0.299 0.60596 2.74004
v -0.299 0.60596 2.71596
v -0.297 0.60796 2.71596
v -0.297 0.63204 2.71596
v -0.299 0.63404 2.71596
v -0.299 0.63404 2.74004
v -0.297 0.63204 2.74004
v -0.307 0.63204 2.71596
v -0.305 0.63204 2.71396
v -0.305 0.60796 2.71396
v -0.307 0.60796 2.71596
v -0.307 0.60796 2.74004
v -0.305 0.60796 2.74204
v -0.305 0.63204 2.74204
v -0.307 0.63204 2.74004
v -0.297 0.60796 2.71596
v -0.299 0.60796 2.71396
v -0.299 0.63204 2.71396
v -0.297 0.63204 2.71596
v -0.297 0.63204 2.74004
v -0.299 0.63204 2.74204
v -0.299 0.60796 2.74204
v -0.297 0.60796 2.74004
v -0.305 0.60596 2.71596
v -0.305 0.60796 2.71396
v -0.299 0.60796 2.71396
v -0.299 0.60596 2.71596
v -0.299 0.60596 2.74004
v -0.299 0.60796 2.74204
v -0.305 0.60796 2.74204
v -0.305 0.60596 2.74004
v -0.299 0.63404 2.71596
v -0.299 0.63204 2.71396
v -0.305 0.63204 2.71396
v -0.305 0.63404 2.71596
v -0.305 0.63404 2.74004
v -0.305 0.63204 2.74204
v -0.299 0.63204 2.74204
v -0.299 0.63404 2.74004
v -0.305 0.60796 2.71396
v -0.305 0.60596 2.71596
v -0.307 0.60796 2.71596
v -0.307 0.60796 2.74004
v -0.305 0.60596 2.74004
v -0.305 0.60796 2.74204
v -0.307 0.63204 2.71596
v -0.305 0.63404 2.71596
v -0.305 0.63204 2.71396
v -0.305 0.63204 2.74204
v -0.305 0.63404 2.74004
v -0.307 0.63204 2.74004
v -0.297 0.60796 2.71596
v -0.299 0.60596 2.71596
v -0.299 0.60796 2.71396
v -0.299 0.60796 2.74204
v -0.299 0.60596 2.74004
v -0.297 0.60796 2.74004
v -0.299 0.63204 2.71396
v -0.299 0.63404 2.71596
v -0.297 0.63204 2.71596
v -0.297 0.63204 2.74004
v -0.299 0.63404 2.74004
v -0.299 0.63204 2.74204
v -0.307 0.60796 2.70404
v -0.307 0.63204 2.70404
v -0.307 0.63204 2.67996
v -0.307 0.60796 2.67996
v -0.297 0.60796 2.67996
v -0.297 0.63204 2.67996
v -0.297 0.63204 2.70404
v -0.297 0.60796 2.70404
v -0.305 0.60596 2.67996
v -0.299 0.60596 2.67996
v -0.299 0.60596 2.70404
v -0.305 0.60596 2.70404
v -0.305 0.63404 2.70404
v -0.299 0.63404 2.70404
v -0.299 0.63404 2.67996
v -0.305 0.63404 2.67996
v -0.305 0.63204 2.67796
v -0.299 0.63204 2.67796
v -0.299 0.60796 2.67796
v -0.305 0.60796 2.67796
v -0.305 0.60796 2.70604
v -0.299 0.60796 2.70604
v -0.299 0.63204 2.70604
v -0.305 0.63204 2.70604
v -0.307 0.60796 2.67996
v -0.305 0.60596 2.67996
v -0.305 0.60596 2.70404
v -0.307 0.60796 2.70404
v -0.307 0.63204 2.70404
v -0.305 0.63404 2.70404
v -0.305 0.63404 2.67996
v -0.307 0.63204 2.67996
v -0.297 0.60796 2.70404
v -0.299 0.60596 2.70404
v -0.299 0.60596 2.67996
v -0.297 0.60796 2.67996
v -0.297 0.63204 2.67996
v -0.299 0.63404 2.67996
v -0.299 0.63404 2.70404
v -0.297 0.63204 2.70404
v -0.307 0.63204 2.67996
v -0.305 0.63204 2.67796
v -0.305 0.60796 2.67796
v -0.307 0.60796 2.67996
v -0.307 0.60796 2.70404
v -0.305 0.60796 2.70604
v -0.305 0.63204 2.70604
v -0.307 0.63204 2.70404
v -0.297 0.60796 2.67996
v -0.299 0.60796 2.67796
v -0.299 0.63204 2.67796
v -0.297 0.63204 2.67996
v -0.297 0.63204 2.70404
v -0.299 0.63204 2.70604
v -0.299 0.60796 2.70604
v -0.297 0.60796 2.70404
v -0.305 0.60596 2.67996
v -0.305 0.60796 2.67796
v -0.299 0.60796 2.67796
v -0.299 0.60596 2.67996
v -0.299 0.60596 2.70404
v -0.299 0.60796 2.70604
v -0.305 0.60796 2.70604
v -0.305 0.60596 2.70404
v -0.299 0.63404 2.67996
v -0.299 0.63204 2.67796
v -0.305 0.63204 2.67796
v -0.305 0.63404 2.67996
v -0.305 0.63404 2.70404
v -0.305 0.63204 2.70604
v -0.299 0.63204 2.70604
v -0.299 0.63404 2.70404
v -0.305 0.60796 2.67796
v -0.305 0.60596 2.67996
v -0.307 0.60796 2.67996
v -0.307 0.60796 2.70404
v -0.305 0.60596 2.70404
v -0.305 0.60796 2.70604
v -0.307 0.63204 2.67996
v -0.305 0.63404 2.67996
v -0.305 0.63204 2.67796
v -0.305 0.63204 2.70604
v -0.305 0.63404 2.70404
v -0.307 0.63204 2.70404
v -0.297 0.60796 2.67996
v -0.299 0.60596 2.67996
v -0.299 0.60796 2.67796
v -0.299 0.60796 2.70604
v -0.299 0.60596 2.70404
v -0.297 0.60796 2.70404
v -0.299 0.63204 2.67796
v -0.299 0.63404 2.67996
v -0.297 0.63204 2.67996
v -0.297 0.63204 2.70404
v -0.299 0.63404 2.70404
v -0.299 0.63204 2.70604
v -0.307 0.60796 2.66804
v -0.307 0.63204 2.66804
v -0.307 0.63204 2.64396
v -0.307 0.60796 2.64396
v -0.297 0.60796 2.64396
v -0.297 0.63204 2.64396
v -0.297 0.63204 2.66804
v -0.297 0.60796 2.66804
v -0.305 0.60596 2.64396
v -0.299 0.60596 2.64396
v -0.299 0.60596 2.66804
v -0.305 0.60596 2.66804
v -0.305 0.63404 2.66804
v -0.299 0.63404 2.66804
v -0.299 0.63404 2.64396
v -0.305 0.63404 2.64396
v -0.305 0.63204 2.64196
v -0.299 0.63204 2.64196
v -0.299 0.60796 2.64196
v -0.305 0.60796 2.64196
v -0.305 0.60796 2.67004
v -0.299 0.60796 2.67004
v -0.299 0.63204 2.67004
v -0.305 0.63204 2.67004
v -0.307 0.60796 2.64396
v -0.305 0.60596 2.64396
v -0.305 0.60596 2.66804
v -0.307 0.60796 2.66804
v -0.307 0.63204 2.66804
v -0.305 0.63404 2.66804
v -0.305 0.63404 2.64396
v -0.307 0.63204 2.64396
v -0.297 0.60796 2.66804
v -0.299 0.60596 2.66804
v -0.299 0.60596 2.64396
v -0.297 0.60796 2.64396
v -0.297 0.63204 2.64396
v -0.299 0.63404 2.64396
v -0.299 0.63404 2.66804
v -0.297 0.63204 2.66804
v -0.307 0.63204 2.64396
v -0.305 0.63204 2.64196
v -0.305 0.60796 2.64196
v -0.307 0.60796 2.64396
v -0.307 0.60796 2.66804
v -0.305 0.60796 2.67004
v -0.305 0.63204 2.67004
v -0.307 0.63204 2.66804
v -0.297 0.60796 2.64396
v -0.299 0.60796 2.64196
v -0.299 0.63204 2.64196
v -0.297 0.63204 2.64396
v -0.297 0.63204 2.66804
v -0.299 0.63204 2.67004
v -0.299 0.60796 2.67004
v -0.297 0.60796 2.66804
v -0.305 0.60596 2.64396
v -0.305 0.60796 2.64196
v -0.299 0.60796 2.64196
v -0.299 0.60596 2.64396
v -0.299 0.60596 2.66804
v -0.299 0.60796 2.67004
v -0.305 0.60796 2.67004
v -0.305 0.60596 2.66804
v -0.299 0.63404 2.64396
v -0.299 0.63204 2.64196
v -0.305 0.63204 2.64196
v -0.305 0.63404 2.64396
v -0.305 0.63404 2.66804
v -0.305 0.63204 2.67004
v -0.299 0.63204 2.67004
v -0.299 0.63404 2.66804
v -0.305 0.60796 2.64196
v -0.305 0.60596 2.64396
v -0.307 0.60796 2.64396
v -0.307 0.60796 2.66804
v -0.305 0.60596 2.66804
v -0.305 0.60796 2.67004
v -0.307 0.63204 2.64396
v -0.305 0.63404 2.64396
v -0.305 0.63204 2.64196
v -0.305 0.63204 2.67004
v -0.305 0.63404 2.66804
v -0.307 0.63204 2.66804
v -0.297 0.60796 2.64396
v -0.299 0.60596 2.64396
v -0.299 0.60796 2.64196
v -0.299 0.60796 2.67004
v -0.299 0.60596 2.66804
v -0.297 0.60796 2.66804
v -0.299 0.63204 2.64196
v -0.299 0.63404 2.64396
v -0.297 0.63204 2.64396
v -0.297 0.63204 2.66804
v -0.299 0.63404 2.66804
v -0.299 0.63204 2.67004
v -0.307 0.60796 2.63204
v -0.307 0.63204 2.63204
v -0.307 0.63204 2.60796
v -0.307 0.60796 2.60796
v -0.297 0.60796 2.60796
v -0.297 0.63204 2.60796
v -0.297 0.63204 2.63204
v -0.297 0.60796 2.63204
v -0.305 0.60596 2.60796
v -0.299 0.60596 2.60796
v -0.299 0.60596 2.63204
v -0.305 0.60596 2.63204
v -0.305 0.63404 2.63204
v -0.299 0.63404 2.63204
v -0.299 0.63404 2.60796
v -0.305 0.63404 2.60796
v -0.305 0.63204 2.60596
v -0.299 0.63204 2.60596
v -0.299 0.60796 2.60596
v -0.305 0.60796 2.60596
v -0.305 0.60796 2.63404
v -0.299 0.60796 2.63404
v -0.299 0.63204 2.63404
v -0.305 0.63204 2.63404
v -0.307 0.60796 2.60796
v -0.305 0.60596 2.60796
v -0.305 0.60596 2.63204
v -0.307 0.60796 2.63204
v -0.307 0.63204 2.63204
v -0.305 0.63404 2.63204
v -0.305 0.63404 2.60796
v -0.307 0.63204 2.60796
v -0.297 0.60796 2.63204
v -0.299 0.60596 2.63204
v -0.299 0.60596 2.60796
v -0.297 0.60796 2.60796
v -0.297 0.63204 2.60796
v -0.299 0.63404 2.60796
v -0.299 0.63404 2.63204
v -0.297 0.63204 2.63204
v -0.307 0.63204 2.60796
v -0.305 0.63204 2.60596
v -0.305 0.60796 2.60596
v -0.307 0.60796 2.60796
v -0.307 0.60796 2.63204
v -0.305 0.60796 2.63404
v -0.305 0.63204 2.63404
v -0.307 0.63204 2.63204
v -0.297 0.60796 2.60796
v -0.299 0.60796 2.60596
v -0.299 0.63204 2.60596
v -0.297 0.63204 2.60796
v -0.297 0.63204 2.63204
v -0.299 0.63204 2.63404
v -0.299 0.60796 2.63404
v -0.297 0.60796 2.63204
v -0.305 0.60596 2.60796
v -0.305 0.60796 2.60596
v -0.299 0.60796 2.60596
v -0.299 0.60596 2.60796
v -0.299 0.60596 2.63204
v -0.299 0.60796 2.63404
v -0.305 0.60796 2.63404
v -0.305 0.60596 2.63204
v -0.299 0.63404 2.60796
v -0.299 0.63204 2.60596
v -0.305 0.63204 2.60596
v -0.305 0.63404 2.60796
v -0.305 0.63404 2.63204
v -0.305 0.63204 2.63404
v -0.299 0.63204 2.63404
v -0.299 0.63404 2.63204
v -0.305 0.60796 2.60596
v -0.305 0.60596 2.60796
v -0.307 0.60796 2.60796
v -0.307 0.60796 2.63204
v -0.305 0.60596 2.63204
v -0.305 0.60796 2.63404
v -0.307 0.63204 2.60796
v -0.305 0.63404 2.60796
v -0.305 0.63204 2.60596
v -0.305 0.63204 2.63404
v -0.305 0.63404 2.63204
v -0.307 0.63204 2.63204
v -0.297 0.60796 2.60796
v -0.299 0.60596 2.60796
v -0.299 0.60796 2.60596
v -0.299 0.60796 2.63404
v -0.299 0.60596 2.63204
v -0.297 0.60796 2.63204
v -0.299 0.63204 2.60596
v -0.299 0.63404 2.60796
v -0.297 0.63204 2.60796
v -0.297 0.63204 2.63204
v -0.299 0.63404 2.63204
v -0.299 0.63204 2.63404
v -0.307 0.64396 2.63204
v -0.307 0.66804 2.63204
v -0.307 0.66804 2.60796
v -0.307 0.64396 2.60796
v -0.297 0.64396 2.60796
v -0.297 0.66804 2.60796
v -0.297 0.66804 2.63204
v -0.297 0.64396 2.63204
v -0.305 0.64196 2.60796
v -0.299 0.64196 2.60796
v -0.299 0.64196 2.63204
v -0.305 0.64196 2.63204
v -0.305 0.67004 2.63204
v -0.299 0.67004 2.63204
v -0.299 0.67004 2.60796
v -0.305 0.67004 2.60796
v -0.305 0.66804 2.60596
v -0.299 0.66804 2.60596
v -0.299 0.64396 2.60596
v -0.305 0.64396 2.60596
v -0.305 0.64396 2.63404
v -0.299 0.64396 2.63404
v -0.299 0.66804 2.63404
v -0.305 0.66804 2.63404
v -0.307 0.64396 2.60796
v -0.305 0.64196 2.60796
v -0.305 0.64196 2.63204
v -0.307 0.64396 2.63204
v -0.307 0.66804 2.63204
v -0.305 0.67004 2.63204
v -0.305 0.67004 2.60796
v -0.307 0.66804 2.60796
v -0.297 0.64396 2.63204
v -0.299 0.64196 2.63204
v -0.299 0.64196 2.60796
v -0.297 0.64396 2.60796
v -0.297 0.66804 2.60796
v -0.299 0.67004 2.60796
v -0.299 0.67004 2.63204
v -0.297 0.66804 2.63204
v -0.307 0.66804 2.60796
v -0.305 0.66804 2.60596
v -0.305 0.64396 2.60596
v -0.307 0.64396 2.60796
v -0.307 0.64396 2.63204
v -0.305 0.64396 2.63404
v -0.305 0.66804 2.63404
v -0.307 0.66804 2.63204
v -0.297 0.64396 2.60796
v -0.299 0.64396 2.60596
v -0.299 0.66804 2.60596
v -0.297 0.66804 2.60796
v -0.297 0.66804 2.63204
v -0.299 0.66804 2.63404
v -0.299 0.64396 2.63404
v -0.297 0.64396 2.63204
v -0.305 0.64196 2.60796
v -0.305 0.64396 2.60596
v -0.299 0.64396 2.60596
v -0.299 0.64196 2.60796
v -0.299 0.64196 2.63204
v -0.299 0.64396 2.63404
v -0.305 0.64396 2.63404
v -0.305 0.64196 2.63204
v -0.299 0.67004 2.60796
v -0.299 0.66804 2.60596
v -0.305 0.66804 2.60596
v -0.305 0.67004 2.60796
v -0.305 0.67004 2.63204
v -0.305 0.66804 2.63404
v -0.299 0.66804 2.63404
v -0.299 0.67004 2.63204
v -0.305 0.64396 2.60596
v -0.305 0.64196 2.60796
v -0.307 0.64396 2.60796
v -0.307 0.64396 2.63204
v -0.305 0.64196 2.63204
v -0.305 0.64396 2.63404
v -0.307 0.66804 2.60796
v -0.305 0.67004 2.60796
v -0.305 0.66804 2.60596
v -0.305 0.66804 2.63404
v -0.305 0.67004 2.63204
v -0.307 0.66804 2.63204
v -0.297 0.64396 2.60796
v -0.299 0.64196 2.60796
v -0.299 0.64396 2.60596
v -0.299 0.64396 2.63404
v -0.299 0.64196 2.63204
v -0.297 0.64396 2.63204
v -0.299 0.66804 2.60596
v -0.299 0.67004 2.60796
v -0.297 0.66804 2.60796
v -0.297 0.66804 2.63204
v -0.299 0.67004 2.63204
v -0.299 0.66804 2.63404
v -0.307 0.67996 2.63204
v -0.307 0.70404 2.63204
v -0.307 0.70404 2.60796
v -0.307 0.67996 2.60796
v -0.297 0.67996 2.60796
v -0.297 0.70404 2.60796
v -0.297 0.70404 2.63204
v -0.297 0.67996 2.63204
v -0.305 0.67796 2.60796
v -0.299 0.67796 2.60796
v -0.299 0.67796 2.63204
v -0.305 0.67796 2.63204
v -0.305 0.70604 2.63204
v -0.299 0.70604 2.63204
v -0.299 0.70604 2.60796
v -0.305 0.70604 2.60796
v -0.305 0.70404 2.60596
v -0.299 0.70404 2.60596
v -0.299 0.67996 2.60596
v -0.305 0.67996 2.60596
v -0.305 0.67996 2.63404
v -0.299 0.67996 2.63404
v -0.299 0.70404 2.63404
v -0.305 0.70404 2.63404
v -0.307 0.67996 2.60796
v -0.305 0.67796 2.60796
v -0.305 0.67796 2.63204
v -0.307 0.67996 2.63204
v -0.307 0.70404 2.63204
v -0.305 0.70604 2.63204
v -0.305 0.70604 2.60796
v -0.307 0.70404 2.60796
v -0.297 0.67996 2.63204
v -0.299 0.67796 2.63204
v -0.299 0.67796 2.60796
v -0.297 0.67996 2.60796
v -0.297 0.70404 2.60796
v -0.299 0.70604 2.60796
v -0.299 0.70604 2.63204
v -0.297 0.70404 2.63204
v -0.307 0.70404 2.60796
v -0.305 0.70404 2.60596
v -0.305 0.67996 2.60596
v -0.307 0.67996 2.60796
v -0.307 0.67996 2.63204
v -0.305 0.67996 2.63404
v -0.305 0.70404 2.63404
v -0.307 0.70404 2.63204
v -0.297 0.67996 2.60796
v -0.299 0.67996 2.60596
v -0.299 0.70404 2.60596
v -0.297 0.70404 2.60796
v -0.297 0.70404 2.63204
v -0.299 0.70404 2.63404
v -0.299 0.67996 2.63404
v -0.297 0.67996 2.63204
v -0.305 0.67796 2.60796
v -0.305 0.67996 2.60596
v -0.299 0.67996 2.60596
v -0.299 0.67796 2.60796
v -0.299 0.67796 2.63204
v -0.299 0.67996 2.63404
v -0.305 0.67996 2.63404
v -0.305 0.67796 2.63204
v -0.299 0.70604 2.60796
v -0.299 0.70404 2.60596
v -0.305 0.70404 2.60596
v -0.305 0.70604 2.60796
v -0.305 0.70604 2.63204
v -0.305 0.70404 2.63404
v -0.299 0.70404 2.63404
v -0.299 0.70604 2.63204
v -0.305 0.67996 2.60596
v -0.305 0.67796 2.60796
v -0.307 0.67996 2.60796
v -0.307 0.67996 2.63204
v -0.305 0.67796 2.63204
v -0.305 0.67996 2.63404
v -0.307 0.70404 2.60796
v -0.305 0.70604 2.60796
v -0.305 0.70404 2.60596
v -0.305 0.70404 2.63404
v -0.305 0.70604 2.63204
v -0.307 0.70404 2.63204
v -0.297 0.67996 2.60796
v -0.299 0.67796 2.60796
v -0.299 0.67996 2.60596
v -0.299 0.67996 2.63404
v -0.299 0.67796 2.63204
v -0.297 0.67996 2.63204
v -0.299 0.70404 2.60596
v -0.299 0.70604 2.60796
v -0.297 0.70404 2.60796
v -0.297 0.70404 2.63204
v -0.299 0.70604 2.63204
v -0.299 0.70404 2.63404
v -0.307 0.75196 2.74004
v -0.307 0.77604 2.74004
v -0.307 0.77604 2.71596
v -0.307 0.75196 2.71596
v -0.297 0.75196 2.71596
v -0.297 0.77604 2.71596
v -0.297 0.77604 2.74004
v -0.297 0.75196 2.74004
v -0.305 0.74996 2.71596
v -0.299 0.74996 2.71596
v -0.299 0.74996 2.74004
v -0.305 0.74996 2.74004
v -0.305 0.77804 2.74004
v -0.299 0.77804 2.74004
v -0.299 0.77804 2.71596
v -0.305 0.77804 2.71596
v -0.305 0.77604 2.71396
v -0.299 0.77604 2.71396
v -0.299 0.75196 2.71396
v -0.305 0.75196 2.71396
v -0.305 0.75196 2.74204
v -0.299 0.75196 2.74204
v -0.299 0.77604 2.74204
v -0.305 0.77604 2.74204
v -0.307 0.75196 2.71596
v -0.305 0.74996 2.71596
v -0.305 0.74996 2.74004
v -0.307 0.75196 2.74004
v -0.307 0.77604 2.74004
v -0.305 0.77804 2.74004
v -0.305 0.77804 2.71596
v -0.307 0.77604 2.71596
v -0.297 0.75196 2.74004
v -0.299 0.74996 2.74004
v -0.299 0.74996 2.71596
v -0.297 0.75196 2.71596
v -0.297 0.77604 2.71596
v -0.299 0.77804 2.71596
v -0.299 0.77804 2.74004
v -0.297 0.77604 2.74004
v -0.307 0.77604 2.71596
v -0.305 0.77604 2.71396
v -0.305 0.75196 2.71396
v -0.307 0.75196 2.71596
v -0.307 0.75196 2.74004
v -0.305 0.75196 2.74204
v -0.305 0.77604 2.74204
v -0.307 0.77604 2.74004
v -0.297 0.75196 2.71596
v -0.299 0.75196 2.71396
v -0.299 0.77604 2.71396
v -0.297 0.77604 2.71596
v -0.297 0.77604 2.74004
v -0.299 0.77604 2.74204
v -0.299 0.75196 2.74204
v -0.297 0.75196 2.74004
v -0.305 0.74996 2.71596
v -0.305 0.75196 2.71396
v -0.299 0.75196 2.71396
v -0.299 0.74996 2.71596
v -0.299 0.74996 2.74004
v -0.299 0.75196 2.74204
v -0.305 0.75196 2.74204
v -0.305 0.74996 2.74004
v -0.299 0.77804 2.71596
v -0.299 0.77604 2.71396
v -0.305 0.77604 2.71396
v -0.305 0.77804 2.71596
v -0.305 0.77804 2.74004
v -0.305 0.77604 2.74204
v -0.299 0.77604 2.74204
v -0.299 0.77804 2.74004
v -0.305 0.75196 2.71396
v -0.305 0.74996 2.71596
v -0.307 0.75196 2.71596
v -0.307 0.75196 2.74004
v -0.305 0.74996 2.74004
v -0.305 0.75196 2.74204
v -0.307 0.77604 2.71596
v -0.305 0.77804 2.71596
v -0.305 0.77604 2.71396
v -0.305 0.77604 2.74204
v -0.305 0.77804 2.74004
v -0.307 0.77604 2.74004
v -0.297 0.75196 2.71596
v -0.299 0.74996 2.71596
v -0.299 0.75196 2.71396
v -0.299 0.75196 2.74204
v -0.299 0.74996 2.74004
v -0.297 0.75196 2.74004
v -0.299 0.77604 2.71396
v -0.299 0.77804 2.71596
v -0.297 0.77604 2.71596
v -0.297 0.77604 2.74004
v -0.299 0.77804 2.74004
v -0.299 0.77604 2.74204
v -0.307 0.78796 2.74004
v -0.307 0.81204 2.74004
v -0.307 0.81204 2.71596
v -0.307 0.78796 2.71596
v -0.297 0.78796 2.71596
v -0.297 0.81204 2.71596
v -0.297 0.81204 2.74004
v -0.297 0.78796 2.74004
v -0.305 0.78596 2.71596
v -0.299 0.78596 2.71596
v -0.299 0.78596 2.74004
v -0.305 0.78596 2.74004
v -0.305 0.81404 2.74004
v -0.299 0.81404 2.74004
v -0.299 0.81404 2.71596
v -0.305 0.81404 2.71596
v -0.305 0.81204 2.71396
v -0.299 0.81204 2.71396
v -0.299 0.78796 2.71396
v -0.305 0.78796 2.71396
v -0.305 0.78796 2.74204
v -0.299 0.78796 2.74204
v -0.299 0.81204 2.74204
v -0.305 0.81204 2.74204
v -0.307 0.78796 2.71596
v -0.305 0.78596 2.71596
v -0.305 0.78596 2.74004
v -0.307 0.78796 2.74004
v -0.307 0.81204 2.74004
v -0.305 0.81404 2.74004
v -0.305 0.81404 2.71596
v -0.307 0.81204 2.71596
v -0.297 0.78796 2.74004
v -0.299 0.78596 2.74004
v -0.299 0.78596 2.71596
v -0.297 0.78796 2.71596
v -0.297 0.81204 2.71596
v -0.299 0.81404 2.71596
v -0.299 0.81404 2.74004
v -0.297 0.81204 2.74004
v -0.307 0.81204 2.71596
v -0.305 0.81204 2.71396
v -0.305 0.78796 2.71396
v -0.307 0.78796 2.71596
v -0.307 0.78796 2.74004
v -0.305 0.78796 2.74204
v -0.305 0.81204 2.74204
v -0.307 0.81204 2.74004
v -0.297 0.78796 2.71596
v -0.299 0.78796 2.71396
v -0.299 0.81204 2.71396
v -0.297 0.81204 2.71596
v -0.297 0.81204 2.74004
v -0.299 0.81204 2.74204
v -0.299 0.78796 2.74204
v -0.297 0.78796 2.74004
v -0.305 0.78596 2.71596
v -0.305 0.78796 2.71396
v -0.299 0.78796 2.71396
v -0.299 0.78596 2.71596
v -0.299 0.78596 2.74004
v -0.299 0.78796 2.74204
v -0.305 0.78796 2.74204
v -0.305 0.78596 2.74004
v -0.299 0.81404 2.71596
v -0.299 0.81204 2.71396
v -0.305 0.81204 2.71396
v -0.305 0.81404 2.71596
v -0.305 0.81404 2.74004
v -0.305 0.81204 2.74204
v -0.299 0.81204 2.74204
v -0.299 0.81404 2.74004
v -0.305 0.78796 2.71396
v -0.305 0.78596 2.71596
v -0.307 0.78796 2.71596
v -0.307 0.78796 2.74004
v -0.305 0.78596 2.74004
v -0.305 0.78796 2.74204
v -0.307 0.81204 2.71596
v -0.305 0.81404 2.71596
v -0.305 0.81204 2.71396
v -0.305 0.81204 2.74204
v -0.305 0.81404 2.74004
v -0.307 0.81204 2.74004
v -0.297 0.78796 2.71596
v -0.299 0.78596 2.71596
v -0.299 0.78796 2.71396
v -0.299 0.78796 2.74204
v -0.299 0.78596 2.74004
v -0.297 0.78796 2.74004
v -0.299 0.81204 2.71396
v -0.299 0.81404 2.71596
v -0.297 0.81204 2.71596
v -0.297 0.81204 2.74004
v -0.299 0.81404 2.74004
v -0.299 0.81204 2.74204
v -0.307 0.82396 2.74004
v -0.307 0.84804 2.74004
v -0.307 0.84804 2.71596
v -0.307 0.82396 2.71596
v -0.297 0.82396 2.71596
v -0.297 0.84804 2.71596
v -0.297 0.84804 2.74004
v -0.297 0.82396 2.74004
v -0.305 0.82196 2.71596
v -0.299 0.82196 2.71596
v -0.299 0.82196 2.74004
v -0.305 0.82196 2.74004
v -0.305 0.85004 2.74004
v -0.299 0.85004 2.74004
v -0.299 0.85004 2.71596
v -0.305 0.85004 2.71596
v -0.305 0.84804 2.71396
v -0.299 0.84804 2.71396
v -0.299 0.82396 2.71396
v -0.305 0.82396 2.71396
v -0.305 0.82396 2.74204
v -0.299 0.82396 2.74204
v -0.299 0.84804 2.74204
v -0.305 0.84804 2.74204
v -0.307 0.82396 2.71596
v -0.305 0.82196 2.71596
v -0.305 0.82196 2.74004
v -0.307 0.82396 2.74004
v -0.307 0.84804 2.74004
v -0.305 0.85004 2.74004
v -0.305 0.85004 2.71596
v -0.307 0.84804 2.71596
v -0.297 0.82396 2.74004
v -0.299 0.82196 2.74004
v -0.299 0.82196 2.71596
v -0.297 0.82396 2.71596
v -0.297 0.84804 2.71596
v -0.299 0.85004 2.71596
v -0.299 0.85004 2.74004
v -0.297 0.84804 2.74004
v -0.307 0.84804 2.71596
v -0.305 0.84804 2.71396
v -0.305 0.82396 2.71396
v -0.307 0.82396 2.71596
v -0.307 0.82396 2.74004
v -0.305 0.82396 2.74204
v -0.305 0.84804 2.74204
v -0.307 0.84804 2.74004
v -0.297 0.82396 2.71596
v -0.299 0.82396 2.71396
v -0.299 0.84804 2.71396
v -0.297 0.84804 2.71596
v -0.297 0.84804 2.74004
v -0.299 0.84804 2.74204
v -0.299 0.82396 2.74204
v -0.297 0.82396 2.74004
v -0.305 0.82196 2.71596
v -0.305 0.82396 2.71396
v -0.299 0.82396 2.71396
v -0.299 0.82196 2.71596
v -0.299 0.82196 2.74004
v -0.299 0.82396 2.74204
v -0.305 0.82396 2.74204
v -0.305 0.82196 2.74004
v -0.299 0.85004 2.71596
v -0.299 0.84804 2.71396
v -0.305 0.84804 2.71396
v -0.305 0.85004 2.71596
v -0.305 0.85004 2.74004
v -0.305 0.84804 2.74204
v -0.299 0.84804 2.74204
v -0.299 0.85004 2.74004
v -0.305 0.82396 2.71396
v -0.305 0.82196 2.71596
v -0.307 0.82396 2.71596
v -0.307 0.82396 2.74004
v -0.305 0.82196 2.74004
v -0.305 0.82396 2.74204
v -0.307 0.84804 2.71596
v -0.305 0.85004 2.71596
v -0.305 0.84804 2.71396
v -0.305 0.84804 2.74204
v -0.305 0.85004 2.74004
v -0.307 0.84804 2.74004
v -0.297 0.82396 2.71596
v -0.299 0.82196 2.71596
v -0.299 0.82396 2.71396
v -0.299 0.82396 2.74204
v -0.299 0.82196 2.74004
v -0.297 0.82396 2.74004
v -0.299 0.84804 2.71396
v -0.299 0.85004 2.71596
v -0.297 0.84804 2.71596
v -0.297 0.84804 2.74004
v -0.299 0.85004 2.74004
v -0.299 0.84804 2.74204
v -0.307 0.75196 2.70404
v -0.307 0.77604 2.70404
v -0.307 0.77604 2.67996
v -0.307 0.75196 2.67996
v -0.297 0.75196 2.67996
v -0.297 0.77604 2.67996
v -0.297 0.77604 2.70404
v -0.297 0.75196 2.70404
v -0.305 0.74996 2.67996
v -0.299 0.74996 2.67996
v -0.299 0.74996 2.70404
v -0.305 0.74996 2.70404
v -0.305 0.77804 2.70404
v -0.299 0.77804 2.70404
v -0.299 0.77804 2.67996
v -0.305 0.77804 2.67996
v -0.305 0.77604 2.67796
v -0.299 0.77604 2.67796
v -0.299 0.75196 2.67796
v -0.305 0.75196 2.67796
v -0.305 0.75196 2.70604
v -0.299 0.75196 2.70604
v -0.299 0.77604 2.70604
v -0.305 0.77604 2.70604
v -0.307 0.75196 2.67996
v -0.305 0.74996 2.67996
v -0.305 0.74996 2.70404
v -0.307 0.75196 2.70404
v -0.307 0.77604 2.70404
v -0.305 0.77804 2.70404
v -0.305 0.77804 2.67996
v -0.307 0.77604 2.67996
v -0.297 0.75196 2.70404
v -0.299 0.74996 2.70404
v -0.299 0.74996 2.67996
v -0.297 0.75196 2.67996
v -0.297 0.77604 2.67996
v -0.299 0.77804 2.67996
v -0.299 0.77804 2.70404
v -0.297 0.77604 2.70404
v -0.307 0.77604 2.67996
v -0.305 0.77604 2.67796
v -0.305 0.75196 2.67796
v -0.307 0.75196 2.67996
v -0.307 0.75196 2.70404
v -0.305 0.75196 2.70604
v -0.305 0.77604 2.70604
v -0.307 0.77604 2.70404
v -0.297 0.75196 2.67996
v -0.299 0.75196 2.67796
v -0.299 0.77604 2.67796
v -0.297 0.77604 2.67996
v -0.297 0.77604 2.70404
v -0.299 0.77604 2.70604
v -0.299 0.75196 2.70604
v -0.297 0.75196 2.70404
v -0.305 0.74996 2.67996
v -0.305 0.75196 2.67796
v -0.299 0.75196 2.67796
v -0.299 0.74996 2.67996
v -0.299 0.74996 2.70404
v -0.299 0.75196 2.70604
v -0.305 0.75196 2.70604
v -0.305 0.74996 2.70404
v -0.299 0.77804 2.67996
v -0.299 0.77604 2.67796
v -0.305 0.77604 2.67796
v -0.305 0.77804 2.67996
v -0.305 0.77804 2.70404
v -0.305 0.77604 2.70604
v -0.299 0.77604 2.70604
v -0.299 0.77804 2.70404
v -0.305 0.75196 2.67796
v -0.305 0.74996 2.67996
v -0.307 0.75196 2.67996
v -0.307 0.75196 2.70404
v -0.305 0.74996 2.70404
v -0.305 0.75196 2.70604
v -0.307 0.77604 2.67996
v -0.305 0.77804 2.67996
v -0.305 0.77604 2.67796
v -0.305 0.77604 2.70604
v -0.305 0.77804 2.70404
v -0.307 0.77604 2.70404
v -0.297 0.75196 2.67996
v -0.299 0.74996 2.67996
v -0.299 0.75196 2.67796
v -0.299 0.75196 2.70604
v -0.299 0.74996 2.70404
v -0.297 0.75196 2.70404
v -0.299 0.77604 2.67796
v -0.299 0.77804 2.67996
v -0.297 0.77604 2.67996
v -0.297 0.77604 2.70404
v -0.299 0.77804 2.70404
v -0.299 0.77604 2.70604
v -0.307 0.82396 2.70404
v -0.307 0.84804 2.70404
v -0.307 0.84804 2.67996
v -0.307 0.82396 2.67996
v -0.297 0.82396 2.67996
v -0.297 0.84804 2.67996
v -0.297 0.84804 2.70404
v -0.297 0.82396 2.70404
v -0.305 0.82196 2.67996
v -0.299 0.82196 2.67996
v -0.299 0.82196 2.70404
v -0.305 0.82196 2.70404
v -0.305 0.85004 2.70404
v -0.299 0.85004 2.70404
v -0.299 0.85004 2.67996
v -0.305 0.85004 2.67996
v -0.305 0.84804 2.67796
v -0.299 0.84804 2.67796
v -0.299 0.82396 2.67796
v -0.305 0.82396 2.67796
v -0.305 0.82396 2.70604
v -0.299 0.82396 2.70604
v -0.299 0.84804 2.70604
v -0.305 0.84804 2.70604
v -0.307 0.82396 2.67996
v -0.305 0.82196 2.67996
v -0.305 0.82196 2.70404
v -0.307 0.82396 2.70404
v -0.307 0.84804 2.70404
v -0.305 0.85004 2.70404
v -0.305 0.85004 2.67996
v -0.307 0.84804 2.67996
v -0.297 0.82396 2.70404
v -0.299 0.82196 2.70404
v -0.299 0.82196 2.67996
v -0.297 0.82396 2.67996
v -0.297 0.84804 2.67996
v -0.299 0.85004 2.67996
v -0.299 0.85004 2.70404
v -0.297 0.84804 2.70404
v -0.307 0.84804 2.67996
v -0.305 0.84804 2.67796
v -0.305 0.82396 2.67796
v -0.307 0.82396 2.67996
v -0.307 0.82396 2.70404
v -0.305 0.82396 2.70604
v -0.305 0.84804 2.70604
v -0.307 0.84804 2.70404
v -0.297 0.82396 2.67996
v -0.299 0.82396 2.67796
v -0.299 0.84804 2.67796
v -0.297 0.84804 2.67996
v -0.297 0.84804 2.70404
v -0.299 0.84804 2.70604
v -0.299 0.82396 2.70604
v -0.297 0.82396 2.70404
v -0.305 0.82196 2.67996
v -0.305 0.82396 2.67796
v -0.299 0.82396 2.67796
v -0.299 0.82196 2.67996
v -0.299 0.82196 2.70404
v -0.299 0.82396 2.70604
v -0.305 0.82396 2.70604
v -0.305 0.82196 2.70404
v -0.299 0.85004 2.67996
v -0.299 0.84804 2.67796
v -0.305 0.84804 2.67796
v -0.305 0.85004 2.67996
v -0.305 0.85004 2.70404
v -0.305 0.84804 2.70604
v -0.299 0.84804 2.70604
v -0.299 0.85004 2.70404
v -0.305 0.82396 2.67796
v -0.305 0.82196 2.67996
v -0.307 0.82396 2.67996
v -0.307 0.82396 2.70404
v -0.305 0.82196 2.70404
v -0.305 0.82396 2.70604
v -0.307 0.84804 2.67996
v -0.305 0.85004 2.67996
v -0.305 0.84804 2.67796
v -0.305 0.84804 2.70604
v -0.305 0.85004 2.70404
v -0.307 0.84804 2.70404
v -0.297 0.82396 2.67996
v -0.299 0.82196 2.67996
v -0.299 0.82396 2.67796
v -0.299 0.82396 2.70604
v -0.299 0.82196 2.70404
v -0.297 0.82396 2.70404
v -0.299 0.84804 2.67796
v -0.299 0.85004 2.67996
v -0.297 0.84804 2.67996
v -0.297 0.84804 2.70404
v -0.299 0.85004 2.70404
v -0.299 0.84804 2.70604
v -0.307 0.75196 2.66804
v -0.307 0.77604 2.66804
v -0.307 0.77604 2.64396
v -0.307 0.75196 2.64396
v -0.297 0.75196 2.64396
v -0.297 0.77604 2.64396
v -0.297 0.77604 2.66804
v -0.297 0.75196 2.66804
v -0.305 0.74996 2.64396
v -0.299 0.74996 2.64396
v -0.299 0.74996 2.66804
v -0.305 0.74996 2.66804
v -0.305 0.77804 2.66804
v -0.299 0.77804 2.66804
v -0.299 0.77804 2.64396
v -0.305 0.77804 2.64396
v -0.305 0.77604 2.64196
v -0.299 0.77604 2.64196
v -0.299 0.75196 2.64196
v -0.305 0.75196 2.64196
v -0.305 0.75196 2.67004
v -0.299 0.75196 2.67004
v -0.299 0.77604 2.67004
v -0.305 0.77604 2.67004
v -0.307 0.75196 2.64396
v -0.305 0.74996 2.64396
v -0.305 0.74996 2.66804
v -0.307 0.75196 2.66804
v -0.307 0.77604 2.66804
v -0.305 0.77804 2.66804
v -0.305 0.77804 2.64396
v -0.307 0.77604 2.64396
v -0.297 0.75196 2.66804
v -0.299 0.74996 2.66804
v -0.299 0.74996 2.64396
v -0.297 0.75196 2.64396
v -0.297 0.77604 2.64396
v -0.299 0.77804 2.64396
v -0.299 0.77804 2.66804
v -0.297 0.77604 2.66804
v -0.307 0.77604 2.64396
v -0.305 0.77604 2.64196
v -0.305 0.75196 2.64196
v -0.307 0.75196 2.64396
v -0.307 0.75196 2.66804
v -0.305 0.75196 2.67004
v -0.305 0.77604 2.67004
v -0.307 0.77604 2.66804
v -0.297 0.75196 2.64396
v -0.299 0.75196 2.64196
v -0.299 0.77604 2.64196
v -0.297 0.77604 2.64396
v -0.297 0.77604 2.66804
v -0.299 0.77604 2.67004
v -0.299 0.75196 2.67004
v -0.297 0.75196 2.66804
v -0.305 0.74996 2.64396
v -0.305 0.75196 2.64196
v -0.299 0.75196 2.64196
v -0.299 0.74996 2.64396
v -0.299 0.74996 2.66804
v -0.299 0.75196 2.67004
v -0.305 0.75196 2.67004
v -0.305 0.74996 2.66804
v -0.299 0.77804 2.64396
v -0.299 0.77604 2.64196
v -0.305 0.77604 2.64196
v -0.305 0.77804 2.64396
v -0.305 0.77804 2.66804
v -0.305 0.77604 2.67004
v -0.299 0.77604 2.67004
v -0.299 0.77804 2.66804
v -0.305 0.75196 2.64196
v -0.305 0.74996 2.64396
v -0.307 0.75196 2.64396
v -0.307 0.75196 2.66804
v -0.305 0.74996 2.66804
v -0.305 0.75196 2.67004
v -0.307 0.77604 2.64396
v -0.305 0.77804 2.64396
v -0.305 0.77604 2.64196
v -0.305 0.77604 2.67004
v -0.305 0.77804 2.66804
v -0.307 0.77604 2.66804
v -0.297 0.75196 2.64396
v -0.299 0.74996 2.64396
v -0.299 0.75196 2.64196
v -0.299 0.75196 2.67004
v -0.299 0.74996 2.66804
v -0.297 0.75196 2.66804
v -0.299 0.77604 2.64196
v -0.299 0.77804 2.64396
v -0.297 0.77604 2.64396
v -0.297 0.77604 2.66804
v -0.299 0.77804 2.66804
v -0.299 0.77604 2.67004
v -0.307 0.82396 2.66804
v -0.307 0.84804 2.66804
v -0.307 0.84804 2.64396
v -0.307 0.82396 2.64396
v -0.297 0.82396 2.64396
v -0.297 0.84804 2.64396
v -0.297 0.84804 2.66804
v -0.297 0.82396 2.66804
v -0.305 0.82196 2.64396
v -0.299 0.82196 2.64396
v -0.299 0.82196 2.66804
v -0.305 0.82196 2.66804
v -0.305 0.85004 2.66804
v -0.299 0.85004 2.66804
v -0.299 0.85004 2.64396
v -0.305 0.85004 2.64396
v -0.305 0.84804 2.64196
v -0.299 0.84804 2.64196
v -0.299 0.82396 2.64196
v -0.305 0.82396 2.64196
v -0.305 0.82396 2.67004
v -0.299 0.82396 2.67004
v -0.299 0.84804 2.67004
v -0.305 0.84804 2.67004
v -0.307 0.82396 2.64396
v -0.305 0.82196 2.64396
v -0.305 0.82196 2.66804
v -0.307 0.82396 2.66804
v -0.307 0.84804 2.66804
v -0.305 0.85004 2.66804
v -0.305 0.85004 2.64396
v -0.307 0.84804 2.64396
v -0.297 0.82396 2.66804
v -0.299 0.82196 2.66804
v -0.299 0.82196 2.64396
v -0.297 0.82396 2.64396
v -0.297 0.84804 2.64396
v -0.299 0.85004 2.64396
v -0.299 0.85004 2.66804
v -0.297 0.84804 2.66804
v -0.307 0.84804 2.64396
v -0.305 0.84804 2.64196
v -0.305 0.82396 2.64196
v -0.307 0.82396 2.64396
v -0.307 0.82396 2.66804
v -0.305 0.82396 2.67004
v -0.305 0.84804 2.67004
v -0.307 0.84804 2.66804
v -0.297 0.82396 2.64396
v -0.299 0.82396 2.64196
v -0.299 0.84804 2.64196
v -0.297 0.84804 2.64396
v -0.297 0.84804 2.66804
v -0.299 0.84804 2.67004
v -0.299 0.82396 2.67004
v -0.297 0.82396 2.66804
v -0.305 0.82196 2.64396
v -0.305 0.82396 2.64196
v -0.299 0.82396 2.64196
v -0.299 0.82196 2.64396
v -0.299 0.82196 2.66804
v -0.299 0.82396 2.67004
v -0.305 0.82396 2.67004
v -0.305 0.82196 2.66804
v -0.299 0.85004 2.64396
v -0.299 0.84804 2.64196
v -0.305 0.84804 2.64196
v -0.305 0.85004 2.64396
v -0.305 0.85004 2.66804
v -0.305 0.84804 2.67004
v -0.299 0.84804 2.67004
v -0.299 0.85004 2.66804
v -0.305 0.82396 2.64196
v -0.305 0.82196 2.64396
v -0.307 0.82396 2.64396
v -0.307 0.82396 2.66804
v -0.305 0.82196 2.66804
v -0.305 0.82396 2.67004
v -0.307 0.84804 2.64396
v -0.305 0.85004 2.64396
v -0.305 0.84804 2.64196
v -0.305 0.84804 2.67004
v -0.305 0.85004 2.66804
v -0.307 0.84804 2.66804
v -0.297 0.82396 2.64396
v -0.299 0.82196 2.64396
v -0.299 0.82396 2.64196
v -0.299 0.82396 2.67004
v -0.299 0.82196 2.66804
v -0.297 0.82396 2.66804
v -0.299 0.84804 2.64196
v -0.299 0.85004 2.64396
v -0.297 0.84804 2.64396
v -0.297 0.84804 2.66804
v -0.299 0.85004 2.66804
v -0.299 0.84804 2.67004
v -0.307 0.75196 2.63204
v -0.307 0.77604 2.63204
v -0.307 0.77604 2.60796
v -0.307 0.75196 2.60796
v -0.297 0.75196 2.60796
v -0.297 0.77604 2.60796
v -0.297 0.77604 2.63204
v -0.297 0.75196 2.63204
v -0.305 0.74996 2.60796
v -0.299 0.74996 2.60796
v -0.299 0.74996 2.63204
v -0.305 0.74996 2.63204
v -0.305 0.77804 2.63204
v -0.299 0.77804 2.63204
v -0.299 0.77804 2.60796
v -0.305 0.77804 2.60796
v -0.305 0.77604 2.60596
v -0.299 0.77604 2.60596
v -0.299 0.75196 2.60596
v -0.305 0.75196 2.60596
v -0.305 0.75196 2.63404
v -0.299 0.75196 2.63404
v -0.299 0.77604 2.63404
v -0.305 0.77604 2.63404
v -0.307 0.75196 2.60796
v -0.305 0.74996 2.60796
v -0.305 0.74996 2.63204
v -0.307 0.75196 2.63204
v -0.307 0.77604 2.63204
v -0.305 0.77804 2.63204
v -0.305 0.77804 2.60796
v -0.307 0.77604 2.60796
v -0.297 0.75196 2.63204
v -0.299 0.74996 2.63204
v -0.299 0.74996 2.60796
v -0.297 0.75196 2.60796
v -0.297 0.77604 2.60796
v -0.299 0.77804 2.60796
v -0.299 0.77804 2.63204
v -0.297 0.77604 2.63204
v -0.307 0.77604 2.60796
v -0.305 0.77604 2.60596
v -0.305 0.75196 2.60596
v -0.307 0.75196 2.60796
v -0.307 0.75196 2.63204
v -0.305 0.75196 2.63404
v -0.305 0.77604 2.63404
v -0.307 0.77604 2.63204
v -0.297 0.75196 2.60796
v -0.299 0.75196 2.60596
v -0.299 0.77604 2.60596
v -0.297 0.77604 2.60796
v -0.297 0.77604 2.63204
v -0.299 0.77604 2.63404
v -0.299 0.75196 2.63404
v -0.297 0.75196 2.63204
v -0.305 0.74996 2.60796
v -0.305 0.75196 2.60596
v -0.299 0.75196 2.60596
v -0.299 0.74996 2.60796
v -0.299 0.74996 2.63204
v -0.299 0.75196 2.63404
v -0.305 0.75196 2.63404
v -0.305 0.74996 2.63204
v -0.299 0.77804 2.60796
v -0.299 0.77604 2.60596
v -0.305 0.77604 2.60596
v -0.305 0.77804 2.60796
v -0.305 0.77804 2.63204
v -0.305 0.77604 2.63404
v -0.299 0.77604 2.63404
v -0.299 0.77804 2.63204
v -0.305 0.75196 2.60596
v -0.305 0.74996 2.60796
v -0.307 0.75196 2.60796
v -0.307 0.75196 2.63204
v -0.305 0.74996 2.63204
v -0.305 0.75196 2.63404
v -0.307 0.77604 2.60796
v -0.305 0.77804 2.60796
v -0.305 0.77604 2.60596
v -0.305 0.77604 2.63404
v -0.305 0.77804 2.63204
v -0.307 0.77604 2.63204
v -0.297 0.75196 2.60796
v -0.299 0.74996 2.60796
v -0.299 0.75196 2.60596
v -0.299 0.75196 2.63404
v -0.299 0.74996 2.63204
v -0.297 0.75196 2.63204
v -0.299 0.77604 2.60596
v -0.299 0.77804 2.60796
v -0.297 0.77604 2.60796
v -0.297 0.77604 2.63204
v -0.299 0.77804 2.63204
v -0.299 0.77604 2.63404
v -0.307 0.78796 2.63204
v -0.307 0.81204 2.63204
v -0.307 0.81204 2.60796
v -0.307 0.78796 2.60796
v -0.297 0.78796 2.60796
v -0.297 0.81204 2.60796
v -0.297 0.81204 2.63204
v -0.297 0.78796 2.63204
v -0.305 0.78596 2.60796
v -0.299 0.78596 2.60796
v -0.299 0.78596 2.63204
v -0.305 0.78596 2.63204
v -0.305 0.81404 2.63204
v -0.299 0.81404 2.63204
v -0.299 0.81404 2.60796
v -0.305 0.81404 2.60796
v -0.305 0.81204 2.60596
v -0.299 0.81204 2.60596
v -0.299 0.78796 2.60596
v -0.305 0.78796 2.60596
v -0.305 0.78796 2.63404
v -0.299 0.78796 2.63404
v -0.299 0.81204 2.63404
v -0.305 0.81204 2.63404
v -0.307 0.78796 2.60796
v -0.305 0.78596 2.60796
v -0.305 0.78596 2.63204
v -0.307 0.78796 2.63204
v -0.307 0.81204 2.63204
v -0.305 0.81404 2.63204
v -0.305 0.81404 2.60796
v -0.307 0.81204 2.60796
v -0.297 0.78796 2.63204
v -0.299 0.78596 2.63204
v -0.299 0.78596 2.60796
v -0.297 0.78796 2.60796
v -0.297 0.81204 2.60796
v -0.299 0.81404 2.60796
v -0.299 0.81404 2.63204
v -0.297 0.81204 2.63204
v -0.307 0.81204 2.60796
v -0.305 0.81204 2.60596
v -0.305 0.78796 2.60596
v -0.307 0.78796 2.60796
v -0.307 0.78796 2.63204
v -0.305 0.78796 2.63404
v -0.305 0.81204 2.63404
v -0.307 0.81204 2.63204
v -0.297 0.78796 2.60796
v -0.299 0.78796 2.60596
v -0.299 0.81204 2.60596
v -0.297 0.81204 2.60796
v -0.297 0.81204 2.63204
v -0.299 0.81204 2.63404
v -0.299 0.78796 2.63404
v -0.297 0.78796 2.63204
v -0.305 0.78596 2.60796
v -0.305 0.78796 2.60596
v -0.299 0.78796 2.60596
v -0.299 0.78596 2.60796
v -0.299 0.78596 2.63204
v -0.299 0.78796 2.63404
v -0.305 0.78796 2.63404
v -0.305 0.78596 2.63204
v -0.299 0.81404 2.60796
v -0.299 0.81204 2.60596
v -0.305 0.81204 2.60596
v -0.305 0.81404 2.60796
v -0.305 0.81404 2.63204
v -0.305 0.81204 2.63404
v -0.299 0.81204 2.63404
v -0.299 0.81404 2.63204
v -0.305 0.78796 2.60596
v -0.305 0.78596 2.60796
v -0.307 0.78796 2.60796
v -0.307 0.78796 2.63204
v -0.305 0.78596 2.63204
v -0.305 0.78796 2.63404
v -0.307 0.81204 2.60796
v -0.305 0.81404 2.60796
v -0.305 0.81204 2.60596
v -0.305 0.81204 2.63404
v -0.305 0.81404 2.63204
v -0.307 0.81204 2.63204
v -0.297 0.78796 2.60796
v -0.299 0.78596 2.60796
v -0.299 0.78796 2.60596
v -0.299 0.78796 2.63404
v -0.299 0.78596 2.63204
v -0.297 0.78796 2.63204
v -0.299 0.81204 2.60596
v -0.299 0.81404 2.60796
v -0.297 0.81204 2.60796
v -0.297 0.81204 2.63204
v -0.299 0.81404 2.63204
v -0.299 0.81204 2.63404
v -0.307 0.82396 2.63204
v -0.307 0.84804 2.63204
v -0.307 0.84804 2.60796
v -0.307 0.82396 2.60796
v -0.297 0.82396 2.60796
v -0.297 0.84804 2.60796
v -0.297 0.84804 2.63204
v -0.297 0.82396 2.63204
v -0.305 0.82196 2.60796
v -0.299 0.82196 2.60796
v -0.299 0.82196 2.63204
v -0.305 0.82196 2.63204
v -0.305 0.85004 2.63204
v -0.299 0.85004 2.63204
v -0.299 0.85004 2.60796
v -0.305 0.85004 2.60796
v -0.305 0.84804 2.60596
v -0.299 0.84804 2.60596
v -0.299 0.82396 2.60596
v -0.305 0.82396 2.60596
v -0.305 0.82396 2.63404
v -0.299 0.82396 2.63404
v -0.299 0.84804 2.63404
v -0.305 0.84804 2.63404
v -0.307 0.82396 2.60796
v -0.305 0.82196 2.60796
v -0.305 0.82196 2.63204
v -0.307 0.82396 2.63204
v -0.307 0.84804 2.63204
v -0.305 0.85004 2.63204
v -0.305 0.85004 2.60796
v -0.307 0.84804 2.60796
v -0.297 0.82396 2.63204
v -0.299 0.82196 2.63204
v -0.299 0.82196 2.60796
v -0.297 0.82396 2.60796
v -0.297 0.84804 2.60796
v -0.299 0.85004 2.60796
v -0.299 0.85004 2.63204
v -0.297 0.84804 2.63204
v -0.307 0.84804 2.60796
v -0.305 0.84804 2.60596
v -0.305 0.82396 2.60596
v -0.307 0.82396 2.60796
v -0.307 0.82396 2.63204
v -0.305 0.82396 2.63404
v -0.305 0.84804 2.63404
v -0.307 0.84804 2.63204
v -0.297 0.82396 2.60796
v -0.299 0.82396 2.60596
v -0.299 0.84804 2.60596
v -0.297 0.84804 2.60796
v -0.297 0.84804 2.63204
v -0.299 0.84804 2.63404
v -0.299 0.82396 2.63404
v -0.297 0.82396 2.63204
v -0.305 0.82196 2.60796
v -0.305 0.82396 2.60596
v -0.299 0.82396 2.60596
v -0.299 0.82196 2.60796
v -0.299 0.82196 2.63204
v -0.299 0.82396 2.63404
v -0.305 0.82396 2.63404
v -0.305 0.82196 2.63204
v -0.299 0.85004 2.60796
v -0.299 0.84804 2.60596
v -0.305 0.84804 2.60596
v -0.305 0.85004 2.60796
v -0.305 0.85004 2.63204
v -0.305 0.84804 2.63404
v -0.299 0.84804 2.63404
v -0.299 0.85004 2.63204
v -0.305 0.82396 2.60596
v -0.305 0.82196 2.60796
v -0.307 0.82396 2.60796
v -0.307 0.82396 2.63204
v -0.305 0.82196 2.63204
v -0.305 0.82396 2.63404
v -0.307 0.84804 2.60796
v -0.305 0.85004 2.60796
v -0.305 0.84804 2.60596
v -0.305 0.84804 2.63404
v -0.305 0.85004 2.63204
v -0.307 0.84804 2.63204
v -0.297 0.82396 2.60796
v -0.299 0.82196 2.60796
v -0.299 0.82396 2.60596
v -0.299 0.82396 2.63404
v -0.299 0.82196 2.63204
v -0.297 0.82396 2.63204
v -0.299 0.84804 2.60596
v -0.299 0.85004 2.60796
v -0.297 0.84804 2.60796
v -0.297 0.84804 2.63204
v -0.299 0.85004 2.63204
v -0.299 0.84804 2.63404
v -0.307 0.89596 2.74004
v -0.307 0.92004 2.74004
v -0.307 0.92004 2.71596
v -0.307 0.89596 2.71596
v -0.297 0.89596 2.71596
v -0.297 0.92004 2.71596
v -0.297 0.92004 2.74004
v -0.297 0.89596 2.74004
v -0.305 0.89396 2.71596
v -0.299 0.89396 2.71596
v -0.299 0.89396 2.74004
v -0.305 0.89396 2.74004
v -0.305 0.92204 2.74004
v -0.299 0.92204 2.74004
v -0.299 0.92204 2.71596
v -0.305 0.92204 2.71596
v -0.305 0.92004 2.71396
v -0.299 0.92004 2.71396
v -0.299 0.89596 2.71396
v -0.305 0.89596 2.71396
v -0.305 0.89596 2.74204
v -0.299 0.89596 2.74204
v -0.299 0.92004 2.74204
v -0.305 0.92004 2.74204
v -0.307 0.89596 2.71596
v -0.305 0.89396 2.71596
v -0.305 0.89396 2.74004
v -0.307 0.89596 2.74004
v -0.307 0.92004 2.74004
v -0.305 0.92204 2.74004
v -0.305 0.92204 2.71596
v -0.307 0.92004 2.71596
v -0.297 0.89596 2.74004
v -0.299 0.89396 2.74004
v -0.299 0.89396 2.71596
v -0.297 0.89596 2.71596
v -0.297 0.92004 2.71596
v -0.299 0.92204 2.71596
v -0.299 0.92204 2.74004
v -0.297 0.92004 2.74004
v -0.307 0.92004 2.71596
v -0.305 0.92004 2.71396
v -0.305 0.89596 2.71396
v -0.307 0.89596 2.71596
v -0.307 0.89596 2.74004
v -0.305 0.89596 2.74204
v -0.305 0.92004 2.74204
v -0.307 0.92004 2.74004
v -0.297 0.89596 2.71596
v -0.299 0.89596 2.71396
v -0.299 0.92004 2.71396
v -0.297 0.92004 2.71596
v -0.297 0.92004 2.74004
v -0.299 0.92004 2.74204
v -0.299 0.89596 2.74204
v -0.297 0.89596 2.74004
v -0.305 0.89396 2.71596
v -0.305 0.89596 2.71396
v -0.299 0.89596 2.71396
v -0.299 0.89396 2.71596
v -0.299 0.89396 2.74004
v -0.299 0.89596 2.74204
v -0.305 0.89596 2.74204
v -0.305 0.89396 2.74004
v -0.299 0.92204 2.71596
v -0.299 0.92004 2.71396
v -0.305 0.92004 2.71396
v -0.305 0.92204 2.71596
v -0.305 0.92204 2.74004
v -0.305 0.92004 2.74204
v -0.299 0.92004 2.74204
v -0.299 0.92204 2.74004
v -0.305 0.89596 2.71396
v -0.305 0.89396 2.71596
v -0.307 0.89596 2.71596
v -0.307 0.89596 2.74004
v -0.305 0.89396 2.74004
v -0.305 0.89596 2.74204
v -0.307 0.92004 2.71596
v -0.305 0.92204 2.71596
v -0.305 0.92004 2.71396
v -0.305 0.92004 2.74204
v -0.305 0.92204 2.74004
v -0.307 0.92004 2.74004
v -0.297 0.89596 2.71596
v -0.299 0.89396 2.71596
v -0.299 0.89596 2.71396
v -0.299 0.89596 2.74204
v -0.299 0.89396 2.74004
v -0.297 0.89596 2.74004
v -0.299 0.92004 2.71396
v -0.299 0.92204 2.71596
v -0.297 0.92004 2.71596
v -0.297 0.92004 2.74004
v -0.299 0.92204 2.74004
v -0.299 0.92004 2.74204
v -0.307 0.93196 2.74004
v -0.307 0.95604 2.74004
v -0.307 0.95604 2.71596
v -0.307 0.93196 2.71596
v -0.297 0.93196 2.71596
v -0.297 0.95604 2.71596
v -0.297 0.95604 2.74004
v -0.297 0.93196 2.74004
v -0.305 0.92996 2.71596
v -0.299 0.92996 2.71596
v -0.299 0.92996 2.74004
v -0.305 0.92996 2.74004
v -0.305 0.95804 2.74004
v -0.299 0.95804 2.74004
v -0.299 0.95804 2.71596
v -0.305 0.95804 2.71596
v -0.305 0.95604 2.71396
v -0.299 0.95604 2.71396
v -0.299 0.93196 2.71396
v -0.305 0.93196 2.71396
v -0.305 0.93196 2.74204
v -0.299 0.93196 2.74204
v -0.299 0.95604 2.74204
v -0.305 0.95604 2.74204
v -0.307 0.93196 2.71596
v -0.305 0.92996 2.71596
v -0.305 0.92996 2.74004
v -0.307 0.93196 2.74004
v -0.307 0.95604 2.74004
v -0.305 0.95804 2.74004
v -0.305 0.95804 2.71596
v -0.307 0.95604 2.71596
v -0.297 0.93196 2.74004
v -0.299 0.92996 2.74004
v -0.299 0.92996 2.71596
v -0.297 0.93196 2.71596
v -0.297 0.95604 2.71596
v -0.299 0.95804 2.71596
v -0.299 0.95804 2.74004
v -0.297 0.95604 2.74004
v -0.307 0.95604 2.71596
v -0.305 0.95604 2.71396
v -0.305 0.93196 2.71396
v -0.307 0.93196 2.71596
v -0.307 0.93196 2.74004
v -0.305 0.93196 2.74204
v -0.305 0.95604 2.74204
v -0.307 0.95604 2.74004
v -0.297 0.93196 2.71596
v -0.299 0.93196 2.71396
v -0.299 0.95604 2.71396
v -0.297 0.95604 2.71596
v -0.297 0.95604 2.74004
v -0.299 0.95604 2.74204
v -0.299 0.93196 2.74204
v -0.297 0.93196 2.74004
v -0.305 0.92996 2.71596
v -0.305 0.93196 2.71396
v -0.299 0.93196 2.71396
v -0.299 0.92996 2.71596
v -0.299 0.92996 2.74004
v -0.299 0.93196 2.74204
v -0.305 0.93196 2.74204
v -0.305 0.92996 2.74004
v -0.299 0.95804 2.71596
v -0.299 0.95604 2.71396
v -0.305 0.95604 2.71396
v -0.305 0.95804 2.71596
v -0.305 0.95804 2.74004
v -0.305 0.95604 2.74204
v -0.299 0.95604 2.74204
v -0.299 0.95804 2.74004
v -0.305 0.93196 2.71396
v -0.305 0.92996 2.71596
v -0.307 0.93196 2.71596
v -0.307 0.93196 2.74004
v -0.305 0.92996 2.74004
v -0.305 0.93196 2.74204
v -0.307 0.95604 2.71596
v -0.305 0.95804 2.71596
v -0.305 0.95604 2.71396
v -0.305 0.95604 2.74204
v -0.305 0.95804 2.74004
v -0.307 0.95604 2.74004
v -0.297 0.93196 2.71596
v -0.299 0.92996 2.71596
v -0.299 0.93196 2.71396
v -0.299 0.93196 2.74204
v -0.299 0.92996 2.74004
v -0.297 0.93196 2.74004
v -0.299 0.95604 2.71396
v -0.299 0.95804 2.71596
v -0.297 0.95604 2.71596
v -0.297 0.95604 2.74004
v -0.299 0.95804 2.74004
v -0.299 0.95604 2.74204
v -0.307 0.96796 2.74004
v -0.307 0.99204 2.74004
v -0.307 0.99204 2.71596
v -0.307 0.96796 2.71596
v -0.297 0.96796 2.71596
v -0.297 0.99204 2.71596
v -0.297 0.99204 2.74004
v -0.297 0.96796 2.74004
v -0.305 0.96596 2.71596
v -0.299 0.96596 2.71596
v -0.299 0.96596 2.74004
v -0.305 0.96596 2.74004
v -0.305 0.99404 2.74004
v -0.299 0.99404 2.74004
v -0.299 0.99404 2.71596
v -0.305 0.99404 2.71596
v -0.305 0.99204 2.71396
v -0.299 0.99204 2.71396
v -0.299 0.96796 2.71396
v -0.305 0.96796 2.71396
v -0.305 0.96796 2.74204
v -0.299 0.96796 2.74204
v -0.299 0.99204 2.74204
v -0.305 0.99204 2.74204
v -0.307 0.96796 2.71596
v -0.305 0.96596 2.71596
v -0.305 0.96596 2.74004
v -0.307 0.96796 2.74004
v -0.307 0.99204 2.74004
v -0.305 0.99404 2.74004
v -0.305 0.99404 2.71596
v -0.307 0.99204 2.71596
v -0.297 0.96796 2.74004
v -0.299 0.96596 2.74004
v -0.299 0.96596 2.71596
v -0.297 0.96796 2.71596
v -0.297 0.99204 2.71596
v -0.299 0.99404 2.71596
v -0.299 0.99404 2.74004
v -0.297 0.99204 2.74004
v -0.307 0.99204 2.71596
v -0.305 0.99204 2.71396
v -0.305 0.96796 2.71396
v -0.307 0.96796 2.71596
v -0.307 0.96796 2.74004
v -0.305 0.96796 2.74204
v -0.305 0.99204 2.74204
v -0.307 0.99204 2.74004
v -0.297 0.96796 2.71596
v -0.299 0.96796 2.71396
v -0.299 0.99204 2.71396
v -0.297 0.99204 2.71596
v -0.297 0.99204 2.74004
v -0.299 0.99204 2.74204
v -0.299 0.96796 2.74204
v -0.297 0.96796 2.74004
v -0.305 0.96596 2.71596
v -0.305 0.96796 2.71396
v -0.299 0.96796 2.71396
v -0.299 0.96596 2.71596
v -0.299 0.96596 2.74004
v -0.299 0.96796 2.74204
v -0.305 0.96796 2.74204
v -0.305 0.96596 2.74004
v -0.299 0.99404 2.71596
v -0.299 0.99204 2.71396
v -0.305 0.99204 2.71396
v -0.305 0.99404 2.71596
v -0.305 0.99404 2.74004
v -0.305 0.99204 2.74204
v -0.299 0.99204 2.74204
v -0.299 0.99404 2.74004
v -0.305 0.96796 2.71396
v -0.305 0.96596 2.71596
v -0.307 0.96796 2.71596
v -0.307 0.96796 2.74004
v -0.305 0.96596 2.74004
v -0.305 0.96796 2.74204
v -0.307 0.99204 2.71596
v -0.305 0.99404 2.71596
v -0.305 0.99204 2.71396
v -0.305 0.99204 2.74204
v -0.305 0.99404 2.74004
v -0.307 0.99204 2.74004
v -0.297 0.96796 2.71596
v -0.299 0.96596 2.71596
v -0.299 0.96796 2.71396
v -0.299 0.96796 2.74204
v -0.299 0.96596 2.74004
v -0.297 0.96796 2.74004
v -0.299 0.99204 2.71396
v -0.299 0.99404 2.71596
v -0.297 0.99204 2.71596
v -0.297 0.99204 2.74004
v -0.299 0.99404 2.74004
v -0.299 0.99204 2.74204
v -0.307 0.93196 2.70404
v -0.307 0.95604 2.70404
v -0.307 0.95604 2.67996
v -0.307 0.93196 2.67996
v -0.297 0.93196 2.67996
v -0.297 0.95604 2.67996
v -0.297 0.95604 2.70404
v -0.297 0.93196 2.70404
v -0.305 0.92996 2.67996
v -0.299 0.92996 2.67996
v -0.299 0.92996 2.70404
v -0.305 0.92996 2.70404
v -0.305 0.95804 2.70404
v -0.299 0.95804 2.70404
v -0.299 0.95804 2.67996
v -0.305 0.95804 2.67996
v -0.305 0.95604 2.67796
v -0.299 0.95604 2.67796
v -0.299 0.93196 2.67796
v -0.305 0.93196 2.67796
v -0.305 0.93196 2.70604
v -0.299 0.93196 2.70604
v -0.299 0.95604 2.70604
v -0.305 0.95604 2.70604
v -0.307 0.93196 2.67996
v -0.305 0.92996 2.67996
v -0.305 0.92996 2.70404
v -0.307 0.93196 2.70404
v -0.307 0.95604 2.70404
v -0.305 0.95804 2.70404
v -0.305 0.95804 2.67996
v -0.307 0.95604 2.67996
v -0.297 0.93196 2.70404
v -0.299 0.92996 2.70404
v -0.299 0.92996 2.67996
v -0.297 0.93196 2.67996
v -0.297 0.95604 2.67996
v -0.299 0.95804 2.67996
v -0.299 0.95804 2.70404
v -0.297 0.95604 2.70404
v -0.307 0.95604 2.67996
v -0.305 0.95604 2.67796
v -0.305 0.93196 2.67796
v -0.307 0.93196 2.67996
v -0.307 0.93196 2.70404
v -0.305 0.93196 2.70604
v -0.305 0.95604 2.70604
v -0.307 0.95604 2.70404
v -0.297 0.93196 2.67996
v -0.299 0.93196 2.67796
v -0.299 0.95604 2.67796
v -0.297 0.95604 2.67996
v -0.297 0.95604 2.70404
v -0.299 0.95604 2.70604
v -0.299 0.93196 2.70604
v -0.297 0.93196 2.70404
v -0.305 0.92996 2.67996
v -0.305 0.93196 2.67796
v -0.299 0.93196 2.67796
v -0.299 0.92996 2.67996
v -0.299 0.92996 2.70404
v -0.299 0.93196 2.70604
v -0.305 0.93196 2.70604
v -0.305 0.92996 2.70404
v -0.299 0.95804 2.67996
v -0.299 0.95604 2.67796
v -0.305 0.95604 2.67796
v -0.305 0.95804 2.67996
v -0.305 0.95804 2.70404
v -0.305 0.95604 2.70604
v -0.299 0.95604 2.70604
v -0.299 0.95804 2.70404
v -0.305 0.93196 2.67796
v -0.305 0.92996 2.67996
v -0.307 0.93196 2.67996
v -0.307 0.93196 2.70404
v -0.305 0.92996 2.70404
v -0.305 0.93196 2.70604
v -0.307 0.95604 2.67996
v -0.305 0.95804 2.67996
v -0.305 0.95604 2.67796
v -0.305 0.95604 2.70604
v -0.305 0.95804 2.70404
v -0.307 0.95604 2.70404
v -0.297 0.93196 2.67996
v -0.299 0.92996 2.67996
v -0.299 0.93196 2.67796
v -0.299 0.93196 2.70604
v -0.299 0.92996 2.70404
v -0.297 0.93196 2.70404
v -0.299 0.95604 2.67796
v -0.299 0.95804 2.67996
v -0.297 0.95604 2.67996
v -0.297 0.95604 2.70404
v -0.299 0.95804 2.70404
v -0.299 0.95604 2.70604
v -0.307 0.93196 2.66804
v -0.307 0.95604 2.66804
v -0.307 0.95604 2.64396
v -0.307 0.93196 2.64396
v -0.297 0.93196 2.64396
v -0.297 0.95604 2.64396
v -0.297 0.95604 2.66804
v -0.297 0.93196 2.66804
v -0.305 0.92996 2.64396
v -0.299 0.92996 2.64396
v -0.299 0.92996 2.66804
v -0.305 0.92996 2.66804
v -0.305 0.95804 2.66804
v -0.299 0.95804 2.66804
v -0.299 0.95804 2.64396
v -0.305 0.95804 2.64396
v -0.305 0.95604 2.64196
v -0.299 0.95604 2.64196
v -0.299 0.93196 2.64196
v -0.305 0.93196 2.64196
v -0.305 0.93196 2.67004
v -0.299 0.93196 2.67004
v -0.299 0.95604 2.67004
v -0.305 0.95604 2.67004
v -0.307 0.93196 2.64396
v -0.305 0.92996 2.64396
v -0.305 0.92996 2.66804
v -0.307 0.93196 2.66804
v -0.307 0.95604 2.66804
v -0.305 0.95804 2.66804
v -0.305 0.95804 2.64396
v -0.307 0.95604 2.64396
v -0.297 0.93196 2.66804
v -0.299 0.92996 2.66804
v -0.299 0.92996 2.64396
v -0.297 0.93196 2.64396
v -0.297 0.95604 2.64396
v -0.299 0.95804 2.64396
v -0.299 0.95804 2.66804
v -0.297 0.95604 2.66804
v -0.307 0.95604 2.64396
v -0.305 0.95604 2.64196
v -0.305 0.93196 2.64196
v -0.307 0.93196 2.64396
v -0.307 0.93196 2.66804
v -0.305 0.93196 2.67004
v -0.305 0.95604 2.67004
v -0.307 0.95604 2.66804
v -0.297 0.93196 2.64396
v -0.299 0.93196 2.64196
v -0.299 0.95604 2.64196
v -0.297 0.95604 2.64396
v -0.297 0.95604 2.66804
v -0.299 0.95604 2.67004
v -0.299 0.93196 2.67004
v -0.297 0.93196 2.66804
v -0.305 0.92996 2.64396
v -0.305 0.93196 2.64196
v -0.299 0.93196 2.64196
v -0.299 0.92996 2.64396
v -0.299 0.92996 2.66804
v -0.299 0.93196 2.67004
v -0.305 0.93196 2.67004
v -0.305 0.92996 2.66804
v -0.299 0.95804 2.64396
v -0.299 0.95604 2.64196
v -0.305 0.95604 2.64196
v -0.305 0.95804 2.64396
v -0.305 0.95804 2.66804
v -0.305 0.95604 2.67004
v -0.299 0.95604 2.67004
v -0.299 0.95804 2.66804
v -0.305 0.93196 2.64196
v -0.305 0.92996 2.64396
v -0.307 0.93196 2.64396
v -0.307 0.93196 2.66804
v -0.305 0.92996 2.66804
v -0.305 0.93196 2.67004
v -0.307 0.95604 2.64396
v -0.305 0.95804 2.64396
v -0.305 0.95604 2.64196
v -0.305 0.95604 2.67004
v -0.305 0.95804 2.66804
v -0.307 0.95604 2.66804
v -0.297 0.93196 2.64396
v -0.299 0.92996 2.64396
v -0.299 0.93196 2.64196
v -0.299 0.93196 2.67004
v -0.299 0.92996 2.66804
v -0.297 0.93196 2.66804
v -0.299 0.95604 2.64196
v -0.299 0.95804 2.64396
v -0.297 0.95604 2.64396
v -0.297 0.95604 2.66804
v -0.299 0.95804 2.66804
v -0.299 0.95604 2.67004
v -0.307 0.93196 2.63204
v -0.307 0.95604 2.63204
v -0.307 0.95604 2.60796
v -0.307 0.93196 2.60796
v -0.297 0.93196 2.60796
v -0.297 0.95604 2.60796
v -0.297 0.95604 2.63204
v -0.297 0.93196 2.63204
v -0.305 0.92996 2.60796
v -0.299 0.92996 2.60796
v -0.299 0.92996 2.63204
v -0.305 0.92996 2.63204
v -0.305 0.95804 2.63204
v -0.299 0.95804 2.63204
v -0.299 0.95804 2.60796
v -0.305 0.95804 2.60796
v -0.305 0.95604 2.60596
v -0.299 0.95604 2.60596
v -0.299 0.93196 2.60596
v -0.305 0.93196 2.60596
v -0.305 0.93196 2.63404
v -0.299 0.93196 2.63404
v -0.299 0.95604 2.63404
v -0.305 0.95604 2.63404
v -0.307 0.93196 2.60796
v -0.305 0.92996 2.60796
v -0.305 0.92996 2.63204
v -0.307 0.93196 2.63204
v -0.307 0.95604 2.63204
v -0.305 0.95804 2.63204
v -0.305 0.95804 2.60796
v -0.307 0.95604 2.60796
v -0.297 0.93196 2.63204
v -0.299 0.92996 2.63204
v -0.299 0.92996 2.60796
v -0.297 0.93196 2.60796
v -0.297 0.95604 2.60796
v -0.299 0.95804 2.60796
v -0.299 0.95804 2.63204
v -0.297 0.95604 2.63204
v -0.307 0.95604 2.60796
v -0.305 0.95604 2.60596
v -0.305 0.93196 2.60596
v -0.307 0.93196 2.60796
v -0.307 0.93196 2.63204
v -0.305 0.93196 2.63404
v -0.305 0.95604 2.63404
v -0.307 0.95604 2.63204
v -0.297 0.93196 2.60796
v -0.299 0.93196 2.60596
v -0.299 0.95604 2.60596
v -0.297 0.95604 2.60796
v -0.297 0.95604 2.63204
v -0.299 0.95604 2.63404
v -0.299 0.93196 2.63404
v -0.297 0.93196 2.63204
v -0.305 0.92996 2.60796
v -0.305 0.93196 2.60596
v -0.299 0.93196 2.60596
v -0.299 0.92996 2.60796
v -0.299 0.92996 2.63204
v -0.299 0.93196 2.63404
v -0.305 0.93196 2.63404
v -0.305 0.92996 2.63204
v -0.299 0.95804 2.60796
v -0.299 0.95604 2.60596
v -0.305 0.95604 2.60596
v -0.305 0.95804 2.60796
v -0.305 0.95804 2.63204
v -0.305 0.95604 2.63404
v -0.299 0.95604 2.63404
v -0.299 0.95804 2.63204
v -0.305 0.93196 2.60596
v -0.305 0.92996 2.60796
v -0.307 0.93196 2.60796
v -0.307 0.93196 2.63204
v -0.305 0.92996 2.63204
v -0.305 0.93196 2.63404
v -0.307 0.95604 2.60796
v -0.305 0.95804 2.60796
v -0.305 0.95604 2.60596
v -0.305 0.95604 2.63404
v -0.305 0.95804 2.63204
v -0.307 0.95604 2.63204
v -0.297 0.93196 2.60796
v -0.299 0.92996 2.60796
v -0.299 0.93196 2.60596
v -0.299 0.93196 2.63404
v -0.299 0.92996 2.63204
v -0.297 0.93196 2.63204
v -0.299 0.95604 2.60596
v -0.299 0.95804 2.60796
v -0.297 0.95604 2.60796
v -0.297 0.95604 2.63204
v -0.299 0.95804 2.63204
v -0.299 0.95604 2.63404
v -0.307 1.11196 2.74004
v -0.307 1.13604 2.74004
v -0.307 1.13604 2.71596
v -0.307 1.11196 2.71596
v -0.297 1.11196 2.71596
v -0.297 1.13604 2.71596
v -0.297 1.13604 2.74004
v -0.297 1.11196 2.74004
v -0.305 1.10996 2.71596
v -0.299 1.10996 2.71596
v -0.299 1.10996 2.74004
v -0.305 1.10996 2.74004
v -0.305 1.13804 2.74004
v -0.299 1.13804 2.74004
v -0.299 1.13804 2.71596
v -0.305 1.13804 2.71596
v -0.305 1.13604 2.71396
v -0.299 1.13604 2.71396
v -0.299 1.11196 2.71396
v -0.305 1.11196 2.71396
v -0.305 1.11196 2.74204
v -0.299 1.11196 2.74204
v -0.299 1.13604 2.74204
v -0.305 1.13604 2.74204
v -0.307 1.11196 2.71596
v -0.305 1.10996 2.71596
v -0.305 1.10996 2.74004
v -0.307 1.11196 2.74004
v -0.307 1.13604 2.74004
v -0.305 1.13804 2.74004
v -0.305 1.13804 2.71596
v -0.307 1.13604 2.71596
v -0.297 1.11196 2.74004
v -0.299 1.10996 2.74004
v -0.299 1.10996 2.71596
v -0.297 1.11196 2.71596
v -0.297 1.13604 2.71596
v -0.299 1.13804 2.71596
v -0.299 1.13804 2.74004
v -0.297 1.13604 2.74004
v -0.307 1.13604 2.71596
v -0.305 1.13604 2.71396
v -0.305 1.11196 2.71396
v -0.307 1.11196 2.71596
v -0.307 1.11196 2.74004
v -0.305 1.11196 2.74204
v -0.305 1.13604 2.74204
v -0.307 1.13604 2.74004
v -0.297 1.11196 2.71596
v -0.299 1.11196 2.71396
v -0.299 1.13604 2.71396
v -0.297 1.13604 2.71596
v -0.297 1.13604 2.74004
v -0.299 1.13604 2.74204
v -0.299 1.11196 2.74204
v -0.297 1.11196 2.74004
v -0.305 1.10996 2.71596
v -0.305 1.11196 2.71396
v -0.299 1.11196 2.71396
v -0.299 1.10996 2.71596
v -0.299 1.10996 2.74004
v -0.299 1.11196 2.74204
v -0.305 1.11196 2.74204
v -0.305 1.10996 2.74004
v -0.299 1.13804 2.71596
v -0.299 1.13604 2.71396
v -0.305 1.13604 2.71396
v -0.305 1.13804 2.71596
v -0.305 1.13804 2.74004
v -0.305 1.13604 2.74204
v -0.299 1.13604 2.74204
v -0.299 1.13804 2.74004
v -0.305 1.11196 2.71396
v -0.305 1.10996 2.71596
v -0.307 1.11196 2.71596
v -0.307 1.11196 2.74004
v -0.305 1.10996 2.74004
v -0.305 1.11196 2.74204
v -0.307 1.13604 2.71596
v -0.305 1.13804 2.71596
v -0.305 1.13604 2.71396
v -0.305 1.13604 2.74204
v -0.305 1.13804 2.74004
v -0.307 1.13604 2.74004
v -0.297 1.11196 2.71596
v -0.299 1.10996 2.71596
v -0.299 1.11196 2.71396
v -0.299 1.11196 2.74204
v -0.299 1.10996 2.74004
v -0.297 1.11196 2.74004
v -0.299 1.13604 2.71396
v -0.299 1.13804 2.71596
v -0.297 1.13604 2.71596
v -0.297 1.13604 2.74004
v -0.299 1.13804 2.74004
v -0.299 1.13604 2.74204
v -0.307 1.18396 2.74004
v -0.307 1.20804 2.74004
v -0.307 1.20804 2.71596
v -0.307 1.18396 2.71596
v -0.297 1.18396 2.71596
v -0.297 1.20804 2.71596
v -0.297 1.20804 2.74004
v -0.297 1.18396 2.74004
v -0.305 1.18196 2.71596
v -0.299 1.18196 2.71596
v -0.299 1.18196 2.74004
v -0.305 1.18196 2.74004
v -0.305 1.21004 2.74004
v -0.299 1.21004 2.74004
v -0.299 1.21004 2.71596
v -0.305 1.21004 2.71596
v -0.305 1.20804 2.71396
v -0.299 1.20804 2.71396
v -0.299 1.18396 2.71396
v -0.305 1.18396 2.71396
v -0.305 1.18396 2.74204
v -0.299 1.18396 2.74204
v -0.299 1.20804 2.74204
v -0.305 1.20804 2.74204
v -0.307 1.18396 2.71596
v -0.305 1.18196 2.71596
v -0.305 1.18196 2.74004
v -0.307 1.18396 2.74004
v -0.307 1.20804 2.74004
v -0.305 1.21004 2.74004
v -0.305 1.21004 2.71596
v -0.307 1.20804 2.71596
v -0.297 1.18396 2.74004
v -0.299 1.18196 2.74004
v -0.299 1.18196 2.71596
v -0.297 1.18396 2.71596
v -0.297 1.20804 2.71596
v -0.299 1.21004 2.71596
v -0.299 1.21004 2.74004
v -0.297 1.20804 2.74004
v -0.307 1.20804 2.71596
v -0.305 1.20804 2.71396
v -0.305 1.18396 2.71396
v -0.307 1.18396 2.71596
v -0.307 1.18396 2.74004
v -0.305 1.18396 2.74204
v -0.305 1.20804 2.74204
v -0.307 1.20804 2.74004
v -0.297 1.18396 2.71596
v -0.299 1.18396 2.71396
v -0.299 1.20804 2.71396
v -0.297 1.20804 2.71596
v -0.297 1.20804 2.74004
v -0.299 1.20804 2.74204
v -0.299 1.18396 2.74204
v -0.297 1.18396 2.74004
v -0.305 1.18196 2.71596
v -0.305 1.18396 2.71396
v -0.299 1.18396 2.71396
v -0.299 1.18196 2.71596
v -0.299 1.18196 2.74004
v -0.299 1.18396 2.74204
v -0.305 1.18396 2.74204
v -0.305 1.18196 2.74004
v -0.299 1.21004 2.71596
v -0.299 1.20804 2.71396
v -0.305 1.20804 2.71396
v -0.305 1.21004 2.71596
v -0.305 1.21004 2.74004
v -0.305 1.20804 2.74204
v -0.299 1.20804 2.74204
v -0.299 1.21004 2.74004
v -0.305 1.18396 2.71396
v -0.305 1.18196 2.71596
v -0.307 1.18396 2.71596
v -0.307 1.18396 2.74004
v -0.305 1.18196 2.74004
v -0.305 1.18396 2.74204
v -0.307 1.20804 2.71596
v -0.305 1.21004 2.71596
v -0.305 1.20804 2.71396
v -0.305 1.20804 2.74204
v -0.305 1.21004 2.74004
v -0.307 1.20804 2.74004
v -0.297 1.18396 2.71596
v -0.299 1.18196 2.71596
v -0.299 1.18396 2.71396
v -0.299 1.18396 2.74204
v -0.299 1.18196 2.74004
v -0.297 1.18396 2.74004
v -0.299 1.20804 2.71396
v -0.299 1.21004 2.71596
v -0.297 1.20804 2.71596
v -0.297 1.20804 2.74004
v -0.299 1.21004 2.74004
v -0.299 1.20804 2.74204
v -0.307 1.11196 2.70404
v -0.307 1.13604 2.70404
v -0.307 1.13604 2.67996
v -0.307 1.11196 2.67996
v -0.297 1.11196 2.67996
v -0.297 1.13604 2.67996
v -0.297 1.13604 2.70404
v -0.297 1.11196 2.70404
v -0.305 1.10996 2.67996
v -0.299 1.10996 2.67996
v -0.299 1.10996 2.70404
v -0.305 1.10996 2.70404
v -0.305 1.13804 2.70404
v -0.299 1.13804 2.70404
v -0.299 1.13804 2.67996
v -0.305 1.13804 2.67996
v -0.305 1.13604 2.67796
v -0.299 1.13604 2.67796
v -0.299 1.11196 2.67796
v -0.305 1.11196 2.67796
v -0.305 1.11196 2.70604
v -0.299 1.11196 2.70604
v -0.299 1.13604 2.70604
v -0.305 1.13604 2.70604
v -0.307 1.11196 2.67996
v -0.305 1.10996 2.67996
v -0.305 1.10996 2.70404
v -0.307 1.11196 2.70404
v -0.307 1.13604 2.70404
v -0.305 1.13804 2.70404
v -0.305 1.13804 2.67996
v -0.307 1.13604 2.67996
v -0.297 1.11196 2.70404
v -0.299 1.10996 2.70404
v -0.299 1.10996 2.67996
v -0.297 1.11196 2.67996
v -0.297 1.13604 2.67996
v -0.299 1.13804 2.67996
v -0.299 1.13804 2.70404
v -0.297 1.13604 2.70404
v -0.307 1.13604 2.67996
v -0.305 1.13604 2.67796
v -0.305 1.11196 2.67796
v -0.307 1.11196 2.67996
v -0.307 1.11196 2.70404
v -0.305 1.11196 2.70604
v -0.305 1.13604 2.70604
v -0.307 1.13604 2.70404
v -0.297 1.11196 2.67996
v -0.299 1.11196 2.67796
v -0.299 1.13604 2.67796
v -0.297 1.13604 2.67996
v -0.297 1.13604 2.70404
v -0.299 1.13604 2.70604
v -0.299 1.11196 2.70604
v -0.297 1.11196 2.70404
v -0.305 1.10996 2.67996
v -0.305 1.11196 2.67796
v -0.299 1.11196 2.67796
v -0.299 1.10996 2.67996
v -0.299 1.10996 2.70404
v -0.299 1.11196 2.70604
v -0.305 1.11196 2.70604
v -0.305 1.10996 2.70404
v -0.299 1.13804 2.67996
v -0.299 1.13604 2.67796
v -0.305 1.13604 2.67796
v -0.305 1.13804 2.67996
v -0.305 1.13804 2.70404
v -0.305 1.13604 2.70604
v -0.299 1.13604 2.70604
v -0.299 1.13804 2.70404
v -0.305 1.11196 2.67796
v -0.305 1.10996 2.67996
v -0.307 1.11196 2.67996
v -0.307 1.11196 2.70404
v -0.305 1.10996 2.70404
v -0.305 1.11196 2.70604
v -0.307 1.13604 2.67996
v -0.305 1.13804 2.67996
v -0.305 1.13604 2.67796
v -0.305 1.13604 2.70604
v -0.305 1.13804 2.70404
v -0.307 1.13604 2.70404
v -0.297 1.11196 2.67996
v -0.299 1.10996 2.67996
v -0.299 1.11196 2.67796
v -0.299 1.11196 2.70604
v -0.299 1.10996 2.70404
v -0.297 1.11196 2.70404
v -0.299 1.13604 2.67796
v -0.299 1.13804 2.67996
v -0.297 1.13604 2.67996
v -0.297 1.13604 2.70404
v -0.299 1.13804 2.70404
v -0.299 1.13604 2.70604
v -0.307 1.18396 2.70404
v -0.307 1.20804 2.70404
v -0.307 1.20804 2.67996
v -0.307 1.18396 2.67996
v -0.297 1.18396 2.67996
v -0.297 1.20804 2.67996
v -0.297 1.20804 2.70404
v -0.297 1.18396 2.70404
v -0.305 1.18196 2.67996
v -0.299 1.18196 2.67996
v -0.299 1.18196 2.70404
v -0.305 1.18196 2.70404
v -0.305 1.21004 2.70404
v -0.299 1.21004 2.70404
v -0.299 1.21004 2.67996
v -0.305 1.21004 2.67996
v -0.305 1.20804 2.67796
v -0.299 1.20804 2.67796
v -0.299 1.18396 2.67796
v -0.305 1.18396 2.67796
v -0.305 1.18396 2.70604
v -0.299 1.18396 2.70604
v -0.299 1.20804 2.70604
v -0.305 1.20804 2.70604
v -0.307 1.18396 2.67996
v -0.305 1.18196 2.67996
v -0.305 1.18196 2.70404
v -0.307 1.18396 2.70404
v -0.307 1.20804 2.70404
v -0.305 1.21004 2.70404
v -0.305 1.21004 2.67996
v -0.307 1.20804 2.67996
v -0.297 1.18396 2.70404
v -0.299 1.18196 2.70404
v -0.299 1.18196 2.67996
v -0.297 1.18396 2.67996
v -0.297 1.20804 2.67996
v -0.299 1.21004 2.67996
v -0.299 1.21004 2.70404
v -0.297 1.20804 2.70404
v -0.307 1.20804 2.67996
v -0.305 1.20804 2.67796
v -0.305 1.18396 2.67796
v -0.307 1.18396 2.67996
v -0.307 1.18396 2.70404
v -0.305 1.18396 2.70604
v -0.305 1.20804 2.70604
v -0.307 1.20804 2.70404
v -0.297 1.18396 2.67996
v -0.299 1.18396 2.67796
v -0.299 1.20804 2.67796
v -0.297 1.20804 2.67996
v -0.297 1.20804 2.70404
v -0.299 1.20804 2.70604
v -0.299 1.18396 2.70604
v -0.297 1.18396 2.70404
v -0.305 1.18196 2.67996
v -0.305 1.18396 2.67796
v -0.299 1.18396 2.67796
v -0.299 1.18196 2.67996
v -0.299 1.18196 2.70404
v -0.299 1.18396 2.70604
v -0.305 1.18396 2.70604
v -0.305 1.18196 2.70404
v -0.299 1.21004 2.67996
v -0.299 1.20804 2.67796
v -0.305 1.20804 2.67796
v -0.305 1.21004 2.67996
v -0.305 1.21004 2.70404
v -0.305 1.20804 2.70604
v -0.299 1.20804 2.70604
v -0.299 1.21004 2.70404
v -0.305 1.18396 2.67796
v -0.305 1.18196 2.67996
v -0.307 1.18396 2.67996
v -0.307 1.18396 2.70404
v -0.305 1.18196 2.70404
v -0.305 1.18396 2.70604
v -0.307 1.20804 2.67996
v -0.305 1.21004 2.67996
v -0.305 1.20804 2.67796
v -0.305 1.20804 2.70604
v -0.305 1.21004 2.70404
v -0.307 1.20804 2.70404
v -0.297 1.18396 2.67996
v -0.299 1.18196 2.67996
v -0.299 1.18396 2.67796
v -0.299 1.18396 2.70604
v -0.299 1.18196 2.70404
v -0.297 1.18396 2.70404
v -0.299 1.20804 2.67796
v -0.299 1.21004 2.67996
v -0.297 1.20804 2.67996
v -0.297 1.20804 2.70404
v -0.299 1.21004 2.70404
v -0.299 1.20804 2.70604
v -0.307 1.11196 2.66804
v -0.307 1.13604 2.66804
v -0.307 1.13604 2.64396
v -0.307 1.11196 2.64396
v -0.297 1.11196 2.64396
v -0.297 1.13604 2.64396
v -0.297 1.13604 2.66804
v -0.297 1.11196 2.66804
v -0.305 1.10996 2.64396
v -0.299 1.10996 2.64396
v -0.299 1.10996 2.66804
v -0.305 1.10996 2.66804
v -0.305 1.13804 2.66804
v -0.299 1.13804 2.66804
v -0.299 1.13804 2.64396
v -0.305 1.13804 2.64396
v -0.305 1.13604 2.64196
v -0.299 1.13604 2.64196
v -0.299 1.11196 2.64196
v -0.305 1.11196 2.64196
v -0.305 1.11196 2.67004
v -0.299 1.11196 2.67004
v -0.299 1.13604 2.67004
v -0.305 1.13604 2.67004
v -0.307 1.11196 2.64396
v -0.305 1.10996 2.64396
v -0.305 1.10996 2.66804
v -0.307 1.11196 2.66804
v -0.307 1.13604 2.66804
v -0.305 1.13804 2.66804
v -0.305 1.13804 2.64396
v -0.307 1.13604 2.64396
v -0.297 1.11196 2.66804
v -0.299 1.10996 2.66804
v -0.299 1.10996 2.64396
v -0.297 1.11196 2.64396
v -0.297 1.13604 2.64396
v -0.299 1.13804 2.64396
v -0.299 1.13804 2.66804
v -0.297 1.13604 2.66804
v -0.307 1.13604 2.64396
v -0.305 1.13604 2.64196
v -0.305 1.11196 2.64196
v -0.307 1.11196 2.64396
v -0.307 1.11196 2.66804
v -0.305 1.11196 2.67004
v -0.305 1.13604 2.67004
v -0.307 1.13604 2.66804
v -0.297 1.11196 2.64396
v -0.299 1.11196 2.64196
v -0.299 1.13604 2.64196
v -0.297 1.13604 2.64396
v -0.297 1.13604 2.66804
v -0.299 1.13604 2.67004
v -0.299 1.11196 2.67004
v -0.297 1.11196 2.66804
v -0.305 1.10996 2.64396
v -0.305 1.11196 2.64196
v -0.299 1.11196 2.64196
v -0.299 1.10996 2.64396
v -0.299 1.10996 2.66804
v -0.299 1.11196 2.67004
v -0.305 1.11196 2.67004
v -0.305 1.10996 2.66804
v -0.299 1.13804 2.64396
v -0.299 1.13604 2.64196
v -0.305 1.13604 2.64196
v -0.305 1.13804 2.64396
v -0.305 1.13804 2.66804
v -0.305 1.13604 2.67004
v -0.299 1.13604 2.67004
v -0.299 1.13804 2.66804
v -0.305 1.11196 2.64196
v -0.305 1.10996 2.64396
v -0.307 1.11196 2.64396
v -0.307 1.11196 2.66804
v -0.305 1.10996 2.66804
v -0.305 1.11196 2.67004
v -0.307 1.13604 2.64396
v -0.305 1.13804 2.64396
v -0.305 1.13604 2.64196
v -0.305 1.13604 2.67004
v -0.305 1.13804 2.66804
v -0.307 1.13604 2.66804
v -0.297 1.11196 2.64396
v -0.299 1.10996 2.64396
v -0.299 1.11196 2.64196
v -0.299 1.11196 2.67004
v -0.299 1.10996 2.66804
v -0.297 1.11196 2.66804
v -0.299 1.13604 2.64196
v -0.299 1.13804 2.64396
v -0.297 1.13604 2.64396
v -0.297 1.13604 2.66804
v -0.299 1.13804 2.66804
v -0.299 1.13604 2.67004
v -0.307 1.14796 2.66804
v -0.307 1.17204 2.66804
v -0.307 1.17204 2.64396
v -0.307 1.14796 2.64396
v -0.297 1.14796 2.64396
v -0.297 1.17204 2.64396
v -0.297 1.17204 2.66804
v -0.297 1.14796 2.66804
v -0.305 1.14596 2.64396
v -0.299 1.14596 2.64396
v -0.299 1.14596 2.66804
v -0.305 1.14596 2.66804
v -0.305 1.17404 2.66804
v -0.299 1.17404 2.66804
v -0.299 1.17404 2.64396
v -0.305 1.17404 2.64396
v -0.305 1.17204 2.64196
v -0.299 1.17204 2.64196
v -0.299 1.14796 2.64196
v -0.305 1.14796 2.64196
v -0.305 1.14796 2.67004
v -0.299 1.14796 2.67004
v -0.299 1.17204 2.67004
v -0.305 1.17204 2.67004
v -0.307 1.14796 2.64396
v -0.305 1.14596 2.64396
v -0.305 1.14596 2.66804
v -0.307 1.14796 2.66804
v -0.307 1.17204 2.66804
v -0.305 1.17404 2.66804
v -0.305 1.17404 2.64396
v -0.307 1.17204 2.64396
v -0.297 1.14796 2.66804
v -0.299 1.14596 2.66804
v -0.299 1.14596 2.64396
v -0.297 1.14796 2.64396
v -0.297 1.17204 2.64396
v -0.299 1.17404 2.64396
v -0.299 1.17404 2.66804
v -0.297 1.17204 2.66804
v -0.307 1.17204 2.64396
v -0.305 1.17204 2.64196
v -0.305 1.14796 2.64196
v -0.307 1.14796 2.64396
v -0.307 1.14796 2.66804
v -0.305 1.14796 2.67004
v -0.305 1.17204 2.67004
v -0.307 1.17204 2.66804
v -0.297 1.14796 2.64396
v -0.299 1.14796 2.64196
v -0.299 1.17204 2.64196
v -0.297 1.17204 2.64396
v -0.297 1.17204 2.66804
v -0.299 1.17204 2.67004
v -0.299 1.14796 2.67004
v -0.297 1.14796 2.66804
v -0.305 1.14596 2.64396
v -0.305 1.14796 2.64196
v -0.299 1.14796 2.64196
v -0.299 1.14596 2.64396
v -0.299 1.14596 2.66804
v -0.299 1.14796 2.67004
v -0.305 1.14796 2.67004
v -0.305 1.14596 2.66804
v -0.299 1.17404 2.64396
v -0.299 1.17204 2.64196
v -0.305 1.17204 2.64196
v -0.305 1.17404 2.64396
v -0.305 1.17404 2.66804
v -0.305 1.17204 2.67004
v -0.299 1.17204 2.67004
v -0.299 1.17404 2.66804
v -0.305 1.14796 2.64196
v -0.305 1.14596 2.64396
v -0.307 1.14796 2.64396
v -0.307 1.14796 2.66804
v -0.305 1.14596 2.66804
v -0.305 1.14796 2.67004
v -0.307 1.17204 2.64396
v -0.305 1.17404 2.64396
v -0.305 1.17204 2.64196
v -0.305 1.17204 2.67004
v -0.305 1.17404 2.66804
v -0.307 1.17204 2.66804
v -0.297 1.14796 2.64396
v -0.299 1.14596 2.64396
v -0.299 1.14796 2.64196
v -0.299 1.14796 2.67004
v -0.299 1.14596 2.66804
v -0.297 1.14796 2.66804
v -0.299 1.17204 2.64196
v -0.299 1.17404 2.64396
v -0.297 1.17204 2.64396
v -0.297 1.17204 2.66804
v -0.299 1.17404 2.66804
v -0.299 1.17204 2.67004
v -0.307 1.18396 2.66804
v -0.307 1.20804 2.66804
v -0.307 1.20804 2.64396
v -0.307 1.18396 2.64396
v -0.297 1.18396 2.64396
v -0.297 1.20804 2.64396
v -0.297 1.20804 2.66804
v -0.297 1.18396 2.66804
v -0.305 1.18196 2.64396
v -0.299 1.18196 2.64396
v -0.299 1.18196 2.66804
v -0.305 1.18196 2.66804
v -0.305 1.21004 2.66804
v -0.299 1.21004 2.66804
v -0.299 1.21004 2.64396
v -0.305 1.21004 2.64396
v -0.305 1.20804 2.64196
v -0.299 1.20804 2.64196
v -0.299 1.18396 2.64196
v -0.305 1.18396 2.64196
v -0.305 1.18396 2.67004
v -0.299 1.18396 2.67004
v -0.299 1.20804 2.67004
v -0.305 1.20804 2.67004
v -0.307 1.18396 2.64396
v -0.305 1.18196 2.64396
v -0.305 1.18196 2.66804
v -0.307 1.18396 2.66804
v -0.307 1.20804 2.66804
v -0.305 1.21004 2.66804
v -0.305 1.21004 2.64396
v -0.307 1.20804 2.64396
v -0.297 1.18396 2.66804
v -0.299 1.18196 2.66804
v -0.299 1.18196 2.64396
v -0.297 1.18396 2.64396
v -0.297 1.20804 2.64396
v -0.299 1.21004 2.64396
v -0.299 1.21004 2.66804
v -0.297 1.20804 2.66804
v -0.307 1.20804 2.64396
v -0.305 1.20804 2.64196
v -0.305 1.18396 2.64196
v -0.307 1.18396 2.64396
v -0.307 1.18396 2.66804
v -0.305 1.18396 2.67004
v -0.305 1.20804 2.67004
v -0.307 1.20804 2.66804
v -0.297 1.18396 2.64396
v -0.299 1.18396 2.64196
v -0.299 1.20804 2.64196
v -0.297 1.20804 2.64396
v -0.297 1.20804 2.66804
v -0.299 1.20804 2.67004
v -0.299 1.18396 2.67004
v -0.297 1.18396 2.66804
v -0.305 1.18196 2.64396
v -0.305 1.18396 2.64196
v -0.299 1.18396 2.64196
v -0.299 1.18196 2.64396
v -0.299 1.18196 2.66804
v -0.299 1.18396 2.67004
v -0.305 1.18396 2.67004
v -0.305 1.18196 2.66804
v -0.299 1.21004 2.64396
v -0.299 1.20804 2.64196
v -0.305 1.20804 2.64196
v -0.305 1.21004 2.64396
v -0.305 1.21004 2.66804
v -0.305 1.20804 2.67004
v -0.299 1.20804 2.67004
v -0.299 1.21004 2.66804
v -0.305 1.18396 2.64196
v -0.305 1.18196 2.64396
v -0.307 1.18396 2.64396
v -0.307 1.18396 2.66804
v -0.305 1.18196 2.66804
v -0.305 1.18396 2.67004
v -0.307 1.20804 2.64396
v -0.305 1.21004 2.64396
v -0.305 1.20804 2.64196
v -0.305 1.20804 2.67004
v -0.305 1.21004 2.66804
v -0.307 1.20804 2.66804
v -0.297 1.18396 2.64396
v -0.299 1.18196 2.64396
v -0.299 1.18396 2.64196
v -0.299 1.18396 2.67004
v -0.299 1.18196 2.66804
v -0.297 1.18396 2.66804
v -0.299 1.20804 2.64196
v -0.299 1.21004 2.64396
v -0.297 1.20804 2.64396
v -0.297 1.20804 2.66804
v -0.299 1.21004 2.66804
v -0.299 1.20804 2.67004
v -0.307 1.11196 2.63204
v -0.307 1.13604 2.63204
v -0.307 1.13604 2.60796
v -0.307 1.11196 2.60796
v -0.297 1.11196 2.60796
v -0.297 1.13604 2.60796
v -0.297 1.13604 2.63204
v -0.297 1.11196 2.63204
v -0.305 1.10996 2.60796
v -0.299 1.10996 2.60796
v -0.299 1.10996 2.63204
v -0.305 1.10996 2.63204
v -0.305 1.13804 2.63204
v -0.299 1.13804 2.63204
v -0.299 1.13804 2.60796
v -0.305 1.13804 2.60796
v -0.305 1.13604 2.60596
v -0.299 1.13604 2.60596
v -0.299 1.11196 2.60596
v -0.305 1.11196 2.60596
v -0.305 1.11196 2.63404
v -0.299 1.11196 2.63404
v -0.299 1.13604 2.63404
v -0.305 1.13604 2.63404
v -0.307 1.11196 2.60796
v -0.305 1.10996 2.60796
v -0.305 1.10996 2.63204
v -0.307 1.11196 2.63204
v -0.307 1.13604 2.63204
v -0.305 1.13804 2.63204
v -0.305 1.13804 2.60796
v -0.307 1.13604 2.60796
v -0.297 1.11196 2.63204
v -0.299 1.10996 2.63204
v -0.299 1.10996 2.60796
v -0.297 1.11196 2.60796
v -0.297 1.13604 2.60796
v -0.299 1.13804 2.60796
v -0.299 1.13804 2.63204
v -0.297 1.13604 2.63204
v -0.307 1.13604 2.60796
v -0.305 1.13604 2.60596
v -0.305 1.11196 2.60596
v -0.307 1.11196 2.60796
v -0.307 1.11196 2.63204
v -0.305 1.11196 2.63404
v -0.305 1.13604 2.63404
v -0.307 1.13604 2.63204
v -0.297 1.11196 2.60796
v -0.299 1.11196 2.60596
v -0.299 1.13604 2.60596
v -0.297 1.13604 2.60796
v -0.297 1.13604 2.63204
v -0.299 1.13604 2.63404
v -0.299 1.11196 2.63404
v -0.297 1.11196 2.63204
v -0.305 1.10996 2.60796
v -0.305 1.11196 2.60596
v -0.299 1.11196 2.60596
v -0.299 1.10996 2.60796
v -0.299 1.10996 2.63204
v -0.299 1.11196 2.63404
v -0.305 1.11196 2.63404
v -0.305 1.10996 2.63204
v -0.299 1.13804 2.60796
v -0.299 1.13604 2.60596
v -0.305 1.13604 2.60596
v -0.305 1.13804 2.60796
v -0.305 1.13804 2.63204
v -0.305 1.13604 2.63404
v -0.299 1.13604 2.63404
v -0.299 1.13804 2.63204
v -0.305 1.11196 2.60596
v -0.305 1.10996 2.60796
v -0.307 1.11196 2.60796
v -0.307 1.11196 2.63204
v -0.305 1.10996 2.63204
v -0.305 1.11196 2.63404
v -0.307 1.13604 2.60796
v -0.305 1.13804 2.60796
v -0.305 1.13604 2.60596
v -0.305 1.13604 2.63404
v -0.305 1.13804 2.63204
v -0.307 1.13604 2.63204
v -0.297 1.11196 2.60796
v -0.299 1.10996 2.60796
v -0.299 1.11196 2.60596
v -0.299 1.11196 2.63404
v -0.299 1.10996 2.63204
v -0.297 1.11196 2.63204
v -0.299 1.13604 2.60596
v -0.299 1.13804 2.60796
v -0.297 1.13604 2.60796
v -0.297 1.13604 2.63204
v -0.299 1.13804 2.63204
v -0.299 1.13604 2.63404
v -0.307 1.18396 2.63204
v -0.307 1.20804 2.63204
v -0.307 1.20804 2.60796
v -0.307 1.18396 2.60796
v -0.297 1.18396 2.60796
v -0.297 1.20804 2.60796
v -0.297 1.20804 2.63204
v -0.297 1.18396 2.63204
v -0.305 1.18196 2.60796
v -0.299 1.18196 2.60796
v -0.299 1.18196 2.63204
v -0.305 1.18196 2.63204
v -0.305 1.21004 2.63204
v -0.299 1.21004 2.63204
v -0.299 1.21004 2.60796
v -0.305 1.21004 2.60796
v -0.305 1.20804 2.60596
v -0.299 1.20804 2.60596
v -0.299 1.18396 2.60596
v -0.305 1.18396 2.60596
v -0.305 1.18396 2.63404
v -0.299 1.18396 2.63404
v -0.299 1.20804 2.63404
v -0.305 1.20804 2.63404
v -0.307 1.18396 2.60796
v -0.305 1.18196 2.60796
v -0.305 1.18196 2.63204
v -0.307 1.18396 2.63204
v -0.307 1.20804 2.63204
v -0.305 1.21004 2.63204
v -0.305 1.21004 2.60796
v -0.307 1.20804 2.60796
v -0.297 1.18396 2.63204
v -0.299 1.18196 2.63204
v -0.299 1.18196 2.60796
v -0.297 1.18396 2.60796
v -0.297 1.20804 2.60796
v -0.299 1.21004 2.60796
v -0.299 1.21004 2.63204
v -0.297 1.20804 2.63204
v -0.307 1.20804 2.60796
v -0.305 1.20804 2.60596
v -0.305 1.18396 2.60596
v -0.307 1.18396 2.60796
v -0.307 1.18396 2.63204
v -0.305 1.18396 2.63404
v -0.305 1.20804 2.63404
v -0.307 1.20804 2.63204
v -0.297 1.18396 2.60796
v -0.299 1.18396 2.60596
v -0.299 1.20804 2.60596
v -0.297 1.20804 2.60796
v -0.297 1.20804 2.63204
v -0.299 1.20804 2.63404
v -0.299 1.18396 2.63404
v -0.297 1.18396 2.63204
v -0.305 1.18196 2.60796
v -0.305 1.18396 2.60596
v -0.299 1.18396 2.60596
v -0.299 1.18196 2.60796
v -0.299 1.18196 2.63204
v -0.299 1.18396 2.63404
v -0.305 1.18396 2.63404
v -0.305 1.18196 2.63204
v -0.299 1.21004 2.60796
v -0.299 1.20804 2.60596
v -0.305 1.20804 2.60596
v -0.305 1.21004 2.60796
v -0.305 1.21004 2.63204
v -0.305 1.20804 2.63404
v -0.299 1.20804 2.63404
v -0.299 1.21004 2.63204
v -0.305 1.18396 2.60596
v -0.305 1.18196 2.60796
v -0.307 1.18396 2.60796
v -0.307 1.18396 2.63204
v -0.305 1.18196 2.63204
v -0.305 1.18396 2.63404
v -0.307 1.20804 2.60796
v -0.305 1.21004 2.60796
v -0.305 1.20804 2.60596
v -0.305 1.20804 2.63404
v -0.305 1.21004 2.63204
v -0.307 1.20804 2.63204
v -0.297 1.18396 2.60796
v -0.299 1.18196 2.60796
v -0.299 1.18396 2.60596
v -0.299 1.18396 2.63404
v -0.299 1.18196 2.63204
v -0.297 1.18396 2.63204
v -0.299 1.20804 2.60596
v -0.299 1.21004 2.60796
v -0.297 1.20804 2.60796
v -0.297 1.20804 2.63204
v -0.299 1.21004 2.63204
v -0.299 1.20804 2.63404
v -0.307 1.29196 2.74004
v -0.307 1.31604 2.74004
v -0.307 1.31604 2.71596
v -0.307 1.29196 2.71596
v -0.297 1.29196 2.71596
v -0.297 1.31604 2.71596
v -0.297 1.31604 2.74004
v -0.297 1.29196 2.74004
v -0.305 1.28996 2.71596
v -0.299 1.28996 2.71596
v -0.299 1.28996 2.74004
v -0.305 1.28996 2.74004
v -0.305 1.31804 2.74004
v -0.299 1.31804 2.74004
v -0.299 1.31804 2.71596
v -0.305 1.31804 2.71596
v -0.305 1.31604 2.71396
v -0.299 1.31604 2.71396
v -0.299 1.29196 2.71396
v -0.305 1.29196 2.71396
v -0.305 1.29196 2.74204
v -0.299 1.29196 2.74204
v -0.299 1.31604 2.74204
v -0.305 1.31604 2.74204
v -0.307 1.29196 2.71596
v -0.305 1.28996 2.71596
v -0.305 1.28996 2.74004
v -0.307 1.29196 2.74004
v -0.307 1.31604 2.74004
v -0.305 1.31804 2.74004
v -0.305 1.31804 2.71596
v -0.307 1.31604 2.71596
v -0.297 1.29196 2.74004
v -0.299 1.28996 2.74004
v -0.299 1.28996 2.71596
v -0.297 1.29196 2.71596
v -0.297 1.31604 2.71596
v -0.299 1.31804 2.71596
v -0.299 1.31804 2.74004
v -0.297 1.31604 2.74004
v -0.307 1.31604 2.71596
v -0.305 1.31604 2.71396
v -0.305 1.29196 2.71396
v -0.307 1.29196 2.71596
v -0.307 1.29196 2.74004
v -0.305 1.29196 2.74204
v -0.305 1.31604 2.74204
v -0.307 1.31604 2.74004
v -0.297 1.29196 2.71596
v -0.299 1.29196 2.71396
v -0.299 1.31604 2.71396
v -0.297 1.31604 2.71596
v -0.297 1.31604 2.74004
v -0.299 1.31604 2.74204
v -0.299 1.29196 2.74204
v -0.297 1.29196 2.74004
v -0.305 1.28996 2.71596
v -0.305 1.29196 2.71396
v -0.299 1.29196 2.71396
v -0.299 1.28996 2.71596
v -0.299 1.28996 2.74004
v -0.299 1.29196 2.74204
v -0.305 1.29196 2.74204
v -0.305 1.28996 2.74004
v -0.299 1.31804 2.71596
v -0.299 1.31604 2.71396
v -0.305 1.31604 2.71396
v -0.305 1.31804 2.71596
v -0.305 1.31804 2.74004
v -0.305 1.31604 2.74204
v -0.299 1.31604 2.74204
v -0.299 1.31804 2.74004
v -0.305 1.29196 2.71396
v -0.305 1.28996 2.71596
v -0.307 1.29196 2.71596
v -0.307 1.29196 2.74004
v -0.305 1.28996 2.74004
v -0.305 1.29196 2.74204
v -0.307 1.31604 2.71596
v -0.305 1.31804 2.71596
v -0.305 1.31604 2.71396
v -0.305 1.31604 2.74204
v -0.305 1.31804 2.74004
v -0.307 1.31604 2.74004
v -0.297 1.29196 2.71596
v -0.299 1.28996 2.71596
v -0.299 1.29196 2.71396
v -0.299 1.29196 2.74204
v -0.299 1.28996 2.74004
v -0.297 1.29196 2.74004
v -0.299 1.31604 2.71396
v -0.299 1.31804 2.71596
v -0.297 1.31604 2.71596
v -0.297 1.31604 2.74004
v -0.299 1.31804 2.74004
v -0.299 1.31604 2.74204
v -0.307 1.25596 2.70404
v -0.307 1.28004 2.70404
v -0.307 1.28004 2.67996
v -0.307 1.25596 2.67996
v -0.297 1.25596 2.67996
v -0.297 1.28004 2.67996
v -0.297 1.28004 2.70404
v -0.297 1.25596 2.70404
v -0.305 1.25396 2.67996
v -0.299 1.25396 2.67996
v -0.299 1.25396 2.70404
v -0.305 1.25396 2.70404
v -0.305 1.28204 2.70404
v -0.299 1.28204 2.70404
v -0.299 1.28204 2.67996
v -0.305 1.28204 2.67996
v -0.305 1.28004 2.67796
v -0.299 1.28004 2.67796
v -0.299 1.25596 2.67796
v -0.305 1.25596 2.67796
v -0.305 1.25596 2.70604
v -0.299 1.25596 2.70604
v -0.299 1.28004 2.70604
v -0.305 1.28004 2.70604
v -0.307 1.25596 2.67996
v -0.305 1.25396 2.67996
v -0.305 1.25396 2.70404
v -0.307 1.25596 2.70404
v -0.307 1.28004 2.70404
v -0.305 1.28204 2.70404
v -0.305 1.28204 2.67996
v -0.307 1.28004 2.67996
v -0.297 1.25596 2.70404
v -0.299 1.25396 2.70404
v -0.299 1.25396 2.67996
v -0.297 1.25596 2.67996
v -0.297 1.28004 2.67996
v -0.299 1.28204 2.67996
v -0.299 1.28204 2.70404
v -0.297 1.28004 2.70404
v -0.307 1.28004 2.67996
v -0.305 1.28004 2.67796
v -0.305 1.25596 2.67796
v -0.307 1.25596 2.67996
v -0.307 1.25596 2.70404
v -0.305 1.25596 2.70604
v -0.305 1.28004 2.70604
v -0.307 1.28004 2.70404
v -0.297 1.25596 2.67996
v -0.299 1.25596 2.67796
v -0.299 1.28004 2.67796
v -0.297 1.28004 2.67996
v -0.297 1.28004 2.70404
v -0.299 1.28004 2.70604
v -0.299 1.25596 2.70604
v -0.297 1.25596 2.70404
v -0.305 1.25396 2.67996
v -0.305 1.25596 2.67796
v -0.299 1.25596 2.67796
v -0.299 1.25396 2.67996
v -0.299 1.25396 2.70404
v -0.299 1.25596 2.70604
v -0.305 1.25596 2.70604
v -0.305 1.25396 2.70404
v -0.299 1.28204 2.67996
v -0.299 1.28004 2.67796
v -0.305 1.28004 2.67796
v -0.305 1.28204 2.67996
v -0.305 1.28204 2.70404
v -0.305 1.28004 2.70604
v -0.299 1.28004 2.70604
v -0.299 1.28204 2.70404
v -0.305 1.25596 2.67796
v -0.305 1.25396 2.67996
v -0.307 1.25596 2.67996
v -0.307 1.25596 2.70404
v -0.305 1.25396 2.70404
v -0.305 1.25596 2.70604
v -0.307 1.28004 2.67996
v -0.305 1.28204 2.67996
v -0.305 1.28004 2.67796
v -0.305 1.28004 2.70604
v -0.305 1.28204 2.70404
v -0.307 1.28004 2.70404
v -0.297 1.25596 2.67996
v -0.299 1.25396 2.67996
v -0.299 1.25596 2.67796
v -0.299 1.25596 2.70604
v -0.299 1.25396 2.70404
v -0.297 1.25596 2.70404
v -0.299 1.28004 2.67796
v -0.299 1.28204 2.67996
v -0.297 1.28004 2.67996
v -0.297 1.28004 2.70404
v -0.299 1.28204 2.70404
v -0.299 1.28004 2.70604
v -0.307 1.29196 2.70404
v -0.307 1.31604 2.70404
v -0.307 1.31604 2.67996
v -0.307 1.29196 2.67996
v -0.297 1.29196 2.67996
v -0.297 1.31604 2.67996
v -0.297 1.31604 2.70404
v -0.297 1.29196 2.70404
v -0.305 1.28996 2.67996
v -0.299 1.28996 2.67996
v -0.299 1.28996 2.70404
v -0.305 1.28996 2.70404
v -0.305 1.31804 2.70404
v -0.299 1.31804 2.70404
v -0.299 1.31804 2.67996
v -0.305 1.31804 2.67996
v -0.305 1.31604 2.67796
v -0.299 1.31604 2.67796
v -0.299 1.29196 2.67796
v -0.305 1.29196 2.67796
v -0.305 1.29196 2.70604
v -0.299 1.29196 2.70604
v -0.299 1.31604 2.70604
v -0.305 1.31604 2.70604
v -0.307 1.29196 2.67996
v -0.305 1.28996 2.67996
v -0.305 1.28996 2.70404
v -0.307 1.29196 2.70404
v -0.307 1.31604 2.70404
v -0.305 1.31804 2.70404
v -0.305 1.31804 2.67996
v -0.307 1.31604 2.67996
v -0.297 1.29196 2.70404
v -0.299 1.28996 2.70404
v -0.299 1.28996 2.67996
v -0.297 1.29196 2.67996
v -0.297 1.31604 2.67996
v -0.299 1.31804 2.67996
v -0.299 1.31804 2.70404
v -0.297 1.31604 2.70404
v -0.307 1.31604 2.67996
v -0.305 1.31604 2.67796
v -0.305 1.29196 2.67796
v -0.307 1.29196 2.67996
v -0.307 1.29196 2.70404
v -0.305 1.29196 2.70604
v -0.305 1.31604 2.70604
v -0.307 1.31604 2.70404
v -0.297 1.29196 2.67996
v -0.299 1.29196 2.67796
v -0.299 1.31604 2.67796
v -0.297 1.31604 2.67996
v -0.297 1.31604 2.70404
v -0.299 1.31604 2.70604
v -0.299 1.29196 2.70604
v -0.297 1.29196 2.70404
v -0.305 1.28996 2.67996
v -0.305 1.29196 2.67796
v -0.299 1.29196 2.67796
v -0.299 1.28996 2.67996
v -0.299 1.28996 2.70404
v -0.299 1.29196 2.70604
v -0.305 1.29196 2.70604
v -0.305 1.28996 2.70404
v -0.299 1.31804 2.67996
v -0.299 1.31604 2.67796
v -0.305 1.31604 2.67796
v -0.305 1.31804 2.67996
v -0.305 1.31804 2.70404
v -0.305 1.31604 2.70604
v -0.299 1.31604 2.70604
v -0.299 1.31804 2.70404
v -0.305 1.29196 2.67796
v -0.305 1.28996 2.67996
v -0.307 1.29196 2.67996
v -0.307 1.29196 2.70404
v -0.305 1.28996 2.70404
v -0.305 1.29196 2.70604
v -0.307 1.31604 2.67996
v -0.305 1.31804 2.67996
v -0.305 1.31604 2.67796
v -0.305 1.31604 2.70604
v -0.305 1.31804 2.70404
v -0.307 1.31604 2.70404
v -0.297 1.29196 2.67996
v -0.299 1.28996 2.67996
v -0.299 1.29196 2.67796
v -0.299 1.29196 2.70604
v -0.299 1.28996 2.70404
v -0.297 1.29196 2.70404
v -0.299 1.31604 2.67796
v -0.299 1.31804 2.67996
v -0.297 1.31604 2.67996
v -0.297 1.31604 2.70404
v -0.299 1.31804 2.70404
v -0.299 1.31604 2.70604
v -0.307 1.29196 2.66804
v -0.307 1.31604 2.66804
v -0.307 1.31604 2.64396
v -0.307 1.29196 2.64396
v -0.297 1.29196 2.64396
v -0.297 1.31604 2.64396
v -0.297 1.31604 2.66804
v -0.297 1.29196 2.66804
v -0.305 1.28996 2.64396
v -0.299 1.28996 2.64396
v -0.299 1.28996 2.66804
v -0.305 1.28996 2.66804
v -0.305 1.31804 2.66804
v -0.299 1.31804 2.66804
v -0.299 1.31804 2.64396
v -0.305 1.31804 2.64396
v -0.305 1.31604 2.64196
v -0.299 1.31604 2.64196
v -0.299 1.29196 2.64196
v -0.305 1.29196 2.64196
v -0.305 1.29196 2.67004
v -0.299 1.29196 2.67004
v -0.299 1.31604 2.67004
v -0.305 1.31604 2.67004
v -0.307 1.29196 2.64396
v -0.305 1.28996 2.64396
v -0.305 1.28996 2.66804
v -0.307 1.29196 2.66804
v -0.307 1.31604 2.66804
v -0.305 1.31804 2.66804
v -0.305 1.31804 2.64396
v -0.307 1.31604 2.64396
v -0.297 1.29196 2.66804
v -0.299 1.28996 2.66804
v -0.299 1.28996 2.64396
v -0.297 1.29196 2.64396
v -0.297 1.31604 2.64396
v -0.299 1.31804 2.64396
v -0.299 1.31804 2.66804
v -0.297 1.31604 2.66804
v -0.307 1.31604 2.64396
v -0.305 1.31604 2.64196
v -0.305 1.29196 2.64196
v -0.307 1.29196 2.64396
v -0.307 1.29196 2.66804
v -0.305 1.29196 2.67004
v -0.305 1.31604 2.67004
v -0.307 1.31604 2.66804
v -0.297 1.29196 2.64396
v -0.299 1.29196 2.64196
v -0.299 1.31604 2.64196
v -0.297 1.31604 2.64396
v -0.297 1.31604 2.66804
v -0.299 1.31604 2.67004
v -0.299 1.29196 2.67004
v -0.297 1.29196 2.66804
v -0.305 1.28996 2.64396
v -0.305 1.29196 2.64196
v -0.299 1.29196 2.64196
v -0.299 1.28996 2.64396
v -0.299 1.28996 2.66804
v -0.299 1.29196 2.67004
v -0.305 1.29196 2.67004
v -0.305 1.28996 2.66804
v -0.299 1.31804 2.64396
v -0.299 1.31604 2.64196
v -0.305 1.31604 2.64196
v -0.305 1.31804 2.64396
v -0.305 1.31804 2.66804
v -0.305 1.31604 2.67004
v -0.299 1.31604 2.67004
v -0.299 1.31804 2.66804
v -0.305 1.29196 2.64196
v -0.305 1.28996 2.64396
v -0.307 1.29196 2.64396
v -0.307 1.29196 2.66804
v -0.305 1.28996 2.66804
v -0.305 1.29196 2.67004
v -0.307 1.31604 2.64396
v -0.305 1.31804 2.64396
v -0.305 1.31604 2.64196
v -0.305 1.31604 2.67004
v -0.305 1.31804 2.66804
v -0.307 1.31604 2.66804
v -0.297 1.29196 2.64396
v -0.299 1.28996 2.64396
v -0.299 1.29196 2.64196
v -0.299 1.29196 2.67004
v -0.299 1.28996 2.66804
v -0.297 1.29196 2.66804
v -0.299 1.31604 2.64196
v -0.299 1.31804 2.64396
v -0.297 1.31604 2.64396
v -0.297 1.31604 2.66804
v -0.299 1.31804 2.66804
v -0.299 1.31604 2.67004
v -0.307 1.25596 2.63204
v -0.307 1.28004 2.63204
v -0.307 1.28004 2.60796
v -0.307 1.25596 2.60796
v -0.297 1.25596 2.60796
v -0.297 1.28004 2.60796
v -0.297 1.28004 2.63204
v -0.297 1.25596 2.63204
v -0.305 1.25396 2.60796
v -0.299 1.25396 2.60796
v -0.299 1.25396 2.63204
v -0.305 1.25396 2.63204
v -0.305 1.28204 2.63204
v -0.299 1.28204 2.63204
v -0.299 1.28204 2.60796
v -0.305 1.28204 2.60796
v -0.305 1.28004 2.60596
v -0.299 1.28004 2.60596
v -0.299 1.25596 2.60596
v -0.305 1.25596 2.60596
v -0.305 1.25596 2.63404
v -0.299 1.25596 2.63404
v -0.299 1.28004 2.63404
v -0.305 1.28004 2.63404
v -0.307 1.25596 2.60796
v -0.305 1.25396 2.60796
v -0.305 1.25396 2.63204
v -0.307 1.25596 2.63204
v -0.307 1.28004 2.63204
v -0.305 1.28204 2.63204
v -0.305 1.28204 2.60796
v -0.307 1.28004 2.60796
v -0.297 1.25596 2.63204
v -0.299 1.25396 2.63204
v -0.299 1.25396 2.60796
v -0.297 1.25596 2.60796
v -0.297 1.28004 2.60796
v -0.299 1.28204 2.60796
v -0.299 1.28204 2.63204
v -0.297 1.28004 2.63204
v -0.307 1.28004 2.60796
v -0.305 1.28004 2.60596
v -0.305 1.25596 2.60596
v -0.307 1.25596 2.60796
v -0.307 1.25596 2.63204
v -0.305 1.25596 2.63404
v -0.305 1.28004 2.63404
v -0.307 1.28004 2.63204
v -0.297 1.25596 2.60796
v -0.299 1.25596 2.60596
v -0.299 1.28004 2.60596
v -0.297 1.28004 2.60796
v -0.297 1.28004 2.63204
v -0.299 1.28004 2.63404
v -0.299 1.25596 2.63404
v -0.297 1.25596 2.63204
v -0.305 1.25396 2.60796
v -0.305 1.25596 2.60596
v -0.299 1.25596 2.60596
v -0.299 1.25396 2.60796
v -0.299 1.25396 2.63204
v -0.299 1.25596 2.63404
v -0.305 1.25596 2.63404
v -0.305 1.25396 2.63204
v -0.299 1.28204 2.60796
v -0.299 1.28004 2.60596
v -0.305 1.28004 2.60596
v -0.305 1.28204 2.60796
v -0.305 1.28204 2.63204
v -0.305 1.28004 2.63404
v -0.299 1.28004 2.63404
v -0.299 1.28204 2.63204
v -0.305 1.25596 2.60596
v -0.305 1.25396 2.60796
v -0.307 1.25596 2.60796
v -0.307 1.25596 2.63204
v -0.305 1.25396 2.63204
v -0.305 1.25596 2.63404
v -0.307 1.28004 2.60796
v -0.305 1.28204 2.60796
v -0.305 1.28004 2.60596
v -0.305 1.28004 2.63404
v -0.305 1.28204 2.63204
v -0.307 1.28004 2.63204
v -0.297 1.25596 2.60796
v -0.299 1.25396 2.60796
v -0.299 1.25596 2.60596
v -0.299 1.25596 2.63404
v -0.299 1.25396 2.63204
v -0.297 1.25596 2.63204
v -0.299 1.28004 2.60596
v -0.299 1.28204 2.60796
v -0.297 1.28004 2.60796
v -0.297 1.28004 2.63204
v -0.299 1.28204 2.63204
v -0.299 1.28004 2.63404
v -0.307 1.29196 2.63204
v -0.307 1.31604 2.63204
v -0.307 1.31604 2.60796
v -0.307 1.29196 2.60796
v -0.297 1.29196 2.60796
v -0.297 1.31604 2.60796
v -0.297 1.31604 2.63204
v -0.297 1.29196 2.63204
v -0.305 1.28996 2.60796
v -0.299 1.28996 2.60796
v -0.299 1.28996 2.63204
v -0.305 1.28996 2.63204
v -0.305 1.31804 2.63204
v -0.299 1.31804 2.63204
v -0.299 1.31804 2.60796
v -0.305 1.31804 2.60796
v -0.305 1.31604 2.60596
v -0.299 1.31604 2.60596
v -0.299 1.29196 2.60596
v -0.305 1.29196 2.60596
v -0.305 1.29196 2.63404
v -0.299 1.29196 2.63404
v -0.299 1.31604 2.63404
v -0.305 1.31604 2.63404
v -0.307 1.29196 2.60796
v -0.305 1.28996 2.60796
v -0.305 1.28996 2.63204
v -0.307 1.29196 2.63204
v -0.307 1.31604 2.63204
v -0.305 1.31804 2.63204
v -0.305 1.31804 2.60796
v -0.307 1.31604 2.60796
v -0.297 1.29196 2.63204
v -0.299 1.28996 2.63204
v -0.299 1.28996 2.60796
v -0.297 1.29196 2.60796
v -0.297 1.31604 2.60796
v -0.299 1.31804 2.60796
v -0.299 1.31804 2.63204
v -0.297 1.31604 2.63204
v -0.307 1.31604 2.60796
v -0.305 1.31604 2.60596
v -0.305 1.29196 2.60596
v -0.307 1.29196 2.60796
v -0.307 1.29196 2.63204
v -0.305 1.29196 2.63404
v -0.305 1.31604 2.63404
v -0.307 1.31604 2.63204
v -0.297 1.29196 2.60796
v -0.299 1.29196 2.60596
v -0.299 1.31604 2.60596
v -0.297 1.31604 2.60796
v -0.297 1.31604 2.63204
v -0.299 1.31604 2.63404
v -0.299 1.29196 2.63404
v -0.297 1.29196 2.63204
v -0.305 1.28996 2.60796
v -0.305 1.29196 2.60596
v -0.299 1.29196 2.60596
v -0.299 1.28996 2.60796
v -0.299 1.28996 2.63204
v -0.299 1.29196 2.63404
v -0.305 1.29196 2.63404
v -0.305 1.28996 2.63204
v -0.299 1.31804 2.60796
v -0.299 1.31604 2.60596
v -0.305 1.31604 2.60596
v -0.305 1.31804 2.60796
v -0.305 1.31804 2.63204
v -0.305 1.31604 2.63404
v -0.299 1.31604 2.63404
v -0.299 1.31804 2.63204
v -0.305 1.29196 2.60596
v -0.305 1.28996 2.60796
v -0.307 1.29196 2.60796
v -0.307 1.29196 2.63204
v -0.305 1.28996 2.63204
v -0.305 1.29196 2.63404
v -0.307 1.31604 2.60796
v -0.305 1.31804 2.60796
v -0.305 1.31604 2.60596
v -0.305 1.31604 2.63404
v -0.305 1.31804 2.63204
v -0.307 1.31604 2.63204
v -0.297 1.29196 2.60796
v -0.299 1.28996 2.60796
v -0.299 1.29196 2.60596
v -0.299 1.29196 2.63404
v -0.299 1.28996 2.63204
v -0.297 1.29196 2.63204
v -0.299 1.31604 2.60596
v -0.299 1.31804 2.60796
v -0.297 1.31604 2.60796
v -0.297 1.31604 2.63204
v -0.299 1.31804 2.63204
v -0.299 1.31604 2.63404
v -0.307 1.32796 2.63204
v -0.307 1.35204 2.63204
v -0.307 1.35204 2.60796
v -0.307 1.32796 2.60796
v -0.297 1.32796 2.60796
v -0.297 1.35204 2.60796
v -0.297 1.35204 2.63204
v -0.297 1.32796 2.63204
v -0.305 1.32596 2.60796
v -0.299 1.32596 2.60796
v -0.299 1.32596 2.63204
v -0.305 1.32596 2.63204
v -0.305 1.35404 2.63204
v -0.299 1.35404 2.63204
v -0.299 1.35404 2.60796
v -0.305 1.35404 2.60796
v -0.305 1.35204 2.60596
v -0.299 1.35204 2.60596
v -0.299 1.32796 2.60596
v -0.305 1.32796 2.60596
v -0.305 1.32796 2.63404
v -0.299 1.32796 2.63404
v -0.299 1.35204 2.63404
v -0.305 1.35204 2.63404
v -0.307 1.32796 2.60796
v -0.305 1.32596 2.60796
v -0.305 1.32596 2.63204
v -0.307 1.32796 2.63204
v -0.307 1.35204 2.63204
v -0.305 1.35404 2.63204
v -0.305 1.35404 2.60796
v -0.307 1.35204 2.60796
v -0.297 1.32796 2.63204
v -0.299 1.32596 2.63204
v -0.299 1.32596 2.60796
v -0.297 1.32796 2.60796
v -0.297 1.35204 2.60796
v -0.299 1.35404 2.60796
v -0.299 1.35404 2.63204
v -0.297 1.35204 2.63204
v -0.307 1.35204 2.60796
v -0.305 1.35204 2.60596
v -0.305 1.32796 2.60596
v -0.307 1.32796 2.60796
v -0.307 1.32796 2.63204
v -0.305 1.32796 2.63404
v -0.305 1.35204 2.63404
v -0.307 1.35204 2.63204
v -0.297 1.32796 2.60796
v -0.299 1.32796 2.60596
v -0.299 1.35204 2.60596
v -0.297 1.35204 2.60796
v -0.297 1.35204 2.63204
v -0.299 1.35204 2.63404
v -0.299 1.32796 2.63404
v -0.297 1.32796 2.63204
v -0.305 1.32596 2.60796
v -0.305 1.32796 2.60596
v -0.299 1.32796 2.60596
v -0.299 1.32596 2.60796
v -0.299 1.32596 2.63204
v -0.299 1.32796 2.63404
v -0.305 1.32796 2.63404
v -0.305 1.32596 2.63204
v -0.299 1.35404 2.60796
v -0.299 1.35204 2.60596
v -0.305 1.35204 2.60596
v -0.305 1.35404 2.60796
v -0.305 1.35404 2.63204
v -0.305 1.35204 2.63404
v -0.299 1.35204 2.63404
v -0.299 1.35404 2.63204
v -0.305 1.32796 2.60596
v -0.305 1.32596 2.60796
v -0.307 1.32796 2.60796
v -0.307 1.32796 2.63204
v -0.305 1.32596 2.63204
v -0.305 1.32796 2.63404
v -0.307 1.35204 2.60796
v -0.305 1.35404 2.60796
v -0.305 1.35204 2.60596
v -0.305 1.35204 2.63404
v -0.305 1.35404 2.63204
v -0.307 1.35204 2.63204
v -0.297 1.32796 2.60796
v -0.299 1.32596 2.60796
v -0.299 1.32796 2.60596
v -0.299 1.32796 2.63404
v -0.299 1.32596 2.63204
v -0.297 1.32796 2.63204
v -0.299 1.35204 2.60596
v -0.299 1.35404 2.60796
v -0.297 1.35204 2.60796
v -0.297 1.35204 2.63204
v -0.299 1.35404 2.63204
v -0.299 1.35204 2.63404
v -0.265 -1.512 2.322
v -0.265 -1.448 2.322
v -0.265 -1.448 2.038
v -0.265 -1.512 2.038
v -0.195 -1.512 2.038
v -0.195 -1.448 2.038
v -0.195 -1.448 2.322
v -0.195 -1.512 2.322
v -0.257 -1.52 2.038
v -0.203 -1.52 2.038
v -0.203 -1.52 2.322
v -0.257 -1.52 2.322
v -0.257 -1.44 2.322
v -0.203 -1.44 2.322
v -0.203 -1.44 2.038
v -0.257 -1.44 2.038
v -0.257 -1.448 2.03
v -0.203 -1.448 2.03
v -0.203 -1.512 2.03
v -0.257 -1.512 2.03
v -0.257 -1.512 2.33
v -0.203 -1.512 2.33
v -0.203 -1.448 2.33
v -0.257 -1.448 2.33
v -0.265 -1.512 2.038
v -0.257 -1.52 2.038
v -0.257 -1.52 2.322
v -0.265 -1.512 2.322
v -0.265 -1.448 2.322
v -0.257 -1.44 2.322
v -0.257 -1.44 2.038
v -0.265 -1.448 2.038
v -0.195 -1.512 2.322
v -0.203 -1.52 2.322
v -0.203 -1.52 2.038
v -0.195 -1.512 2.038
v -0.195 -1.448 2.038
v -0.203 -1.44 2.038
v -0.203 -1.44 2.322
v -0.195 -1.448 2.322
v -0.265 -1.448 2.038
v -0.257 -1.448 2.03
v -0.257 -1.512 2.03
v -0.265 -1.512 2.038
v -0.265 -1.512 2.322
v -0.257 -1.512 2.33
v -0.257 -1.448 2.33
v -0.265 -1.448 2.322
v -0.195 -1.512 2.038
v -0.203 -1.512 2.03
v -0.203 -1.448 2.03
v -0.195 -1.448 2.038
v -0.195 -1.448 2.322
v -0.203 -1.448 2.33
v -0.203 -1.512 2.33
v -0.195 -1.512 2.322
v -0.257 -1.52 2.038
v -0.257 -1.512 2.03
v -0.203 -1.512 2.03
v -0.203 -1.52 2.038
v -0.203 -1.52 2.322
v -0.203 -1.512 2.33
v -0.257 -1.512 2.33
v -0.257 -1.52 2.322
v -0.203 -1.44 2.038
v -0.203 -1.448 2.03
v -0.257 -1.448 2.03
v -0.257 -1.44 2.038
v -0.257 -1.44 2.322
v -0.257 -1.448 2.33
v -0.203 -1.448 2.33
v -0.203 -1.44 2.322
v -0.257 -1.512 2.03
v -0.257 -1.52 2.038
v -0.265 -1.512 2.038
v -0.265 -1.512 2.322
v -0.257 -1.52 2.322
v -0.257 -1.512 2.33
v -0.265 -1.448 2.038
v -0.257 -1.44 2.038
v -0.257 -1.448 2.03
v -0.257 -1.448 2.33
v -0.257 -1.44 2.322
v -0.265 -1.448 2.322
v -0.195 -1.512 2.038
v -0.203 -1.52 2.038
v -0.203 -1.512 2.03
v -0.203 -1.512 2.33
v -0.203 -1.52 2.322
v -0.195 -1.512 2.322
v -0.203 -1.448 2.03
v -0.203 -1.44 2.038
v -0.195 -1.448 2.038
v -0.195 -1.448 2.322
v -0.203 -1.44 2.322
v -0.203 -1.448 2.33
v -0.2875 -1.56 2.27
v -0.2875 -1.557889 2.258029
v -0.2525 -1.557889 2.258029
v -0.2525 -1.56 2.27
v -0.2875 -1.557889 2.258029
v -0.2875 -1.551812 2.247502
v -0.2525 -1.551812 2.247502
v -0.2525 -1.557889 2.258029
v -0.2875 -1.551812 2.247502
v -0.2875 -1.5425 2.239689
v -0.2525 -1.5425 2.239689
v -0.2525 -1.551812 2.247502
v -0.2875 -1.5425 2.239689
v -0.2875 -1.531078 2.235532
v -0.2525 -1.531078 2.235532
v -0.2525 -1.5425 2.239689
v -0.2875 -1.531078 2.235532
v -0.2875 -1.518922 2.235532
v -0.2525 -1.518922 2.235532
v -0.2525 -1.531078 2.235532
v -0.2875 -1.518922 2.235532
v -0.2875 -1.5075 2.239689
v -0.2525 -1.5075 2.239689
v -0.2525 -1.518922 2.235532
v -0.2875 -1.5075 2.239689
v -0.2875 -1.498188 2.247502
v -0.2525 -1.498188 2.247502
v -0.2525 -1.5075 2.239689
v -0.2875 -1.498188 2.247502
v -0.2875 -1.492111 2.258029
v -0.2525 -1.492111 2.258029
v -0.2525 -1.498188 2.247502
v -0.2875 -1.492111 2.258029
v -0.2875 -1.49 2.27
v -0.2525 -1.49 2.27
v -0.2525 -1.492111 2.258029
v -0.2875 -1.49 2.27
v -0.2875 -1.492111 2.281971
v -0.2525 -1.492111 2.281971
v -0.2525 -1.49 2.27
v -0.2875 -1.492111 2.281971
v -0.2875 -1.498188 2.292498
v -0.2525 -1.498188 2.292498
v -0.2525 -1.492111 2.281971
v -0.2875 -1.498188 2.292498
v -0.2875 -1.5075 2.300311
v -0.2525 -1.5075 2.300311
v -0.2525 -1.498188 2.292498
v -0.2875 -1.5075 2.300311
v -0.2875 -1.518922 2.304468
v -0.2525 -1.518922 2.304468
v -0.2525 -1.5075 2.300311
v -0.2875 -1.518922 2.304468
v -0.2875 -1.531078 2.304468
v -0.2525 -1.531078 2.304468
v -0.2525 -1.518922 2.304468
v -0.2875 -1.531078 2.304468
v -0.2875 -1.5425 2.300311
v -0.2525 -1.5425 2.300311
v -0.2525 -1.531078 2.304468
v -0.2875 -1.5425 2.300311
v -0.2875 -1.551812 2.292498
v -0.2525 -1.551812 2.292498
v -0.2525 -1.5425 2.300311
v -0.2875 -1.551812 2.292498
v -0.2875 -1.557889 2.281971
v -0.2525 -1.557889 2.281971
v -0.2525 -1.551812 2.292498
v -0.2875 -1.557889 2.281971
v -0.2875 -1.56 2.27
v -0.2525 -1.56 2.27
v -0.2525 -1.557889 2.281971
v -0.2875 -1.56 2.27
v -0.2875 -1.557889 2.258029
v -0.2875 -1.551812 2.247502
v -0.2875 -1.5425 2.239689
v -0.2875 -1.531078 2.235532
v -0.2875 -1.518922 2.235532
v -0.2875 -1.5075 2.239689
v -0.2875 -1.498188 2.247502
v -0.2875 -1.492111 2.258029
v -0.2875 -1.49 2.27
v -0.2875 -1.492111 2.281971
v -0.2875 -1.498188 2.292498
v -0.2875 -1.5075 2.300311
v -0.2875 -1.518922 2.304468
v -0.2875 -1.531078 2.304468
v -0.2875 -1.5425 2.300311
v -0.2875 -1.551812 2.292498
v -0.2875 -1.557889 2.281971
v -0.2525 -1.557889 2.281971
v -0.2525 -1.551812 2.292498
v -0.2525 -1.5425 2.300311
v -0.2525 -1.531078 2.304468
v -0.2525 -1.518922 2.304468
v -0.2525 -1.5075 2.300311
v -0.2525 -1.498188 2.292498
v -0.2525 -1.492111 2.281971
v -0.2525 -1.49 2.27
v -0.2525 -1.492111 2.258029
v -0.2525 -1.498188 2.247502
v -0.2525 -1.5075 2.239689
v -0.2525 -1.518922 2.235532
v -0.2525 -1.531078 2.235532
v -0.2525 -1.5425 2.239689
v -0.2525 -1.551812 2.247502
v -0.2525 -1.557889 2.258029
v -0.2525 -1.56 2.27
v -0.2875 -1.56 2.18
v -0.2875 -1.557889 2.168029
v -0.2525 -1.557889 2.168029
v -0.2525 -1.56 2.18
v -0.2875 -1.557889 2.168029
v -0.2875 -1.551812 2.157502
v -0.2525 -1.551812 2.157502
v -0.2525 -1.557889 2.168029
v -0.2875 -1.551812 2.157502
v -0.2875 -1.5425 2.149689
v -0.2525 -1.5425 2.149689
v -0.2525 -1.551812 2.157502
v -0.2875 -1.5425 2.149689
v -0.2875 -1.531078 2.145532
v -0.2525 -1.531078 2.145532
v -0.2525 -1.5425 2.149689
v -0.2875 -1.531078 2.145532
v -0.2875 -1.518922 2.145532
v -0.2525 -1.518922 2.145532
v -0.2525 -1.531078 2.145532
v -0.2875 -1.518922 2.145532
v -0.2875 -1.5075 2.149689
v -0.2525 -1.5075 2.149689
v -0.2525 -1.518922 2.145532
v -0.2875 -1.5075 2.149689
v -0.2875 -1.498188 2.157502
v -0.2525 -1.498188 2.157502
v -0.2525 -1.5075 2.149689
v -0.2875 -1.498188 2.157502
v -0.2875 -1.492111 2.168029
v -0.2525 -1.492111 2.168029
v -0.2525 -1.498188 2.157502
v -0.2875 -1.492111 2.168029
v -0.2875 -1.49 2.18
v -0.2525 -1.49 2.18
v -0.2525 -1.492111 2.168029
v -0.2875 -1.49 2.18
v -0.2875 -1.492111 2.191971
v -0.2525 -1.492111 2.191971
v -0.2525 -1.49 2.18
v -0.2875 -1.492111 2.191971
v -0.2875 -1.498188 2.202498
v -0.2525 -1.498188 2.202498
v -0.2525 -1.492111 2.191971
v -0.2875 -1.498188 2.202498
v -0.2875 -1.5075 2.210311
v -0.2525 -1.5075 2.210311
v -0.2525 -1.498188 2.202498
v -0.2875 -1.5075 2.210311
v -0.2875 -1.518922 2.214468
v -0.2525 -1.518922 2.214468
v -0.2525 -1.5075 2.210311
v -0.2875 -1.518922 2.214468
v -0.2875 -1.531078 2.214468
v -0.2525 -1.531078 2.214468
v -0.2525 -1.518922 2.214468
v -0.2875 -1.531078 2.214468
v -0.2875 -1.5425 2.210311
v -0.2525 -1.5425 2.210311
v -0.2525 -1.531078 2.214468
v -0.2875 -1.5425 2.210311
v -0.2875 -1.551812 2.202498
v -0.2525 -1.551812 2.202498
v -0.2525 -1.5425 2.210311
v -0.2875 -1.551812 2.202498
v -0.2875 -1.557889 2.191971
v -0.2525 -1.557889 2.191971
v -0.2525 -1.551812 2.202498
v -0.2875 -1.557889 2.191971
v -0.2875 -1.56 2.18
v -0.2525 -1.56 2.18
v -0.2525 -1.557889 2.191971
v -0.2875 -1.56 2.18
v -0.2875 -1.557889 2.168029
v -0.2875 -1.551812 2.157502
v -0.2875 -1.5425 2.149689
v -0.2875 -1.531078 2.145532
v -0.2875 -1.518922 2.145532
v -0.2875 -1.5075 2.149689
v -0.2875 -1.498188 2.157502
v -0.2875 -1.492111 2.168029
v -0.2875 -1.49 2.18
v -0.2875 -1.492111 2.191971
v -0.2875 -1.498188 2.202498
v -0.2875 -1.5075 2.210311
v -0.2875 -1.518922 2.214468
v -0.2875 -1.531078 2.214468
v -0.2875 -1.5425 2.210311
v -0.2875 -1.551812 2.202498
v -0.2875 -1.557889 2.191971
v -0.2525 -1.557889 2.191971
v -0.2525 -1.551812 2.202498
v -0.2525 -1.5425 2.210311
v -0.2525 -1.531078 2.214468
v -0.2525 -1.518922 2.214468
v -0.2525 -1.5075 2.210311
v -0.2525 -1.498188 2.202498
v -0.2525 -1.492111 2.191971
v -0.2525 -1.49 2.18
v -0.2525 -1.492111 2.168029
v -0.2525 -1.498188 2.157502
v -0.2525 -1.5075 2.149689
v -0.2525 -1.518922 2.145532
v -0.2525 -1.531078 2.145532
v -0.2525 -1.5425 2.149689
v -0.2525 -1.551812 2.157502
v -0.2525 -1.557889 2.168029
v -0.2525 -1.56 2.18
v -0.2875 -1.56 2.09
v -0.2875 -1.557889 2.078029
v -0.2525 -1.557889 2.078029
v -0.2525 -1.56 2.09
v -0.2875 -1.557889 2.078029
v -0.2875 -1.551812 2.067502
v -0.2525 -1.551812 2.067502
v -0.2525 -1.557889 2.078029
v -0.2875 -1.551812 2.067502
v -0.2875 -1.5425 2.059689
v -0.2525 -1.5425 2.059689
v -0.2525 -1.551812 2.067502
v -0.2875 -1.5425 2.059689
v -0.2875 -1.531078 2.055532
v -0.2525 -1.531078 2.055532
v -0.2525 -1.5425 2.059689
v -0.2875 -1.531078 2.055532
v -0.2875 -1.518922 2.055532
v -0.2525 -1.518922 2.055532
v -0.2525 -1.531078 2.055532
v -0.2875 -1.518922 2.055532
v -0.2875 -1.5075 2.059689
v -0.2525 -1.5075 2.059689
v -0.2525 -1.518922 2.055532
v -0.2875 -1.5075 2.059689
v -0.2875 -1.498188 2.067502
v -0.2525 -1.498188 2.067502
v -0.2525 -1.5075 2.059689
v -0.2875 -1.498188 2.067502
v -0.2875 -1.492111 2.078029
v -0.2525 -1.492111 2.078029
v -0.2525 -1.498188 2.067502
v -0.2875 -1.492111 2.078029
v -0.2875 -1.49 2.09
v -0.2525 -1.49 2.09
v -0.2525 -1.492111 2.078029
v -0.2875 -1.49 2.09
v -0.2875 -1.492111 2.101971
v -0.2525 -1.492111 2.101971
v -0.2525 -1.49 2.09
v -0.2875 -1.492111 2.101971
v -0.2875 -1.498188 2.112498
v -0.2525 -1.498188 2.112498
v -0.2525 -1.492111 2.101971
v -0.2875 -1.498188 2.112498
v -0.2875 -1.5075 2.120311
v -0.2525 -1.5075 2.120311
v -0.2525 -1.498188 2.112498
v -0.2875 -1.5075 2.120311
v -0.2875 -1.518922 2.124468
v -0.2525 -1.518922 2.124468
v -0.2525 -1.5075 2.120311
v -0.2875 -1.518922 2.124468
v -0.2875 -1.531078 2.124468
v -0.2525 -1.531078 2.124468
v -0.2525 -1.518922 2.124468
v -0.2875 -1.531078 2.124468
v -0.2875 -1.5425 2.120311
v -0.2525 -1.5425 2.120311
v -0.2525 -1.531078 2.124468
v -0.2875 -1.5425 2.120311
v -0.2875 -1.551812 2.112498
v -0.2525 -1.551812 2.112498
v -0.2525 -1.5425 2.120311
v -0.2875 -1.551812 2.112498
v -0.2875 -1.557889 2.101971
v -0.2525 -1.557889 2.101971
v -0.2525 -1.551812 2.112498
v -0.2875 -1.557889 2.101971
v -0.2875 -1.56 2.09
v -0.2525 -1.56 2.09
v -0.2525 -1.557889 2.101971
v -0.2875 -1.56 2.09
v -0.2875 -1.557889 2.078029
v -0.2875 -1.551812 2.067502
v -0.2875 -1.5425 2.059689
v -0.2875 -1.531078 2.055532
v -0.2875 -1.518922 2.055532
v -0.2875 -1.5075 2.059689
v -0.2875 -1.498188 2.067502
v -0.2875 -1.492111 2.078029
v -0.2875 -1.49 2.09
v -0.2875 -1.492111 2.101971
v -0.2875 -1.498188 2.112498
v -0.2875 -1.5075 2.120311
v -0.2875 -1.518922 2.124468
v -0.2875 -1.531078 2.124468
v -0.2875 -1.5425 2.120311
v -0.2875 -1.551812 2.112498
v -0.2875 -1.557889 2.101971
v -0.2525 -1.557889 2.101971
v -0.2525 -1.551812 2.112498
v -0.2525 -1.5425 2.120311
v -0.2525 -1.531078 2.124468
v -0.2525 -1.518922 2.124468
v -0.2525 -1.5075 2.120311
v -0.2525 -1.498188 2.112498
v -0.2525 -1.492111 2.101971
v -0.2525 -1.49 2.09
v -0.2525 -1.492111 2.078029
v -0.2525 -1.498188 2.067502
v -0.2525 -1.5075 2.059689
v -0.2525 -1.518922 2.055532
v -0.2525 -1.531078 2.055532
v -0.2525 -1.5425 2.059689
v -0.2525 -1.551812 2.067502
v -0.2525 -1.557889 2.078029
v -0.2525 -1.56 2.09
usemtl SafetyYellow
f 1 2 3 4
f 5 6 7 8
f 9 10 11 12
f 13 14 15 16
f 17 18 19 20
f 21 22 23 24
f 25 26 27 28
f 29 30 31 32
f 33 34 35 36
f 37 38 39 40
f 41 42 43 44
f 45 46 47 48
f 49 50 51 52
f 53 54 55 56
f 57 58 59 60
f 61 62 63 64
f 65 66 67 68
f 69 70 71 72
f 73 74 75
f 76 77 78
f 79 80 81
f 82 83 84
f 85 86 87
f 88 89 90
f 91 92 93
f 94 95 96
f 97 98 99 100
f 101 102 103 104
f 105 106 107 108
f 109 110 111 112
f 113 114 115 116
f 117 118 119 120
f 121 122 123 124
f 125 126 127 128
f 129 130 131 132
f 133 134 135 136
f 137 138 139 140
f 141 142 143 144
f 145 146 147 148
f 149 150 151 152
f 153 154 155 156
f 157 158 159 160
f 161 162 163 164
f 165 166 167 168
f 169 170 171
f 172 173 174
f 175 176 177
f 178 179 180
f 181 182 183
f 184 185 186
f 187 188 189
f 190 191 192
f 193 194 195 196
f 197 198 199 200
f 201 202 203 204
f 205 206 207 208
f 209 210 211 212
f 213 214 215 216
f 217 218 219 220
f 221 222 223 224
f 225 226 227 228
f 229 230 231 232
f 233 234 235 236
f 237 238 239 240
f 241 242 243 244
f 245 246 247 248
f 249 250 251 252
f 253 254 255 256
f 257 258 259 260
f 261 262 263 264
f 265 266 267
f 268 269 270
f 271 272 273
f 274 275 276
f 277 278 279
f 280 281 282
f 283 284 285
f 286 287 288
usemtl YellowEdge
f 289 290 291 292
f 293 294 295 296
f 297 298 299 300
f 301 302 303 304
f 305 306 307 308
f 309 310 311 312
f 313 314 315 316
f 317 318 319 320
f 321 322 323 324
f 325 326 327 328
f 329 330 331 332
f 333 334 335 336
f 337 338 339 340
f 341 342 343 344
f 345 346 347 348
f 349 350 351 352
f 353 354 355 356
f 357 358 359 360
f 361 362 363
f 364 365 366
f 367 368 369
f 370 371 372
f 373 374 375
f 376 377 378
f 379 380 381
f 382 383 384
f 385 386 387 388
f 389 390 391 392
f 393 394 395 396
f 397 398 399 400
f 401 402 403 404
f 405 406 407 408
f 409 410 411 412
f 413 414 415 416
f 417 418 419 420
f 421 422 423 424
f 425 426 427 428
f 429 430 431 432
f 433 434 435 436
f 437 438 439 440
f 441 442 443 444
f 445 446 447 448
f 449 450 451 452
f 453 454 455 456
f 457 458 459
f 460 461 462
f 463 464 465
f 466 467 468
f 469 470 471
f 472 473 474
f 475 476 477
f 478 479 480
usemtl SafetyYellow
f 481 482 483 484
f 485 486 487 488
f 489 490 491 492
f 493 494 495 496
f 497 498 499 500
f 501 502 503 504
f 505 506 507 508
f 509 510 511 512
f 513 514 515 516
f 517 518 519 520
f 521 522 523 524
f 525 526 527 528
f 529 530 531 532
f 533 534 535 536
f 537 538 539 540
f 541 542 543 544
f 545 546 547 548
f 549 550 551 552
f 553 554 555
f 556 557 558
f 559 560 561
f 562 563 564
f 565 566 567
f 568 569 570
f 571 572 573
f 574 575 576
usemtl YellowEdge
f 577 578 579 580
f 581 582 583 584
f 585 586 587 588
f 589 590 591 592
f 593 594 595 596
f 597 598 599 600
f 601 602 603 604
f 605 606 607 608
f 609 610 611 612
f 613 614 615 616
f 617 618 619 620
f 621 622 623 624
f 625 626 627 628
f 629 630 631 632
f 633 634 635 636
f 637 638 639 640
f 641 642 643 644
f 645 646 647 648
f 649 650 651
f 652 653 654
f 655 656 657
f 658 659 660
f 661 662 663
f 664 665 666
f 667 668 669
f 670 671 672
f 673 674 675 676
f 677 678 679 680
f 681 682 683 684
f 685 686 687 688
f 689 690 691 692
f 693 694 695 696
f 697 698 699 700
f 701 702 703 704
f 705 706 707 708
f 709 710 711 712
f 713 714 715 716
f 717 718 719 720
f 721 722 723 724
f 725 726 727 728
f 729 730 731 732
f 733 734 735 736
f 737 738 739 740
f 741 742 743 744
f 745 746 747
f 748 749 750
f 751 752 753
f 754 755 756
f 757 758 759
f 760 761 762
f 763 764 765
f 766 767 768
usemtl SafetyYellow
f 769 770 771 772
f 773 774 775 776
f 777 778 779 780
f 781 782 783 784
f 785 786 787 788
f 789 790 791 792
f 793 794 795 796
f 797 798 799 800
f 801 802 803 804
f 805 806 807 808
f 809 810 811 812
f 813 814 815 816
f 817 818 819 820
f 821 822 823 824
f 825 826 827 828
f 829 830 831 832
f 833 834 835 836
f 837 838 839 840
f 841 842 843
f 844 845 846
f 847 848 849
f 850 851 852
f 853 854 855
f 856 857 858
f 859 860 861
f 862 863 864
usemtl YellowEdge
f 865 866 867 868
f 869 870 871 872
f 873 874 875 876
f 877 878 879 880
f 881 882 883 884
f 885 886 887 888
f 889 890 891 892
f 893 894 895 896
f 897 898 899 900
f 901 902 903 904
f 905 906 907 908
f 909 910 911 912
f 913 914 915 916
f 917 918 919 920
f 921 922 923 924
f 925 926 927 928
f 929 930 931 932
f 933 934 935 936
f 937 938 939
f 940 941 942
f 943 944 945
f 946 947 948
f 949 950 951
f 952 953 954
f 955 956 957
f 958 959 960
usemtl SafetyYellow
f 961 962 963 964
f 965 966 967 968
f 969 970 971 972
f 973 974 975 976
f 977 978 979 980
f 981 982 983 984
f 985 986 987 988
f 989 990 991 992
f 993 994 995 996
f 997 998 999 1000
f 1001 1002 1003 1004
f 1005 1006 1007 1008
f 1009 1010 1011 1012
f 1013 1014 1015 1016
f 1017 1018 1019 1020
f 1021 1022 1023 1024
f 1025 1026 1027 1028
f 1029 1030 1031 1032
f 1033 1034 1035
f 1036 1037 1038
f 1039 1040 1041
f 1042 1043 1044
f 1045 1046 1047
f 1048 1049 1050
f 1051 1052 1053
f 1054 1055 1056
usemtl DarkSteel
f 1057 1058 1059 1060
f 1061 1062 1063 1064
f 1065 1066 1067 1068
f 1069 1070 1071 1072
f 1073 1074 1075 1076
f 1077 1078 1079 1080
f 1081 1082 1083 1084
f 1085 1086 1087 1088
f 1089 1090 1091 1092
f 1093 1094 1095 1096
f 1097 1098 1099 1100
f 1101 1102 1103 1104
f 1105 1106 1107 1108
f 1109 1110 1111 1112
f 1113 1114 1115 1116
f 1117 1118 1119 1120
f 1121 1122 1123 1124
f 1125 1126 1127 1128
f 1129 1130 1131
f 1132 1133 1134
f 1135 1136 1137
f 1138 1139 1140
f 1141 1142 1143
f 1144 1145 1146
f 1147 1148 1149
f 1150 1151 1152
usemtl GearboxGrey
f 1153 1154 1155 1156
f 1157 1158 1159 1160
f 1161 1162 1163 1164
f 1165 1166 1167 1168
f 1169 1170 1171 1172
f 1173 1174 1175 1176
f 1177 1178 1179 1180
f 1181 1182 1183 1184
f 1185 1186 1187 1188
f 1189 1190 1191 1192
f 1193 1194 1195 1196
f 1197 1198 1199 1200
f 1201 1202 1203 1204
f 1205 1206 1207 1208
f 1209 1210 1211 1212
f 1213 1214 1215 1216
f 1217 1218 1219 1220
f 1221 1222 1223 1224
f 1225 1226 1227
f 1228 1229 1230
f 1231 1232 1233
f 1234 1235 1236
f 1237 1238 1239
f 1240 1241 1242
f 1243 1244 1245
f 1246 1247 1248
usemtl WheelSteel
f 1249 1250 1251 1252
f 1253 1254 1255 1256
f 1257 1258 1259 1260
f 1261 1262 1263 1264
f 1265 1266 1267 1268
f 1269 1270 1271 1272
f 1273 1274 1275 1276
f 1277 1278 1279 1280
f 1281 1282 1283 1284
f 1285 1286 1287 1288
f 1289 1290 1291 1292
f 1293 1294 1295 1296
f 1297 1298 1299 1300
f 1301 1302 1303 1304
f 1305 1306 1307 1308
f 1309 1310 1311 1312
f 1313 1314 1315 1316
f 1317 1318 1319 1320
f 1321 1322 1323 1324
f 1325 1326 1327 1328
f 1329 1330 1331 1332
f 1333 1334 1335 1336
f 1337 1338 1339 1340
f 1341 1342 1343 1344
f 1345 1346 1347 1348
f 1349 1350 1351 1352
f 1353 1354 1355 1356
f 1357 1358 1359 1360
f 1361 1362 1363 1364 1365 1366 1367 1368 1369 1370 1371 1372 1373 1374 1375 1376 1377 1378 1379 1380 1381 1382 1383 1384 1385 1386 1387 1388
f 1389 1390 1391 1392 1393 1394 1395 1396 1397 1398 1399 1400 1401 1402 1403 1404 1405 1406 1407 1408 1409 1410 1411 1412 1413 1414 1415 1416
usemtl Stainless
f 1417 1418 1419 1420
f 1421 1422 1423 1424
f 1425 1426 1427 1428
f 1429 1430 1431 1432
f 1433 1434 1435 1436
f 1437 1438 1439 1440
f 1441 1442 1443 1444
f 1445 1446 1447 1448
f 1449 1450 1451 1452
f 1453 1454 1455 1456
f 1457 1458 1459 1460
f 1461 1462 1463 1464
f 1465 1466 1467 1468
f 1469 1470 1471 1472
f 1473 1474 1475 1476
f 1477 1478 1479 1480
f 1481 1482 1483 1484
f 1485 1486 1487 1488
f 1489 1490 1491 1492 1493 1494 1495 1496 1497 1498 1499 1500 1501 1502 1503 1504 1505 1506
f 1507 1508 1509 1510 1511 1512 1513 1514 1515 1516 1517 1518 1519 1520 1521 1522 1523 1524
f 1525 1526 1527 1528
f 1529 1530 1531 1532
f 1533 1534 1535 1536
f 1537 1538 1539 1540
f 1541 1542 1543 1544
f 1545 1546 1547 1548
f 1549 1550 1551 1552
f 1553 1554 1555 1556
f 1557 1558 1559 1560
f 1561 1562 1563 1564
f 1565 1566 1567 1568
f 1569 1570 1571 1572
f 1573 1574 1575 1576
f 1577 1578 1579 1580
f 1581 1582 1583 1584
f 1585 1586 1587 1588
f 1589 1590 1591 1592
f 1593 1594 1595 1596
f 1597 1598 1599 1600 1601 1602 1603 1604 1605 1606 1607 1608 1609 1610 1611 1612 1613 1614
f 1615 1616 1617 1618 1619 1620 1621 1622 1623 1624 1625 1626 1627 1628 1629 1630 1631 1632
usemtl DarkSteel
f 1633 1634 1635 1636
f 1637 1638 1639 1640
f 1641 1642 1643 1644
f 1645 1646 1647 1648
f 1649 1650 1651 1652
f 1653 1654 1655 1656
f 1657 1658 1659 1660
f 1661 1662 1663 1664
f 1665 1666 1667 1668
f 1669 1670 1671 1672
f 1673 1674 1675 1676
f 1677 1678 1679 1680
f 1681 1682 1683 1684
f 1685 1686 1687 1688
f 1689 1690 1691 1692
f 1693 1694 1695 1696
f 1697 1698 1699 1700
f 1701 1702 1703 1704
f 1705 1706 1707
f 1708 1709 1710
f 1711 1712 1713
f 1714 1715 1716
f 1717 1718 1719
f 1720 1721 1722
f 1723 1724 1725
f 1726 1727 1728
usemtl GearboxGrey
f 1729 1730 1731 1732
f 1733 1734 1735 1736
f 1737 1738 1739 1740
f 1741 1742 1743 1744
f 1745 1746 1747 1748
f 1749 1750 1751 1752
f 1753 1754 1755 1756
f 1757 1758 1759 1760
f 1761 1762 1763 1764
f 1765 1766 1767 1768
f 1769 1770 1771 1772
f 1773 1774 1775 1776
f 1777 1778 1779 1780
f 1781 1782 1783 1784
f 1785 1786 1787 1788
f 1789 1790 1791 1792
f 1793 1794 1795 1796
f 1797 1798 1799 1800
f 1801 1802 1803
f 1804 1805 1806
f 1807 1808 1809
f 1810 1811 1812
f 1813 1814 1815
f 1816 1817 1818
f 1819 1820 1821
f 1822 1823 1824
usemtl WheelSteel
f 1825 1826 1827 1828
f 1829 1830 1831 1832
f 1833 1834 1835 1836
f 1837 1838 1839 1840
f 1841 1842 1843 1844
f 1845 1846 1847 1848
f 1849 1850 1851 1852
f 1853 1854 1855 1856
f 1857 1858 1859 1860
f 1861 1862 1863 1864
f 1865 1866 1867 1868
f 1869 1870 1871 1872
f 1873 1874 1875 1876
f 1877 1878 1879 1880
f 1881 1882 1883 1884
f 1885 1886 1887 1888
f 1889 1890 1891 1892
f 1893 1894 1895 1896
f 1897 1898 1899 1900
f 1901 1902 1903 1904
f 1905 1906 1907 1908
f 1909 1910 1911 1912
f 1913 1914 1915 1916
f 1917 1918 1919 1920
f 1921 1922 1923 1924
f 1925 1926 1927 1928
f 1929 1930 1931 1932
f 1933 1934 1935 1936
f 1937 1938 1939 1940 1941 1942 1943 1944 1945 1946 1947 1948 1949 1950 1951 1952 1953 1954 1955 1956 1957 1958 1959 1960 1961 1962 1963 1964
f 1965 1966 1967 1968 1969 1970 1971 1972 1973 1974 1975 1976 1977 1978 1979 1980 1981 1982 1983 1984 1985 1986 1987 1988 1989 1990 1991 1992
usemtl Stainless
f 1993 1994 1995 1996
f 1997 1998 1999 2000
f 2001 2002 2003 2004
f 2005 2006 2007 2008
f 2009 2010 2011 2012
f 2013 2014 2015 2016
f 2017 2018 2019 2020
f 2021 2022 2023 2024
f 2025 2026 2027 2028
f 2029 2030 2031 2032
f 2033 2034 2035 2036
f 2037 2038 2039 2040
f 2041 2042 2043 2044
f 2045 2046 2047 2048
f 2049 2050 2051 2052
f 2053 2054 2055 2056
f 2057 2058 2059 2060
f 2061 2062 2063 2064
f 2065 2066 2067 2068 2069 2070 2071 2072 2073 2074 2075 2076 2077 2078 2079 2080 2081 2082
f 2083 2084 2085 2086 2087 2088 2089 2090 2091 2092 2093 2094 2095 2096 2097 2098 2099 2100
f 2101 2102 2103 2104
f 2105 2106 2107 2108
f 2109 2110 2111 2112
f 2113 2114 2115 2116
f 2117 2118 2119 2120
f 2121 2122 2123 2124
f 2125 2126 2127 2128
f 2129 2130 2131 2132
f 2133 2134 2135 2136
f 2137 2138 2139 2140
f 2141 2142 2143 2144
f 2145 2146 2147 2148
f 2149 2150 2151 2152
f 2153 2154 2155 2156
f 2157 2158 2159 2160
f 2161 2162 2163 2164
f 2165 2166 2167 2168
f 2169 2170 2171 2172
f 2173 2174 2175 2176 2177 2178 2179 2180 2181 2182 2183 2184 2185 2186 2187 2188 2189 2190
f 2191 2192 2193 2194 2195 2196 2197 2198 2199 2200 2201 2202 2203 2204 2205 2206 2207 2208
usemtl DarkSteel
f 2209 2210 2211 2212
f 2213 2214 2215 2216
f 2217 2218 2219 2220
f 2221 2222 2223 2224
f 2225 2226 2227 2228
f 2229 2230 2231 2232
f 2233 2234 2235 2236
f 2237 2238 2239 2240
f 2241 2242 2243 2244
f 2245 2246 2247 2248
f 2249 2250 2251 2252
f 2253 2254 2255 2256
f 2257 2258 2259 2260
f 2261 2262 2263 2264
f 2265 2266 2267 2268
f 2269 2270 2271 2272
f 2273 2274 2275 2276
f 2277 2278 2279 2280
f 2281 2282 2283
f 2284 2285 2286
f 2287 2288 2289
f 2290 2291 2292
f 2293 2294 2295
f 2296 2297 2298
f 2299 2300 2301
f 2302 2303 2304
usemtl GearboxGrey
f 2305 2306 2307 2308
f 2309 2310 2311 2312
f 2313 2314 2315 2316
f 2317 2318 2319 2320
f 2321 2322 2323 2324
f 2325 2326 2327 2328
f 2329 2330 2331 2332
f 2333 2334 2335 2336
f 2337 2338 2339 2340
f 2341 2342 2343 2344
f 2345 2346 2347 2348
f 2349 2350 2351 2352
f 2353 2354 2355 2356
f 2357 2358 2359 2360
f 2361 2362 2363 2364
f 2365 2366 2367 2368
f 2369 2370 2371 2372
f 2373 2374 2375 2376
f 2377 2378 2379
f 2380 2381 2382
f 2383 2384 2385
f 2386 2387 2388
f 2389 2390 2391
f 2392 2393 2394
f 2395 2396 2397
f 2398 2399 2400
usemtl WheelSteel
f 2401 2402 2403 2404
f 2405 2406 2407 2408
f 2409 2410 2411 2412
f 2413 2414 2415 2416
f 2417 2418 2419 2420
f 2421 2422 2423 2424
f 2425 2426 2427 2428
f 2429 2430 2431 2432
f 2433 2434 2435 2436
f 2437 2438 2439 2440
f 2441 2442 2443 2444
f 2445 2446 2447 2448
f 2449 2450 2451 2452
f 2453 2454 2455 2456
f 2457 2458 2459 2460
f 2461 2462 2463 2464
f 2465 2466 2467 2468
f 2469 2470 2471 2472
f 2473 2474 2475 2476
f 2477 2478 2479 2480
f 2481 2482 2483 2484
f 2485 2486 2487 2488
f 2489 2490 2491 2492
f 2493 2494 2495 2496
f 2497 2498 2499 2500
f 2501 2502 2503 2504
f 2505 2506 2507 2508
f 2509 2510 2511 2512
f 2513 2514 2515 2516 2517 2518 2519 2520 2521 2522 2523 2524 2525 2526 2527 2528 2529 2530 2531 2532 2533 2534 2535 2536 2537 2538 2539 2540
f 2541 2542 2543 2544 2545 2546 2547 2548 2549 2550 2551 2552 2553 2554 2555 2556 2557 2558 2559 2560 2561 2562 2563 2564 2565 2566 2567 2568
usemtl Stainless
f 2569 2570 2571 2572
f 2573 2574 2575 2576
f 2577 2578 2579 2580
f 2581 2582 2583 2584
f 2585 2586 2587 2588
f 2589 2590 2591 2592
f 2593 2594 2595 2596
f 2597 2598 2599 2600
f 2601 2602 2603 2604
f 2605 2606 2607 2608
f 2609 2610 2611 2612
f 2613 2614 2615 2616
f 2617 2618 2619 2620
f 2621 2622 2623 2624
f 2625 2626 2627 2628
f 2629 2630 2631 2632
f 2633 2634 2635 2636
f 2637 2638 2639 2640
f 2641 2642 2643 2644 2645 2646 2647 2648 2649 2650 2651 2652 2653 2654 2655 2656 2657 2658
f 2659 2660 2661 2662 2663 2664 2665 2666 2667 2668 2669 2670 2671 2672 2673 2674 2675 2676
f 2677 2678 2679 2680
f 2681 2682 2683 2684
f 2685 2686 2687 2688
f 2689 2690 2691 2692
f 2693 2694 2695 2696
f 2697 2698 2699 2700
f 2701 2702 2703 2704
f 2705 2706 2707 2708
f 2709 2710 2711 2712
f 2713 2714 2715 2716
f 2717 2718 2719 2720
f 2721 2722 2723 2724
f 2725 2726 2727 2728
f 2729 2730 2731 2732
f 2733 2734 2735 2736
f 2737 2738 2739 2740
f 2741 2742 2743 2744
f 2745 2746 2747 2748
f 2749 2750 2751 2752 2753 2754 2755 2756 2757 2758 2759 2760 2761 2762 2763 2764 2765 2766
f 2767 2768 2769 2770 2771 2772 2773 2774 2775 2776 2777 2778 2779 2780 2781 2782 2783 2784
usemtl DarkSteel
f 2785 2786 2787 2788
f 2789 2790 2791 2792
f 2793 2794 2795 2796
f 2797 2798 2799 2800
f 2801 2802 2803 2804
f 2805 2806 2807 2808
f 2809 2810 2811 2812
f 2813 2814 2815 2816
f 2817 2818 2819 2820
f 2821 2822 2823 2824
f 2825 2826 2827 2828
f 2829 2830 2831 2832
f 2833 2834 2835 2836
f 2837 2838 2839 2840
f 2841 2842 2843 2844
f 2845 2846 2847 2848
f 2849 2850 2851 2852
f 2853 2854 2855 2856
f 2857 2858 2859
f 2860 2861 2862
f 2863 2864 2865
f 2866 2867 2868
f 2869 2870 2871
f 2872 2873 2874
f 2875 2876 2877
f 2878 2879 2880
usemtl GearboxGrey
f 2881 2882 2883 2884
f 2885 2886 2887 2888
f 2889 2890 2891 2892
f 2893 2894 2895 2896
f 2897 2898 2899 2900
f 2901 2902 2903 2904
f 2905 2906 2907 2908
f 2909 2910 2911 2912
f 2913 2914 2915 2916
f 2917 2918 2919 2920
f 2921 2922 2923 2924
f 2925 2926 2927 2928
f 2929 2930 2931 2932
f 2933 2934 2935 2936
f 2937 2938 2939 2940
f 2941 2942 2943 2944
f 2945 2946 2947 2948
f 2949 2950 2951 2952
f 2953 2954 2955
f 2956 2957 2958
f 2959 2960 2961
f 2962 2963 2964
f 2965 2966 2967
f 2968 2969 2970
f 2971 2972 2973
f 2974 2975 2976
usemtl WheelSteel
f 2977 2978 2979 2980
f 2981 2982 2983 2984
f 2985 2986 2987 2988
f 2989 2990 2991 2992
f 2993 2994 2995 2996
f 2997 2998 2999 3000
f 3001 3002 3003 3004
f 3005 3006 3007 3008
f 3009 3010 3011 3012
f 3013 3014 3015 3016
f 3017 3018 3019 3020
f 3021 3022 3023 3024
f 3025 3026 3027 3028
f 3029 3030 3031 3032
f 3033 3034 3035 3036
f 3037 3038 3039 3040
f 3041 3042 3043 3044
f 3045 3046 3047 3048
f 3049 3050 3051 3052
f 3053 3054 3055 3056
f 3057 3058 3059 3060
f 3061 3062 3063 3064
f 3065 3066 3067 3068
f 3069 3070 3071 3072
f 3073 3074 3075 3076
f 3077 3078 3079 3080
f 3081 3082 3083 3084
f 3085 3086 3087 3088
f 3089 3090 3091 3092 3093 3094 3095 3096 3097 3098 3099 3100 3101 3102 3103 3104 3105 3106 3107 3108 3109 3110 3111 3112 3113 3114 3115 3116
f 3117 3118 3119 3120 3121 3122 3123 3124 3125 3126 3127 3128 3129 3130 3131 3132 3133 3134 3135 3136 3137 3138 3139 3140 3141 3142 3143 3144
usemtl Stainless
f 3145 3146 3147 3148
f 3149 3150 3151 3152
f 3153 3154 3155 3156
f 3157 3158 3159 3160
f 3161 3162 3163 3164
f 3165 3166 3167 3168
f 3169 3170 3171 3172
f 3173 3174 3175 3176
f 3177 3178 3179 3180
f 3181 3182 3183 3184
f 3185 3186 3187 3188
f 3189 3190 3191 3192
f 3193 3194 3195 3196
f 3197 3198 3199 3200
f 3201 3202 3203 3204
f 3205 3206 3207 3208
f 3209 3210 3211 3212
f 3213 3214 3215 3216
f 3217 3218 3219 3220 3221 3222 3223 3224 3225 3226 3227 3228 3229 3230 3231 3232 3233 3234
f 3235 3236 3237 3238 3239 3240 3241 3242 3243 3244 3245 3246 3247 3248 3249 3250 3251 3252
f 3253 3254 3255 3256
f 3257 3258 3259 3260
f 3261 3262 3263 3264
f 3265 3266 3267 3268
f 3269 3270 3271 3272
f 3273 3274 3275 3276
f 3277 3278 3279 3280
f 3281 3282 3283 3284
f 3285 3286 3287 3288
f 3289 3290 3291 3292
f 3293 3294 3295 3296
f 3297 3298 3299 3300
f 3301 3302 3303 3304
f 3305 3306 3307 3308
f 3309 3310 3311 3312
f 3313 3314 3315 3316
f 3317 3318 3319 3320
f 3321 3322 3323 3324
f 3325 3326 3327 3328 3329 3330 3331 3332 3333 3334 3335 3336 3337 3338 3339 3340 3341 3342
f 3343 3344 3345 3346 3347 3348 3349 3350 3351 3352 3353 3354 3355 3356 3357 3358 3359 3360
usemtl BoltSteel
f 3361 3362 3363 3364
f 3365 3366 3367 3368
f 3369 3370 3371 3372
f 3373 3374 3375 3376
f 3377 3378 3379 3380
f 3381 3382 3383 3384
f 3385 3386 3387 3388
f 3389 3390 3391 3392
f 3393 3394 3395 3396
f 3397 3398 3399 3400
f 3401 3402 3403 3404
f 3405 3406 3407 3408
f 3409 3410 3411 3412 3413 3414 3415 3416 3417 3418 3419 3420
f 3421 3422 3423 3424 3425 3426 3427 3428 3429 3430 3431 3432
usemtl Stainless
f 3433 3434 3435 3436
f 3437 3438 3439 3440
f 3441 3442 3443 3444
f 3445 3446 3447 3448
f 3449 3450 3451 3452
f 3453 3454 3455 3456
f 3457 3458 3459 3460
f 3461 3462 3463 3464
f 3465 3466 3467 3468
f 3469 3470 3471 3472
f 3473 3474 3475 3476
f 3477 3478 3479 3480
f 3481 3482 3483 3484
f 3485 3486 3487 3488
f 3489 3490 3491 3492
f 3493 3494 3495 3496
f 3497 3498 3499 3500
f 3501 3502 3503 3504
f 3505 3506 3507 3508 3509 3510 3511 3512 3513 3514 3515 3516 3517 3518 3519 3520 3521 3522
f 3523 3524 3525 3526 3527 3528 3529 3530 3531 3532 3533 3534 3535 3536 3537 3538 3539 3540
usemtl BoltSteel
f 3541 3542 3543 3544
f 3545 3546 3547 3548
f 3549 3550 3551 3552
f 3553 3554 3555 3556
f 3557 3558 3559 3560
f 3561 3562 3563 3564
f 3565 3566 3567 3568
f 3569 3570 3571 3572
f 3573 3574 3575 3576
f 3577 3578 3579 3580
f 3581 3582 3583 3584
f 3585 3586 3587 3588
f 3589 3590 3591 3592 3593 3594 3595 3596 3597 3598 3599 3600
f 3601 3602 3603 3604 3605 3606 3607 3608 3609 3610 3611 3612
usemtl Stainless
f 3613 3614 3615 3616
f 3617 3618 3619 3620
f 3621 3622 3623 3624
f 3625 3626 3627 3628
f 3629 3630 3631 3632
f 3633 3634 3635 3636
f 3637 3638 3639 3640
f 3641 3642 3643 3644
f 3645 3646 3647 3648
f 3649 3650 3651 3652
f 3653 3654 3655 3656
f 3657 3658 3659 3660
f 3661 3662 3663 3664
f 3665 3666 3667 3668
f 3669 3670 3671 3672
f 3673 3674 3675 3676
f 3677 3678 3679 3680
f 3681 3682 3683 3684
f 3685 3686 3687 3688 3689 3690 3691 3692 3693 3694 3695 3696 3697 3698 3699 3700 3701 3702
f 3703 3704 3705 3706 3707 3708 3709 3710 3711 3712 3713 3714 3715 3716 3717 3718 3719 3720
usemtl BoltSteel
f 3721 3722 3723 3724
f 3725 3726 3727 3728
f 3729 3730 3731 3732
f 3733 3734 3735 3736
f 3737 3738 3739 3740
f 3741 3742 3743 3744
f 3745 3746 3747 3748
f 3749 3750 3751 3752
f 3753 3754 3755 3756
f 3757 3758 3759 3760
f 3761 3762 3763 3764
f 3765 3766 3767 3768
f 3769 3770 3771 3772 3773 3774 3775 3776 3777 3778 3779 3780
f 3781 3782 3783 3784 3785 3786 3787 3788 3789 3790 3791 3792
usemtl Stainless
f 3793 3794 3795 3796
f 3797 3798 3799 3800
f 3801 3802 3803 3804
f 3805 3806 3807 3808
f 3809 3810 3811 3812
f 3813 3814 3815 3816
f 3817 3818 3819 3820
f 3821 3822 3823 3824
f 3825 3826 3827 3828
f 3829 3830 3831 3832
f 3833 3834 3835 3836
f 3837 3838 3839 3840
f 3841 3842 3843 3844
f 3845 3846 3847 3848
f 3849 3850 3851 3852
f 3853 3854 3855 3856
f 3857 3858 3859 3860
f 3861 3862 3863 3864
f 3865 3866 3867 3868 3869 3870 3871 3872 3873 3874 3875 3876 3877 3878 3879 3880 3881 3882
f 3883 3884 3885 3886 3887 3888 3889 3890 3891 3892 3893 3894 3895 3896 3897 3898 3899 3900
usemtl BoltSteel
f 3901 3902 3903 3904
f 3905 3906 3907 3908
f 3909 3910 3911 3912
f 3913 3914 3915 3916
f 3917 3918 3919 3920
f 3921 3922 3923 3924
f 3925 3926 3927 3928
f 3929 3930 3931 3932
f 3933 3934 3935 3936
f 3937 3938 3939 3940
f 3941 3942 3943 3944
f 3945 3946 3947 3948
f 3949 3950 3951 3952 3953 3954 3955 3956 3957 3958 3959 3960
f 3961 3962 3963 3964 3965 3966 3967 3968 3969 3970 3971 3972
usemtl Stainless
f 3973 3974 3975 3976
f 3977 3978 3979 3980
f 3981 3982 3983 3984
f 3985 3986 3987 3988
f 3989 3990 3991 3992
f 3993 3994 3995 3996
f 3997 3998 3999 4000
f 4001 4002 4003 4004
f 4005 4006 4007 4008
f 4009 4010 4011 4012
f 4013 4014 4015 4016
f 4017 4018 4019 4020
f 4021 4022 4023 4024
f 4025 4026 4027 4028
f 4029 4030 4031 4032
f 4033 4034 4035 4036
f 4037 4038 4039 4040
f 4041 4042 4043 4044
f 4045 4046 4047 4048 4049 4050 4051 4052 4053 4054 4055 4056 4057 4058 4059 4060 4061 4062
f 4063 4064 4065 4066 4067 4068 4069 4070 4071 4072 4073 4074 4075 4076 4077 4078 4079 4080
usemtl BoltSteel
f 4081 4082 4083 4084
f 4085 4086 4087 4088
f 4089 4090 4091 4092
f 4093 4094 4095 4096
f 4097 4098 4099 4100
f 4101 4102 4103 4104
f 4105 4106 4107 4108
f 4109 4110 4111 4112
f 4113 4114 4115 4116
f 4117 4118 4119 4120
f 4121 4122 4123 4124
f 4125 4126 4127 4128
f 4129 4130 4131 4132 4133 4134 4135 4136 4137 4138 4139 4140
f 4141 4142 4143 4144 4145 4146 4147 4148 4149 4150 4151 4152
usemtl Stainless
f 4153 4154 4155 4156
f 4157 4158 4159 4160
f 4161 4162 4163 4164
f 4165 4166 4167 4168
f 4169 4170 4171 4172
f 4173 4174 4175 4176
f 4177 4178 4179 4180
f 4181 4182 4183 4184
f 4185 4186 4187 4188
f 4189 4190 4191 4192
f 4193 4194 4195 4196
f 4197 4198 4199 4200
f 4201 4202 4203 4204
f 4205 4206 4207 4208
f 4209 4210 4211 4212
f 4213 4214 4215 4216
f 4217 4218 4219 4220
f 4221 4222 4223 4224
f 4225 4226 4227 4228 4229 4230 4231 4232 4233 4234 4235 4236 4237 4238 4239 4240 4241 4242
f 4243 4244 4245 4246 4247 4248 4249 4250 4251 4252 4253 4254 4255 4256 4257 4258 4259 4260
usemtl BoltSteel
f 4261 4262 4263 4264
f 4265 4266 4267 4268
f 4269 4270 4271 4272
f 4273 4274 4275 4276
f 4277 4278 4279 4280
f 4281 4282 4283 4284
f 4285 4286 4287 4288
f 4289 4290 4291 4292
f 4293 4294 4295 4296
f 4297 4298 4299 4300
f 4301 4302 4303 4304
f 4305 4306 4307 4308
f 4309 4310 4311 4312 4313 4314 4315 4316 4317 4318 4319 4320
f 4321 4322 4323 4324 4325 4326 4327 4328 4329 4330 4331 4332
usemtl Stainless
f 4333 4334 4335 4336
f 4337 4338 4339 4340
f 4341 4342 4343 4344
f 4345 4346 4347 4348
f 4349 4350 4351 4352
f 4353 4354 4355 4356
f 4357 4358 4359 4360
f 4361 4362 4363 4364
f 4365 4366 4367 4368
f 4369 4370 4371 4372
f 4373 4374 4375 4376
f 4377 4378 4379 4380
f 4381 4382 4383 4384
f 4385 4386 4387 4388
f 4389 4390 4391 4392
f 4393 4394 4395 4396
f 4397 4398 4399 4400
f 4401 4402 4403 4404
f 4405 4406 4407 4408 4409 4410 4411 4412 4413 4414 4415 4416 4417 4418 4419 4420 4421 4422
f 4423 4424 4425 4426 4427 4428 4429 4430 4431 4432 4433 4434 4435 4436 4437 4438 4439 4440
usemtl BoltSteel
f 4441 4442 4443 4444
f 4445 4446 4447 4448
f 4449 4450 4451 4452
f 4453 4454 4455 4456
f 4457 4458 4459 4460
f 4461 4462 4463 4464
f 4465 4466 4467 4468
f 4469 4470 4471 4472
f 4473 4474 4475 4476
f 4477 4478 4479 4480
f 4481 4482 4483 4484
f 4485 4486 4487 4488
f 4489 4490 4491 4492 4493 4494 4495 4496 4497 4498 4499 4500
f 4501 4502 4503 4504 4505 4506 4507 4508 4509 4510 4511 4512
usemtl Stainless
f 4513 4514 4515 4516
f 4517 4518 4519 4520
f 4521 4522 4523 4524
f 4525 4526 4527 4528
f 4529 4530 4531 4532
f 4533 4534 4535 4536
f 4537 4538 4539 4540
f 4541 4542 4543 4544
f 4545 4546 4547 4548
f 4549 4550 4551 4552
f 4553 4554 4555 4556
f 4557 4558 4559 4560
f 4561 4562 4563 4564
f 4565 4566 4567 4568
f 4569 4570 4571 4572
f 4573 4574 4575 4576
f 4577 4578 4579 4580
f 4581 4582 4583 4584
f 4585 4586 4587 4588 4589 4590 4591 4592 4593 4594 4595 4596 4597 4598 4599 4600 4601 4602
f 4603 4604 4605 4606 4607 4608 4609 4610 4611 4612 4613 4614 4615 4616 4617 4618 4619 4620
usemtl BoltSteel
f 4621 4622 4623 4624
f 4625 4626 4627 4628
f 4629 4630 4631 4632
f 4633 4634 4635 4636
f 4637 4638 4639 4640
f 4641 4642 4643 4644
f 4645 4646 4647 4648
f 4649 4650 4651 4652
f 4653 4654 4655 4656
f 4657 4658 4659 4660
f 4661 4662 4663 4664
f 4665 4666 4667 4668
f 4669 4670 4671 4672 4673 4674 4675 4676 4677 4678 4679 4680
f 4681 4682 4683 4684 4685 4686 4687 4688 4689 4690 4691 4692
usemtl Stainless
f 4693 4694 4695 4696
f 4697 4698 4699 4700
f 4701 4702 4703 4704
f 4705 4706 4707 4708
f 4709 4710 4711 4712
f 4713 4714 4715 4716
f 4717 4718 4719 4720
f 4721 4722 4723 4724
f 4725 4726 4727 4728
f 4729 4730 4731 4732
f 4733 4734 4735 4736
f 4737 4738 4739 4740
f 4741 4742 4743 4744
f 4745 4746 4747 4748
f 4749 4750 4751 4752
f 4753 4754 4755 4756
f 4757 4758 4759 4760
f 4761 4762 4763 4764
f 4765 4766 4767 4768 4769 4770 4771 4772 4773 4774 4775 4776 4777 4778 4779 4780 4781 4782
f 4783 4784 4785 4786 4787 4788 4789 4790 4791 4792 4793 4794 4795 4796 4797 4798 4799 4800
usemtl DarkSteel
f 4801 4802 4803 4804
f 4805 4806 4807 4808
f 4809 4810 4811 4812
f 4813 4814 4815 4816
f 4817 4818 4819 4820
f 4821 4822 4823 4824
f 4825 4826 4827 4828
f 4829 4830 4831 4832
f 4833 4834 4835 4836
f 4837 4838 4839 4840
f 4841 4842 4843 4844
f 4845 4846 4847 4848
f 4849 4850 4851 4852
f 4853 4854 4855 4856
f 4857 4858 4859 4860
f 4861 4862 4863 4864
f 4865 4866 4867 4868
f 4869 4870 4871 4872
f 4873 4874 4875
f 4876 4877 4878
f 4879 4880 4881
f 4882 4883 4884
f 4885 4886 4887
f 4888 4889 4890
f 4891 4892 4893
f 4894 4895 4896
usemtl Rubber
f 4897 4898 4899 4900
f 4901 4902 4903 4904
f 4905 4906 4907 4908
f 4909 4910 4911 4912
f 4913 4914 4915 4916
f 4917 4918 4919 4920
f 4921 4922 4923 4924
f 4925 4926 4927 4928
f 4929 4930 4931 4932
f 4933 4934 4935 4936
f 4937 4938 4939 4940
f 4941 4942 4943 4944
f 4945 4946 4947 4948
f 4949 4950 4951 4952
f 4953 4954 4955 4956
f 4957 4958 4959 4960
f 4961 4962 4963 4964 4965 4966 4967 4968 4969 4970 4971 4972 4973 4974 4975 4976
f 4977 4978 4979 4980 4981 4982 4983 4984 4985 4986 4987 4988 4989 4990 4991 4992
usemtl BrandBlue
f 4993 4994 4995 4996
f 4997 4998 4999 5000
f 5001 5002 5003 5004
f 5005 5006 5007 5008
f 5009 5010 5011 5012
f 5013 5014 5015 5016
f 5017 5018 5019 5020
f 5021 5022 5023 5024
f 5025 5026 5027 5028
f 5029 5030 5031 5032
f 5033 5034 5035 5036
f 5037 5038 5039 5040
f 5041 5042 5043 5044
f 5045 5046 5047 5048
f 5049 5050 5051 5052
f 5053 5054 5055 5056
f 5057 5058 5059 5060
f 5061 5062 5063 5064
f 5065 5066 5067
f 5068 5069 5070
f 5071 5072 5073
f 5074 5075 5076
f 5077 5078 5079
f 5080 5081 5082
f 5083 5084 5085
f 5086 5087 5088
f 5089 5090 5091 5092
f 5093 5094 5095 5096
f 5097 5098 5099 5100
f 5101 5102 5103 5104
f 5105 5106 5107 5108
f 5109 5110 5111 5112
f 5113 5114 5115 5116
f 5117 5118 5119 5120
f 5121 5122 5123 5124
f 5125 5126 5127 5128
f 5129 5130 5131 5132
f 5133 5134 5135 5136
f 5137 5138 5139 5140
f 5141 5142 5143 5144
f 5145 5146 5147 5148
f 5149 5150 5151 5152
f 5153 5154 5155 5156
f 5157 5158 5159 5160
f 5161 5162 5163
f 5164 5165 5166
f 5167 5168 5169
f 5170 5171 5172
f 5173 5174 5175
f 5176 5177 5178
f 5179 5180 5181
f 5182 5183 5184
f 5185 5186 5187 5188
f 5189 5190 5191 5192
f 5193 5194 5195 5196
f 5197 5198 5199 5200
f 5201 5202 5203 5204
f 5205 5206 5207 5208
f 5209 5210 5211 5212
f 5213 5214 5215 5216
f 5217 5218 5219 5220
f 5221 5222 5223 5224
f 5225 5226 5227 5228
f 5229 5230 5231 5232
f 5233 5234 5235 5236
f 5237 5238 5239 5240
f 5241 5242 5243 5244
f 5245 5246 5247 5248
f 5249 5250 5251 5252
f 5253 5254 5255 5256
f 5257 5258 5259
f 5260 5261 5262
f 5263 5264 5265
f 5266 5267 5268
f 5269 5270 5271
f 5272 5273 5274
f 5275 5276 5277
f 5278 5279 5280
f 5281 5282 5283 5284
f 5285 5286 5287 5288
f 5289 5290 5291 5292
f 5293 5294 5295 5296
f 5297 5298 5299 5300
f 5301 5302 5303 5304
f 5305 5306 5307 5308
f 5309 5310 5311 5312
f 5313 5314 5315 5316
f 5317 5318 5319 5320
f 5321 5322 5323 5324
f 5325 5326 5327 5328
f 5329 5330 5331 5332
f 5333 5334 5335 5336
f 5337 5338 5339 5340
f 5341 5342 5343 5344
f 5345 5346 5347 5348
f 5349 5350 5351 5352
f 5353 5354 5355
f 5356 5357 5358
f 5359 5360 5361
f 5362 5363 5364
f 5365 5366 5367
f 5368 5369 5370
f 5371 5372 5373
f 5374 5375 5376
f 5377 5378 5379 5380
f 5381 5382 5383 5384
f 5385 5386 5387 5388
f 5389 5390 5391 5392
f 5393 5394 5395 5396
f 5397 5398 5399 5400
f 5401 5402 5403 5404
f 5405 5406 5407 5408
f 5409 5410 5411 5412
f 5413 5414 5415 5416
f 5417 5418 5419 5420
f 5421 5422 5423 5424
f 5425 5426 5427 5428
f 5429 5430 5431 5432
f 5433 5434 5435 5436
f 5437 5438 5439 5440
f 5441 5442 5443 5444
f 5445 5446 5447 5448
f 5449 5450 5451
f 5452 5453 5454
f 5455 5456 5457
f 5458 5459 5460
f 5461 5462 5463
f 5464 5465 5466
f 5467 5468 5469
f 5470 5471 5472
f 5473 5474 5475 5476
f 5477 5478 5479 5480
f 5481 5482 5483 5484
f 5485 5486 5487 5488
f 5489 5490 5491 5492
f 5493 5494 5495 5496
f 5497 5498 5499 5500
f 5501 5502 5503 5504
f 5505 5506 5507 5508
f 5509 5510 5511 5512
f 5513 5514 5515 5516
f 5517 5518 5519 5520
f 5521 5522 5523 5524
f 5525 5526 5527 5528
f 5529 5530 5531 5532
f 5533 5534 5535 5536
f 5537 5538 5539 5540
f 5541 5542 5543 5544
f 5545 5546 5547
f 5548 5549 5550
f 5551 5552 5553
f 5554 5555 5556
f 5557 5558 5559
f 5560 5561 5562
f 5563 5564 5565
f 5566 5567 5568
f 5569 5570 5571 5572
f 5573 5574 5575 5576
f 5577 5578 5579 5580
f 5581 5582 5583 5584
f 5585 5586 5587 5588
f 5589 5590 5591 5592
f 5593 5594 5595 5596
f 5597 5598 5599 5600
f 5601 5602 5603 5604
f 5605 5606 5607 5608
f 5609 5610 5611 5612
f 5613 5614 5615 5616
f 5617 5618 5619 5620
f 5621 5622 5623 5624
f 5625 5626 5627 5628
f 5629 5630 5631 5632
f 5633 5634 5635 5636
f 5637 5638 5639 5640
f 5641 5642 5643
f 5644 5645 5646
f 5647 5648 5649
f 5650 5651 5652
f 5653 5654 5655
f 5656 5657 5658
f 5659 5660 5661
f 5662 5663 5664
f 5665 5666 5667 5668
f 5669 5670 5671 5672
f 5673 5674 5675 5676
f 5677 5678 5679 5680
f 5681 5682 5683 5684
f 5685 5686 5687 5688
f 5689 5690 5691 5692
f 5693 5694 5695 5696
f 5697 5698 5699 5700
f 5701 5702 5703 5704
f 5705 5706 5707 5708
f 5709 5710 5711 5712
f 5713 5714 5715 5716
f 5717 5718 5719 5720
f 5721 5722 5723 5724
f 5725 5726 5727 5728
f 5729 5730 5731 5732
f 5733 5734 5735 5736
f 5737 5738 5739
f 5740 5741 5742
f 5743 5744 5745
f 5746 5747 5748
f 5749 5750 5751
f 5752 5753 5754
f 5755 5756 5757
f 5758 5759 5760
f 5761 5762 5763 5764
f 5765 5766 5767 5768
f 5769 5770 5771 5772
f 5773 5774 5775 5776
f 5777 5778 5779 5780
f 5781 5782 5783 5784
f 5785 5786 5787 5788
f 5789 5790 5791 5792
f 5793 5794 5795 5796
f 5797 5798 5799 5800
f 5801 5802 5803 5804
f 5805 5806 5807 5808
f 5809 5810 5811 5812
f 5813 5814 5815 5816
f 5817 5818 5819 5820
f 5821 5822 5823 5824
f 5825 5826 5827 5828
f 5829 5830 5831 5832
f 5833 5834 5835
f 5836 5837 5838
f 5839 5840 5841
f 5842 5843 5844
f 5845 5846 5847
f 5848 5849 5850
f 5851 5852 5853
f 5854 5855 5856
f 5857 5858 5859 5860
f 5861 5862 5863 5864
f 5865 5866 5867 5868
f 5869 5870 5871 5872
f 5873 5874 5875 5876
f 5877 5878 5879 5880
f 5881 5882 5883 5884
f 5885 5886 5887 5888
f 5889 5890 5891 5892
f 5893 5894 5895 5896
f 5897 5898 5899 5900
f 5901 5902 5903 5904
f 5905 5906 5907 5908
f 5909 5910 5911 5912
f 5913 5914 5915 5916
f 5917 5918 5919 5920
f 5921 5922 5923 5924
f 5925 5926 5927 5928
f 5929 5930 5931
f 5932 5933 5934
f 5935 5936 5937
f 5938 5939 5940
f 5941 5942 5943
f 5944 5945 5946
f 5947 5948 5949
f 5950 5951 5952
f 5953 5954 5955 5956
f 5957 5958 5959 5960
f 5961 5962 5963 5964
f 5965 5966 5967 5968
f 5969 5970 5971 5972
f 5973 5974 5975 5976
f 5977 5978 5979 5980
f 5981 5982 5983 5984
f 5985 5986 5987 5988
f 5989 5990 5991 5992
f 5993 5994 5995 5996
f 5997 5998 5999 6000
f 6001 6002 6003 6004
f 6005 6006 6007 6008
f 6009 6010 6011 6012
f 6013 6014 6015 6016
f 6017 6018 6019 6020
f 6021 6022 6023 6024
f 6025 6026 6027
f 6028 6029 6030
f 6031 6032 6033
f 6034 6035 6036
f 6037 6038 6039
f 6040 6041 6042
f 6043 6044 6045
f 6046 6047 6048
f 6049 6050 6051 6052
f 6053 6054 6055 6056
f 6057 6058 6059 6060
f 6061 6062 6063 6064
f 6065 6066 6067 6068
f 6069 6070 6071 6072
f 6073 6074 6075 6076
f 6077 6078 6079 6080
f 6081 6082 6083 6084
f 6085 6086 6087 6088
f 6089 6090 6091 6092
f 6093 6094 6095 6096
f 6097 6098 6099 6100
f 6101 6102 6103 6104
f 6105 6106 6107 6108
f 6109 6110 6111 6112
f 6113 6114 6115 6116
f 6117 6118 6119 6120
f 6121 6122 6123
f 6124 6125 6126
f 6127 6128 6129
f 6130 6131 6132
f 6133 6134 6135
f 6136 6137 6138
f 6139 6140 6141
f 6142 6143 6144
f 6145 6146 6147 6148
f 6149 6150 6151 6152
f 6153 6154 6155 6156
f 6157 6158 6159 6160
f 6161 6162 6163 6164
f 6165 6166 6167 6168
f 6169 6170 6171 6172
f 6173 6174 6175 6176
f 6177 6178 6179 6180
f 6181 6182 6183 6184
f 6185 6186 6187 6188
f 6189 6190 6191 6192
f 6193 6194 6195 6196
f 6197 6198 6199 6200
f 6201 6202 6203 6204
f 6205 6206 6207 6208
f 6209 6210 6211 6212
f 6213 6214 6215 6216
f 6217 6218 6219
f 6220 6221 6222
f 6223 6224 6225
f 6226 6227 6228
f 6229 6230 6231
f 6232 6233 6234
f 6235 6236 6237
f 6238 6239 6240
f 6241 6242 6243 6244
f 6245 6246 6247 6248
f 6249 6250 6251 6252
f 6253 6254 6255 6256
f 6257 6258 6259 6260
f 6261 6262 6263 6264
f 6265 6266 6267 6268
f 6269 6270 6271 6272
f 6273 6274 6275 6276
f 6277 6278 6279 6280
f 6281 6282 6283 6284
f 6285 6286 6287 6288
f 6289 6290 6291 6292
f 6293 6294 6295 6296
f 6297 6298 6299 6300
f 6301 6302 6303 6304
f 6305 6306 6307 6308
f 6309 6310 6311 6312
f 6313 6314 6315
f 6316 6317 6318
f 6319 6320 6321
f 6322 6323 6324
f 6325 6326 6327
f 6328 6329 6330
f 6331 6332 6333
f 6334 6335 6336
f 6337 6338 6339 6340
f 6341 6342 6343 6344
f 6345 6346 6347 6348
f 6349 6350 6351 6352
f 6353 6354 6355 6356
f 6357 6358 6359 6360
f 6361 6362 6363 6364
f 6365 6366 6367 6368
f 6369 6370 6371 6372
f 6373 6374 6375 6376
f 6377 6378 6379 6380
f 6381 6382 6383 6384
f 6385 6386 6387 6388
f 6389 6390 6391 6392
f 6393 6394 6395 6396
f 6397 6398 6399 6400
f 6401 6402 6403 6404
f 6405 6406 6407 6408
f 6409 6410 6411
f 6412 6413 6414
f 6415 6416 6417
f 6418 6419 6420
f 6421 6422 6423
f 6424 6425 6426
f 6427 6428 6429
f 6430 6431 6432
f 6433 6434 6435 6436
f 6437 6438 6439 6440
f 6441 6442 6443 6444
f 6445 6446 6447 6448
f 6449 6450 6451 6452
f 6453 6454 6455 6456
f 6457 6458 6459 6460
f 6461 6462 6463 6464
f 6465 6466 6467 6468
f 6469 6470 6471 6472
f 6473 6474 6475 6476
f 6477 6478 6479 6480
f 6481 6482 6483 6484
f 6485 6486 6487 6488
f 6489 6490 6491 6492
f 6493 6494 6495 6496
f 6497 6498 6499 6500
f 6501 6502 6503 6504
f 6505 6506 6507
f 6508 6509 6510
f 6511 6512 6513
f 6514 6515 6516
f 6517 6518 6519
f 6520 6521 6522
f 6523 6524 6525
f 6526 6527 6528
f 6529 6530 6531 6532
f 6533 6534 6535 6536
f 6537 6538 6539 6540
f 6541 6542 6543 6544
f 6545 6546 6547 6548
f 6549 6550 6551 6552
f 6553 6554 6555 6556
f 6557 6558 6559 6560
f 6561 6562 6563 6564
f 6565 6566 6567 6568
f 6569 6570 6571 6572
f 6573 6574 6575 6576
f 6577 6578 6579 6580
f 6581 6582 6583 6584
f 6585 6586 6587 6588
f 6589 6590 6591 6592
f 6593 6594 6595 6596
f 6597 6598 6599 6600
f 6601 6602 6603
f 6604 6605 6606
f 6607 6608 6609
f 6610 6611 6612
f 6613 6614 6615
f 6616 6617 6618
f 6619 6620 6621
f 6622 6623 6624
f 6625 6626 6627 6628
f 6629 6630 6631 6632
f 6633 6634 6635 6636
f 6637 6638 6639 6640
f 6641 6642 6643 6644
f 6645 6646 6647 6648
f 6649 6650 6651 6652
f 6653 6654 6655 6656
f 6657 6658 6659 6660
f 6661 6662 6663 6664
f 6665 6666 6667 6668
f 6669 6670 6671 6672
f 6673 6674 6675 6676
f 6677 6678 6679 6680
f 6681 6682 6683 6684
f 6685 6686 6687 6688
f 6689 6690 6691 6692
f 6693 6694 6695 6696
f 6697 6698 6699
f 6700 6701 6702
f 6703 6704 6705
f 6706 6707 6708
f 6709 6710 6711
f 6712 6713 6714
f 6715 6716 6717
f 6718 6719 6720
f 6721 6722 6723 6724
f 6725 6726 6727 6728
f 6729 6730 6731 6732
f 6733 6734 6735 6736
f 6737 6738 6739 6740
f 6741 6742 6743 6744
f 6745 6746 6747 6748
f 6749 6750 6751 6752
f 6753 6754 6755 6756
f 6757 6758 6759 6760
f 6761 6762 6763 6764
f 6765 6766 6767 6768
f 6769 6770 6771 6772
f 6773 6774 6775 6776
f 6777 6778 6779 6780
f 6781 6782 6783 6784
f 6785 6786 6787 6788
f 6789 6790 6791 6792
f 6793 6794 6795
f 6796 6797 6798
f 6799 6800 6801
f 6802 6803 6804
f 6805 6806 6807
f 6808 6809 6810
f 6811 6812 6813
f 6814 6815 6816
f 6817 6818 6819 6820
f 6821 6822 6823 6824
f 6825 6826 6827 6828
f 6829 6830 6831 6832
f 6833 6834 6835 6836
f 6837 6838 6839 6840
f 6841 6842 6843 6844
f 6845 6846 6847 6848
f 6849 6850 6851 6852
f 6853 6854 6855 6856
f 6857 6858 6859 6860
f 6861 6862 6863 6864
f 6865 6866 6867 6868
f 6869 6870 6871 6872
f 6873 6874 6875 6876
f 6877 6878 6879 6880
f 6881 6882 6883 6884
f 6885 6886 6887 6888
f 6889 6890 6891
f 6892 6893 6894
f 6895 6896 6897
f 6898 6899 6900
f 6901 6902 6903
f 6904 6905 6906
f 6907 6908 6909
f 6910 6911 6912
f 6913 6914 6915 6916
f 6917 6918 6919 6920
f 6921 6922 6923 6924
f 6925 6926 6927 6928
f 6929 6930 6931 6932
f 6933 6934 6935 6936
f 6937 6938 6939 6940
f 6941 6942 6943 6944
f 6945 6946 6947 6948
f 6949 6950 6951 6952
f 6953 6954 6955 6956
f 6957 6958 6959 6960
f 6961 6962 6963 6964
f 6965 6966 6967 6968
f 6969 6970 6971 6972
f 6973 6974 6975 6976
f 6977 6978 6979 6980
f 6981 6982 6983 6984
f 6985 6986 6987
f 6988 6989 6990
f 6991 6992 6993
f 6994 6995 6996
f 6997 6998 6999
f 7000 7001 7002
f 7003 7004 7005
f 7006 7007 7008
f 7009 7010 7011 7012
f 7013 7014 7015 7016
f 7017 7018 7019 7020
f 7021 7022 7023 7024
f 7025 7026 7027 7028
f 7029 7030 7031 7032
f 7033 7034 7035 7036
f 7037 7038 7039 7040
f 7041 7042 7043 7044
f 7045 7046 7047 7048
f 7049 7050 7051 7052
f 7053 7054 7055 7056
f 7057 7058 7059 7060
f 7061 7062 7063 7064
f 7065 7066 7067 7068
f 7069 7070 7071 7072
f 7073 7074 7075 7076
f 7077 7078 7079 7080
f 7081 7082 7083
f 7084 7085 7086
f 7087 7088 7089
f 7090 7091 7092
f 7093 7094 7095
f 7096 7097 7098
f 7099 7100 7101
f 7102 7103 7104
f 7105 7106 7107 7108
f 7109 7110 7111 7112
f 7113 7114 7115 7116
f 7117 7118 7119 7120
f 7121 7122 7123 7124
f 7125 7126 7127 7128
f 7129 7130 7131 7132
f 7133 7134 7135 7136
f 7137 7138 7139 7140
f 7141 7142 7143 7144
f 7145 7146 7147 7148
f 7149 7150 7151 7152
f 7153 7154 7155 7156
f 7157 7158 7159 7160
f 7161 7162 7163 7164
f 7165 7166 7167 7168
f 7169 7170 7171 7172
f 7173 7174 7175 7176
f 7177 7178 7179
f 7180 7181 7182
f 7183 7184 7185
f 7186 7187 7188
f 7189 7190 7191
f 7192 7193 7194
f 7195 7196 7197
f 7198 7199 7200
f 7201 7202 7203 7204
f 7205 7206 7207 7208
f 7209 7210 7211 7212
f 7213 7214 7215 7216
f 7217 7218 7219 7220
f 7221 7222 7223 7224
f 7225 7226 7227 7228
f 7229 7230 7231 7232
f 7233 7234 7235 7236
f 7237 7238 7239 7240
f 7241 7242 7243 7244
f 7245 7246 7247 7248
f 7249 7250 7251 7252
f 7253 7254 7255 7256
f 7257 7258 7259 7260
f 7261 7262 7263 7264
f 7265 7266 7267 7268
f 7269 7270 7271 7272
f 7273 7274 7275
f 7276 7277 7278
f 7279 7280 7281
f 7282 7283 7284
f 7285 7286 7287
f 7288 7289 7290
f 7291 7292 7293
f 7294 7295 7296
f 7297 7298 7299 7300
f 7301 7302 7303 7304
f 7305 7306 7307 7308
f 7309 7310 7311 7312
f 7313 7314 7315 7316
f 7317 7318 7319 7320
f 7321 7322 7323 7324
f 7325 7326 7327 7328
f 7329 7330 7331 7332
f 7333 7334 7335 7336
f 7337 7338 7339 7340
f 7341 7342 7343 7344
f 7345 7346 7347 7348
f 7349 7350 7351 7352
f 7353 7354 7355 7356
f 7357 7358 7359 7360
f 7361 7362 7363 7364
f 7365 7366 7367 7368
f 7369 7370 7371
f 7372 7373 7374
f 7375 7376 7377
f 7378 7379 7380
f 7381 7382 7383
f 7384 7385 7386
f 7387 7388 7389
f 7390 7391 7392
f 7393 7394 7395 7396
f 7397 7398 7399 7400
f 7401 7402 7403 7404
f 7405 7406 7407 7408
f 7409 7410 7411 7412
f 7413 7414 7415 7416
f 7417 7418 7419 7420
f 7421 7422 7423 7424
f 7425 7426 7427 7428
f 7429 7430 7431 7432
f 7433 7434 7435 7436
f 7437 7438 7439 7440
f 7441 7442 7443 7444
f 7445 7446 7447 7448
f 7449 7450 7451 7452
f 7453 7454 7455 7456
f 7457 7458 7459 7460
f 7461 7462 7463 7464
f 7465 7466 7467
f 7468 7469 7470
f 7471 7472 7473
f 7474 7475 7476
f 7477 7478 7479
f 7480 7481 7482
f 7483 7484 7485
f 7486 7487 7488
f 7489 7490 7491 7492
f 7493 7494 7495 7496
f 7497 7498 7499 7500
f 7501 7502 7503 7504
f 7505 7506 7507 7508
f 7509 7510 7511 7512
f 7513 7514 7515 7516
f 7517 7518 7519 7520
f 7521 7522 7523 7524
f 7525 7526 7527 7528
f 7529 7530 7531 7532
f 7533 7534 7535 7536
f 7537 7538 7539 7540
f 7541 7542 7543 7544
f 7545 7546 7547 7548
f 7549 7550 7551 7552
f 7553 7554 7555 7556
f 7557 7558 7559 7560
f 7561 7562 7563
f 7564 7565 7566
f 7567 7568 7569
f 7570 7571 7572
f 7573 7574 7575
f 7576 7577 7578
f 7579 7580 7581
f 7582 7583 7584
f 7585 7586 7587 7588
f 7589 7590 7591 7592
f 7593 7594 7595 7596
f 7597 7598 7599 7600
f 7601 7602 7603 7604
f 7605 7606 7607 7608
f 7609 7610 7611 7612
f 7613 7614 7615 7616
f 7617 7618 7619 7620
f 7621 7622 7623 7624
f 7625 7626 7627 7628
f 7629 7630 7631 7632
f 7633 7634 7635 7636
f 7637 7638 7639 7640
f 7641 7642 7643 7644
f 7645 7646 7647 7648
f 7649 7650 7651 7652
f 7653 7654 7655 7656
f 7657 7658 7659
f 7660 7661 7662
f 7663 7664 7665
f 7666 7667 7668
f 7669 7670 7671
f 7672 7673 7674
f 7675 7676 7677
f 7678 7679 7680
f 7681 7682 7683 7684
f 7685 7686 7687 7688
f 7689 7690 7691 7692
f 7693 7694 7695 7696
f 7697 7698 7699 7700
f 7701 7702 7703 7704
f 7705 7706 7707 7708
f 7709 7710 7711 7712
f 7713 7714 7715 7716
f 7717 7718 7719 7720
f 7721 7722 7723 7724
f 7725 7726 7727 7728
f 7729 7730 7731 7732
f 7733 7734 7735 7736
f 7737 7738 7739 7740
f 7741 7742 7743 7744
f 7745 7746 7747 7748
f 7749 7750 7751 7752
f 7753 7754 7755
f 7756 7757 7758
f 7759 7760 7761
f 7762 7763 7764
f 7765 7766 7767
f 7768 7769 7770
f 7771 7772 7773
f 7774 7775 7776
f 7777 7778 7779 7780
f 7781 7782 7783 7784
f 7785 7786 7787 7788
f 7789 7790 7791 7792
f 7793 7794 7795 7796
f 7797 7798 7799 7800
f 7801 7802 7803 7804
f 7805 7806 7807 7808
f 7809 7810 7811 7812
f 7813 7814 7815 7816
f 7817 7818 7819 7820
f 7821 7822 7823 7824
f 7825 7826 7827 7828
f 7829 7830 7831 7832
f 7833 7834 7835 7836
f 7837 7838 7839 7840
f 7841 7842 7843 7844
f 7845 7846 7847 7848
f 7849 7850 7851
f 7852 7853 7854
f 7855 7856 7857
f 7858 7859 7860
f 7861 7862 7863
f 7864 7865 7866
f 7867 7868 7869
f 7870 7871 7872
f 7873 7874 7875 7876
f 7877 7878 7879 7880
f 7881 7882 7883 7884
f 7885 7886 7887 7888
f 7889 7890 7891 7892
f 7893 7894 7895 7896
f 7897 7898 7899 7900
f 7901 7902 7903 7904
f 7905 7906 7907 7908
f 7909 7910 7911 7912
f 7913 7914 7915 7916
f 7917 7918 7919 7920
f 7921 7922 7923 7924
f 7925 7926 7927 7928
f 7929 7930 7931 7932
f 7933 7934 7935 7936
f 7937 7938 7939 7940
f 7941 7942 7943 7944
f 7945 7946 7947
f 7948 7949 7950
f 7951 7952 7953
f 7954 7955 7956
f 7957 7958 7959
f 7960 7961 7962
f 7963 7964 7965
f 7966 7967 7968
f 7969 7970 7971 7972
f 7973 7974 7975 7976
f 7977 7978 7979 7980
f 7981 7982 7983 7984
f 7985 7986 7987 7988
f 7989 7990 7991 7992
f 7993 7994 7995 7996
f 7997 7998 7999 8000
f 8001 8002 8003 8004
f 8005 8006 8007 8008
f 8009 8010 8011 8012
f 8013 8014 8015 8016
f 8017 8018 8019 8020
f 8021 8022 8023 8024
f 8025 8026 8027 8028
f 8029 8030 8031 8032
f 8033 8034 8035 8036
f 8037 8038 8039 8040
f 8041 8042 8043
f 8044 8045 8046
f 8047 8048 8049
f 8050 8051 8052
f 8053 8054 8055
f 8056 8057 8058
f 8059 8060 8061
f 8062 8063 8064
f 8065 8066 8067 8068
f 8069 8070 8071 8072
f 8073 8074 8075 8076
f 8077 8078 8079 8080
f 8081 8082 8083 8084
f 8085 8086 8087 8088
f 8089 8090 8091 8092
f 8093 8094 8095 8096
f 8097 8098 8099 8100
f 8101 8102 8103 8104
f 8105 8106 8107 8108
f 8109 8110 8111 8112
f 8113 8114 8115 8116
f 8117 8118 8119 8120
f 8121 8122 8123 8124
f 8125 8126 8127 8128
f 8129 8130 8131 8132
f 8133 8134 8135 8136
f 8137 8138 8139
f 8140 8141 8142
f 8143 8144 8145
f 8146 8147 8148
f 8149 8150 8151
f 8152 8153 8154
f 8155 8156 8157
f 8158 8159 8160
f 8161 8162 8163 8164
f 8165 8166 8167 8168
f 8169 8170 8171 8172
f 8173 8174 8175 8176
f 8177 8178 8179 8180
f 8181 8182 8183 8184
f 8185 8186 8187 8188
f 8189 8190 8191 8192
f 8193 8194 8195 8196
f 8197 8198 8199 8200
f 8201 8202 8203 8204
f 8205 8206 8207 8208
f 8209 8210 8211 8212
f 8213 8214 8215 8216
f 8217 8218 8219 8220
f 8221 8222 8223 8224
f 8225 8226 8227 8228
f 8229 8230 8231 8232
f 8233 8234 8235
f 8236 8237 8238
f 8239 8240 8241
f 8242 8243 8244
f 8245 8246 8247
f 8248 8249 8250
f 8251 8252 8253
f 8254 8255 8256
f 8257 8258 8259 8260
f 8261 8262 8263 8264
f 8265 8266 8267 8268
f 8269 8270 8271 8272
f 8273 8274 8275 8276
f 8277 8278 8279 8280
f 8281 8282 8283 8284
f 8285 8286 8287 8288
f 8289 8290 8291 8292
f 8293 8294 8295 8296
f 8297 8298 8299 8300
f 8301 8302 8303 8304
f 8305 8306 8307 8308
f 8309 8310 8311 8312
f 8313 8314 8315 8316
f 8317 8318 8319 8320
f 8321 8322 8323 8324
f 8325 8326 8327 8328
f 8329 8330 8331
f 8332 8333 8334
f 8335 8336 8337
f 8338 8339 8340
f 8341 8342 8343
f 8344 8345 8346
f 8347 8348 8349
f 8350 8351 8352
f 8353 8354 8355 8356
f 8357 8358 8359 8360
f 8361 8362 8363 8364
f 8365 8366 8367 8368
f 8369 8370 8371 8372
f 8373 8374 8375 8376
f 8377 8378 8379 8380
f 8381 8382 8383 8384
f 8385 8386 8387 8388
f 8389 8390 8391 8392
f 8393 8394 8395 8396
f 8397 8398 8399 8400
f 8401 8402 8403 8404
f 8405 8406 8407 8408
f 8409 8410 8411 8412
f 8413 8414 8415 8416
f 8417 8418 8419 8420
f 8421 8422 8423 8424
f 8425 8426 8427
f 8428 8429 8430
f 8431 8432 8433
f 8434 8435 8436
f 8437 8438 8439
f 8440 8441 8442
f 8443 8444 8445
f 8446 8447 8448
f 8449 8450 8451 8452
f 8453 8454 8455 8456
f 8457 8458 8459 8460
f 8461 8462 8463 8464
f 8465 8466 8467 8468
f 8469 8470 8471 8472
f 8473 8474 8475 8476
f 8477 8478 8479 8480
f 8481 8482 8483 8484
f 8485 8486 8487 8488
f 8489 8490 8491 8492
f 8493 8494 8495 8496
f 8497 8498 8499 8500
f 8501 8502 8503 8504
f 8505 8506 8507 8508
f 8509 8510 8511 8512
f 8513 8514 8515 8516
f 8517 8518 8519 8520
f 8521 8522 8523
f 8524 8525 8526
f 8527 8528 8529
f 8530 8531 8532
f 8533 8534 8535
f 8536 8537 8538
f 8539 8540 8541
f 8542 8543 8544
f 8545 8546 8547 8548
f 8549 8550 8551 8552
f 8553 8554 8555 8556
f 8557 8558 8559 8560
f 8561 8562 8563 8564
f 8565 8566 8567 8568
f 8569 8570 8571 8572
f 8573 8574 8575 8576
f 8577 8578 8579 8580
f 8581 8582 8583 8584
f 8585 8586 8587 8588
f 8589 8590 8591 8592
f 8593 8594 8595 8596
f 8597 8598 8599 8600
f 8601 8602 8603 8604
f 8605 8606 8607 8608
f 8609 8610 8611 8612
f 8613 8614 8615 8616
f 8617 8618 8619
f 8620 8621 8622
f 8623 8624 8625
f 8626 8627 8628
f 8629 8630 8631
f 8632 8633 8634
f 8635 8636 8637
f 8638 8639 8640
f 8641 8642 8643 8644
f 8645 8646 8647 8648
f 8649 8650 8651 8652
f 8653 8654 8655 8656
f 8657 8658 8659 8660
f 8661 8662 8663 8664
f 8665 8666 8667 8668
f 8669 8670 8671 8672
f 8673 8674 8675 8676
f 8677 8678 8679 8680
f 8681 8682 8683 8684
f 8685 8686 8687 8688
f 8689 8690 8691 8692
f 8693 8694 8695 8696
f 8697 8698 8699 8700
f 8701 8702 8703 8704
f 8705 8706 8707 8708
f 8709 8710 8711 8712
f 8713 8714 8715
f 8716 8717 8718
f 8719 8720 8721
f 8722 8723 8724
f 8725 8726 8727
f 8728 8729 8730
f 8731 8732 8733
f 8734 8735 8736
f 8737 8738 8739 8740
f 8741 8742 8743 8744
f 8745 8746 8747 8748
f 8749 8750 8751 8752
f 8753 8754 8755 8756
f 8757 8758 8759 8760
f 8761 8762 8763 8764
f 8765 8766 8767 8768
f 8769 8770 8771 8772
f 8773 8774 8775 8776
f 8777 8778 8779 8780
f 8781 8782 8783 8784
f 8785 8786 8787 8788
f 8789 8790 8791 8792
f 8793 8794 8795 8796
f 8797 8798 8799 8800
f 8801 8802 8803 8804
f 8805 8806 8807 8808
f 8809 8810 8811
f 8812 8813 8814
f 8815 8816 8817
f 8818 8819 8820
f 8821 8822 8823
f 8824 8825 8826
f 8827 8828 8829
f 8830 8831 8832
f 8833 8834 8835 8836
f 8837 8838 8839 8840
f 8841 8842 8843 8844
f 8845 8846 8847 8848
f 8849 8850 8851 8852
f 8853 8854 8855 8856
f 8857 8858 8859 8860
f 8861 8862 8863 8864
f 8865 8866 8867 8868
f 8869 8870 8871 8872
f 8873 8874 8875 8876
f 8877 8878 8879 8880
f 8881 8882 8883 8884
f 8885 8886 8887 8888
f 8889 8890 8891 8892
f 8893 8894 8895 8896
f 8897 8898 8899 8900
f 8901 8902 8903 8904
f 8905 8906 8907
f 8908 8909 8910
f 8911 8912 8913
f 8914 8915 8916
f 8917 8918 8919
f 8920 8921 8922
f 8923 8924 8925
f 8926 8927 8928
f 8929 8930 8931 8932
f 8933 8934 8935 8936
f 8937 8938 8939 8940
f 8941 8942 8943 8944
f 8945 8946 8947 8948
f 8949 8950 8951 8952
f 8953 8954 8955 8956
f 8957 8958 8959 8960
f 8961 8962 8963 8964
f 8965 8966 8967 8968
f 8969 8970 8971 8972
f 8973 8974 8975 8976
f 8977 8978 8979 8980
f 8981 8982 8983 8984
f 8985 8986 8987 8988
f 8989 8990 8991 8992
f 8993 8994 8995 8996
f 8997 8998 8999 9000
f 9001 9002 9003
f 9004 9005 9006
f 9007 9008 9009
f 9010 9011 9012
f 9013 9014 9015
f 9016 9017 9018
f 9019 9020 9021
f 9022 9023 9024
f 9025 9026 9027 9028
f 9029 9030 9031 9032
f 9033 9034 9035 9036
f 9037 9038 9039 9040
f 9041 9042 9043 9044
f 9045 9046 9047 9048
f 9049 9050 9051 9052
f 9053 9054 9055 9056
f 9057 9058 9059 9060
f 9061 9062 9063 9064
f 9065 9066 9067 9068
f 9069 9070 9071 9072
f 9073 9074 9075 9076
f 9077 9078 9079 9080
f 9081 9082 9083 9084
f 9085 9086 9087 9088
f 9089 9090 9091 9092
f 9093 9094 9095 9096
f 9097 9098 9099
f 9100 9101 9102
f 9103 9104 9105
f 9106 9107 9108
f 9109 9110 9111
f 9112 9113 9114
f 9115 9116 9117
f 9118 9119 9120
f 9121 9122 9123 9124
f 9125 9126 9127 9128
f 9129 9130 9131 9132
f 9133 9134 9135 9136
f 9137 9138 9139 9140
f 9141 9142 9143 9144
f 9145 9146 9147 9148
f 9149 9150 9151 9152
f 9153 9154 9155 9156
f 9157 9158 9159 9160
f 9161 9162 9163 9164
f 9165 9166 9167 9168
f 9169 9170 9171 9172
f 9173 9174 9175 9176
f 9177 9178 9179 9180
f 9181 9182 9183 9184
f 9185 9186 9187 9188
f 9189 9190 9191 9192
f 9193 9194 9195
f 9196 9197 9198
f 9199 9200 9201
f 9202 9203 9204
f 9205 9206 9207
f 9208 9209 9210
f 9211 9212 9213
f 9214 9215 9216
f 9217 9218 9219 9220
f 9221 9222 9223 9224
f 9225 9226 9227 9228
f 9229 9230 9231 9232
f 9233 9234 9235 9236
f 9237 9238 9239 9240
f 9241 9242 9243 9244
f 9245 9246 9247 9248
f 9249 9250 9251 9252
f 9253 9254 9255 9256
f 9257 9258 9259 9260
f 9261 9262 9263 9264
f 9265 9266 9267 9268
f 9269 9270 9271 9272
f 9273 9274 9275 9276
f 9277 9278 9279 9280
f 9281 9282 9283 9284
f 9285 9286 9287 9288
f 9289 9290 9291
f 9292 9293 9294
f 9295 9296 9297
f 9298 9299 9300
f 9301 9302 9303
f 9304 9305 9306
f 9307 9308 9309
f 9310 9311 9312
f 9313 9314 9315 9316
f 9317 9318 9319 9320
f 9321 9322 9323 9324
f 9325 9326 9327 9328
f 9329 9330 9331 9332
f 9333 9334 9335 9336
f 9337 9338 9339 9340
f 9341 9342 9343 9344
f 9345 9346 9347 9348
f 9349 9350 9351 9352
f 9353 9354 9355 9356
f 9357 9358 9359 9360
f 9361 9362 9363 9364
f 9365 9366 9367 9368
f 9369 9370 9371 9372
f 9373 9374 9375 9376
f 9377 9378 9379 9380
f 9381 9382 9383 9384
f 9385 9386 9387
f 9388 9389 9390
f 9391 9392 9393
f 9394 9395 9396
f 9397 9398 9399
f 9400 9401 9402
f 9403 9404 9405
f 9406 9407 9408
f 9409 9410 9411 9412
f 9413 9414 9415 9416
f 9417 9418 9419 9420
f 9421 9422 9423 9424
f 9425 9426 9427 9428
f 9429 9430 9431 9432
f 9433 9434 9435 9436
f 9437 9438 9439 9440
f 9441 9442 9443 9444
f 9445 9446 9447 9448
f 9449 9450 9451 9452
f 9453 9454 9455 9456
f 9457 9458 9459 9460
f 9461 9462 9463 9464
f 9465 9466 9467 9468
f 9469 9470 9471 9472
f 9473 9474 9475 9476
f 9477 9478 9479 9480
f 9481 9482 9483
f 9484 9485 9486
f 9487 9488 9489
f 9490 9491 9492
f 9493 9494 9495
f 9496 9497 9498
f 9499 9500 9501
f 9502 9503 9504
f 9505 9506 9507 9508
f 9509 9510 9511 9512
f 9513 9514 9515 9516
f 9517 9518 9519 9520
f 9521 9522 9523 9524
f 9525 9526 9527 9528
f 9529 9530 9531 9532
f 9533 9534 9535 9536
f 9537 9538 9539 9540
f 9541 9542 9543 9544
f 9545 9546 9547 9548
f 9549 9550 9551 9552
f 9553 9554 9555 9556
f 9557 9558 9559 9560
f 9561 9562 9563 9564
f 9565 9566 9567 9568
f 9569 9570 9571 9572
f 9573 9574 9575 9576
f 9577 9578 9579
f 9580 9581 9582
f 9583 9584 9585
f 9586 9587 9588
f 9589 9590 9591
f 9592 9593 9594
f 9595 9596 9597
f 9598 9599 9600
f 9601 9602 9603 9604
f 9605 9606 9607 9608
f 9609 9610 9611 9612
f 9613 9614 9615 9616
f 9617 9618 9619 9620
f 9621 9622 9623 9624
f 9625 9626 9627 9628
f 9629 9630 9631 9632
f 9633 9634 9635 9636
f 9637 9638 9639 9640
f 9641 9642 9643 9644
f 9645 9646 9647 9648
f 9649 9650 9651 9652
f 9653 9654 9655 9656
f 9657 9658 9659 9660
f 9661 9662 9663 9664
f 9665 9666 9667 9668
f 9669 9670 9671 9672
f 9673 9674 9675
f 9676 9677 9678
f 9679 9680 9681
f 9682 9683 9684
f 9685 9686 9687
f 9688 9689 9690
f 9691 9692 9693
f 9694 9695 9696
f 9697 9698 9699 9700
f 9701 9702 9703 9704
f 9705 9706 9707 9708
f 9709 9710 9711 9712
f 9713 9714 9715 9716
f 9717 9718 9719 9720
f 9721 9722 9723 9724
f 9725 9726 9727 9728
f 9729 9730 9731 9732
f 9733 9734 9735 9736
f 9737 9738 9739 9740
f 9741 9742 9743 9744
f 9745 9746 9747 9748
f 9749 9750 9751 9752
f 9753 9754 9755 9756
f 9757 9758 9759 9760
f 9761 9762 9763 9764
f 9765 9766 9767 9768
f 9769 9770 9771
f 9772 9773 9774
f 9775 9776 9777
f 9778 9779 9780
f 9781 9782 9783
f 9784 9785 9786
f 9787 9788 9789
f 9790 9791 9792
f 9793 9794 9795 9796
f 9797 9798 9799 9800
f 9801 9802 9803 9804
f 9805 9806 9807 9808
f 9809 9810 9811 9812
f 9813 9814 9815 9816
f 9817 9818 9819 9820
f 9821 9822 9823 9824
f 9825 9826 9827 9828
f 9829 9830 9831 9832
f 9833 9834 9835 9836
f 9837 9838 9839 9840
f 9841 9842 9843 9844
f 9845 9846 9847 9848
f 9849 9850 9851 9852
f 9853 9854 9855 9856
f 9857 9858 9859 9860
f 9861 9862 9863 9864
f 9865 9866 9867
f 9868 9869 9870
f 9871 9872 9873
f 9874 9875 9876
f 9877 9878 9879
f 9880 9881 9882
f 9883 9884 9885
f 9886 9887 9888
f 9889 9890 9891 9892
f 9893 9894 9895 9896
f 9897 9898 9899 9900
f 9901 9902 9903 9904
f 9905 9906 9907 9908
f 9909 9910 9911 9912
f 9913 9914 9915 9916
f 9917 9918 9919 9920
f 9921 9922 9923 9924
f 9925 9926 9927 9928
f 9929 9930 9931 9932
f 9933 9934 9935 9936
f 9937 9938 9939 9940
f 9941 9942 9943 9944
f 9945 9946 9947 9948
f 9949 9950 9951 9952
f 9953 9954 9955 9956
f 9957 9958 9959 9960
f 9961 9962 9963
f 9964 9965 9966
f 9967 9968 9969
f 9970 9971 9972
f 9973 9974 9975
f 9976 9977 9978
f 9979 9980 9981
f 9982 9983 9984
f 9985 9986 9987 9988
f 9989 9990 9991 9992
f 9993 9994 9995 9996
f 9997 9998 9999 10000
f 10001 10002 10003 10004
f 10005 10006 10007 10008
f 10009 10010 10011 10012
f 10013 10014 10015 10016
f 10017 10018 10019 10020
f 10021 10022 10023 10024
f 10025 10026 10027 10028
f 10029 10030 10031 10032
f 10033 10034 10035 10036
f 10037 10038 10039 10040
f 10041 10042 10043 10044
f 10045 10046 10047 10048
f 10049 10050 10051 10052
f 10053 10054 10055 10056
f 10057 10058 10059
f 10060 10061 10062
f 10063 10064 10065
f 10066 10067 10068
f 10069 10070 10071
f 10072 10073 10074
f 10075 10076 10077
f 10078 10079 10080
f 10081 10082 10083 10084
f 10085 10086 10087 10088
f 10089 10090 10091 10092
f 10093 10094 10095 10096
f 10097 10098 10099 10100
f 10101 10102 10103 10104
f 10105 10106 10107 10108
f 10109 10110 10111 10112
f 10113 10114 10115 10116
f 10117 10118 10119 10120
f 10121 10122 10123 10124
f 10125 10126 10127 10128
f 10129 10130 10131 10132
f 10133 10134 10135 10136
f 10137 10138 10139 10140
f 10141 10142 10143 10144
f 10145 10146 10147 10148
f 10149 10150 10151 10152
f 10153 10154 10155
f 10156 10157 10158
f 10159 10160 10161
f 10162 10163 10164
f 10165 10166 10167
f 10168 10169 10170
f 10171 10172 10173
f 10174 10175 10176
f 10177 10178 10179 10180
f 10181 10182 10183 10184
f 10185 10186 10187 10188
f 10189 10190 10191 10192
f 10193 10194 10195 10196
f 10197 10198 10199 10200
f 10201 10202 10203 10204
f 10205 10206 10207 10208
f 10209 10210 10211 10212
f 10213 10214 10215 10216
f 10217 10218 10219 10220
f 10221 10222 10223 10224
f 10225 10226 10227 10228
f 10229 10230 10231 10232
f 10233 10234 10235 10236
f 10237 10238 10239 10240
f 10241 10242 10243 10244
f 10245 10246 10247 10248
f 10249 10250 10251
f 10252 10253 10254
f 10255 10256 10257
f 10258 10259 10260
f 10261 10262 10263
f 10264 10265 10266
f 10267 10268 10269
f 10270 10271 10272
f 10273 10274 10275 10276
f 10277 10278 10279 10280
f 10281 10282 10283 10284
f 10285 10286 10287 10288
f 10289 10290 10291 10292
f 10293 10294 10295 10296
f 10297 10298 10299 10300
f 10301 10302 10303 10304
f 10305 10306 10307 10308
f 10309 10310 10311 10312
f 10313 10314 10315 10316
f 10317 10318 10319 10320
f 10321 10322 10323 10324
f 10325 10326 10327 10328
f 10329 10330 10331 10332
f 10333 10334 10335 10336
f 10337 10338 10339 10340
f 10341 10342 10343 10344
f 10345 10346 10347
f 10348 10349 10350
f 10351 10352 10353
f 10354 10355 10356
f 10357 10358 10359
f 10360 10361 10362
f 10363 10364 10365
f 10366 10367 10368
f 10369 10370 10371 10372
f 10373 10374 10375 10376
f 10377 10378 10379 10380
f 10381 10382 10383 10384
f 10385 10386 10387 10388
f 10389 10390 10391 10392
f 10393 10394 10395 10396
f 10397 10398 10399 10400
f 10401 10402 10403 10404
f 10405 10406 10407 10408
f 10409 10410 10411 10412
f 10413 10414 10415 10416
f 10417 10418 10419 10420
f 10421 10422 10423 10424
f 10425 10426 10427 10428
f 10429 10430 10431 10432
f 10433 10434 10435 10436
f 10437 10438 10439 10440
f 10441 10442 10443
f 10444 10445 10446
f 10447 10448 10449
f 10450 10451 10452
f 10453 10454 10455
f 10456 10457 10458
f 10459 10460 10461
f 10462 10463 10464
f 10465 10466 10467 10468
f 10469 10470 10471 10472
f 10473 10474 10475 10476
f 10477 10478 10479 10480
f 10481 10482 10483 10484
f 10485 10486 10487 10488
f 10489 10490 10491 10492
f 10493 10494 10495 10496
f 10497 10498 10499 10500
f 10501 10502 10503 10504
f 10505 10506 10507 10508
f 10509 10510 10511 10512
f 10513 10514 10515 10516
f 10517 10518 10519 10520
f 10521 10522 10523 10524
f 10525 10526 10527 10528
f 10529 10530 10531 10532
f 10533 10534 10535 10536
f 10537 10538 10539
f 10540 10541 10542
f 10543 10544 10545
f 10546 10547 10548
f 10549 10550 10551
f 10552 10553 10554
f 10555 10556 10557
f 10558 10559 10560
f 10561 10562 10563 10564
f 10565 10566 10567 10568
f 10569 10570 10571 10572
f 10573 10574 10575 10576
f 10577 10578 10579 10580
f 10581 10582 10583 10584
f 10585 10586 10587 10588
f 10589 10590 10591 10592
f 10593 10594 10595 10596
f 10597 10598 10599 10600
f 10601 10602 10603 10604
f 10605 10606 10607 10608
f 10609 10610 10611 10612
f 10613 10614 10615 10616
f 10617 10618 10619 10620
f 10621 10622 10623 10624
f 10625 10626 10627 10628
f 10629 10630 10631 10632
f 10633 10634 10635
f 10636 10637 10638
f 10639 10640 10641
f 10642 10643 10644
f 10645 10646 10647
f 10648 10649 10650
f 10651 10652 10653
f 10654 10655 10656
f 10657 10658 10659 10660
f 10661 10662 10663 10664
f 10665 10666 10667 10668
f 10669 10670 10671 10672
f 10673 10674 10675 10676
f 10677 10678 10679 10680
f 10681 10682 10683 10684
f 10685 10686 10687 10688
f 10689 10690 10691 10692
f 10693 10694 10695 10696
f 10697 10698 10699 10700
f 10701 10702 10703 10704
f 10705 10706 10707 10708
f 10709 10710 10711 10712
f 10713 10714 10715 10716
f 10717 10718 10719 10720
f 10721 10722 10723 10724
f 10725 10726 10727 10728
f 10729 10730 10731
f 10732 10733 10734
f 10735 10736 10737
f 10738 10739 10740
f 10741 10742 10743
f 10744 10745 10746
f 10747 10748 10749
f 10750 10751 10752
f 10753 10754 10755 10756
f 10757 10758 10759 10760
f 10761 10762 10763 10764
f 10765 10766 10767 10768
f 10769 10770 10771 10772
f 10773 10774 10775 10776
f 10777 10778 10779 10780
f 10781 10782 10783 10784
f 10785 10786 10787 10788
f 10789 10790 10791 10792
f 10793 10794 10795 10796
f 10797 10798 10799 10800
f 10801 10802 10803 10804
f 10805 10806 10807 10808
f 10809 10810 10811 10812
f 10813 10814 10815 10816
f 10817 10818 10819 10820
f 10821 10822 10823 10824
f 10825 10826 10827
f 10828 10829 10830
f 10831 10832 10833
f 10834 10835 10836
f 10837 10838 10839
f 10840 10841 10842
f 10843 10844 10845
f 10846 10847 10848
f 10849 10850 10851 10852
f 10853 10854 10855 10856
f 10857 10858 10859 10860
f 10861 10862 10863 10864
f 10865 10866 10867 10868
f 10869 10870 10871 10872
f 10873 10874 10875 10876
f 10877 10878 10879 10880
f 10881 10882 10883 10884
f 10885 10886 10887 10888
f 10889 10890 10891 10892
f 10893 10894 10895 10896
f 10897 10898 10899 10900
f 10901 10902 10903 10904
f 10905 10906 10907 10908
f 10909 10910 10911 10912
f 10913 10914 10915 10916
f 10917 10918 10919 10920
f 10921 10922 10923
f 10924 10925 10926
f 10927 10928 10929
f 10930 10931 10932
f 10933 10934 10935
f 10936 10937 10938
f 10939 10940 10941
f 10942 10943 10944
f 10945 10946 10947 10948
f 10949 10950 10951 10952
f 10953 10954 10955 10956
f 10957 10958 10959 10960
f 10961 10962 10963 10964
f 10965 10966 10967 10968
f 10969 10970 10971 10972
f 10973 10974 10975 10976
f 10977 10978 10979 10980
f 10981 10982 10983 10984
f 10985 10986 10987 10988
f 10989 10990 10991 10992
f 10993 10994 10995 10996
f 10997 10998 10999 11000
f 11001 11002 11003 11004
f 11005 11006 11007 11008
f 11009 11010 11011 11012
f 11013 11014 11015 11016
f 11017 11018 11019
f 11020 11021 11022
f 11023 11024 11025
f 11026 11027 11028
f 11029 11030 11031
f 11032 11033 11034
f 11035 11036 11037
f 11038 11039 11040
f 11041 11042 11043 11044
f 11045 11046 11047 11048
f 11049 11050 11051 11052
f 11053 11054 11055 11056
f 11057 11058 11059 11060
f 11061 11062 11063 11064
f 11065 11066 11067 11068
f 11069 11070 11071 11072
f 11073 11074 11075 11076
f 11077 11078 11079 11080
f 11081 11082 11083 11084
f 11085 11086 11087 11088
f 11089 11090 11091 11092
f 11093 11094 11095 11096
f 11097 11098 11099 11100
f 11101 11102 11103 11104
f 11105 11106 11107 11108
f 11109 11110 11111 11112
f 11113 11114 11115
f 11116 11117 11118
f 11119 11120 11121
f 11122 11123 11124
f 11125 11126 11127
f 11128 11129 11130
f 11131 11132 11133
f 11134 11135 11136
f 11137 11138 11139 11140
f 11141 11142 11143 11144
f 11145 11146 11147 11148
f 11149 11150 11151 11152
f 11153 11154 11155 11156
f 11157 11158 11159 11160
f 11161 11162 11163 11164
f 11165 11166 11167 11168
f 11169 11170 11171 11172
f 11173 11174 11175 11176
f 11177 11178 11179 11180
f 11181 11182 11183 11184
f 11185 11186 11187 11188
f 11189 11190 11191 11192
f 11193 11194 11195 11196
f 11197 11198 11199 11200
f 11201 11202 11203 11204
f 11205 11206 11207 11208
f 11209 11210 11211
f 11212 11213 11214
f 11215 11216 11217
f 11218 11219 11220
f 11221 11222 11223
f 11224 11225 11226
f 11227 11228 11229
f 11230 11231 11232
f 11233 11234 11235 11236
f 11237 11238 11239 11240
f 11241 11242 11243 11244
f 11245 11246 11247 11248
f 11249 11250 11251 11252
f 11253 11254 11255 11256
f 11257 11258 11259 11260
f 11261 11262 11263 11264
f 11265 11266 11267 11268
f 11269 11270 11271 11272
f 11273 11274 11275 11276
f 11277 11278 11279 11280
f 11281 11282 11283 11284
f 11285 11286 11287 11288
f 11289 11290 11291 11292
f 11293 11294 11295 11296
f 11297 11298 11299 11300
f 11301 11302 11303 11304
f 11305 11306 11307
f 11308 11309 11310
f 11311 11312 11313
f 11314 11315 11316
f 11317 11318 11319
f 11320 11321 11322
f 11323 11324 11325
f 11326 11327 11328
f 11329 11330 11331 11332
f 11333 11334 11335 11336
f 11337 11338 11339 11340
f 11341 11342 11343 11344
f 11345 11346 11347 11348
f 11349 11350 11351 11352
f 11353 11354 11355 11356
f 11357 11358 11359 11360
f 11361 11362 11363 11364
f 11365 11366 11367 11368
f 11369 11370 11371 11372
f 11373 11374 11375 11376
f 11377 11378 11379 11380
f 11381 11382 11383 11384
f 11385 11386 11387 11388
f 11389 11390 11391 11392
f 11393 11394 11395 11396
f 11397 11398 11399 11400
f 11401 11402 11403
f 11404 11405 11406
f 11407 11408 11409
f 11410 11411 11412
f 11413 11414 11415
f 11416 11417 11418
f 11419 11420 11421
f 11422 11423 11424
f 11425 11426 11427 11428
f 11429 11430 11431 11432
f 11433 11434 11435 11436
f 11437 11438 11439 11440
f 11441 11442 11443 11444
f 11445 11446 11447 11448
f 11449 11450 11451 11452
f 11453 11454 11455 11456
f 11457 11458 11459 11460
f 11461 11462 11463 11464
f 11465 11466 11467 11468
f 11469 11470 11471 11472
f 11473 11474 11475 11476
f 11477 11478 11479 11480
f 11481 11482 11483 11484
f 11485 11486 11487 11488
f 11489 11490 11491 11492
f 11493 11494 11495 11496
f 11497 11498 11499
f 11500 11501 11502
f 11503 11504 11505
f 11506 11507 11508
f 11509 11510 11511
f 11512 11513 11514
f 11515 11516 11517
f 11518 11519 11520
f 11521 11522 11523 11524
f 11525 11526 11527 11528
f 11529 11530 11531 11532
f 11533 11534 11535 11536
f 11537 11538 11539 11540
f 11541 11542 11543 11544
f 11545 11546 11547 11548
f 11549 11550 11551 11552
f 11553 11554 11555 11556
f 11557 11558 11559 11560
f 11561 11562 11563 11564
f 11565 11566 11567 11568
f 11569 11570 11571 11572
f 11573 11574 11575 11576
f 11577 11578 11579 11580
f 11581 11582 11583 11584
f 11585 11586 11587 11588
f 11589 11590 11591 11592
f 11593 11594 11595
f 11596 11597 11598
f 11599 11600 11601
f 11602 11603 11604
f 11605 11606 11607
f 11608 11609 11610
f 11611 11612 11613
f 11614 11615 11616
f 11617 11618 11619 11620
f 11621 11622 11623 11624
f 11625 11626 11627 11628
f 11629 11630 11631 11632
f 11633 11634 11635 11636
f 11637 11638 11639 11640
f 11641 11642 11643 11644
f 11645 11646 11647 11648
f 11649 11650 11651 11652
f 11653 11654 11655 11656
f 11657 11658 11659 11660
f 11661 11662 11663 11664
f 11665 11666 11667 11668
f 11669 11670 11671 11672
f 11673 11674 11675 11676
f 11677 11678 11679 11680
f 11681 11682 11683 11684
f 11685 11686 11687 11688
f 11689 11690 11691
f 11692 11693 11694
f 11695 11696 11697
f 11698 11699 11700
f 11701 11702 11703
f 11704 11705 11706
f 11707 11708 11709
f 11710 11711 11712
f 11713 11714 11715 11716
f 11717 11718 11719 11720
f 11721 11722 11723 11724
f 11725 11726 11727 11728
f 11729 11730 11731 11732
f 11733 11734 11735 11736
f 11737 11738 11739 11740
f 11741 11742 11743 11744
f 11745 11746 11747 11748
f 11749 11750 11751 11752
f 11753 11754 11755 11756
f 11757 11758 11759 11760
f 11761 11762 11763 11764
f 11765 11766 11767 11768
f 11769 11770 11771 11772
f 11773 11774 11775 11776
f 11777 11778 11779 11780
f 11781 11782 11783 11784
f 11785 11786 11787
f 11788 11789 11790
f 11791 11792 11793
f 11794 11795 11796
f 11797 11798 11799
f 11800 11801 11802
f 11803 11804 11805
f 11806 11807 11808
f 11809 11810 11811 11812
f 11813 11814 11815 11816
f 11817 11818 11819 11820
f 11821 11822 11823 11824
f 11825 11826 11827 11828
f 11829 11830 11831 11832
f 11833 11834 11835 11836
f 11837 11838 11839 11840
f 11841 11842 11843 11844
f 11845 11846 11847 11848
f 11849 11850 11851 11852
f 11853 11854 11855 11856
f 11857 11858 11859 11860
f 11861 11862 11863 11864
f 11865 11866 11867 11868
f 11869 11870 11871 11872
f 11873 11874 11875 11876
f 11877 11878 11879 11880
f 11881 11882 11883
f 11884 11885 11886
f 11887 11888 11889
f 11890 11891 11892
f 11893 11894 11895
f 11896 11897 11898
f 11899 11900 11901
f 11902 11903 11904
f 11905 11906 11907 11908
f 11909 11910 11911 11912
f 11913 11914 11915 11916
f 11917 11918 11919 11920
f 11921 11922 11923 11924
f 11925 11926 11927 11928
f 11929 11930 11931 11932
f 11933 11934 11935 11936
f 11937 11938 11939 11940
f 11941 11942 11943 11944
f 11945 11946 11947 11948
f 11949 11950 11951 11952
f 11953 11954 11955 11956
f 11957 11958 11959 11960
f 11961 11962 11963 11964
f 11965 11966 11967 11968
f 11969 11970 11971 11972
f 11973 11974 11975 11976
f 11977 11978 11979
f 11980 11981 11982
f 11983 11984 11985
f 11986 11987 11988
f 11989 11990 11991
f 11992 11993 11994
f 11995 11996 11997
f 11998 11999 12000
f 12001 12002 12003 12004
f 12005 12006 12007 12008
f 12009 12010 12011 12012
f 12013 12014 12015 12016
f 12017 12018 12019 12020
f 12021 12022 12023 12024
f 12025 12026 12027 12028
f 12029 12030 12031 12032
f 12033 12034 12035 12036
f 12037 12038 12039 12040
f 12041 12042 12043 12044
f 12045 12046 12047 12048
f 12049 12050 12051 12052
f 12053 12054 12055 12056
f 12057 12058 12059 12060
f 12061 12062 12063 12064
f 12065 12066 12067 12068
f 12069 12070 12071 12072
f 12073 12074 12075
f 12076 12077 12078
f 12079 12080 12081
f 12082 12083 12084
f 12085 12086 12087
f 12088 12089 12090
f 12091 12092 12093
f 12094 12095 12096
f 12097 12098 12099 12100
f 12101 12102 12103 12104
f 12105 12106 12107 12108
f 12109 12110 12111 12112
f 12113 12114 12115 12116
f 12117 12118 12119 12120
f 12121 12122 12123 12124
f 12125 12126 12127 12128
f 12129 12130 12131 12132
f 12133 12134 12135 12136
f 12137 12138 12139 12140
f 12141 12142 12143 12144
f 12145 12146 12147 12148
f 12149 12150 12151 12152
f 12153 12154 12155 12156
f 12157 12158 12159 12160
f 12161 12162 12163 12164
f 12165 12166 12167 12168
f 12169 12170 12171
f 12172 12173 12174
f 12175 12176 12177
f 12178 12179 12180
f 12181 12182 12183
f 12184 12185 12186
f 12187 12188 12189
f 12190 12191 12192
f 12193 12194 12195 12196
f 12197 12198 12199 12200
f 12201 12202 12203 12204
f 12205 12206 12207 12208
f 12209 12210 12211 12212
f 12213 12214 12215 12216
f 12217 12218 12219 12220
f 12221 12222 12223 12224
f 12225 12226 12227 12228
f 12229 12230 12231 12232
f 12233 12234 12235 12236
f 12237 12238 12239 12240
f 12241 12242 12243 12244
f 12245 12246 12247 12248
f 12249 12250 12251 12252
f 12253 12254 12255 12256
f 12257 12258 12259 12260
f 12261 12262 12263 12264
f 12265 12266 12267
f 12268 12269 12270
f 12271 12272 12273
f 12274 12275 12276
f 12277 12278 12279
f 12280 12281 12282
f 12283 12284 12285
f 12286 12287 12288
f 12289 12290 12291 12292
f 12293 12294 12295 12296
f 12297 12298 12299 12300
f 12301 12302 12303 12304
f 12305 12306 12307 12308
f 12309 12310 12311 12312
f 12313 12314 12315 12316
f 12317 12318 12319 12320
f 12321 12322 12323 12324
f 12325 12326 12327 12328
f 12329 12330 12331 12332
f 12333 12334 12335 12336
f 12337 12338 12339 12340
f 12341 12342 12343 12344
f 12345 12346 12347 12348
f 12349 12350 12351 12352
f 12353 12354 12355 12356
f 12357 12358 12359 12360
f 12361 12362 12363
f 12364 12365 12366
f 12367 12368 12369
f 12370 12371 12372
f 12373 12374 12375
f 12376 12377 12378
f 12379 12380 12381
f 12382 12383 12384
f 12385 12386 12387 12388
f 12389 12390 12391 12392
f 12393 12394 12395 12396
f 12397 12398 12399 12400
f 12401 12402 12403 12404
f 12405 12406 12407 12408
f 12409 12410 12411 12412
f 12413 12414 12415 12416
f 12417 12418 12419 12420
f 12421 12422 12423 12424
f 12425 12426 12427 12428
f 12429 12430 12431 12432
f 12433 12434 12435 12436
f 12437 12438 12439 12440
f 12441 12442 12443 12444
f 12445 12446 12447 12448
f 12449 12450 12451 12452
f 12453 12454 12455 12456
f 12457 12458 12459
f 12460 12461 12462
f 12463 12464 12465
f 12466 12467 12468
f 12469 12470 12471
f 12472 12473 12474
f 12475 12476 12477
f 12478 12479 12480
f 12481 12482 12483 12484
f 12485 12486 12487 12488
f 12489 12490 12491 12492
f 12493 12494 12495 12496
f 12497 12498 12499 12500
f 12501 12502 12503 12504
f 12505 12506 12507 12508
f 12509 12510 12511 12512
f 12513 12514 12515 12516
f 12517 12518 12519 12520
f 12521 12522 12523 12524
f 12525 12526 12527 12528
f 12529 12530 12531 12532
f 12533 12534 12535 12536
f 12537 12538 12539 12540
f 12541 12542 12543 12544
f 12545 12546 12547 12548
f 12549 12550 12551 12552
f 12553 12554 12555
f 12556 12557 12558
f 12559 12560 12561
f 12562 12563 12564
f 12565 12566 12567
f 12568 12569 12570
f 12571 12572 12573
f 12574 12575 12576
f 12577 12578 12579 12580
f 12581 12582 12583 12584
f 12585 12586 12587 12588
f 12589 12590 12591 12592
f 12593 12594 12595 12596
f 12597 12598 12599 12600
f 12601 12602 12603 12604
f 12605 12606 12607 12608
f 12609 12610 12611 12612
f 12613 12614 12615 12616
f 12617 12618 12619 12620
f 12621 12622 12623 12624
f 12625 12626 12627 12628
f 12629 12630 12631 12632
f 12633 12634 12635 12636
f 12637 12638 12639 12640
f 12641 12642 12643 12644
f 12645 12646 12647 12648
f 12649 12650 12651
f 12652 12653 12654
f 12655 12656 12657
f 12658 12659 12660
f 12661 12662 12663
f 12664 12665 12666
f 12667 12668 12669
f 12670 12671 12672
f 12673 12674 12675 12676
f 12677 12678 12679 12680
f 12681 12682 12683 12684
f 12685 12686 12687 12688
f 12689 12690 12691 12692
f 12693 12694 12695 12696
f 12697 12698 12699 12700
f 12701 12702 12703 12704
f 12705 12706 12707 12708
f 12709 12710 12711 12712
f 12713 12714 12715 12716
f 12717 12718 12719 12720
f 12721 12722 12723 12724
f 12725 12726 12727 12728
f 12729 12730 12731 12732
f 12733 12734 12735 12736
f 12737 12738 12739 12740
f 12741 12742 12743 12744
f 12745 12746 12747
f 12748 12749 12750
f 12751 12752 12753
f 12754 12755 12756
f 12757 12758 12759
f 12760 12761 12762
f 12763 12764 12765
f 12766 12767 12768
f 12769 12770 12771 12772
f 12773 12774 12775 12776
f 12777 12778 12779 12780
f 12781 12782 12783 12784
f 12785 12786 12787 12788
f 12789 12790 12791 12792
f 12793 12794 12795 12796
f 12797 12798 12799 12800
f 12801 12802 12803 12804
f 12805 12806 12807 12808
f 12809 12810 12811 12812
f 12813 12814 12815 12816
f 12817 12818 12819 12820
f 12821 12822 12823 12824
f 12825 12826 12827 12828
f 12829 12830 12831 12832
f 12833 12834 12835 12836
f 12837 12838 12839 12840
f 12841 12842 12843
f 12844 12845 12846
f 12847 12848 12849
f 12850 12851 12852
f 12853 12854 12855
f 12856 12857 12858
f 12859 12860 12861
f 12862 12863 12864
f 12865 12866 12867 12868
f 12869 12870 12871 12872
f 12873 12874 12875 12876
f 12877 12878 12879 12880
f 12881 12882 12883 12884
f 12885 12886 12887 12888
f 12889 12890 12891 12892
f 12893 12894 12895 12896
f 12897 12898 12899 12900
f 12901 12902 12903 12904
f 12905 12906 12907 12908
f 12909 12910 12911 12912
f 12913 12914 12915 12916
f 12917 12918 12919 12920
f 12921 12922 12923 12924
f 12925 12926 12927 12928
f 12929 12930 12931 12932
f 12933 12934 12935 12936
f 12937 12938 12939
f 12940 12941 12942
f 12943 12944 12945
f 12946 12947 12948
f 12949 12950 12951
f 12952 12953 12954
f 12955 12956 12957
f 12958 12959 12960
f 12961 12962 12963 12964
f 12965 12966 12967 12968
f 12969 12970 12971 12972
f 12973 12974 12975 12976
f 12977 12978 12979 12980
f 12981 12982 12983 12984
f 12985 12986 12987 12988
f 12989 12990 12991 12992
f 12993 12994 12995 12996
f 12997 12998 12999 13000
f 13001 13002 13003 13004
f 13005 13006 13007 13008
f 13009 13010 13011 13012
f 13013 13014 13015 13016
f 13017 13018 13019 13020
f 13021 13022 13023 13024
f 13025 13026 13027 13028
f 13029 13030 13031 13032
f 13033 13034 13035
f 13036 13037 13038
f 13039 13040 13041
f 13042 13043 13044
f 13045 13046 13047
f 13048 13049 13050
f 13051 13052 13053
f 13054 13055 13056
f 13057 13058 13059 13060
f 13061 13062 13063 13064
f 13065 13066 13067 13068
f 13069 13070 13071 13072
f 13073 13074 13075 13076
f 13077 13078 13079 13080
f 13081 13082 13083 13084
f 13085 13086 13087 13088
f 13089 13090 13091 13092
f 13093 13094 13095 13096
f 13097 13098 13099 13100
f 13101 13102 13103 13104
f 13105 13106 13107 13108
f 13109 13110 13111 13112
f 13113 13114 13115 13116
f 13117 13118 13119 13120
f 13121 13122 13123 13124
f 13125 13126 13127 13128
f 13129 13130 13131
f 13132 13133 13134
f 13135 13136 13137
f 13138 13139 13140
f 13141 13142 13143
f 13144 13145 13146
f 13147 13148 13149
f 13150 13151 13152
f 13153 13154 13155 13156
f 13157 13158 13159 13160
f 13161 13162 13163 13164
f 13165 13166 13167 13168
f 13169 13170 13171 13172
f 13173 13174 13175 13176
f 13177 13178 13179 13180
f 13181 13182 13183 13184
f 13185 13186 13187 13188
f 13189 13190 13191 13192
f 13193 13194 13195 13196
f 13197 13198 13199 13200
f 13201 13202 13203 13204
f 13205 13206 13207 13208
f 13209 13210 13211 13212
f 13213 13214 13215 13216
f 13217 13218 13219 13220
f 13221 13222 13223 13224
f 13225 13226 13227
f 13228 13229 13230
f 13231 13232 13233
f 13234 13235 13236
f 13237 13238 13239
f 13240 13241 13242
f 13243 13244 13245
f 13246 13247 13248
f 13249 13250 13251 13252
f 13253 13254 13255 13256
f 13257 13258 13259 13260
f 13261 13262 13263 13264
f 13265 13266 13267 13268
f 13269 13270 13271 13272
f 13273 13274 13275 13276
f 13277 13278 13279 13280
f 13281 13282 13283 13284
f 13285 13286 13287 13288
f 13289 13290 13291 13292
f 13293 13294 13295 13296
f 13297 13298 13299 13300
f 13301 13302 13303 13304
f 13305 13306 13307 13308
f 13309 13310 13311 13312
f 13313 13314 13315 13316
f 13317 13318 13319 13320
f 13321 13322 13323
f 13324 13325 13326
f 13327 13328 13329
f 13330 13331 13332
f 13333 13334 13335
f 13336 13337 13338
f 13339 13340 13341
f 13342 13343 13344
f 13345 13346 13347 13348
f 13349 13350 13351 13352
f 13353 13354 13355 13356
f 13357 13358 13359 13360
f 13361 13362 13363 13364
f 13365 13366 13367 13368
f 13369 13370 13371 13372
f 13373 13374 13375 13376
f 13377 13378 13379 13380
f 13381 13382 13383 13384
f 13385 13386 13387 13388
f 13389 13390 13391 13392
f 13393 13394 13395 13396
f 13397 13398 13399 13400
f 13401 13402 13403 13404
f 13405 13406 13407 13408
f 13409 13410 13411 13412
f 13413 13414 13415 13416
f 13417 13418 13419
f 13420 13421 13422
f 13423 13424 13425
f 13426 13427 13428
f 13429 13430 13431
f 13432 13433 13434
f 13435 13436 13437
f 13438 13439 13440
f 13441 13442 13443 13444
f 13445 13446 13447 13448
f 13449 13450 13451 13452
f 13453 13454 13455 13456
f 13457 13458 13459 13460
f 13461 13462 13463 13464
f 13465 13466 13467 13468
f 13469 13470 13471 13472
f 13473 13474 13475 13476
f 13477 13478 13479 13480
f 13481 13482 13483 13484
f 13485 13486 13487 13488
f 13489 13490 13491 13492
f 13493 13494 13495 13496
f 13497 13498 13499 13500
f 13501 13502 13503 13504
f 13505 13506 13507 13508
f 13509 13510 13511 13512
f 13513 13514 13515
f 13516 13517 13518
f 13519 13520 13521
f 13522 13523 13524
f 13525 13526 13527
f 13528 13529 13530
f 13531 13532 13533
f 13534 13535 13536
f 13537 13538 13539 13540
f 13541 13542 13543 13544
f 13545 13546 13547 13548
f 13549 13550 13551 13552
f 13553 13554 13555 13556
f 13557 13558 13559 13560
f 13561 13562 13563 13564
f 13565 13566 13567 13568
f 13569 13570 13571 13572
f 13573 13574 13575 13576
f 13577 13578 13579 13580
f 13581 13582 13583 13584
f 13585 13586 13587 13588
f 13589 13590 13591 13592
f 13593 13594 13595 13596
f 13597 13598 13599 13600
f 13601 13602 13603 13604
f 13605 13606 13607 13608
f 13609 13610 13611
f 13612 13613 13614
f 13615 13616 13617
f 13618 13619 13620
f 13621 13622 13623
f 13624 13625 13626
f 13627 13628 13629
f 13630 13631 13632
f 13633 13634 13635 13636
f 13637 13638 13639 13640
f 13641 13642 13643 13644
f 13645 13646 13647 13648
f 13649 13650 13651 13652
f 13653 13654 13655 13656
f 13657 13658 13659 13660
f 13661 13662 13663 13664
f 13665 13666 13667 13668
f 13669 13670 13671 13672
f 13673 13674 13675 13676
f 13677 13678 13679 13680
f 13681 13682 13683 13684
f 13685 13686 13687 13688
f 13689 13690 13691 13692
f 13693 13694 13695 13696
f 13697 13698 13699 13700
f 13701 13702 13703 13704
f 13705 13706 13707
f 13708 13709 13710
f 13711 13712 13713
f 13714 13715 13716
f 13717 13718 13719
f 13720 13721 13722
f 13723 13724 13725
f 13726 13727 13728
f 13729 13730 13731 13732
f 13733 13734 13735 13736
f 13737 13738 13739 13740
f 13741 13742 13743 13744
f 13745 13746 13747 13748
f 13749 13750 13751 13752
f 13753 13754 13755 13756
f 13757 13758 13759 13760
f 13761 13762 13763 13764
f 13765 13766 13767 13768
f 13769 13770 13771 13772
f 13773 13774 13775 13776
f 13777 13778 13779 13780
f 13781 13782 13783 13784
f 13785 13786 13787 13788
f 13789 13790 13791 13792
f 13793 13794 13795 13796
f 13797 13798 13799 13800
f 13801 13802 13803
f 13804 13805 13806
f 13807 13808 13809
f 13810 13811 13812
f 13813 13814 13815
f 13816 13817 13818
f 13819 13820 13821
f 13822 13823 13824
f 13825 13826 13827 13828
f 13829 13830 13831 13832
f 13833 13834 13835 13836
f 13837 13838 13839 13840
f 13841 13842 13843 13844
f 13845 13846 13847 13848
f 13849 13850 13851 13852
f 13853 13854 13855 13856
f 13857 13858 13859 13860
f 13861 13862 13863 13864
f 13865 13866 13867 13868
f 13869 13870 13871 13872
f 13873 13874 13875 13876
f 13877 13878 13879 13880
f 13881 13882 13883 13884
f 13885 13886 13887 13888
f 13889 13890 13891 13892
f 13893 13894 13895 13896
f 13897 13898 13899
f 13900 13901 13902
f 13903 13904 13905
f 13906 13907 13908
f 13909 13910 13911
f 13912 13913 13914
f 13915 13916 13917
f 13918 13919 13920
f 13921 13922 13923 13924
f 13925 13926 13927 13928
f 13929 13930 13931 13932
f 13933 13934 13935 13936
f 13937 13938 13939 13940
f 13941 13942 13943 13944
f 13945 13946 13947 13948
f 13949 13950 13951 13952
f 13953 13954 13955 13956
f 13957 13958 13959 13960
f 13961 13962 13963 13964
f 13965 13966 13967 13968
f 13969 13970 13971 13972
f 13973 13974 13975 13976
f 13977 13978 13979 13980
f 13981 13982 13983 13984
f 13985 13986 13987 13988
f 13989 13990 13991 13992
f 13993 13994 13995
f 13996 13997 13998
f 13999 14000 14001
f 14002 14003 14004
f 14005 14006 14007
f 14008 14009 14010
f 14011 14012 14013
f 14014 14015 14016
f 14017 14018 14019 14020
f 14021 14022 14023 14024
f 14025 14026 14027 14028
f 14029 14030 14031 14032
f 14033 14034 14035 14036
f 14037 14038 14039 14040
f 14041 14042 14043 14044
f 14045 14046 14047 14048
f 14049 14050 14051 14052
f 14053 14054 14055 14056
f 14057 14058 14059 14060
f 14061 14062 14063 14064
f 14065 14066 14067 14068
f 14069 14070 14071 14072
f 14073 14074 14075 14076
f 14077 14078 14079 14080
f 14081 14082 14083 14084
f 14085 14086 14087 14088
f 14089 14090 14091
f 14092 14093 14094
f 14095 14096 14097
f 14098 14099 14100
f 14101 14102 14103
f 14104 14105 14106
f 14107 14108 14109
f 14110 14111 14112
f 14113 14114 14115 14116
f 14117 14118 14119 14120
f 14121 14122 14123 14124
f 14125 14126 14127 14128
f 14129 14130 14131 14132
f 14133 14134 14135 14136
f 14137 14138 14139 14140
f 14141 14142 14143 14144
f 14145 14146 14147 14148
f 14149 14150 14151 14152
f 14153 14154 14155 14156
f 14157 14158 14159 14160
f 14161 14162 14163 14164
f 14165 14166 14167 14168
f 14169 14170 14171 14172
f 14173 14174 14175 14176
f 14177 14178 14179 14180
f 14181 14182 14183 14184
f 14185 14186 14187
f 14188 14189 14190
f 14191 14192 14193
f 14194 14195 14196
f 14197 14198 14199
f 14200 14201 14202
f 14203 14204 14205
f 14206 14207 14208
f 14209 14210 14211 14212
f 14213 14214 14215 14216
f 14217 14218 14219 14220
f 14221 14222 14223 14224
f 14225 14226 14227 14228
f 14229 14230 14231 14232
f 14233 14234 14235 14236
f 14237 14238 14239 14240
f 14241 14242 14243 14244
f 14245 14246 14247 14248
f 14249 14250 14251 14252
f 14253 14254 14255 14256
f 14257 14258 14259 14260
f 14261 14262 14263 14264
f 14265 14266 14267 14268
f 14269 14270 14271 14272
f 14273 14274 14275 14276
f 14277 14278 14279 14280
f 14281 14282 14283
f 14284 14285 14286
f 14287 14288 14289
f 14290 14291 14292
f 14293 14294 14295
f 14296 14297 14298
f 14299 14300 14301
f 14302 14303 14304
f 14305 14306 14307 14308
f 14309 14310 14311 14312
f 14313 14314 14315 14316
f 14317 14318 14319 14320
f 14321 14322 14323 14324
f 14325 14326 14327 14328
f 14329 14330 14331 14332
f 14333 14334 14335 14336
f 14337 14338 14339 14340
f 14341 14342 14343 14344
f 14345 14346 14347 14348
f 14349 14350 14351 14352
f 14353 14354 14355 14356
f 14357 14358 14359 14360
f 14361 14362 14363 14364
f 14365 14366 14367 14368
f 14369 14370 14371 14372
f 14373 14374 14375 14376
f 14377 14378 14379
f 14380 14381 14382
f 14383 14384 14385
f 14386 14387 14388
f 14389 14390 14391
f 14392 14393 14394
f 14395 14396 14397
f 14398 14399 14400
f 14401 14402 14403 14404
f 14405 14406 14407 14408
f 14409 14410 14411 14412
f 14413 14414 14415 14416
f 14417 14418 14419 14420
f 14421 14422 14423 14424
f 14425 14426 14427 14428
f 14429 14430 14431 14432
f 14433 14434 14435 14436
f 14437 14438 14439 14440
f 14441 14442 14443 14444
f 14445 14446 14447 14448
f 14449 14450 14451 14452
f 14453 14454 14455 14456
f 14457 14458 14459 14460
f 14461 14462 14463 14464
f 14465 14466 14467 14468
f 14469 14470 14471 14472
f 14473 14474 14475
f 14476 14477 14478
f 14479 14480 14481
f 14482 14483 14484
f 14485 14486 14487
f 14488 14489 14490
f 14491 14492 14493
f 14494 14495 14496
f 14497 14498 14499 14500
f 14501 14502 14503 14504
f 14505 14506 14507 14508
f 14509 14510 14511 14512
f 14513 14514 14515 14516
f 14517 14518 14519 14520
f 14521 14522 14523 14524
f 14525 14526 14527 14528
f 14529 14530 14531 14532
f 14533 14534 14535 14536
f 14537 14538 14539 14540
f 14541 14542 14543 14544
f 14545 14546 14547 14548
f 14549 14550 14551 14552
f 14553 14554 14555 14556
f 14557 14558 14559 14560
f 14561 14562 14563 14564
f 14565 14566 14567 14568
f 14569 14570 14571
f 14572 14573 14574
f 14575 14576 14577
f 14578 14579 14580
f 14581 14582 14583
f 14584 14585 14586
f 14587 14588 14589
f 14590 14591 14592
f 14593 14594 14595 14596
f 14597 14598 14599 14600
f 14601 14602 14603 14604
f 14605 14606 14607 14608
f 14609 14610 14611 14612
f 14613 14614 14615 14616
f 14617 14618 14619 14620
f 14621 14622 14623 14624
f 14625 14626 14627 14628
f 14629 14630 14631 14632
f 14633 14634 14635 14636
f 14637 14638 14639 14640
f 14641 14642 14643 14644
f 14645 14646 14647 14648
f 14649 14650 14651 14652
f 14653 14654 14655 14656
f 14657 14658 14659 14660
f 14661 14662 14663 14664
f 14665 14666 14667
f 14668 14669 14670
f 14671 14672 14673
f 14674 14675 14676
f 14677 14678 14679
f 14680 14681 14682
f 14683 14684 14685
f 14686 14687 14688
f 14689 14690 14691 14692
f 14693 14694 14695 14696
f 14697 14698 14699 14700
f 14701 14702 14703 14704
f 14705 14706 14707 14708
f 14709 14710 14711 14712
f 14713 14714 14715 14716
f 14717 14718 14719 14720
f 14721 14722 14723 14724
f 14725 14726 14727 14728
f 14729 14730 14731 14732
f 14733 14734 14735 14736
f 14737 14738 14739 14740
f 14741 14742 14743 14744
f 14745 14746 14747 14748
f 14749 14750 14751 14752
f 14753 14754 14755 14756
f 14757 14758 14759 14760
f 14761 14762 14763
f 14764 14765 14766
f 14767 14768 14769
f 14770 14771 14772
f 14773 14774 14775
f 14776 14777 14778
f 14779 14780 14781
f 14782 14783 14784
f 14785 14786 14787 14788
f 14789 14790 14791 14792
f 14793 14794 14795 14796
f 14797 14798 14799 14800
f 14801 14802 14803 14804
f 14805 14806 14807 14808
f 14809 14810 14811 14812
f 14813 14814 14815 14816
f 14817 14818 14819 14820
f 14821 14822 14823 14824
f 14825 14826 14827 14828
f 14829 14830 14831 14832
f 14833 14834 14835 14836
f 14837 14838 14839 14840
f 14841 14842 14843 14844
f 14845 14846 14847 14848
f 14849 14850 14851 14852
f 14853 14854 14855 14856
f 14857 14858 14859
f 14860 14861 14862
f 14863 14864 14865
f 14866 14867 14868
f 14869 14870 14871
f 14872 14873 14874
f 14875 14876 14877
f 14878 14879 14880
f 14881 14882 14883 14884
f 14885 14886 14887 14888
f 14889 14890 14891 14892
f 14893 14894 14895 14896
f 14897 14898 14899 14900
f 14901 14902 14903 14904
f 14905 14906 14907 14908
f 14909 14910 14911 14912
f 14913 14914 14915 14916
f 14917 14918 14919 14920
f 14921 14922 14923 14924
f 14925 14926 14927 14928
f 14929 14930 14931 14932
f 14933 14934 14935 14936
f 14937 14938 14939 14940
f 14941 14942 14943 14944
f 14945 14946 14947 14948
f 14949 14950 14951 14952
f 14953 14954 14955
f 14956 14957 14958
f 14959 14960 14961
f 14962 14963 14964
f 14965 14966 14967
f 14968 14969 14970
f 14971 14972 14973
f 14974 14975 14976
f 14977 14978 14979 14980
f 14981 14982 14983 14984
f 14985 14986 14987 14988
f 14989 14990 14991 14992
f 14993 14994 14995 14996
f 14997 14998 14999 15000
f 15001 15002 15003 15004
f 15005 15006 15007 15008
f 15009 15010 15011 15012
f 15013 15014 15015 15016
f 15017 15018 15019 15020
f 15021 15022 15023 15024
f 15025 15026 15027 15028
f 15029 15030 15031 15032
f 15033 15034 15035 15036
f 15037 15038 15039 15040
f 15041 15042 15043 15044
f 15045 15046 15047 15048
f 15049 15050 15051
f 15052 15053 15054
f 15055 15056 15057
f 15058 15059 15060
f 15061 15062 15063
f 15064 15065 15066
f 15067 15068 15069
f 15070 15071 15072
f 15073 15074 15075 15076
f 15077 15078 15079 15080
f 15081 15082 15083 15084
f 15085 15086 15087 15088
f 15089 15090 15091 15092
f 15093 15094 15095 15096
f 15097 15098 15099 15100
f 15101 15102 15103 15104
f 15105 15106 15107 15108
f 15109 15110 15111 15112
f 15113 15114 15115 15116
f 15117 15118 15119 15120
f 15121 15122 15123 15124
f 15125 15126 15127 15128
f 15129 15130 15131 15132
f 15133 15134 15135 15136
f 15137 15138 15139 15140
f 15141 15142 15143 15144
f 15145 15146 15147
f 15148 15149 15150
f 15151 15152 15153
f 15154 15155 15156
f 15157 15158 15159
f 15160 15161 15162
f 15163 15164 15165
f 15166 15167 15168
f 15169 15170 15171 15172
f 15173 15174 15175 15176
f 15177 15178 15179 15180
f 15181 15182 15183 15184
f 15185 15186 15187 15188
f 15189 15190 15191 15192
f 15193 15194 15195 15196
f 15197 15198 15199 15200
f 15201 15202 15203 15204
f 15205 15206 15207 15208
f 15209 15210 15211 15212
f 15213 15214 15215 15216
f 15217 15218 15219 15220
f 15221 15222 15223 15224
f 15225 15226 15227 15228
f 15229 15230 15231 15232
f 15233 15234 15235 15236
f 15237 15238 15239 15240
f 15241 15242 15243
f 15244 15245 15246
f 15247 15248 15249
f 15250 15251 15252
f 15253 15254 15255
f 15256 15257 15258
f 15259 15260 15261
f 15262 15263 15264
f 15265 15266 15267 15268
f 15269 15270 15271 15272
f 15273 15274 15275 15276
f 15277 15278 15279 15280
f 15281 15282 15283 15284
f 15285 15286 15287 15288
f 15289 15290 15291 15292
f 15293 15294 15295 15296
f 15297 15298 15299 15300
f 15301 15302 15303 15304
f 15305 15306 15307 15308
f 15309 15310 15311 15312
f 15313 15314 15315 15316
f 15317 15318 15319 15320
f 15321 15322 15323 15324
f 15325 15326 15327 15328
f 15329 15330 15331 15332
f 15333 15334 15335 15336
f 15337 15338 15339
f 15340 15341 15342
f 15343 15344 15345
f 15346 15347 15348
f 15349 15350 15351
f 15352 15353 15354
f 15355 15356 15357
f 15358 15359 15360
f 15361 15362 15363 15364
f 15365 15366 15367 15368
f 15369 15370 15371 15372
f 15373 15374 15375 15376
f 15377 15378 15379 15380
f 15381 15382 15383 15384
f 15385 15386 15387 15388
f 15389 15390 15391 15392
f 15393 15394 15395 15396
f 15397 15398 15399 15400
f 15401 15402 15403 15404
f 15405 15406 15407 15408
f 15409 15410 15411 15412
f 15413 15414 15415 15416
f 15417 15418 15419 15420
f 15421 15422 15423 15424
f 15425 15426 15427 15428
f 15429 15430 15431 15432
f 15433 15434 15435
f 15436 15437 15438
f 15439 15440 15441
f 15442 15443 15444
f 15445 15446 15447
f 15448 15449 15450
f 15451 15452 15453
f 15454 15455 15456
f 15457 15458 15459 15460
f 15461 15462 15463 15464
f 15465 15466 15467 15468
f 15469 15470 15471 15472
f 15473 15474 15475 15476
f 15477 15478 15479 15480
f 15481 15482 15483 15484
f 15485 15486 15487 15488
f 15489 15490 15491 15492
f 15493 15494 15495 15496
f 15497 15498 15499 15500
f 15501 15502 15503 15504
f 15505 15506 15507 15508
f 15509 15510 15511 15512
f 15513 15514 15515 15516
f 15517 15518 15519 15520
f 15521 15522 15523 15524
f 15525 15526 15527 15528
f 15529 15530 15531
f 15532 15533 15534
f 15535 15536 15537
f 15538 15539 15540
f 15541 15542 15543
f 15544 15545 15546
f 15547 15548 15549
f 15550 15551 15552
f 15553 15554 15555 15556
f 15557 15558 15559 15560
f 15561 15562 15563 15564
f 15565 15566 15567 15568
f 15569 15570 15571 15572
f 15573 15574 15575 15576
f 15577 15578 15579 15580
f 15581 15582 15583 15584
f 15585 15586 15587 15588
f 15589 15590 15591 15592
f 15593 15594 15595 15596
f 15597 15598 15599 15600
f 15601 15602 15603 15604
f 15605 15606 15607 15608
f 15609 15610 15611 15612
f 15613 15614 15615 15616
f 15617 15618 15619 15620
f 15621 15622 15623 15624
f 15625 15626 15627
f 15628 15629 15630
f 15631 15632 15633
f 15634 15635 15636
f 15637 15638 15639
f 15640 15641 15642
f 15643 15644 15645
f 15646 15647 15648
f 15649 15650 15651 15652
f 15653 15654 15655 15656
f 15657 15658 15659 15660
f 15661 15662 15663 15664
f 15665 15666 15667 15668
f 15669 15670 15671 15672
f 15673 15674 15675 15676
f 15677 15678 15679 15680
f 15681 15682 15683 15684
f 15685 15686 15687 15688
f 15689 15690 15691 15692
f 15693 15694 15695 15696
f 15697 15698 15699 15700
f 15701 15702 15703 15704
f 15705 15706 15707 15708
f 15709 15710 15711 15712
f 15713 15714 15715 15716
f 15717 15718 15719 15720
f 15721 15722 15723
f 15724 15725 15726
f 15727 15728 15729
f 15730 15731 15732
f 15733 15734 15735
f 15736 15737 15738
f 15739 15740 15741
f 15742 15743 15744
f 15745 15746 15747 15748
f 15749 15750 15751 15752
f 15753 15754 15755 15756
f 15757 15758 15759 15760
f 15761 15762 15763 15764
f 15765 15766 15767 15768
f 15769 15770 15771 15772
f 15773 15774 15775 15776
f 15777 15778 15779 15780
f 15781 15782 15783 15784
f 15785 15786 15787 15788
f 15789 15790 15791 15792
f 15793 15794 15795 15796
f 15797 15798 15799 15800
f 15801 15802 15803 15804
f 15805 15806 15807 15808
f 15809 15810 15811 15812
f 15813 15814 15815 15816
f 15817 15818 15819
f 15820 15821 15822
f 15823 15824 15825
f 15826 15827 15828
f 15829 15830 15831
f 15832 15833 15834
f 15835 15836 15837
f 15838 15839 15840
f 15841 15842 15843 15844
f 15845 15846 15847 15848
f 15849 15850 15851 15852
f 15853 15854 15855 15856
f 15857 15858 15859 15860
f 15861 15862 15863 15864
f 15865 15866 15867 15868
f 15869 15870 15871 15872
f 15873 15874 15875 15876
f 15877 15878 15879 15880
f 15881 15882 15883 15884
f 15885 15886 15887 15888
f 15889 15890 15891 15892
f 15893 15894 15895 15896
f 15897 15898 15899 15900
f 15901 15902 15903 15904
f 15905 15906 15907 15908
f 15909 15910 15911 15912
f 15913 15914 15915
f 15916 15917 15918
f 15919 15920 15921
f 15922 15923 15924
f 15925 15926 15927
f 15928 15929 15930
f 15931 15932 15933
f 15934 15935 15936
f 15937 15938 15939 15940
f 15941 15942 15943 15944
f 15945 15946 15947 15948
f 15949 15950 15951 15952
f 15953 15954 15955 15956
f 15957 15958 15959 15960
f 15961 15962 15963 15964
f 15965 15966 15967 15968
f 15969 15970 15971 15972
f 15973 15974 15975 15976
f 15977 15978 15979 15980
f 15981 15982 15983 15984
f 15985 15986 15987 15988
f 15989 15990 15991 15992
f 15993 15994 15995 15996
f 15997 15998 15999 16000
f 16001 16002 16003 16004
f 16005 16006 16007 16008
f 16009 16010 16011
f 16012 16013 16014
f 16015 16016 16017
f 16018 16019 16020
f 16021 16022 16023
f 16024 16025 16026
f 16027 16028 16029
f 16030 16031 16032
f 16033 16034 16035 16036
f 16037 16038 16039 16040
f 16041 16042 16043 16044
f 16045 16046 16047 16048
f 16049 16050 16051 16052
f 16053 16054 16055 16056
f 16057 16058 16059 16060
f 16061 16062 16063 16064
f 16065 16066 16067 16068
f 16069 16070 16071 16072
f 16073 16074 16075 16076
f 16077 16078 16079 16080
f 16081 16082 16083 16084
f 16085 16086 16087 16088
f 16089 16090 16091 16092
f 16093 16094 16095 16096
f 16097 16098 16099 16100
f 16101 16102 16103 16104
f 16105 16106 16107
f 16108 16109 16110
f 16111 16112 16113
f 16114 16115 16116
f 16117 16118 16119
f 16120 16121 16122
f 16123 16124 16125
f 16126 16127 16128
f 16129 16130 16131 16132
f 16133 16134 16135 16136
f 16137 16138 16139 16140
f 16141 16142 16143 16144
f 16145 16146 16147 16148
f 16149 16150 16151 16152
f 16153 16154 16155 16156
f 16157 16158 16159 16160
f 16161 16162 16163 16164
f 16165 16166 16167 16168
f 16169 16170 16171 16172
f 16173 16174 16175 16176
f 16177 16178 16179 16180
f 16181 16182 16183 16184
f 16185 16186 16187 16188
f 16189 16190 16191 16192
f 16193 16194 16195 16196
f 16197 16198 16199 16200
f 16201 16202 16203
f 16204 16205 16206
f 16207 16208 16209
f 16210 16211 16212
f 16213 16214 16215
f 16216 16217 16218
f 16219 16220 16221
f 16222 16223 16224
f 16225 16226 16227 16228
f 16229 16230 16231 16232
f 16233 16234 16235 16236
f 16237 16238 16239 16240
f 16241 16242 16243 16244
f 16245 16246 16247 16248
f 16249 16250 16251 16252
f 16253 16254 16255 16256
f 16257 16258 16259 16260
f 16261 16262 16263 16264
f 16265 16266 16267 16268
f 16269 16270 16271 16272
f 16273 16274 16275 16276
f 16277 16278 16279 16280
f 16281 16282 16283 16284
f 16285 16286 16287 16288
f 16289 16290 16291 16292
f 16293 16294 16295 16296
f 16297 16298 16299
f 16300 16301 16302
f 16303 16304 16305
f 16306 16307 16308
f 16309 16310 16311
f 16312 16313 16314
f 16315 16316 16317
f 16318 16319 16320
f 16321 16322 16323 16324
f 16325 16326 16327 16328
f 16329 16330 16331 16332
f 16333 16334 16335 16336
f 16337 16338 16339 16340
f 16341 16342 16343 16344
f 16345 16346 16347 16348
f 16349 16350 16351 16352
f 16353 16354 16355 16356
f 16357 16358 16359 16360
f 16361 16362 16363 16364
f 16365 16366 16367 16368
f 16369 16370 16371 16372
f 16373 16374 16375 16376
f 16377 16378 16379 16380
f 16381 16382 16383 16384
f 16385 16386 16387 16388
f 16389 16390 16391 16392
f 16393 16394 16395
f 16396 16397 16398
f 16399 16400 16401
f 16402 16403 16404
f 16405 16406 16407
f 16408 16409 16410
f 16411 16412 16413
f 16414 16415 16416
f 16417 16418 16419 16420
f 16421 16422 16423 16424
f 16425 16426 16427 16428
f 16429 16430 16431 16432
f 16433 16434 16435 16436
f 16437 16438 16439 16440
f 16441 16442 16443 16444
f 16445 16446 16447 16448
f 16449 16450 16451 16452
f 16453 16454 16455 16456
f 16457 16458 16459 16460
f 16461 16462 16463 16464
f 16465 16466 16467 16468
f 16469 16470 16471 16472
f 16473 16474 16475 16476
f 16477 16478 16479 16480
f 16481 16482 16483 16484
f 16485 16486 16487 16488
f 16489 16490 16491
f 16492 16493 16494
f 16495 16496 16497
f 16498 16499 16500
f 16501 16502 16503
f 16504 16505 16506
f 16507 16508 16509
f 16510 16511 16512
f 16513 16514 16515 16516
f 16517 16518 16519 16520
f 16521 16522 16523 16524
f 16525 16526 16527 16528
f 16529 16530 16531 16532
f 16533 16534 16535 16536
f 16537 16538 16539 16540
f 16541 16542 16543 16544
f 16545 16546 16547 16548
f 16549 16550 16551 16552
f 16553 16554 16555 16556
f 16557 16558 16559 16560
f 16561 16562 16563 16564
f 16565 16566 16567 16568
f 16569 16570 16571 16572
f 16573 16574 16575 16576
f 16577 16578 16579 16580
f 16581 16582 16583 16584
f 16585 16586 16587
f 16588 16589 16590
f 16591 16592 16593
f 16594 16595 16596
f 16597 16598 16599
f 16600 16601 16602
f 16603 16604 16605
f 16606 16607 16608
f 16609 16610 16611 16612
f 16613 16614 16615 16616
f 16617 16618 16619 16620
f 16621 16622 16623 16624
f 16625 16626 16627 16628
f 16629 16630 16631 16632
f 16633 16634 16635 16636
f 16637 16638 16639 16640
f 16641 16642 16643 16644
f 16645 16646 16647 16648
f 16649 16650 16651 16652
f 16653 16654 16655 16656
f 16657 16658 16659 16660
f 16661 16662 16663 16664
f 16665 16666 16667 16668
f 16669 16670 16671 16672
f 16673 16674 16675 16676
f 16677 16678 16679 16680
f 16681 16682 16683
f 16684 16685 16686
f 16687 16688 16689
f 16690 16691 16692
f 16693 16694 16695
f 16696 16697 16698
f 16699 16700 16701
f 16702 16703 16704
f 16705 16706 16707 16708
f 16709 16710 16711 16712
f 16713 16714 16715 16716
f 16717 16718 16719 16720
f 16721 16722 16723 16724
f 16725 16726 16727 16728
f 16729 16730 16731 16732
f 16733 16734 16735 16736
f 16737 16738 16739 16740
f 16741 16742 16743 16744
f 16745 16746 16747 16748
f 16749 16750 16751 16752
f 16753 16754 16755 16756
f 16757 16758 16759 16760
f 16761 16762 16763 16764
f 16765 16766 16767 16768
f 16769 16770 16771 16772
f 16773 16774 16775 16776
f 16777 16778 16779
f 16780 16781 16782
f 16783 16784 16785
f 16786 16787 16788
f 16789 16790 16791
f 16792 16793 16794
f 16795 16796 16797
f 16798 16799 16800
f 16801 16802 16803 16804
f 16805 16806 16807 16808
f 16809 16810 16811 16812
f 16813 16814 16815 16816
f 16817 16818 16819 16820
f 16821 16822 16823 16824
f 16825 16826 16827 16828
f 16829 16830 16831 16832
f 16833 16834 16835 16836
f 16837 16838 16839 16840
f 16841 16842 16843 16844
f 16845 16846 16847 16848
f 16849 16850 16851 16852
f 16853 16854 16855 16856
f 16857 16858 16859 16860
f 16861 16862 16863 16864
f 16865 16866 16867 16868
f 16869 16870 16871 16872
f 16873 16874 16875
f 16876 16877 16878
f 16879 16880 16881
f 16882 16883 16884
f 16885 16886 16887
f 16888 16889 16890
f 16891 16892 16893
f 16894 16895 16896
f 16897 16898 16899 16900
f 16901 16902 16903 16904
f 16905 16906 16907 16908
f 16909 16910 16911 16912
f 16913 16914 16915 16916
f 16917 16918 16919 16920
f 16921 16922 16923 16924
f 16925 16926 16927 16928
f 16929 16930 16931 16932
f 16933 16934 16935 16936
f 16937 16938 16939 16940
f 16941 16942 16943 16944
f 16945 16946 16947 16948
f 16949 16950 16951 16952
f 16953 16954 16955 16956
f 16957 16958 16959 16960
f 16961 16962 16963 16964
f 16965 16966 16967 16968
f 16969 16970 16971
f 16972 16973 16974
f 16975 16976 16977
f 16978 16979 16980
f 16981 16982 16983
f 16984 16985 16986
f 16987 16988 16989
f 16990 16991 16992
f 16993 16994 16995 16996
f 16997 16998 16999 17000
f 17001 17002 17003 17004
f 17005 17006 17007 17008
f 17009 17010 17011 17012
f 17013 17014 17015 17016
f 17017 17018 17019 17020
f 17021 17022 17023 17024
f 17025 17026 17027 17028
f 17029 17030 17031 17032
f 17033 17034 17035 17036
f 17037 17038 17039 17040
f 17041 17042 17043 17044
f 17045 17046 17047 17048
f 17049 17050 17051 17052
f 17053 17054 17055 17056
f 17057 17058 17059 17060
f 17061 17062 17063 17064
f 17065 17066 17067
f 17068 17069 17070
f 17071 17072 17073
f 17074 17075 17076
f 17077 17078 17079
f 17080 17081 17082
f 17083 17084 17085
f 17086 17087 17088
f 17089 17090 17091 17092
f 17093 17094 17095 17096
f 17097 17098 17099 17100
f 17101 17102 17103 17104
f 17105 17106 17107 17108
f 17109 17110 17111 17112
f 17113 17114 17115 17116
f 17117 17118 17119 17120
f 17121 17122 17123 17124
f 17125 17126 17127 17128
f 17129 17130 17131 17132
f 17133 17134 17135 17136
f 17137 17138 17139 17140
f 17141 17142 17143 17144
f 17145 17146 17147 17148
f 17149 17150 17151 17152
f 17153 17154 17155 17156
f 17157 17158 17159 17160
f 17161 17162 17163
f 17164 17165 17166
f 17167 17168 17169
f 17170 17171 17172
f 17173 17174 17175
f 17176 17177 17178
f 17179 17180 17181
f 17182 17183 17184
f 17185 17186 17187 17188
f 17189 17190 17191 17192
f 17193 17194 17195 17196
f 17197 17198 17199 17200
f 17201 17202 17203 17204
f 17205 17206 17207 17208
f 17209 17210 17211 17212
f 17213 17214 17215 17216
f 17217 17218 17219 17220
f 17221 17222 17223 17224
f 17225 17226 17227 17228
f 17229 17230 17231 17232
f 17233 17234 17235 17236
f 17237 17238 17239 17240
f 17241 17242 17243 17244
f 17245 17246 17247 17248
f 17249 17250 17251 17252
f 17253 17254 17255 17256
f 17257 17258 17259
f 17260 17261 17262
f 17263 17264 17265
f 17266 17267 17268
f 17269 17270 17271
f 17272 17273 17274
f 17275 17276 17277
f 17278 17279 17280
f 17281 17282 17283 17284
f 17285 17286 17287 17288
f 17289 17290 17291 17292
f 17293 17294 17295 17296
f 17297 17298 17299 17300
f 17301 17302 17303 17304
f 17305 17306 17307 17308
f 17309 17310 17311 17312
f 17313 17314 17315 17316
f 17317 17318 17319 17320
f 17321 17322 17323 17324
f 17325 17326 17327 17328
f 17329 17330 17331 17332
f 17333 17334 17335 17336
f 17337 17338 17339 17340
f 17341 17342 17343 17344
f 17345 17346 17347 17348
f 17349 17350 17351 17352
f 17353 17354 17355
f 17356 17357 17358
f 17359 17360 17361
f 17362 17363 17364
f 17365 17366 17367
f 17368 17369 17370
f 17371 17372 17373
f 17374 17375 17376
f 17377 17378 17379 17380
f 17381 17382 17383 17384
f 17385 17386 17387 17388
f 17389 17390 17391 17392
f 17393 17394 17395 17396
f 17397 17398 17399 17400
f 17401 17402 17403 17404
f 17405 17406 17407 17408
f 17409 17410 17411 17412
f 17413 17414 17415 17416
f 17417 17418 17419 17420
f 17421 17422 17423 17424
f 17425 17426 17427 17428
f 17429 17430 17431 17432
f 17433 17434 17435 17436
f 17437 17438 17439 17440
f 17441 17442 17443 17444
f 17445 17446 17447 17448
f 17449 17450 17451
f 17452 17453 17454
f 17455 17456 17457
f 17458 17459 17460
f 17461 17462 17463
f 17464 17465 17466
f 17467 17468 17469
f 17470 17471 17472
f 17473 17474 17475 17476
f 17477 17478 17479 17480
f 17481 17482 17483 17484
f 17485 17486 17487 17488
f 17489 17490 17491 17492
f 17493 17494 17495 17496
f 17497 17498 17499 17500
f 17501 17502 17503 17504
f 17505 17506 17507 17508
f 17509 17510 17511 17512
f 17513 17514 17515 17516
f 17517 17518 17519 17520
f 17521 17522 17523 17524
f 17525 17526 17527 17528
f 17529 17530 17531 17532
f 17533 17534 17535 17536
f 17537 17538 17539 17540
f 17541 17542 17543 17544
f 17545 17546 17547
f 17548 17549 17550
f 17551 17552 17553
f 17554 17555 17556
f 17557 17558 17559
f 17560 17561 17562
f 17563 17564 17565
f 17566 17567 17568
f 17569 17570 17571 17572
f 17573 17574 17575 17576
f 17577 17578 17579 17580
f 17581 17582 17583 17584
f 17585 17586 17587 17588
f 17589 17590 17591 17592
f 17593 17594 17595 17596
f 17597 17598 17599 17600
f 17601 17602 17603 17604
f 17605 17606 17607 17608
f 17609 17610 17611 17612
f 17613 17614 17615 17616
f 17617 17618 17619 17620
f 17621 17622 17623 17624
f 17625 17626 17627 17628
f 17629 17630 17631 17632
f 17633 17634 17635 17636
f 17637 17638 17639 17640
f 17641 17642 17643
f 17644 17645 17646
f 17647 17648 17649
f 17650 17651 17652
f 17653 17654 17655
f 17656 17657 17658
f 17659 17660 17661
f 17662 17663 17664
f 17665 17666 17667 17668
f 17669 17670 17671 17672
f 17673 17674 17675 17676
f 17677 17678 17679 17680
f 17681 17682 17683 17684
f 17685 17686 17687 17688
f 17689 17690 17691 17692
f 17693 17694 17695 17696
f 17697 17698 17699 17700
f 17701 17702 17703 17704
f 17705 17706 17707 17708
f 17709 17710 17711 17712
f 17713 17714 17715 17716
f 17717 17718 17719 17720
f 17721 17722 17723 17724
f 17725 17726 17727 17728
f 17729 17730 17731 17732
f 17733 17734 17735 17736
f 17737 17738 17739
f 17740 17741 17742
f 17743 17744 17745
f 17746 17747 17748
f 17749 17750 17751
f 17752 17753 17754
f 17755 17756 17757
f 17758 17759 17760
f 17761 17762 17763 17764
f 17765 17766 17767 17768
f 17769 17770 17771 17772
f 17773 17774 17775 17776
f 17777 17778 17779 17780
f 17781 17782 17783 17784
f 17785 17786 17787 17788
f 17789 17790 17791 17792
f 17793 17794 17795 17796
f 17797 17798 17799 17800
f 17801 17802 17803 17804
f 17805 17806 17807 17808
f 17809 17810 17811 17812
f 17813 17814 17815 17816
f 17817 17818 17819 17820
f 17821 17822 17823 17824
f 17825 17826 17827 17828
f 17829 17830 17831 17832
f 17833 17834 17835
f 17836 17837 17838
f 17839 17840 17841
f 17842 17843 17844
f 17845 17846 17847
f 17848 17849 17850
f 17851 17852 17853
f 17854 17855 17856
f 17857 17858 17859 17860
f 17861 17862 17863 17864
f 17865 17866 17867 17868
f 17869 17870 17871 17872
f 17873 17874 17875 17876
f 17877 17878 17879 17880
f 17881 17882 17883 17884
f 17885 17886 17887 17888
f 17889 17890 17891 17892
f 17893 17894 17895 17896
f 17897 17898 17899 17900
f 17901 17902 17903 17904
f 17905 17906 17907 17908
f 17909 17910 17911 17912
f 17913 17914 17915 17916
f 17917 17918 17919 17920
f 17921 17922 17923 17924
f 17925 17926 17927 17928
f 17929 17930 17931
f 17932 17933 17934
f 17935 17936 17937
f 17938 17939 17940
f 17941 17942 17943
f 17944 17945 17946
f 17947 17948 17949
f 17950 17951 17952
usemtl DarkSteel
f 17953 17954 17955 17956
f 17957 17958 17959 17960
f 17961 17962 17963 17964
f 17965 17966 17967 17968
f 17969 17970 17971 17972
f 17973 17974 17975 17976
f 17977 17978 17979 17980
f 17981 17982 17983 17984
f 17985 17986 17987 17988
f 17989 17990 17991 17992
f 17993 17994 17995 17996
f 17997 17998 17999 18000
f 18001 18002 18003 18004
f 18005 18006 18007 18008
f 18009 18010 18011 18012
f 18013 18014 18015 18016
f 18017 18018 18019 18020
f 18021 18022 18023 18024
f 18025 18026 18027
f 18028 18029 18030
f 18031 18032 18033
f 18034 18035 18036
f 18037 18038 18039
f 18040 18041 18042
f 18043 18044 18045
f 18046 18047 18048
usemtl StatusGreen
f 18049 18050 18051 18052
f 18053 18054 18055 18056
f 18057 18058 18059 18060
f 18061 18062 18063 18064
f 18065 18066 18067 18068
f 18069 18070 18071 18072
f 18073 18074 18075 18076
f 18077 18078 18079 18080
f 18081 18082 18083 18084
f 18085 18086 18087 18088
f 18089 18090 18091 18092
f 18093 18094 18095 18096
f 18097 18098 18099 18100
f 18101 18102 18103 18104
f 18105 18106 18107 18108
f 18109 18110 18111 18112
f 18113 18114 18115 18116
f 18117 18118 18119 18120
f 18121 18122 18123 18124 18125 18126 18127 18128 18129 18130 18131 18132 18133 18134 18135 18136 18137 18138
f 18139 18140 18141 18142 18143 18144 18145 18146 18147 18148 18149 18150 18151 18152 18153 18154 18155 18156
usemtl StatusAmber
f 18157 18158 18159 18160
f 18161 18162 18163 18164
f 18165 18166 18167 18168
f 18169 18170 18171 18172
f 18173 18174 18175 18176
f 18177 18178 18179 18180
f 18181 18182 18183 18184
f 18185 18186 18187 18188
f 18189 18190 18191 18192
f 18193 18194 18195 18196
f 18197 18198 18199 18200
f 18201 18202 18203 18204
f 18205 18206 18207 18208
f 18209 18210 18211 18212
f 18213 18214 18215 18216
f 18217 18218 18219 18220
f 18221 18222 18223 18224
f 18225 18226 18227 18228
f 18229 18230 18231 18232 18233 18234 18235 18236 18237 18238 18239 18240 18241 18242 18243 18244 18245 18246
f 18247 18248 18249 18250 18251 18252 18253 18254 18255 18256 18257 18258 18259 18260 18261 18262 18263 18264
usemtl StatusRed
f 18265 18266 18267 18268
f 18269 18270 18271 18272
f 18273 18274 18275 18276
f 18277 18278 18279 18280
f 18281 18282 18283 18284
f 18285 18286 18287 18288
f 18289 18290 18291 18292
f 18293 18294 18295 18296
f 18297 18298 18299 18300
f 18301 18302 18303 18304
f 18305 18306 18307 18308
f 18309 18310 18311 18312
f 18313 18314 18315 18316
f 18317 18318 18319 18320
f 18321 18322 18323 18324
f 18325 18326 18327 18328
f 18329 18330 18331 18332
f 18333 18334 18335 18336
f 18337 18338 18339 18340 18341 18342 18343 18344 18345 18346 18347 18348 18349 18350 18351 18352 18353 18354
f 18355 18356 18357 18358 18359 18360 18361 18362 18363 18364 18365 18366 18367 18368 18369 18370 18371 18372
