# Reusable open electroplating process tank
mtllib h1_industrial.mtl
s off
v -0.575 -0.9495 1.022
v -0.575 -0.9005 1.022
v -0.575 -0.9005 0.018
v -0.575 -0.9495 0.018
v 0.575 -0.9495 0.018
v 0.575 -0.9005 0.018
v 0.575 -0.9005 1.022
v 0.575 -0.9495 1.022
v -0.557 -0.9675 0.018
v 0.557 -0.9675 0.018
v 0.557 -0.9675 1.022
v -0.557 -0.9675 1.022
v -0.557 -0.8825 1.022
v 0.557 -0.8825 1.022
v 0.557 -0.8825 0.018
v -0.557 -0.8825 0.018
v -0.557 -0.9005 0
v 0.557 -0.9005 0
v 0.557 -0.9495 0
v -0.557 -0.9495 0
v -0.557 -0.9495 1.04
v 0.557 -0.9495 1.04
v 0.557 -0.9005 1.04
v -0.557 -0.9005 1.04
v -0.575 -0.9495 0.018
v -0.557 -0.9675 0.018
v -0.557 -0.9675 1.022
v -0.575 -0.9495 1.022
v -0.575 -0.9005 1.022
v -0.557 -0.8825 1.022
v -0.557 -0.8825 0.018
v -0.575 -0.9005 0.018
v 0.575 -0.9495 1.022
v 0.557 -0.9675 1.022
v 0.557 -0.9675 0.018
v 0.575 -0.9495 0.018
v 0.575 -0.9005 0.018
v 0.557 -0.8825 0.018
v 0.557 -0.8825 1.022
v 0.575 -0.9005 1.022
v -0.575 -0.9005 0.018
v -0.557 -0.9005 0
v -0.557 -0.9495 0
v -0.575 -0.9495 0.018
v -0.575 -0.9495 1.022
v -0.557 -0.9495 1.04
v -0.557 -0.9005 1.04
v -0.575 -0.9005 1.022
v 0.575 -0.9495 0.018
v 0.557 -0.9495 0
v 0.557 -0.9005 0
v 0.575 -0.9005 0.018
v 0.575 -0.9005 1.022
v 0.557 -0.9005 1.04
v 0.557 -0.9495 1.04
v 0.575 -0.9495 1.022
v -0.557 -0.9675 0.018
v -0.557 -0.9495 0
v 0.557 -0.9495 0
v 0.557 -0.9675 0.018
v 0.557 -0.9675 1.022
v 0.557 -0.9495 1.04
v -0.557 -0.9495 1.04
v -0.557 -0.9675 1.022
v 0.557 -0.8825 0.018
v 0.557 -0.9005 0
v -0.557 -0.9005 0
v -0.557 -0.8825 0.018
v -0.557 -0.8825 1.022
v -0.557 -0.9005 1.04
v 0.557 -0.9005 1.04
v 0.557 -0.8825 1.022
v -0.557 -0.9495 0
v -0.557 -0.9675 0.018
v -0.575 -0.9495 0.018
v -0.575 -0.9495 1.022
v -0.557 -0.9675 1.022
v -0.557 -0.9495 1.04
v -0.575 -0.9005 0.018
v -0.557 -0.8825 0.018
v -0.557 -0.9005 0
v -0.557 -0.9005 1.04
v -0.557 -0.8825 1.022
v -0.575 -0.9005 1.022
v 0.575 -0.9495 0.018
v 0.557 -0.9675 0.018
v 0.557 -0.9495 0
v 0.557 -0.9495 1.04
v 0.557 -0.9675 1.022
v 0.575 -0.9495 1.022
v 0.557 -0.9005 0
v 0.557 -0.8825 0.018
v 0.575 -0.9005 0.018
v 0.575 -0.9005 1.022
v 0.557 -0.8825 1.022
v 0.557 -0.9005 1.04
v -0.575 0.9005 1.022
v -0.575 0.9495 1.022
v -0.575 0.9495 0.018
v -0.575 0.9005 0.018
v 0.575 0.9005 0.018
v 0.575 0.9495 0.018
v 0.575 0.9495 1.022
v 0.575 0.9005 1.022
v -0.557 0.8825 0.018
v 0.557 0.8825 0.018
v 0.557 0.8825 1.022
v -0.557 0.8825 1.022
v -0.557 0.9675 1.022
v 0.557 0.9675 1.022
v 0.557 0.9675 0.018
v -0.557 0.9675 0.018
v -0.557 0.9495 0
v 0.557 0.9495 0
v 0.557 0.9005 0
v -0.557 0.9005 0
v -0.557 0.9005 1.04
v 0.557 0.9005 1.04
v 0.557 0.9495 1.04
v -0.557 0.9495 1.04
v -0.575 0.9005 0.018
v -0.557 0.8825 0.018
v -0.557 0.8825 1.022
v -0.575 0.9005 1.022
v -0.575 0.9495 1.022
v -0.557 0.9675 1.022
v -0.557 0.9675 0.018
v -0.575 0.9495 0.018
v 0.575 0.9005 1.022
v 0.557 0.8825 1.022
v 0.557 0.8825 0.018
v 0.575 0.9005 0.018
v 0.575 0.9495 0.018
v 0.557 0.9675 0.018
v 0.557 0.9675 1.022
v 0.575 0.9495 1.022
v -0.575 0.9495 0.018
v -0.557 0.9495 0
v -0.557 0.9005 0
v -0.575 0.9005 0.018
v -0.575 0.9005 1.022
v -0.557 0.9005 1.04
v -0.557 0.9495 1.04
v -0.575 0.9495 1.022
v 0.575 0.9005 0.018
v 0.557 0.9005 0
v 0.557 0.9495 0
v 0.575 0.9495 0.018
v 0.575 0.9495 1.022
v 0.557 0.9495 1.04
v 0.557 0.9005 1.04
v 0.575 0.9005 1.022
v -0.557 0.8825 0.018
v -0.557 0.9005 0
v 0.557 0.9005 0
v 0.557 0.8825 0.018
v 0.557 0.8825 1.022
v 0.557 0.9005 1.04
v -0.557 0.9005 1.04
v -0.557 0.8825 1.022
v 0.557 0.9675 0.018
v 0.557 0.9495 0
v -0.557 0.9495 0
v -0.557 0.9675 0.018
v -0.557 0.9675 1.022
v -0.557 0.9495 1.04
v 0.557 0.9495 1.04
v 0.557 0.9675 1.022
v -0.557 0.9005 0
v -0.557 0.8825 0.018
v -0.575 0.9005 0.018
v -0.575 0.9005 1.022
v -0.557 0.8825 1.022
v -0.557 0.9005 1.04
v -0.575 0.9495 0.018
v -0.557 0.9675 0.018
v -0.557 0.9495 0
v -0.557 0.9495 1.04
v -0.557 0.9675 1.022
v -0.575 0.9495 1.022
v 0.575 0.9005 0.018
v 0.557 0.8825 0.018
v 0.557 0.9005 0
v 0.557 0.9005 1.04
v 0.557 0.8825 1.022
v 0.575 0.9005 1.022
v 0.557 0.9495 0
v 0.557 0.9675 0.018
v 0.575 0.9495 0.018
v 0.575 0.9495 1.022
v 0.557 0.9675 1.022
v 0.557 0.9495 1.04
v -0.6175 -0.907 1.022
v -0.6175 0.907 1.022
v -0.6175 0.907 0.018
v -0.6175 -0.907 0.018
v -0.5325 -0.907 0.018
v -0.5325 0.907 0.018
v -0.5325 0.907 1.022
v -0.5325 -0.907 1.022
v -0.5995 -0.925 0.018
v -0.5505 -0.925 0.018
v -0.5505 -0.925 1.022
v -0.5995 -0.925 1.022
v -0.5995 0.925 1.022
v -0.5505 0.925 1.022
v -0.5505 0.925 0.018
v -0.5995 0.925 0.018
v -0.5995 0.907 0
v -0.5505 0.907 0
v -0.5505 -0.907 0
v -0.5995 -0.907 0
v -0.5995 -0.907 1.04
v -0.5505 -0.907 1.04
v -0.5505 0.907 1.04
v -0.5995 0.907 1.04
v -0.6175 -0.907 0.018
v -0.5995 -0.925 0.018
v -0.5995 -0.925 1.022
v -0.6175 -0.907 1.022
v -0.6175 0.907 1.022
v -0.5995 0.925 1.022
v -0.5995 0.925 0.018
v -0.6175 0.907 0.018
v -0.5325 -0.907 1.022
v -0.5505 -0.925 1.022
v -0.5505 -0.925 0.018
v -0.5325 -0.907 0.018
v -0.5325 0.907 0.018
v -0.5505 0.925 0.018
v -0.5505 0.925 1.022
v -0.5325 0.907 1.022
v -0.6175 0.907 0.018
v -0.5995 0.907 0
v -0.5995 -0.907 0
v -0.6175 -0.907 0.018
v -0.6175 -0.907 1.022
v -0.5995 -0.907 1.04
v -0.5995 0.907 1.04
v -0.6175 0.907 1.022
v -0.5325 -0.907 0.018
v -0.5505 -0.907 0
v -0.5505 0.907 0
v -0.5325 0.907 0.018
v -0.5325 0.907 1.022
v -0.5505 0.907 1.04
v -0.5505 -0.907 1.04
v -0.5325 -0.907 1.022
v -0.5995 -0.925 0.018
v -0.5995 -0.907 0
v -0.5505 -0.907 0
v -0.5505 -0.925 0.018
v -0.5505 -0.925 1.022
v -0.5505 -0.907 1.04
v -0.5995 -0.907 1.04
v -0.5995 -0.925 1.022
v -0.5505 0.925 0.018
v -0.5505 0.907 0
v -0.5995 0.907 0
v -0.5995 0.925 0.018
v -0.5995 0.925 1.022
v -0.5995 0.907 1.04
v -0.5505 0.907 1.04
v -0.5505 0.925 1.022
v -0.5995 -0.907 0
v -0.5995 -0.925 0.018
v -0.6175 -0.907 0.018
v -0.6175 -0.907 1.022
v -0.5995 -0.925 1.022
v -0.5995 -0.907 1.04
v -0.6175 0.907 0.018
v -0.5995 0.925 0.018
v -0.5995 0.907 0
v -0.5995 0.907 1.04
v -0.5995 0.925 1.022
v -0.6175 0.907 1.022
v -0.5325 -0.907 0.018
v -0.5505 -0.925 0.018
v -0.5505 -0.907 0
v -0.5505 -0.907 1.04
v -0.5505 -0.925 1.022
v -0.5325 -0.907 1.022
v -0.5505 0.907 0
v -0.5505 0.925 0.018
v -0.5325 0.907 0.018
v -0.5325 0.907 1.022
v -0.5505 0.925 1.022
v -0.5505 0.907 1.04
v 0.5325 -0.907 1.022
v 0.5325 0.907 1.022
v 0.5325 0.907 0.018
v 0.5325 -0.907 0.018
v 0.6175 -0.907 0.018
v 0.6175 0.907 0.018
v 0.6175 0.907 1.022
v 0.6175 -0.907 1.022
v 0.5505 -0.925 0.018
v 0.5995 -0.925 0.018
v 0.5995 -0.925 1.022
v 0.5505 -0.925 1.022
v 0.5505 0.925 1.022
v 0.5995 0.925 1.022
v 0.5995 0.925 0.018
v 0.5505 0.925 0.018
v 0.5505 0.907 0
v 0.5995 0.907 0
v 0.5995 -0.907 0
v 0.5505 -0.907 0
v 0.5505 -0.907 1.04
v 0.5995 -0.907 1.04
v 0.5995 0.907 1.04
v 0.5505 0.907 1.04
v 0.5325 -0.907 0.018
v 0.5505 -0.925 0.018
v 0.5505 -0.925 1.022
v 0.5325 -0.907 1.022
v 0.5325 0.907 1.022
v 0.5505 0.925 1.022
v 0.5505 0.925 0.018
v 0.5325 0.907 0.018
v 0.6175 -0.907 1.022
v 0.5995 -0.925 1.022
v 0.5995 -0.925 0.018
v 0.6175 -0.907 0.018
v 0.6175 0.907 0.018
v 0.5995 0.925 0.018
v 0.5995 0.925 1.022
v 0.6175 0.907 1.022
v 0.5325 0.907 0.018
v 0.5505 0.907 0
v 0.5505 -0.907 0
v 0.5325 -0.907 0.018
v 0.5325 -0.907 1.022
v 0.5505 -0.907 1.04
v 0.5505 0.907 1.04
v 0.5325 0.907 1.022
v 0.6175 -0.907 0.018
v 0.5995 -0.907 0
v 0.5995 0.907 0
v 0.6175 0.907 0.018
v 0.6175 0.907 1.022
v 0.5995 0.907 1.04
v 0.5995 -0.907 1.04
v 0.6175 -0.907 1.022
v 0.5505 -0.925 0.018
v 0.5505 -0.907 0
v 0.5995 -0.907 0
v 0.5995 -0.925 0.018
v 0.5995 -0.925 1.022
v 0.5995 -0.907 1.04
v 0.5505 -0.907 1.04
v 0.5505 -0.925 1.022
v 0.5995 0.925 0.018
v 0.5995 0.907 0
v 0.5505 0.907 0
v 0.5505 0.925 0.018
v 0.5505 0.925 1.022
v 0.5505 0.907 1.04
v 0.5995 0.907 1.04
v 0.5995 0.925 1.022
v 0.5505 -0.907 0
v 0.5505 -0.925 0.018
v 0.5325 -0.907 0.018
v 0.5325 -0.907 1.022
v 0.5505 -0.925 1.022
v 0.5505 -0.907 1.04
v 0.5325 0.907 0.018
v 0.5505 0.925 0.018
v 0.5505 0.907 0
v 0.5505 0.907 1.04
v 0.5505 0.925 1.022
v 0.5325 0.907 1.022
v 0.6175 -0.907 0.018
v 0.5995 -0.925 0.018
v 0.5995 -0.907 0
v 0.5995 -0.907 1.04
v 0.5995 -0.925 1.022
v 0.6175 -0.907 1.022
v 0.5995 0.907 0
v 0.5995 0.925 0.018
v 0.6175 0.907 0.018
v 0.6175 0.907 1.022
v 0.5995 0.925 1.022
v 0.5995 0.907 1.04
v -0.575 -0.911 0.056
v -0.575 0.911 0.056
v -0.575 0.911 0.014
v -0.575 -0.911 0.014
v 0.575 -0.911 0.014
v 0.575 0.911 0.014
v 0.575 0.911 0.056
v 0.575 -0.911 0.056
v -0.561 -0.925 0.014
v 0.561 -0.925 0.014
v 0.561 -0.925 0.056
v -0.561 -0.925 0.056
v -0.561 0.925 0.056
v 0.561 0.925 0.056
v 0.561 0.925 0.014
v -0.561 0.925 0.014
v -0.561 0.911 0
v 0.561 0.911 0
v 0.561 -0.911 0
v -0.561 -0.911 0
v -0.561 -0.911 0.07
v 0.561 -0.911 0.07
v 0.561 0.911 0.07
v -0.561 0.911 0.07
v -0.575 -0.911 0.014
v -0.561 -0.925 0.014
v -0.561 -0.925 0.056
v -0.575 -0.911 0.056
v -0.575 0.911 0.056
v -0.561 0.925 0.056
v -0.561 0.925 0.014
v -0.575 0.911 0.014
v 0.575 -0.911 0.056
v 0.561 -0.925 0.056
v 0.561 -0.925 0.014
v 0.575 -0.911 0.014
v 0.575 0.911 0.014
v 0.561 0.925 0.014
v 0.561 0.925 0.056
v 0.575 0.911 0.056
v -0.575 0.911 0.014
v -0.561 0.911 0
v -0.561 -0.911 0
v -0.575 -0.911 0.014
v -0.575 -0.911 0.056
v -0.561 -0.911 0.07
v -0.561 0.911 0.07
v -0.575 0.911 0.056
v 0.575 -0.911 0.014
v 0.561 -0.911 0
v 0.561 0.911 0
v 0.575 0.911 0.014
v 0.575 0.911 0.056
v 0.561 0.911 0.07
v 0.561 -0.911 0.07
v 0.575 -0.911 0.056
v -0.561 -0.925 0.014
v -0.561 -0.911 0
v 0.561 -0.911 0
v 0.561 -0.925 0.014
v 0.561 -0.925 0.056
v 0.561 -0.911 0.07
v -0.561 -0.911 0.07
v -0.561 -0.925 0.056
v 0.561 0.925 0.014
v 0.561 0.911 0
v -0.561 0.911 0
v -0.561 0.925 0.014
v -0.561 0.925 0.056
v -0.561 0.911 0.07
v 0.561 0.911 0.07
v 0.561 0.925 0.056
v -0.561 -0.911 0
v -0.561 -0.925 0.014
v -0.575 -0.911 0.014
v -0.575 -0.911 0.056
v -0.561 -0.925 0.056
v -0.561 -0.911 0.07
v -0.575 0.911 0.014
v -0.561 0.925 0.014
v -0.561 0.911 0
v -0.561 0.911 0.07
v -0.561 0.925 0.056
v -0.575 0.911 0.056
v 0.575 -0.911 0.014
v 0.561 -0.925 0.014
v 0.561 -0.911 0
v 0.561 -0.911 0.07
v 0.561 -0.925 0.056
v 0.575 -0.911 0.056
v 0.561 0.911 0
v 0.561 0.925 0.014
v 0.575 0.911 0.014
v 0.575 0.911 0.056
v 0.561 0.925 0.056
v 0.561 0.911 0.07
v -0.64 -1.002 1.107
v -0.64 -0.928 1.107
v -0.64 -0.928 1.033
v -0.64 -1.002 1.033
v 0.64 -1.002 1.033
v 0.64 -0.928 1.033
v 0.64 -0.928 1.107
v 0.64 -1.002 1.107
v -0.612 -1.03 1.033
v 0.612 -1.03 1.033
v 0.612 -1.03 1.107
v -0.612 -1.03 1.107
v -0.612 -0.9 1.107
v 0.612 -0.9 1.107
v 0.612 -0.9 1.033
v -0.612 -0.9 1.033
v -0.612 -0.928 1.005
v 0.612 -0.928 1.005
v 0.612 -1.002 1.005
v -0.612 -1.002 1.005
v -0.612 -1.002 1.135
v 0.612 -1.002 1.135
v 0.612 -0.928 1.135
v -0.612 -0.928 1.135
v -0.64 -1.002 1.033
v -0.612 -1.03 1.033
v -0.612 -1.03 1.107
v -0.64 -1.002 1.107
v -0.64 -0.928 1.107
v -0.612 -0.9 1.107
v -0.612 -0.9 1.033
v -0.64 -0.928 1.033
v 0.64 -1.002 1.107
v 0.612 -1.03 1.107
v 0.612 -1.03 1.033
v 0.64 -1.002 1.033
v 0.64 -0.928 1.033
v 0.612 -0.9 1.033
v 0.612 -0.9 1.107
v 0.64 -0.928 1.107
v -0.64 -0.928 1.033
v -0.612 -0.928 1.005
v -0.612 -1.002 1.005
v -0.64 -1.002 1.033
v -0.64 -1.002 1.107
v -0.612 -1.002 1.135
v -0.612 -0.928 1.135
v -0.64 -0.928 1.107
v 0.64 -1.002 1.033
v 0.612 -1.002 1.005
v 0.612 -0.928 1.005
v 0.64 -0.928 1.033
v 0.64 -0.928 1.107
v 0.612 -0.928 1.135
v 0.612 -1.002 1.135
v 0.64 -1.002 1.107
v -0.612 -1.03 1.033
v -0.612 -1.002 1.005
v 0.612 -1.002 1.005
v 0.612 -1.03 1.033
v 0.612 -1.03 1.107
v 0.612 -1.002 1.135
v -0.612 -1.002 1.135
v -0.612 -1.03 1.107
v 0.612 -0.9 1.033
v 0.612 -0.928 1.005
v -0.612 -0.928 1.005
v -0.612 -0.9 1.033
v -0.612 -0.9 1.107
v -0.612 -0.928 1.135
v 0.612 -0.928 1.135
v 0.612 -0.9 1.107
v -0.612 -1.002 1.005
v -0.612 -1.03 1.033
v -0.64 -1.002 1.033
v -0.64 -1.002 1.107
v -0.612 -1.03 1.107
v -0.612 -1.002 1.135
v -0.64 -0.928 1.033
v -0.612 -0.9 1.033
v -0.612 -0.928 1.005
v -0.612 -0.928 1.135
v -0.612 -0.9 1.107
v -0.64 -0.928 1.107
v 0.64 -1.002 1.033
v 0.612 -1.03 1.033
v 0.612 -1.002 1.005
v 0.612 -1.002 1.135
v 0.612 -1.03 1.107
v 0.64 -1.002 1.107
v 0.612 -0.928 1.005
v 0.612 -0.9 1.033
v 0.64 -0.928 1.033
v 0.64 -0.928 1.107
v 0.612 -0.9 1.107
v 0.612 -0.928 1.135
v -0.64 0.928 1.107
v -0.64 1.002 1.107
v -0.64 1.002 1.033
v -0.64 0.928 1.033
v 0.64 0.928 1.033
v 0.64 1.002 1.033
v 0.64 1.002 1.107
v 0.64 0.928 1.107
v -0.612 0.9 1.033
v 0.612 0.9 1.033
v 0.612 0.9 1.107
v -0.612 0.9 1.107
v -0.612 1.03 1.107
v 0.612 1.03 1.107
v 0.612 1.03 1.033
v -0.612 1.03 1.033
v -0.612 1.002 1.005
v 0.612 1.002 1.005
v 0.612 0.928 1.005
v -0.612 0.928 1.005
v -0.612 0.928 1.135
v 0.612 0.928 1.135
v 0.612 1.002 1.135
v -0.612 1.002 1.135
v -0.64 0.928 1.033
v -0.612 0.9 1.033
v -0.612 0.9 1.107
v -0.64 0.928 1.107
v -0.64 1.002 1.107
v -0.612 1.03 1.107
v -0.612 1.03 1.033
v -0.64 1.002 1.033
v 0.64 0.928 1.107
v 0.612 0.9 1.107
v 0.612 0.9 1.033
v 0.64 0.928 1.033
v 0.64 1.002 1.033
v 0.612 1.03 1.033
v 0.612 1.03 1.107
v 0.64 1.002 1.107
v -0.64 1.002 1.033
v -0.612 1.002 1.005
v -0.612 0.928 1.005
v -0.64 0.928 1.033
v -0.64 0.928 1.107
v -0.612 0.928 1.135
v -0.612 1.002 1.135
v -0.64 1.002 1.107
v 0.64 0.928 1.033
v 0.612 0.928 1.005
v 0.612 1.002 1.005
v 0.64 1.002 1.033
v 0.64 1.002 1.107
v 0.612 1.002 1.135
v 0.612 0.928 1.135
v 0.64 0.928 1.107
v -0.612 0.9 1.033
v -0.612 0.928 1.005
v 0.612 0.928 1.005
v 0.612 0.9 1.033
v 0.612 0.9 1.107
v 0.612 0.928 1.135
v -0.612 0.928 1.135
v -0.612 0.9 1.107
v 0.612 1.03 1.033
v 0.612 1.002 1.005
v -0.612 1.002 1.005
v -0.612 1.03 1.033
v -0.612 1.03 1.107
v -0.612 1.002 1.135
v 0.612 1.002 1.135
v 0.612 1.03 1.107
v -0.612 0.928 1.005
v -0.612 0.9 1.033
v -0.64 0.928 1.033
v -0.64 0.928 1.107
v -0.612 0.9 1.107
v -0.612 0.928 1.135
v -0.64 1.002 1.033
v -0.612 1.03 1.033
v -0.612 1.002 1.005
v -0.612 1.002 1.135
v -0.612 1.03 1.107
v -0.64 1.002 1.107
v 0.64 0.928 1.033
v 0.612 0.9 1.033
v 0.612 0.928 1.005
v 0.612 0.928 1.135
v 0.612 0.9 1.107
v 0.64 0.928 1.107
v 0.612 1.002 1.005
v 0.612 1.03 1.033
v 0.64 1.002 1.033
v 0.64 1.002 1.107
v 0.612 1.03 1.107
v 0.612 1.002 1.135
v -0.68 -0.947 1.107
v -0.68 0.947 1.107
v -0.68 0.947 1.033
v -0.68 -0.947 1.033
v -0.55 -0.947 1.033
v -0.55 0.947 1.033
v -0.55 0.947 1.107
v -0.55 -0.947 1.107
v -0.652 -0.975 1.033
v -0.578 -0.975 1.033
v -0.578 -0.975 1.107
v -0.652 -0.975 1.107
v -0.652 0.975 1.107
v -0.578 0.975 1.107
v -0.578 0.975 1.033
v -0.652 0.975 1.033
v -0.652 0.947 1.005
v -0.578 0.947 1.005
v -0.578 -0.947 1.005
v -0.652 -0.947 1.005
v -0.652 -0.947 1.135
v -0.578 -0.947 1.135
v -0.578 0.947 1.135
v -0.652 0.947 1.135
v -0.68 -0.947 1.033
v -0.652 -0.975 1.033
v -0.652 -0.975 1.107
v -0.68 -0.947 1.107
v -0.68 0.947 1.107
v -0.652 0.975 1.107
v -0.652 0.975 1.033
v -0.68 0.947 1.033
v -0.55 -0.947 1.107
v -0.578 -0.975 1.107
v -0.578 -0.975 1.033
v -0.55 -0.947 1.033
v -0.55 0.947 1.033
v -0.578 0.975 1.033
v -0.578 0.975 1.107
v -0.55 0.947 1.107
v -0.68 0.947 1.033
v -0.652 0.947 1.005
v -0.652 -0.947 1.005
v -0.68 -0.947 1.033
v -0.68 -0.947 1.107
v -0.652 -0.947 1.135
v -0.652 0.947 1.135
v -0.68 0.947 1.107
v -0.55 -0.947 1.033
v -0.578 -0.947 1.005
v -0.578 0.947 1.005
v -0.55 0.947 1.033
v -0.55 0.947 1.107
v -0.578 0.947 1.135
v -0.578 -0.947 1.135
v -0.55 -0.947 1.107
v -0.652 -0.975 1.033
v -0.652 -0.947 1.005
v -0.578 -0.947 1.005
v -0.578 -0.975 1.033
v -0.578 -0.975 1.107
v -0.578 -0.947 1.135
v -0.652 -0.947 1.135
v -0.652 -0.975 1.107
v -0.578 0.975 1.033
v -0.578 0.947 1.005
v -0.652 0.947 1.005
v -0.652 0.975 1.033
v -0.652 0.975 1.107
v -0.652 0.947 1.135
v -0.578 0.947 1.135
v -0.578 0.975 1.107
v -0.652 -0.947 1.005
v -0.652 -0.975 1.033
v -0.68 -0.947 1.033
v -0.68 -0.947 1.107
v -0.652 -0.975 1.107
v -0.652 -0.947 1.135
v -0.68 0.947 1.033
v -0.652 0.975 1.033
v -0.652 0.947 1.005
v -0.652 0.947 1.135
v -0.652 0.975 1.107
v -0.68 0.947 1.107
v -0.55 -0.947 1.033
v -0.578 -0.975 1.033
v -0.578 -0.947 1.005
v -0.578 -0.947 1.135
v -0.578 -0.975 1.107
v -0.55 -0.947 1.107
v -0.578 0.947 1.005
v -0.578 0.975 1.033
v -0.55 0.947 1.033
v -0.55 0.947 1.107
v -0.578 0.975 1.107
v -0.578 0.947 1.135
v 0.55 -0.947 1.107
v 0.55 0.947 1.107
v 0.55 0.947 1.033
v 0.55 -0.947 1.033
v 0.68 -0.947 1.033
v 0.68 0.947 1.033
v 0.68 0.947 1.107
v 0.68 -0.947 1.107
v 0.578 -0.975 1.033
v 0.652 -0.975 1.033
v 0.652 -0.975 1.107
v 0.578 -0.975 1.107
v 0.578 0.975 1.107
v 0.652 0.975 1.107
v 0.652 0.975 1.033
v 0.578 0.975 1.033
v 0.578 0.947 1.005
v 0.652 0.947 1.005
v 0.652 -0.947 1.005
v 0.578 -0.947 1.005
v 0.578 -0.947 1.135
v 0.652 -0.947 1.135
v 0.652 0.947 1.135
v 0.578 0.947 1.135
v 0.55 -0.947 1.033
v 0.578 -0.975 1.033
v 0.578 -0.975 1.107
v 0.55 -0.947 1.107
v 0.55 0.947 1.107
v 0.578 0.975 1.107
v 0.578 0.975 1.033
v 0.55 0.947 1.033
v 0.68 -0.947 1.107
v 0.652 -0.975 1.107
v 0.652 -0.975 1.033
v 0.68 -0.947 1.033
v 0.68 0.947 1.033
v 0.652 0.975 1.033
v 0.652 0.975 1.107
v 0.68 0.947 1.107
v 0.55 0.947 1.033
v 0.578 0.947 1.005
v 0.578 -0.947 1.005
v 0.55 -0.947 1.033
v 0.55 -0.947 1.107
v 0.578 -0.947 1.135
v 0.578 0.947 1.135
v 0.55 0.947 1.107
v 0.68 -0.947 1.033
v 0.652 -0.947 1.005
v 0.652 0.947 1.005
v 0.68 0.947 1.033
v 0.68 0.947 1.107
v 0.652 0.947 1.135
v 0.652 -0.947 1.135
v 0.68 -0.947 1.107
v 0.578 -0.975 1.033
v 0.578 -0.947 1.005
v 0.652 -0.947 1.005
v 0.652 -0.975 1.033
v 0.652 -0.975 1.107
v 0.652 -0.947 1.135
v 0.578 -0.947 1.135
v 0.578 -0.975 1.107
v 0.652 0.975 1.033
v 0.652 0.947 1.005
v 0.578 0.947 1.005
v 0.578 0.975 1.033
v 0.578 0.975 1.107
v 0.578 0.947 1.135
v 0.652 0.947 1.135
v 0.652 0.975 1.107
v 0.578 -0.947 1.005
v 0.578 -0.975 1.033
v 0.55 -0.947 1.033
v 0.55 -0.947 1.107
v 0.578 -0.975 1.107
v 0.578 -0.947 1.135
v 0.55 0.947 1.033
v 0.578 0.975 1.033
v 0.578 0.947 1.005
v 0.578 0.947 1.135
v 0.578 0.975 1.107
v 0.55 0.947 1.107
v 0.68 -0.947 1.033
v 0.652 -0.975 1.033
v 0.652 -0.947 1.005
v 0.652 -0.947 1.135
v 0.652 -0.975 1.107
v 0.68 -0.947 1.107
v 0.652 0.947 1.005
v 0.652 0.975 1.033
v 0.68 0.947 1.033
v 0.68 0.947 1.107
v 0.652 0.975 1.107
v 0.652 0.947 1.135
v -0.4875 -1.0025 0.93
v -0.4875 -0.9675 0.93
v -0.4875 -0.9675 0.13
v -0.4875 -1.0025 0.13
v -0.4325 -1.0025 0.13
v -0.4325 -0.9675 0.13
v -0.4325 -0.9675 0.93
v -0.4325 -1.0025 0.93
v -0.4775 -1.0125 0.13
v -0.4425 -1.0125 0.13
v -0.4425 -1.0125 0.93
v -0.4775 -1.0125 0.93
v -0.4775 -0.9575 0.93
v -0.4425 -0.9575 0.93
v -0.4425 -0.9575 0.13
v -0.4775 -0.9575 0.13
v -0.4775 -0.9675 0.12
v -0.4425 -0.9675 0.12
v -0.4425 -1.0025 0.12
v -0.4775 -1.0025 0.12
v -0.4775 -1.0025 0.94
v -0.4425 -1.0025 0.94
v -0.4425 -0.9675 0.94
v -0.4775 -0.9675 0.94
v -0.4875 -1.0025 0.13
v -0.4775 -1.0125 0.13
v -0.4775 -1.0125 0.93
v -0.4875 -1.0025 0.93
v -0.4875 -0.9675 0.93
v -0.4775 -0.9575 0.93
v -0.4775 -0.9575 0.13
v -0.4875 -0.9675 0.13
v -0.4325 -1.0025 0.93
v -0.4425 -1.0125 0.93
v -0.4425 -1.0125 0.13
v -0.4325 -1.0025 0.13
v -0.4325 -0.9675 0.13
v -0.4425 -0.9575 0.13
v -0.4425 -0.9575 0.93
v -0.4325 -0.9675 0.93
v -0.4875 -0.9675 0.13
v -0.4775 -0.9675 0.12
v -0.4775 -1.0025 0.12
v -0.4875 -1.0025 0.13
v -0.4875 -1.0025 0.93
v -0.4775 -1.0025 0.94
v -0.4775 -0.9675 0.94
v -0.4875 -0.9675 0.93
v -0.4325 -1.0025 0.13
v -0.4425 -1.0025 0.12
v -0.4425 -0.9675 0.12
v -0.4325 -0.9675 0.13
v -0.4325 -0.9675 0.93
v -0.4425 -0.9675 0.94
v -0.4425 -1.0025 0.94
v -0.4325 -1.0025 0.93
v -0.4775 -1.0125 0.13
v -0.4775 -1.0025 0.12
v -0.4425 -1.0025 0.12
v -0.4425 -1.0125 0.13
v -0.4425 -1.0125 0.93
v -0.4425 -1.0025 0.94
v -0.4775 -1.0025 0.94
v -0.4775 -1.0125 0.93
v -0.4425 -0.9575 0.13
v -0.4425 -0.9675 0.12
v -0.4775 -0.9675 0.12
v -0.4775 -0.9575 0.13
v -0.4775 -0.9575 0.93
v -0.4775 -0.9675 0.94
v -0.4425 -0.9675 0.94
v -0.4425 -0.9575 0.93
v -0.4775 -1.0025 0.12
v -0.4775 -1.0125 0.13
v -0.4875 -1.0025 0.13
v -0.4875 -1.0025 0.93
v -0.4775 -1.0125 0.93
v -0.4775 -1.0025 0.94
v -0.4875 -0.9675 0.13
v -0.4775 -0.9575 0.13
v -0.4775 -0.9675 0.12
v -0.4775 -0.9675 0.94
v -0.4775 -0.9575 0.93
v -0.4875 -0.9675 0.93
v -0.4325 -1.0025 0.13
v -0.4425 -1.0125 0.13
v -0.4425 -1.0025 0.12
v -0.4425 -1.0025 0.94
v -0.4425 -1.0125 0.93
v -0.4325 -1.0025 0.93
v -0.4425 -0.9675 0.12
v -0.4425 -0.9575 0.13
v -0.4325 -0.9675 0.13
v -0.4325 -0.9675 0.93
v -0.4425 -0.9575 0.93
v -0.4425 -0.9675 0.94
v -0.4875 0.9675 0.93
v -0.4875 1.0025 0.93
v -0.4875 1.0025 0.13
v -0.4875 0.9675 0.13
v -0.4325 0.9675 0.13
v -0.4325 1.0025 0.13
v -0.4325 1.0025 0.93
v -0.4325 0.9675 0.93
v -0.4775 0.9575 0.13
v -0.4425 0.9575 0.13
v -0.4425 0.9575 0.93
v -0.4775 0.9575 0.93
v -0.4775 1.0125 0.93
v -0.4425 1.0125 0.93
v -0.4425 1.0125 0.13
v -0.4775 1.0125 0.13
v -0.4775 1.0025 0.12
v -0.4425 1.0025 0.12
v -0.4425 0.9675 0.12
v -0.4775 0.9675 0.12
v -0.4775 0.9675 0.94
v -0.4425 0.9675 0.94
v -0.4425 1.0025 0.94
v -0.4775 1.0025 0.94
v -0.4875 0.9675 0.13
v -0.4775 0.9575 0.13
v -0.4775 0.9575 0.93
v -0.4875 0.9675 0.93
v -0.4875 1.0025 0.93
v -0.4775 1.0125 0.93
v -0.4775 1.0125 0.13
v -0.4875 1.0025 0.13
v -0.4325 0.9675 0.93
v -0.4425 0.9575 0.93
v -0.4425 0.9575 0.13
v -0.4325 0.9675 0.13
v -0.4325 1.0025 0.13
v -0.4425 1.0125 0.13
v -0.4425 1.0125 0.93
v -0.4325 1.0025 0.93
v -0.4875 1.0025 0.13
v -0.4775 1.0025 0.12
v -0.4775 0.9675 0.12
v -0.4875 0.9675 0.13
v -0.4875 0.9675 0.93
v -0.4775 0.9675 0.94
v -0.4775 1.0025 0.94
v -0.4875 1.0025 0.93
v -0.4325 0.9675 0.13
v -0.4425 0.9675 0.12
v -0.4425 1.0025 0.12
v -0.4325 1.0025 0.13
v -0.4325 1.0025 0.93
v -0.4425 1.0025 0.94
v -0.4425 0.9675 0.94
v -0.4325 0.9675 0.93
v -0.4775 0.9575 0.13
v -0.4775 0.9675 0.12
v -0.4425 0.9675 0.12
v -0.4425 0.9575 0.13
v -0.4425 0.9575 0.93
v -0.4425 0.9675 0.94
v -0.4775 0.9675 0.94
v -0.4775 0.9575 0.93
v -0.4425 1.0125 0.13
v -0.4425 1.0025 0.12
v -0.4775 1.0025 0.12
v -0.4775 1.0125 0.13
v -0.4775 1.0125 0.93
v -0.4775 1.0025 0.94
v -0.4425 1.0025 0.94
v -0.4425 1.0125 0.93
v -0.4775 0.9675 0.12
v -0.4775 0.9575 0.13
v -0.4875 0.9675 0.13
v -0.4875 0.9675 0.93
v -0.4775 0.9575 0.93
v -0.4775 0.9675 0.94
v -0.4875 1.0025 0.13
v -0.4775 1.0125 0.13
v -0.4775 1.0025 0.12
v -0.4775 1.0025 0.94
v -0.4775 1.0125 0.93
v -0.4875 1.0025 0.93
v -0.4325 0.9675 0.13
v -0.4425 0.9575 0.13
v -0.4425 0.9675 0.12
v -0.4425 0.9675 0.94
v -0.4425 0.9575 0.93
v -0.4325 0.9675 0.93
v -0.4425 1.0025 0.12
v -0.4425 1.0125 0.13
v -0.4325 1.0025 0.13
v -0.4325 1.0025 0.93
v -0.4425 1.0125 0.93
v -0.4425 1.0025 0.94
v -0.2575 -1.0025 0.93
v -0.2575 -0.9675 0.93
v -0.2575 -0.9675 0.13
v -0.2575 -1.0025 0.13
v -0.2025 -1.0025 0.13
v -0.2025 -0.9675 0.13
v -0.2025 -0.9675 0.93
v -0.2025 -1.0025 0.93
v -0.2475 -1.0125 0.13
v -0.2125 -1.0125 0.13
v -0.2125 -1.0125 0.93
v -0.2475 -1.0125 0.93
v -0.2475 -0.9575 0.93
v -0.2125 -0.9575 0.93
v -0.2125 -0.9575 0.13
v -0.2475 -0.9575 0.13
v -0.2475 -0.9675 0.12
v -0.2125 -0.9675 0.12
v -0.2125 -1.0025 0.12
v -0.2475 -1.0025 0.12
v -0.2475 -1.0025 0.94
v -0.2125 -1.0025 0.94
v -0.2125 -0.9675 0.94
v -0.2475 -0.9675 0.94
v -0.2575 -1.0025 0.13
v -0.2475 -1.0125 0.13
v -0.2475 -1.0125 0.93
v -0.2575 -1.0025 0.93
v -0.2575 -0.9675 0.93
v -0.2475 -0.9575 0.93
v -0.2475 -0.9575 0.13
v -0.2575 -0.9675 0.13
v -0.2025 -1.0025 0.93
v -0.2125 -1.0125 0.93
v -0.2125 -1.0125 0.13
v -0.2025 -1.0025 0.13
v -0.2025 -0.9675 0.13
v -0.2125 -0.9575 0.13
v -0.2125 -0.9575 0.93
v -0.2025 -0.9675 0.93
v -0.2575 -0.9675 0.13
v -0.2475 -0.9675 0.12
v -0.2475 -1.0025 0.12
v -0.2575 -1.0025 0.13
v -0.2575 -1.0025 0.93
v -0.2475 -1.0025 0.94
v -0.2475 -0.9675 0.94
v -0.2575 -0.9675 0.93
v -0.2025 -1.0025 0.13
v -0.2125 -1.0025 0.12
v -0.2125 -0.9675 0.12
v -0.2025 -0.9675 0.13
v -0.2025 -0.9675 0.93
v -0.2125 -0.9675 0.94
v -0.2125 -1.0025 0.94
v -0.2025 -1.0025 0.93
v -0.2475 -1.0125 0.13
v -0.2475 -1.0025 0.12
v -0.2125 -1.0025 0.12
v -0.2125 -1.0125 0.13
v -0.2125 -1.0125 0.93
v -0.2125 -1.0025 0.94
v -0.2475 -1.0025 0.94
v -0.2475 -1.0125 0.93
v -0.2125 -0.9575 0.13
v -0.2125 -0.9675 0.12
v -0.2475 -0.9675 0.12
v -0.2475 -0.9575 0.13
v -0.2475 -0.9575 0.93
v -0.2475 -0.9675 0.94
v -0.2125 -0.9675 0.94
v -0.2125 -0.9575 0.93
v -0.2475 -1.0025 0.12
v -0.2475 -1.0125 0.13
v -0.2575 -1.0025 0.13
v -0.2575 -1.0025 0.93
v -0.2475 -1.0125 0.93
v -0.2475 -1.0025 0.94
v -0.2575 -0.9675 0.13
v -0.2475 -0.9575 0.13
v -0.2475 -0.9675 0.12
v -0.2475 -0.9675 0.94
v -0.2475 -0.9575 0.93
v -0.2575 -0.9675 0.93
v -0.2025 -1.0025 0.13
v -0.2125 -1.0125 0.13
v -0.2125 -1.0025 0.12
v -0.2125 -1.0025 0.94
v -0.2125 -1.0125 0.93
v -0.2025 -1.0025 0.93
v -0.2125 -0.9675 0.12
v -0.2125 -0.9575 0.13
v -0.2025 -0.9675 0.13
v -0.2025 -0.9675 0.93
v -0.2125 -0.9575 0.93
v -0.2125 -0.9675 0.94
v -0.2575 0.9675 0.93
v -0.2575 1.0025 0.93
v -0.2575 1.0025 0.13
v -0.2575 0.9675 0.13
v -0.2025 0.9675 0.13
v -0.2025 1.0025 0.13
v -0.2025 1.0025 0.93
v -0.2025 0.9675 0.93
v -0.2475 0.9575 0.13
v -0.2125 0.9575 0.13
v -0.2125 0.9575 0.93
v -0.2475 0.9575 0.93
v -0.2475 1.0125 0.93
v -0.2125 1.0125 0.93
v -0.2125 1.0125 0.13
v -0.2475 1.0125 0.13
v -0.2475 1.0025 0.12
v -0.2125 1.0025 0.12
v -0.2125 0.9675 0.12
v -0.2475 0.9675 0.12
v -0.2475 0.9675 0.94
v -0.2125 0.9675 0.94
v -0.2125 1.0025 0.94
v -0.2475 1.0025 0.94
v -0.2575 0.9675 0.13
v -0.2475 0.9575 0.13
v -0.2475 0.9575 0.93
v -0.2575 0.9675 0.93
v -0.2575 1.0025 0.93
v -0.2475 1.0125 0.93
v -0.2475 1.0125 0.13
v -0.2575 1.0025 0.13
v -0.2025 0.9675 0.93
v -0.2125 0.9575 0.93
v -0.2125 0.9575 0.13
v -0.2025 0.9675 0.13
v -0.2025 1.0025 0.13
v -0.2125 1.0125 0.13
v -0.2125 1.0125 0.93
v -0.2025 1.0025 0.93
v -0.2575 1.0025 0.13
v -0.2475 1.0025 0.12
v -0.2475 0.9675 0.12
v -0.2575 0.9675 0.13
v -0.2575 0.9675 0.93
v -0.2475 0.9675 0.94
v -0.2475 1.0025 0.94
v -0.2575 1.0025 0.93
v -0.2025 0.9675 0.13
v -0.2125 0.9675 0.12
v -0.2125 1.0025 0.12
v -0.2025 1.0025 0.13
v -0.2025 1.0025 0.93
v -0.2125 1.0025 0.94
v -0.2125 0.9675 0.94
v -0.2025 0.9675 0.93
v -0.2475 0.9575 0.13
v -0.2475 0.9675 0.12
v -0.2125 0.9675 0.12
v -0.2125 0.9575 0.13
v -0.2125 0.9575 0.93
v -0.2125 0.9675 0.94
v -0.2475 0.9675 0.94
v -0.2475 0.9575 0.93
v -0.2125 1.0125 0.13
v -0.2125 1.0025 0.12
v -0.2475 1.0025 0.12
v -0.2475 1.0125 0.13
v -0.2475 1.0125 0.93
v -0.2475 1.0025 0.94
v -0.2125 1.0025 0.94
v -0.2125 1.0125 0.93
v -0.2475 0.9675 0.12
v -0.2475 0.9575 0.13
v -0.2575 0.9675 0.13
v -0.2575 0.9675 0.93
v -0.2475 0.9575 0.93
v -0.2475 0.9675 0.94
v -0.2575 1.0025 0.13
v -0.2475 1.0125 0.13
v -0.2475 1.0025 0.12
v -0.2475 1.0025 0.94
v -0.2475 1.0125 0.93
v -0.2575 1.0025 0.93
v -0.2025 0.9675 0.13
v -0.2125 0.9575 0.13
v -0.2125 0.9675 0.12
v -0.2125 0.9675 0.94
v -0.2125 0.9575 0.93
v -0.2025 0.9675 0.93
v -0.2125 1.0025 0.12
v -0.2125 1.0125 0.13
v -0.2025 1.0025 0.13
v -0.2025 1.0025 0.93
v -0.2125 1.0125 0.93
v -0.2125 1.0025 0.94
v -0.0275 -1.0025 0.93
v -0.0275 -0.9675 0.93
v -0.0275 -0.9675 0.13
v -0.0275 -1.0025 0.13
v 0.0275 -1.0025 0.13
v 0.0275 -0.9675 0.13
v 0.0275 -0.9675 0.93
v 0.0275 -1.0025 0.93
v -0.0175 -1.0125 0.13
v 0.0175 -1.0125 0.13
v 0.0175 -1.0125 0.93
v -0.0175 -1.0125 0.93
v -0.0175 -0.9575 0.93
v 0.0175 -0.9575 0.93
v 0.0175 -0.9575 0.13
v -0.0175 -0.9575 0.13
v -0.0175 -0.9675 0.12
v 0.0175 -0.9675 0.12
v 0.0175 -1.0025 0.12
v -0.0175 -1.0025 0.12
v -0.0175 -1.0025 0.94
v 0.0175 -1.0025 0.94
v 0.0175 -0.9675 0.94
v -0.0175 -0.9675 0.94
v -0.0275 -1.0025 0.13
v -0.0175 -1.0125 0.13
v -0.0175 -1.0125 0.93
v -0.0275 -1.0025 0.93
v -0.0275 -0.9675 0.93
v -0.0175 -0.9575 0.93
v -0.0175 -0.9575 0.13
v -0.0275 -0.9675 0.13
v 0.0275 -1.0025 0.93
v 0.0175 -1.0125 0.93
v 0.0175 -1.0125 0.13
v 0.0275 -1.0025 0.13
v 0.0275 -0.9675 0.13
v 0.0175 -0.9575 0.13
v 0.0175 -0.9575 0.93
v 0.0275 -0.9675 0.93
v -0.0275 -0.9675 0.13
v -0.0175 -0.9675 0.12
v -0.0175 -1.0025 0.12
v -0.0275 -1.0025 0.13
v -0.0275 -1.0025 0.93
v -0.0175 -1.0025 0.94
v -0.0175 -0.9675 0.94
v -0.0275 -0.9675 0.93
v 0.0275 -1.0025 0.13
v 0.0175 -1.0025 0.12
v 0.0175 -0.9675 0.12
v 0.0275 -0.9675 0.13
v 0.0275 -0.9675 0.93
v 0.0175 -0.9675 0.94
v 0.0175 -1.0025 0.94
v 0.0275 -1.0025 0.93
v -0.0175 -1.0125 0.13
v -0.0175 -1.0025 0.12
v 0.0175 -1.0025 0.12
v 0.0175 -1.0125 0.13
v 0.0175 -1.0125 0.93
v 0.0175 -1.0025 0.94
v -0.0175 -1.0025 0.94
v -0.0175 -1.0125 0.93
v 0.0175 -0.9575 0.13
v 0.0175 -0.9675 0.12
v -0.0175 -0.9675 0.12
v -0.0175 -0.9575 0.13
v -0.0175 -0.9575 0.93
v -0.0175 -0.9675 0.94
v 0.0175 -0.9675 0.94
v 0.0175 -0.9575 0.93
v -0.0175 -1.0025 0.12
v -0.0175 -1.0125 0.13
v -0.0275 -1.0025 0.13
v -0.0275 -1.0025 0.93
v -0.0175 -1.0125 0.93
v -0.0175 -1.0025 0.94
v -0.0275 -0.9675 0.13
v -0.0175 -0.9575 0.13
v -0.0175 -0.9675 0.12
v -0.0175 -0.9675 0.94
v -0.0175 -0.9575 0.93
v -0.0275 -0.9675 0.93
v 0.0275 -1.0025 0.13
v 0.0175 -1.0125 0.13
v 0.0175 -1.0025 0.12
v 0.0175 -1.0025 0.94
v 0.0175 -1.0125 0.93
v 0.0275 -1.0025 0.93
v 0.0175 -0.9675 0.12
v 0.0175 -0.9575 0.13
v 0.0275 -0.9675 0.13
v 0.0275 -0.9675 0.93
v 0.0175 -0.9575 0.93
v 0.0175 -0.9675 0.94
v -0.0275 0.9675 0.93
v -0.0275 1.0025 0.93
v -0.0275 1.0025 0.13
v -0.0275 0.9675 0.13
v 0.0275 0.9675 0.13
v 0.0275 1.0025 0.13
v 0.0275 1.0025 0.93
v 0.0275 0.9675 0.93
v -0.0175 0.9575 0.13
v 0.0175 0.9575 0.13
v 0.0175 0.9575 0.93
v -0.0175 0.9575 0.93
v -0.0175 1.0125 0.93
v 0.0175 1.0125 0.93
v 0.0175 1.0125 0.13
v -0.0175 1.0125 0.13
v -0.0175 1.0025 0.12
v 0.0175 1.0025 0.12
v 0.0175 0.9675 0.12
v -0.0175 0.9675 0.12
v -0.0175 0.9675 0.94
v 0.0175 0.9675 0.94
v 0.0175 1.0025 0.94
v -0.0175 1.0025 0.94
v -0.0275 0.9675 0.13
v -0.0175 0.9575 0.13
v -0.0175 0.9575 0.93
v -0.0275 0.9675 0.93
v -0.0275 1.0025 0.93
v -0.0175 1.0125 0.93
v -0.0175 1.0125 0.13
v -0.0275 1.0025 0.13
v 0.0275 0.9675 0.93
v 0.0175 0.9575 0.93
v 0.0175 0.9575 0.13
v 0.0275 0.9675 0.13
v 0.0275 1.0025 0.13
v 0.0175 1.0125 0.13
v 0.0175 1.0125 0.93
v 0.0275 1.0025 0.93
v -0.0275 1.0025 0.13
v -0.0175 1.0025 0.12
v -0.0175 0.9675 0.12
v -0.0275 0.9675 0.13
v -0.0275 0.9675 0.93
v -0.0175 0.9675 0.94
v -0.0175 1.0025 0.94
v -0.0275 1.0025 0.93
v 0.0275 0.9675 0.13
v 0.0175 0.9675 0.12
v 0.0175 1.0025 0.12
v 0.0275 1.0025 0.13
v 0.0275 1.0025 0.93
v 0.0175 1.0025 0.94
v 0.0175 0.9675 0.94
v 0.0275 0.9675 0.93
v -0.0175 0.9575 0.13
v -0.0175 0.9675 0.12
v 0.0175 0.9675 0.12
v 0.0175 0.9575 0.13
v 0.0175 0.9575 0.93
v 0.0175 0.9675 0.94
v -0.0175 0.9675 0.94
v -0.0175 0.9575 0.93
v 0.0175 1.0125 0.13
v 0.0175 1.0025 0.12
v -0.0175 1.0025 0.12
v -0.0175 1.0125 0.13
v -0.0175 1.0125 0.93
v -0.0175 1.0025 0.94
v 0.0175 1.0025 0.94
v 0.0175 1.0125 0.93
v -0.0175 0.9675 0.12
v -0.0175 0.9575 0.13
v -0.0275 0.9675 0.13
v -0.0275 0.9675 0.93
v -0.0175 0.9575 0.93
v -0.0175 0.9675 0.94
v -0.0275 1.0025 0.13
v -0.0175 1.0125 0.13
v -0.0175 1.0025 0.12
v -0.0175 1.0025 0.94
v -0.0175 1.0125 0.93
v -0.0275 1.0025 0.93
v 0.0275 0.9675 0.13
v 0.0175 0.9575 0.13
v 0.0175 0.9675 0.12
v 0.0175 0.9675 0.94
v 0.0175 0.9575 0.93
v 0.0275 0.9675 0.93
v 0.0175 1.0025 0.12
v 0.0175 1.0125 0.13
v 0.0275 1.0025 0.13
v 0.0275 1.0025 0.93
v 0.0175 1.0125 0.93
v 0.0175 1.0025 0.94
v 0.2025 -1.0025 0.93
v 0.2025 -0.9675 0.93
v 0.2025 -0.9675 0.13
v 0.2025 -1.0025 0.13
v 0.2575 -1.0025 0.13
v 0.2575 -0.9675 0.13
v 0.2575 -0.9675 0.93
v 0.2575 -1.0025 0.93
v 0.2125 -1.0125 0.13
v 0.2475 -1.0125 0.13
v 0.2475 -1.0125 0.93
v 0.2125 -1.0125 0.93
v 0.2125 -0.9575 0.93
v 0.2475 -0.9575 0.93
v 0.2475 -0.9575 0.13
v 0.2125 -0.9575 0.13
v 0.2125 -0.9675 0.12
v 0.2475 -0.9675 0.12
v 0.2475 -1.0025 0.12
v 0.2125 -1.0025 0.12
v 0.2125 -1.0025 0.94
v 0.2475 -1.0025 0.94
v 0.2475 -0.9675 0.94
v 0.2125 -0.9675 0.94
v 0.2025 -1.0025 0.13
v 0.2125 -1.0125 0.13
v 0.2125 -1.0125 0.93
v 0.2025 -1.0025 0.93
v 0.2025 -0.9675 0.93
v 0.2125 -0.9575 0.93
v 0.2125 -0.9575 0.13
v 0.2025 -0.9675 0.13
v 0.2575 -1.0025 0.93
v 0.2475 -1.0125 0.93
v 0.2475 -1.0125 0.13
v 0.2575 -1.0025 0.13
v 0.2575 -0.9675 0.13
v 0.2475 -0.9575 0.13
v 0.2475 -0.9575 0.93
v 0.2575 -0.9675 0.93
v 0.2025 -0.9675 0.13
v 0.2125 -0.9675 0.12
v 0.2125 -1.0025 0.12
v 0.2025 -1.0025 0.13
v 0.2025 -1.0025 0.93
v 0.2125 -1.0025 0.94
v 0.2125 -0.9675 0.94
v 0.2025 -0.9675 0.93
v 0.2575 -1.0025 0.13
v 0.2475 -1.0025 0.12
v 0.2475 -0.9675 0.12
v 0.2575 -0.9675 0.13
v 0.2575 -0.9675 0.93
v 0.2475 -0.9675 0.94
v 0.2475 -1.0025 0.94
v 0.2575 -1.0025 0.93
v 0.2125 -1.0125 0.13
v 0.2125 -1.0025 0.12
v 0.2475 -1.0025 0.12
v 0.2475 -1.0125 0.13
v 0.2475 -1.0125 0.93
v 0.2475 -1.0025 0.94
v 0.2125 -1.0025 0.94
v 0.2125 -1.0125 0.93
v 0.2475 -0.9575 0.13
v 0.2475 -0.9675 0.12
v 0.2125 -0.9675 0.12
v 0.2125 -0.9575 0.13
v 0.2125 -0.9575 0.93
v 0.2125 -0.9675 0.94
v 0.2475 -0.9675 0.94
v 0.2475 -0.9575 0.93
v 0.2125 -1.0025 0.12
v 0.2125 -1.0125 0.13
v 0.2025 -1.0025 0.13
v 0.2025 -1.0025 0.93
v 0.2125 -1.0125 0.93
v 0.2125 -1.0025 0.94
v 0.2025 -0.9675 0.13
v 0.2125 -0.9575 0.13
v 0.2125 -0.9675 0.12
v 0.2125 -0.9675 0.94
v 0.2125 -0.9575 0.93
v 0.2025 -0.9675 0.93
v 0.2575 -1.0025 0.13
v 0.2475 -1.0125 0.13
v 0.2475 -1.0025 0.12
v 0.2475 -1.0025 0.94
v 0.2475 -1.0125 0.93
v 0.2575 -1.0025 0.93
v 0.2475 -0.9675 0.12
v 0.2475 -0.9575 0.13
v 0.2575 -0.9675 0.13
v 0.2575 -0.9675 0.93
v 0.2475 -0.9575 0.93
v 0.2475 -0.9675 0.94
v 0.2025 0.9675 0.93
v 0.2025 1.0025 0.93
v 0.2025 1.0025 0.13
v 0.2025 0.9675 0.13
v 0.2575 0.9675 0.13
v 0.2575 1.0025 0.13
v 0.2575 1.0025 0.93
v 0.2575 0.9675 0.93
v 0.2125 0.9575 0.13
v 0.2475 0.9575 0.13
v 0.2475 0.9575 0.93
v 0.2125 0.9575 0.93
v 0.2125 1.0125 0.93
v 0.2475 1.0125 0.93
v 0.2475 1.0125 0.13
v 0.2125 1.0125 0.13
v 0.2125 1.0025 0.12
v 0.2475 1.0025 0.12
v 0.2475 0.9675 0.12
v 0.2125 0.9675 0.12
v 0.2125 0.9675 0.94
v 0.2475 0.9675 0.94
v 0.2475 1.0025 0.94
v 0.2125 1.0025 0.94
v 0.2025 0.9675 0.13
v 0.2125 0.9575 0.13
v 0.2125 0.9575 0.93
v 0.2025 0.9675 0.93
v 0.2025 1.0025 0.93
v 0.2125 1.0125 0.93
v 0.2125 1.0125 0.13
v 0.2025 1.0025 0.13
v 0.2575 0.9675 0.93
v 0.2475 0.9575 0.93
v 0.2475 0.9575 0.13
v 0.2575 0.9675 0.13
v 0.2575 1.0025 0.13
v 0.2475 1.0125 0.13
v 0.2475 1.0125 0.93
v 0.2575 1.0025 0.93
v 0.2025 1.0025 0.13
v 0.2125 1.0025 0.12
v 0.2125 0.9675 0.12
v 0.2025 0.9675 0.13
v 0.2025 0.9675 0.93
v 0.2125 0.9675 0.94
v 0.2125 1.0025 0.94
v 0.2025 1.0025 0.93
v 0.2575 0.9675 0.13
v 0.2475 0.9675 0.12
v 0.2475 1.0025 0.12
v 0.2575 1.0025 0.13
v 0.2575 1.0025 0.93
v 0.2475 1.0025 0.94
v 0.2475 0.9675 0.94
v 0.2575 0.9675 0.93
v 0.2125 0.9575 0.13
v 0.2125 0.9675 0.12
v 0.2475 0.9675 0.12
v 0.2475 0.9575 0.13
v 0.2475 0.9575 0.93
v 0.2475 0.9675 0.94
v 0.2125 0.9675 0.94
v 0.2125 0.9575 0.93
v 0.2475 1.0125 0.13
v 0.2475 1.0025 0.12
v 0.2125 1.0025 0.12
v 0.2125 1.0125 0.13
v 0.2125 1.0125 0.93
v 0.2125 1.0025 0.94
v 0.2475 1.0025 0.94
v 0.2475 1.0125 0.93
v 0.2125 0.9675 0.12
v 0.2125 0.9575 0.13
v 0.2025 0.9675 0.13
v 0.2025 0.9675 0.93
v 0.2125 0.9575 0.93
v 0.2125 0.9675 0.94
v 0.2025 1.0025 0.13
v 0.2125 1.0125 0.13
v 0.2125 1.0025 0.12
v 0.2125 1.0025 0.94
v 0.2125 1.0125 0.93
v 0.2025 1.0025 0.93
v 0.2575 0.9675 0.13
v 0.2475 0.9575 0.13
v 0.2475 0.9675 0.12
v 0.2475 0.9675 0.94
v 0.2475 0.9575 0.93
v 0.2575 0.9675 0.93
v 0.2475 1.0025 0.12
v 0.2475 1.0125 0.13
v 0.2575 1.0025 0.13
v 0.2575 1.0025 0.93
v 0.2475 1.0125 0.93
v 0.2475 1.0025 0.94
v 0.4325 -1.0025 0.93
v 0.4325 -0.9675 0.93
v 0.4325 -0.9675 0.13
v 0.4325 -1.0025 0.13
v 0.4875 -1.0025 0.13
v 0.4875 -0.9675 0.13
v 0.4875 -0.9675 0.93
v 0.4875 -1.0025 0.93
v 0.4425 -1.0125 0.13
v 0.4775 -1.0125 0.13
v 0.4775 -1.0125 0.93
v 0.4425 -1.0125 0.93
v 0.4425 -0.9575 0.93
v 0.4775 -0.9575 0.93
v 0.4775 -0.9575 0.13
v 0.4425 -0.9575 0.13
v 0.4425 -0.9675 0.12
v 0.4775 -0.9675 0.12
v 0.4775 -1.0025 0.12
v 0.4425 -1.0025 0.12
v 0.4425 -1.0025 0.94
v 0.4775 -1.0025 0.94
v 0.4775 -0.9675 0.94
v 0.4425 -0.9675 0.94
v 0.4325 -1.0025 0.13
v 0.4425 -1.0125 0.13
v 0.4425 -1.0125 0.93
v 0.4325 -1.0025 0.93
v 0.4325 -0.9675 0.93
v 0.4425 -0.9575 0.93
v 0.4425 -0.9575 0.13
v 0.4325 -0.9675 0.13
v 0.4875 -1.0025 0.93
v 0.4775 -1.0125 0.93
v 0.4775 -1.0125 0.13
v 0.4875 -1.0025 0.13
v 0.4875 -0.9675 0.13
v 0.4775 -0.9575 0.13
v 0.4775 -0.9575 0.93
v 0.4875 -0.9675 0.93
v 0.4325 -0.9675 0.13
v 0.4425 -0.9675 0.12
v 0.4425 -1.0025 0.12
v 0.4325 -1.0025 0.13
v 0.4325 -1.0025 0.93
v 0.4425 -1.0025 0.94
v 0.4425 -0.9675 0.94
v 0.4325 -0.9675 0.93
v 0.4875 -1.0025 0.13
v 0.4775 -1.0025 0.12
v 0.4775 -0.9675 0.12
v 0.4875 -0.9675 0.13
v 0.4875 -0.9675 0.93
v 0.4775 -0.9675 0.94
v 0.4775 -1.0025 0.94
v 0.4875 -1.0025 0.93
v 0.4425 -1.0125 0.13
v 0.4425 -1.0025 0.12
v 0.4775 -1.0025 0.12
v 0.4775 -1.0125 0.13
v 0.4775 -1.0125 0.93
v 0.4775 -1.0025 0.94
v 0.4425 -1.0025 0.94
v 0.4425 -1.0125 0.93
v 0.4775 -0.9575 0.13
v 0.4775 -0.9675 0.12
v 0.4425 -0.9675 0.12
v 0.4425 -0.9575 0.13
v 0.4425 -0.9575 0.93
v 0.4425 -0.9675 0.94
v 0.4775 -0.9675 0.94
v 0.4775 -0.9575 0.93
v 0.4425 -1.0025 0.12
v 0.4425 -1.0125 0.13
v 0.4325 -1.0025 0.13
v 0.4325 -1.0025 0.93
v 0.4425 -1.0125 0.93
v 0.4425 -1.0025 0.94
v 0.4325 -0.9675 0.13
v 0.4425 -0.9575 0.13
v 0.4425 -0.9675 0.12
v 0.4425 -0.9675 0.94
v 0.4425 -0.9575 0.93
v 0.4325 -0.9675 0.93
v 0.4875 -1.0025 0.13
v 0.4775 -1.0125 0.13
v 0.4775 -1.0025 0.12
v 0.4775 -1.0025 0.94
v 0.4775 -1.0125 0.93
v 0.4875 -1.0025 0.93
v 0.4775 -0.9675 0.12
v 0.4775 -0.9575 0.13
v 0.4875 -0.9675 0.13
v 0.4875 -0.9675 0.93
v 0.4775 -0.9575 0.93
v 0.4775 -0.9675 0.94
v 0.4325 0.9675 0.93
v 0.4325 1.0025 0.93
v 0.4325 1.0025 0.13
v 0.4325 0.9675 0.13
v 0.4875 0.9675 0.13
v 0.4875 1.0025 0.13
v 0.4875 1.0025 0.93
v 0.4875 0.9675 0.93
v 0.4425 0.9575 0.13
v 0.4775 0.9575 0.13
v 0.4775 0.9575 0.93
v 0.4425 0.9575 0.93
v 0.4425 1.0125 0.93
v 0.4775 1.0125 0.93
v 0.4775 1.0125 0.13
v 0.4425 1.0125 0.13
v 0.4425 1.0025 0.12
v 0.4775 1.0025 0.12
v 0.4775 0.9675 0.12
v 0.4425 0.9675 0.12
v 0.4425 0.9675 0.94
v 0.4775 0.9675 0.94
v 0.4775 1.0025 0.94
v 0.4425 1.0025 0.94
v 0.4325 0.9675 0.13
v 0.4425 0.9575 0.13
v 0.4425 0.9575 0.93
v 0.4325 0.9675 0.93
v 0.4325 1.0025 0.93
v 0.4425 1.0125 0.93
v 0.4425 1.0125 0.13
v 0.4325 1.0025 0.13
v 0.4875 0.9675 0.93
v 0.4775 0.9575 0.93
v 0.4775 0.9575 0.13
v 0.4875 0.9675 0.13
v 0.4875 1.0025 0.13
v 0.4775 1.0125 0.13
v 0.4775 1.0125 0.93
v 0.4875 1.0025 0.93
v 0.4325 1.0025 0.13
v 0.4425 1.0025 0.12
v 0.4425 0.9675 0.12
v 0.4325 0.9675 0.13
v 0.4325 0.9675 0.93
v 0.4425 0.9675 0.94
v 0.4425 1.0025 0.94
v 0.4325 1.0025 0.93
v 0.4875 0.9675 0.13
v 0.4775 0.9675 0.12
v 0.4775 1.0025 0.12
v 0.4875 1.0025 0.13
v 0.4875 1.0025 0.93
v 0.4775 1.0025 0.94
v 0.4775 0.9675 0.94
v 0.4875 0.9675 0.93
v 0.4425 0.9575 0.13
v 0.4425 0.9675 0.12
v 0.4775 0.9675 0.12
v 0.4775 0.9575 0.13
v 0.4775 0.9575 0.93
v 0.4775 0.9675 0.94
v 0.4425 0.9675 0.94
v 0.4425 0.9575 0.93
v 0.4775 1.0125 0.13
v 0.4775 1.0025 0.12
v 0.4425 1.0025 0.12
v 0.4425 1.0125 0.13
v 0.4425 1.0125 0.93
v 0.4425 1.0025 0.94
v 0.4775 1.0025 0.94
v 0.4775 1.0125 0.93
v 0.4425 0.9675 0.12
v 0.4425 0.9575 0.13
v 0.4325 0.9675 0.13
v 0.4325 0.9675 0.93
v 0.4425 0.9575 0.93
v 0.4425 0.9675 0.94
v 0.4325 1.0025 0.13
v 0.4425 1.0125 0.13
v 0.4425 1.0025 0.12
v 0.4425 1.0025 0.94
v 0.4425 1.0125 0.93
v 0.4325 1.0025 0.93
v 0.4875 0.9675 0.13
v 0.4775 0.9575 0.13
v 0.4775 0.9675 0.12
v 0.4775 0.9675 0.94
v 0.4775 0.9575 0.93
v 0.4875 0.9675 0.93
v 0.4775 1.0025 0.12
v 0.4775 1.0125 0.13
v 0.4875 1.0025 0.13
v 0.4875 1.0025 0.93
v 0.4775 1.0125 0.93
v 0.4775 1.0025 0.94
v -0.54 -1.0305 0.7455
v -0.54 -0.9995 0.7455
v -0.54 -0.9995 0.6945
v -0.54 -1.0305 0.6945
v 0.54 -1.0305 0.6945
v 0.54 -0.9995 0.6945
v 0.54 -0.9995 0.7455
v 0.54 -1.0305 0.7455
v -0.528 -1.0425 0.6945
v 0.528 -1.0425 0.6945
v 0.528 -1.0425 0.7455
v -0.528 -1.0425 0.7455
v -0.528 -0.9875 0.7455
v 0.528 -0.9875 0.7455
v 0.528 -0.9875 0.6945
v -0.528 -0.9875 0.6945
v -0.528 -0.9995 0.6825
v 0.528 -0.9995 0.6825
v 0.528 -1.0305 0.6825
v -0.528 -1.0305 0.6825
v -0.528 -1.0305 0.7575
v 0.528 -1.0305 0.7575
v 0.528 -0.9995 0.7575
v -0.528 -0.9995 0.7575
v -0.54 -1.0305 0.6945
v -0.528 -1.0425 0.6945
v -0.528 -1.0425 0.7455
v -0.54 -1.0305 0.7455
v -0.54 -0.9995 0.7455
v -0.528 -0.9875 0.7455
v -0.528 -0.9875 0.6945
v -0.54 -0.9995 0.6945
v 0.54 -1.0305 0.7455
v 0.528 -1.0425 0.7455
v 0.528 -1.0425 0.6945
v 0.54 -1.0305 0.6945
v 0.54 -0.9995 0.6945
v 0.528 -0.9875 0.6945
v 0.528 -0.9875 0.7455
v 0.54 -0.9995 0.7455
v -0.54 -0.9995 0.6945
v -0.528 -0.9995 0.6825
v -0.528 -1.0305 0.6825
v -0.54 -1.0305 0.6945
v -0.54 -1.0305 0.7455
v -0.528 -1.0305 0.7575
v -0.528 -0.9995 0.7575
v -0.54 -0.9995 0.7455
v 0.54 -1.0305 0.6945
v 0.528 -1.0305 0.6825
v 0.528 -0.9995 0.6825
v 0.54 -0.9995 0.6945
v 0.54 -0.9995 0.7455
v 0.528 -0.9995 0.7575
v 0.528 -1.0305 0.7575
v 0.54 -1.0305 0.7455
v -0.528 -1.0425 0.6945
v -0.528 -1.0305 0.6825
v 0.528 -1.0305 0.6825
v 0.528 -1.0425 0.6945
v 0.528 -1.0425 0.7455
v 0.528 -1.0305 0.7575
v -0.528 -1.0305 0.7575
v -0.528 -1.0425 0.7455
v 0.528 -0.9875 0.6945
v 0.528 -0.9995 0.6825
v -0.528 -0.9995 0.6825
v -0.528 -0.9875 0.6945
v -0.528 -0.9875 0.7455
v -0.528 -0.9995 0.7575
v 0.528 -0.9995 0.7575
v 0.528 -0.9875 0.7455
v -0.528 -1.0305 0.6825
v -0.528 -1.0425 0.6945
v -0.54 -1.0305 0.6945
v -0.54 -1.0305 0.7455
v -0.528 -1.0425 0.7455
v -0.528 -1.0305 0.7575
v -0.54 -0.9995 0.6945
v -0.528 -0.9875 0.6945
v -0.528 -0.9995 0.6825
v -0.528 -0.9995 0.7575
v -0.528 -0.9875 0.7455
v -0.54 -0.9995 0.7455
v 0.54 -1.0305 0.6945
v 0.528 -1.0425 0.6945
v 0.528 -1.0305 0.6825
v 0.528 -1.0305 0.7575
v 0.528 -1.0425 0.7455
v 0.54 -1.0305 0.7455
v 0.528 -0.9995 0.6825
v 0.528 -0.9875 0.6945
v 0.54 -0.9995 0.6945
v 0.54 -0.9995 0.7455
v 0.528 -0.9875 0.7455
v 0.528 -0.9995 0.7575
v -0.54 0.9995 0.7455
v -0.54 1.0305 0.7455
v -0.54 1.0305 0.6945
v -0.54 0.9995 0.6945
v 0.54 0.9995 0.6945
v 0.54 1.0305 0.6945
v 0.54 1.0305 0.7455
v 0.54 0.9995 0.7455
v -0.528 0.9875 0.6945
v 0.528 0.9875 0.6945
v 0.528 0.9875 0.7455
v -0.528 0.9875 0.7455
v -0.528 1.0425 0.7455
v 0.528 1.0425 0.7455
v 0.528 1.0425 0.6945
v -0.528 1.0425 0.6945
v -0.528 1.0305 0.6825
v 0.528 1.0305 0.6825
v 0.528 0.9995 0.6825
v -0.528 0.9995 0.6825
v -0.528 0.9995 0.7575
v 0.528 0.9995 0.7575
v 0.528 1.0305 0.7575
v -0.528 1.0305 0.7575
v -0.54 0.9995 0.6945
v -0.528 0.9875 0.6945
v -0.528 0.9875 0.7455
v -0.54 0.9995 0.7455
v -0.54 1.0305 0.7455
v -0.528 1.0425 0.7455
v -0.528 1.0425 0.6945
v -0.54 1.0305 0.6945
v 0.54 0.9995 0.7455
v 0.528 0.9875 0.7455
v 0.528 0.9875 0.6945
v 0.54 0.9995 0.6945
v 0.54 1.0305 0.6945
v 0.528 1.0425 0.6945
v 0.528 1.0425 0.7455
v 0.54 1.0305 0.7455
v -0.54 1.0305 0.6945
v -0.528 1.0305 0.6825
v -0.528 0.9995 0.6825
v -0.54 0.9995 0.6945
v -0.54 0.9995 0.7455
v -0.528 0.9995 0.7575
v -0.528 1.0305 0.7575
v -0.54 1.0305 0.7455
v 0.54 0.9995 0.6945
v 0.528 0.9995 0.6825
v 0.528 1.0305 0.6825
v 0.54 1.0305 0.6945
v 0.54 1.0305 0.7455
v 0.528 1.0305 0.7575
v 0.528 0.9995 0.7575
v 0.54 0.9995 0.7455
v -0.528 0.9875 0.6945
v -0.528 0.9995 0.6825
v 0.528 0.9995 0.6825
v 0.528 0.9875 0.6945
v 0.528 0.9875 0.7455
v 0.528 0.9995 0.7575
v -0.528 0.9995 0.7575
v -0.528 0.9875 0.7455
v 0.528 1.0425 0.6945
v 0.528 1.0305 0.6825
v -0.528 1.0305 0.6825
v -0.528 1.0425 0.6945
v -0.528 1.0425 0.7455
v -0.528 1.0305 0.7575
v 0.528 1.0305 0.7575
v 0.528 1.0425 0.7455
v -0.528 0.9995 0.6825
v -0.528 0.9875 0.6945
v -0.54 0.9995 0.6945
v -0.54 0.9995 0.7455
v -0.528 0.9875 0.7455
v -0.528 0.9995 0.7575
v -0.54 1.0305 0.6945
v -0.528 1.0425 0.6945
v -0.528 1.0305 0.6825
v -0.528 1.0305 0.7575
v -0.528 1.0425 0.7455
v -0.54 1.0305 0.7455
v 0.54 0.9995 0.6945
v 0.528 0.9875 0.6945
v 0.528 0.9995 0.6825
v 0.528 0.9995 0.7575
v 0.528 0.9875 0.7455
v 0.54 0.9995 0.7455
v 0.528 1.0305 0.6825
v 0.528 1.0425 0.6945
v 0.54 1.0305 0.6945
v 0.54 1.0305 0.7455
v 0.528 1.0425 0.7455
v 0.528 1.0305 0.7575
v -0.55 -0.848 -0.012
v -0.55 -0.712 -0.012
v -0.55 -0.712 -0.208
v -0.55 -0.848 -0.208
v -0.39 -0.848 -0.208
v -0.39 -0.712 -0.208
v -0.39 -0.712 -0.012
v -0.39 -0.848 -0.012
v -0.528 -0.87 -0.208
v -0.412 -0.87 -0.208
v -0.412 -0.87 -0.012
v -0.528 -0.87 -0.012
v -0.528 -0.69 -0.012
v -0.412 -0.69 -0.012
v -0.412 -0.69 -0.208
v -0.528 -0.69 -0.208
v -0.528 -0.712 -0.23
v -0.412 -0.712 -0.23
v -0.412 -0.848 -0.23
v -0.528 -0.848 -0.23
v -0.528 -0.848 0.01
v -0.412 -0.848 0.01
v -0.412 -0.712 0.01
v -0.528 -0.712 0.01
v -0.55 -0.848 -0.208
v -0.528 -0.87 -0.208
v -0.528 -0.87 -0.012
v -0.55 -0.848 -0.012
v -0.55 -0.712 -0.012
v -0.528 -0.69 -0.012
v -0.528 -0.69 -0.208
v -0.55 -0.712 -0.208
v -0.39 -0.848 -0.012
v -0.412 -0.87 -0.012
v -0.412 -0.87 -0.208
v -0.39 -0.848 -0.208
v -0.39 -0.712 -0.208
v -0.412 -0.69 -0.208
v -0.412 -0.69 -0.012
v -0.39 -0.712 -0.012
v -0.55 -0.712 -0.208
v -0.528 -0.712 -0.23
v -0.528 -0.848 -0.23
v -0.55 -0.848 -0.208
v -0.55 -0.848 -0.012
v -0.528 -0.848 0.01
v -0.528 -0.712 0.01
v -0.55 -0.712 -0.012
v -0.39 -0.848 -0.208
v -0.412 -0.848 -0.23
v -0.412 -0.712 -0.23
v -0.39 -0.712 -0.208
v -0.39 -0.712 -0.012
v -0.412 -0.712 0.01
v -0.412 -0.848 0.01
v -0.39 -0.848 -0.012
v -0.528 -0.87 -0.208
v -0.528 -0.848 -0.23
v -0.412 -0.848 -0.23
v -0.412 -0.87 -0.208
v -0.412 -0.87 -0.012
v -0.412 -0.848 0.01
v -0.528 -0.848 0.01
v -0.528 -0.87 -0.012
v -0.412 -0.69 -0.208
v -0.412 -0.712 -0.23
v -0.528 -0.712 -0.23
v -0.528 -0.69 -0.208
v -0.528 -0.69 -0.012
v -0.528 -0.712 0.01
v -0.412 -0.712 0.01
v -0.412 -0.69 -0.012
v -0.528 -0.848 -0.23
v -0.528 -0.87 -0.208
v -0.55 -0.848 -0.208
v -0.55 -0.848 -0.012
v -0.528 -0.87 -0.012
v -0.528 -0.848 0.01
v -0.55 -0.712 -0.208
v -0.528 -0.69 -0.208
v -0.528 -0.712 -0.23
v -0.528 -0.712 0.01
v -0.528 -0.69 -0.012
v -0.55 -0.712 -0.012
v -0.39 -0.848 -0.208
v -0.412 -0.87 -0.208
v -0.412 -0.848 -0.23
v -0.412 -0.848 0.01
v -0.412 -0.87 -0.012
v -0.39 -0.848 -0.012
v -0.412 -0.712 -0.23
v -0.412 -0.69 -0.208
v -0.39 -0.712 -0.208
v -0.39 -0.712 -0.012
v -0.412 -0.69 -0.012
v -0.412 -0.712 0.01
v -0.595 -0.909875 -0.227625
v -0.595 -0.650125 -0.227625
v -0.595 -0.650125 -0.252375
v -0.595 -0.909875 -0.252375
v -0.345 -0.909875 -0.252375
v -0.345 -0.650125 -0.252375
v -0.345 -0.650125 -0.227625
v -0.345 -0.909875 -0.227625
v -0.584875 -0.92 -0.252375
v -0.355125 -0.92 -0.252375
v -0.355125 -0.92 -0.227625
v -0.584875 -0.92 -0.227625
v -0.584875 -0.64 -0.227625
v -0.355125 -0.64 -0.227625
v -0.355125 -0.64 -0.252375
v -0.584875 -0.64 -0.252375
v -0.584875 -0.650125 -0.2625
v -0.355125 -0.650125 -0.2625
v -0.355125 -0.909875 -0.2625
v -0.584875 -0.909875 -0.2625
v -0.584875 -0.909875 -0.2175
v -0.355125 -0.909875 -0.2175
v -0.355125 -0.650125 -0.2175
v -0.584875 -0.650125 -0.2175
v -0.595 -0.909875 -0.252375
v -0.584875 -0.92 -0.252375
v -0.584875 -0.92 -0.227625
v -0.595 -0.909875 -0.227625
v -0.595 -0.650125 -0.227625
v -0.584875 -0.64 -0.227625
v -0.584875 -0.64 -0.252375
v -0.595 -0.650125 -0.252375
v -0.345 -0.909875 -0.227625
v -0.355125 -0.92 -0.227625
v -0.355125 -0.92 -0.252375
v -0.345 -0.909875 -0.252375
v -0.345 -0.650125 -0.252375
v -0.355125 -0.64 -0.252375
v -0.355125 -0.64 -0.227625
v -0.345 -0.650125 -0.227625
v -0.595 -0.650125 -0.252375
v -0.584875 -0.650125 -0.2625
v -0.584875 -0.909875 -0.2625
v -0.595 -0.909875 -0.252375
v -0.595 -0.909875 -0.227625
v -0.584875 -0.909875 -0.2175
v -0.584875 -0.650125 -0.2175
v -0.595 -0.650125 -0.227625
v -0.345 -0.909875 -0.252375
v -0.355125 -0.909875 -0.2625
v -0.355125 -0.650125 -0.2625
v -0.345 -0.650125 -0.252375
v -0.345 -0.650125 -0.227625
v -0.355125 -0.650125 -0.2175
v -0.355125 -0.909875 -0.2175
v -0.345 -0.909875 -0.227625
v -0.584875 -0.92 -0.252375
v -0.584875 -0.909875 -0.2625
v -0.355125 -0.909875 -0.2625
v -0.355125 -0.92 -0.252375
v -0.355125 -0.92 -0.227625
v -0.355125 -0.909875 -0.2175
v -0.584875 -0.909875 -0.2175
v -0.584875 -0.92 -0.227625
v -0.355125 -0.64 -0.252375
v -0.355125 -0.650125 -0.2625
v -0.584875 -0.650125 -0.2625
v -0.584875 -0.64 -0.252375
v -0.584875 -0.64 -0.227625
v -0.584875 -0.650125 -0.2175
v -0.355125 -0.650125 -0.2175
v -0.355125 -0.64 -0.227625
v -0.584875 -0.909875 -0.2625
v -0.584875 -0.92 -0.252375
v -0.595 -0.909875 -0.252375
v -0.595 -0.909875 -0.227625
v -0.584875 -0.92 -0.227625
v -0.584875 -0.909875 -0.2175
v -0.595 -0.650125 -0.252375
v -0.584875 -0.64 -0.252375
v -0.584875 -0.650125 -0.2625
v -0.584875 -0.650125 -0.2175
v -0.584875 -0.64 -0.227625
v -0.595 -0.650125 -0.227625
v -0.345 -0.909875 -0.252375
v -0.355125 -0.92 -0.252375
v -0.355125 -0.909875 -0.2625
v -0.355125 -0.909875 -0.2175
v -0.355125 -0.92 -0.227625
v -0.345 -0.909875 -0.227625
v -0.355125 -0.650125 -0.2625
v -0.355125 -0.64 -0.252375
v -0.345 -0.650125 -0.252375
v -0.345 -0.650125 -0.227625
v -0.355125 -0.64 -0.227625
v -0.355125 -0.650125 -0.2175
v -0.55 0.712 -0.012
v -0.55 0.848 -0.012
v -0.55 0.848 -0.208
v -0.55 0.712 -0.208
v -0.39 0.712 -0.208
v -0.39 0.848 -0.208
v -0.39 0.848 -0.012
v -0.39 0.712 -0.012
v -0.528 0.69 -0.208
v -0.412 0.69 -0.208
v -0.412 0.69 -0.012
v -0.528 0.69 -0.012
v -0.528 0.87 -0.012
v -0.412 0.87 -0.012
v -0.412 0.87 -0.208
v -0.528 0.87 -0.208
v -0.528 0.848 -0.23
v -0.412 0.848 -0.23
v -0.412 0.712 -0.23
v -0.528 0.712 -0.23
v -0.528 0.712 0.01
v -0.412 0.712 0.01
v -0.412 0.848 0.01
v -0.528 0.848 0.01
v -0.55 0.712 -0.208
v -0.528 0.69 -0.208
v -0.528 0.69 -0.012
v -0.55 0.712 -0.012
v -0.55 0.848 -0.012
v -0.528 0.87 -0.012
v -0.528 0.87 -0.208
v -0.55 0.848 -0.208
v -0.39 0.712 -0.012
v -0.412 0.69 -0.012
v -0.412 0.69 -0.208
v -0.39 0.712 -0.208
v -0.39 0.848 -0.208
v -0.412 0.87 -0.208
v -0.412 0.87 -0.012
v -0.39 0.848 -0.012
v -0.55 0.848 -0.208
v -0.528 0.848 -0.23
v -0.528 0.712 -0.23
v -0.55 0.712 -0.208
v -0.55 0.712 -0.012
v -0.528 0.712 0.01
v -0.528 0.848 0.01
v -0.55 0.848 -0.012
v -0.39 0.712 -0.208
v -0.412 0.712 -0.23
v -0.412 0.848 -0.23
v -0.39 0.848 -0.208
v -0.39 0.848 -0.012
v -0.412 0.848 0.01
v -0.412 0.712 0.01
v -0.39 0.712 -0.012
v -0.528 0.69 -0.208
v -0.528 0.712 -0.23
v -0.412 0.712 -0.23
v -0.412 0.69 -0.208
v -0.412 0.69 -0.012
v -0.412 0.712 0.01
v -0.528 0.712 0.01
v -0.528 0.69 -0.012
v -0.412 0.87 -0.208
v -0.412 0.848 -0.23
v -0.528 0.848 -0.23
v -0.528 0.87 -0.208
v -0.528 0.87 -0.012
v -0.528 0.848 0.01
v -0.412 0.848 0.01
v -0.412 0.87 -0.012
v -0.528 0.712 -0.23
v -0.528 0.69 -0.208
v -0.55 0.712 -0.208
v -0.55 0.712 -0.012
v -0.528 0.69 -0.012
v -0.528 0.712 0.01
v -0.55 0.848 -0.208
v -0.528 0.87 -0.208
v -0.528 0.848 -0.23
v -0.528 0.848 0.01
v -0.528 0.87 -0.012
v -0.55 0.848 -0.012
v -0.39 0.712 -0.208
v -0.412 0.69 -0.208
v -0.412 0.712 -0.23
v -0.412 0.712 0.01
v -0.412 0.69 -0.012
v -0.39 0.712 -0.012
v -0.412 0.848 -0.23
v -0.412 0.87 -0.208
v -0.39 0.848 -0.208
v -0.39 0.848 -0.012
v -0.412 0.87 -0.012
v -0.412 0.848 0.01
v -0.595 0.650125 -0.227625
v -0.595 0.909875 -0.227625
v -0.595 0.909875 -0.252375
v -0.595 0.650125 -0.252375
v -0.345 0.650125 -0.252375
v -0.345 0.909875 -0.252375
v -0.345 0.909875 -0.227625
v -0.345 0.650125 -0.227625
v -0.584875 0.64 -0.252375
v -0.355125 0.64 -0.252375
v -0.355125 0.64 -0.227625
v -0.584875 0.64 -0.227625
v -0.584875 0.92 -0.227625
v -0.355125 0.92 -0.227625
v -0.355125 0.92 -0.252375
v -0.584875 0.92 -0.252375
v -0.584875 0.909875 -0.2625
v -0.355125 0.909875 -0.2625
v -0.355125 0.650125 -0.2625
v -0.584875 0.650125 -0.2625
v -0.584875 0.650125 -0.2175
v -0.355125 0.650125 -0.2175
v -0.355125 0.909875 -0.2175
v -0.584875 0.909875 -0.2175
v -0.595 0.650125 -0.252375
v -0.584875 0.64 -0.252375
v -0.584875 0.64 -0.227625
v -0.595 0.650125 -0.227625
v -0.595 0.909875 -0.227625
v -0.584875 0.92 -0.227625
v -0.584875 0.92 -0.252375
v -0.595 0.909875 -0.252375
v -0.345 0.650125 -0.227625
v -0.355125 0.64 -0.227625
v -0.355125 0.64 -0.252375
v -0.345 0.650125 -0.252375
v -0.345 0.909875 -0.252375
v -0.355125 0.92 -0.252375
v -0.355125 0.92 -0.227625
v -0.345 0.909875 -0.227625
v -0.595 0.909875 -0.252375
v -0.584875 0.909875 -0.2625
v -0.584875 0.650125 -0.2625
v -0.595 0.650125 -0.252375
v -0.595 0.650125 -0.227625
v -0.584875 0.650125 -0.2175
v -0.584875 0.909875 -0.2175
v -0.595 0.909875 -0.227625
v -0.345 0.650125 -0.252375
v -0.355125 0.650125 -0.2625
v -0.355125 0.909875 -0.2625
v -0.345 0.909875 -0.252375
v -0.345 0.909875 -0.227625
v -0.355125 0.909875 -0.2175
v -0.355125 0.650125 -0.2175
v -0.345 0.650125 -0.227625
v -0.584875 0.64 -0.252375
v -0.584875 0.650125 -0.2625
v -0.355125 0.650125 -0.2625
v -0.355125 0.64 -0.252375
v -0.355125 0.64 -0.227625
v -0.355125 0.650125 -0.2175
v -0.584875 0.650125 -0.2175
v -0.584875 0.64 -0.227625
v -0.355125 0.92 -0.252375
v -0.355125 0.909875 -0.2625
v -0.584875 0.909875 -0.2625
v -0.584875 0.92 -0.252375
v -0.584875 0.92 -0.227625
v -0.584875 0.909875 -0.2175
v -0.355125 0.909875 -0.2175
v -0.355125 0.92 -0.227625
v -0.584875 0.650125 -0.2625
v -0.584875 0.64 -0.252375
v -0.595 0.650125 -0.252375
v -0.595 0.650125 -0.227625
v -0.584875 0.64 -0.227625
v -0.584875 0.650125 -0.2175
v -0.595 0.909875 -0.252375
v -0.584875 0.92 -0.252375
v -0.584875 0.909875 -0.2625
v -0.584875 0.909875 -0.2175
v -0.584875 0.92 -0.227625
v -0.595 0.909875 -0.227625
v -0.345 0.650125 -0.252375
v -0.355125 0.64 -0.252375
v -0.355125 0.650125 -0.2625
v -0.355125 0.650125 -0.2175
v -0.355125 0.64 -0.227625
v -0.345 0.650125 -0.227625
v -0.355125 0.909875 -0.2625
v -0.355125 0.92 -0.252375
v -0.345 0.909875 -0.252375
v -0.345 0.909875 -0.227625
v -0.355125 0.92 -0.227625
v -0.355125 0.909875 -0.2175
v 0.39 -0.848 -0.012
v 0.39 -0.712 -0.012
v 0.39 -0.712 -0.208
v 0.39 -0.848 -0.208
v 0.55 -0.848 -0.208
v 0.55 -0.712 -0.208
v 0.55 -0.712 -0.012
v 0.55 -0.848 -0.012
v 0.412 -0.87 -0.208
v 0.528 -0.87 -0.208
v 0.528 -0.87 -0.012
v 0.412 -0.87 -0.012
v 0.412 -0.69 -0.012
v 0.528 -0.69 -0.012
v 0.528 -0.69 -0.208
v 0.412 -0.69 -0.208
v 0.412 -0.712 -0.23
v 0.528 -0.712 -0.23
v 0.528 -0.848 -0.23
v 0.412 -0.848 -0.23
v 0.412 -0.848 0.01
v 0.528 -0.848 0.01
v 0.528 -0.712 0.01
v 0.412 -0.712 0.01
v 0.39 -0.848 -0.208
v 0.412 -0.87 -0.208
v 0.412 -0.87 -0.012
v 0.39 -0.848 -0.012
v 0.39 -0.712 -0.012
v 0.412 -0.69 -0.012
v 0.412 -0.69 -0.208
v 0.39 -0.712 -0.208
v 0.55 -0.848 -0.012
v 0.528 -0.87 -0.012
v 0.528 -0.87 -0.208
v 0.55 -0.848 -0.208
v 0.55 -0.712 -0.208
v 0.528 -0.69 -0.208
v 0.528 -0.69 -0.012
v 0.55 -0.712 -0.012
v 0.39 -0.712 -0.208
v 0.412 -0.712 -0.23
v 0.412 -0.848 -0.23
v 0.39 -0.848 -0.208
v 0.39 -0.848 -0.012
v 0.412 -0.848 0.01
v 0.412 -0.712 0.01
v 0.39 -0.712 -0.012
v 0.55 -0.848 -0.208
v 0.528 -0.848 -0.23
v 0.528 -0.712 -0.23
v 0.55 -0.712 -0.208
v 0.55 -0.712 -0.012
v 0.528 -0.712 0.01
v 0.528 -0.848 0.01
v 0.55 -0.848 -0.012
v 0.412 -0.87 -0.208
v 0.412 -0.848 -0.23
v 0.528 -0.848 -0.23
v 0.528 -0.87 -0.208
v 0.528 -0.87 -0.012
v 0.528 -0.848 0.01
v 0.412 -0.848 0.01
v 0.412 -0.87 -0.012
v 0.528 -0.69 -0.208
v 0.528 -0.712 -0.23
v 0.412 -0.712 -0.23
v 0.412 -0.69 -0.208
v 0.412 -0.69 -0.012
v 0.412 -0.712 0.01
v 0.528 -0.712 0.01
v 0.528 -0.69 -0.012
v 0.412 -0.848 -0.23
v 0.412 -0.87 -0.208
v 0.39 -0.848 -0.208
v 0.39 -0.848 -0.012
v 0.412 -0.87 -0.012
v 0.412 -0.848 0.01
v 0.39 -0.712 -0.208
v 0.412 -0.69 -0.208
v 0.412 -0.712 -0.23
v 0.412 -0.712 0.01
v 0.412 -0.69 -0.012
v 0.39 -0.712 -0.012
v 0.55 -0.848 -0.208
v 0.528 -0.87 -0.208
v 0.528 -0.848 -0.23
v 0.528 -0.848 0.01
v 0.528 -0.87 -0.012
v 0.55 -0.848 -0.012
v 0.528 -0.712 -0.23
v 0.528 -0.69 -0.208
v 0.55 -0.712 -0.208
v 0.55 -0.712 -0.012
v 0.528 -0.69 -0.012
v 0.528 -0.712 0.01
v 0.345 -0.909875 -0.227625
v 0.345 -0.650125 -0.227625
v 0.345 -0.650125 -0.252375
v 0.345 -0.909875 -0.252375
v 0.595 -0.909875 -0.252375
v 0.595 -0.650125 -0.252375
v 0.595 -0.650125 -0.227625
v 0.595 -0.909875 -0.227625
v 0.355125 -0.92 -0.252375
v 0.584875 -0.92 -0.252375
v 0.584875 -0.92 -0.227625
v 0.355125 -0.92 -0.227625
v 0.355125 -0.64 -0.227625
v 0.584875 -0.64 -0.227625
v 0.584875 -0.64 -0.252375
v 0.355125 -0.64 -0.252375
v 0.355125 -0.650125 -0.2625
v 0.584875 -0.650125 -0.2625
v 0.584875 -0.909875 -0.2625
v 0.355125 -0.909875 -0.2625
v 0.355125 -0.909875 -0.2175
v 0.584875 -0.909875 -0.2175
v 0.584875 -0.650125 -0.2175
v 0.355125 -0.650125 -0.2175
v 0.345 -0.909875 -0.252375
v 0.355125 -0.92 -0.252375
v 0.355125 -0.92 -0.227625
v 0.345 -0.909875 -0.227625
v 0.345 -0.650125 -0.227625
v 0.355125 -0.64 -0.227625
v 0.355125 -0.64 -0.252375
v 0.345 -0.650125 -0.252375
v 0.595 -0.909875 -0.227625
v 0.584875 -0.92 -0.227625
v 0.584875 -0.92 -0.252375
v 0.595 -0.909875 -0.252375
v 0.595 -0.650125 -0.252375
v 0.584875 -0.64 -0.252375
v 0.584875 -0.64 -0.227625
v 0.595 -0.650125 -0.227625
v 0.345 -0.650125 -0.252375
v 0.355125 -0.650125 -0.2625
v 0.355125 -0.909875 -0.2625
v 0.345 -0.909875 -0.252375
v 0.345 -0.909875 -0.227625
v 0.355125 -0.909875 -0.2175
v 0.355125 -0.650125 -0.2175
v 0.345 -0.650125 -0.227625
v 0.595 -0.909875 -0.252375
v 0.584875 -0.909875 -0.2625
v 0.584875 -0.650125 -0.2625
v 0.595 -0.650125 -0.252375
v 0.595 -0.650125 -0.227625
v 0.584875 -0.650125 -0.2175
v 0.584875 -0.909875 -0.2175
v 0.595 -0.909875 -0.227625
v 0.355125 -0.92 -0.252375
v 0.355125 -0.909875 -0.2625
v 0.584875 -0.909875 -0.2625
v 0.584875 -0.92 -0.252375
v 0.584875 -0.92 -0.227625
v 0.584875 -0.909875 -0.2175
v 0.355125 -0.909875 -0.2175
v 0.355125 -0.92 -0.227625
v 0.584875 -0.64 -0.252375
v 0.584875 -0.650125 -0.2625
v 0.355125 -0.650125 -0.2625
v 0.355125 -0.64 -0.252375
v 0.355125 -0.64 -0.227625
v 0.355125 -0.650125 -0.2175
v 0.584875 -0.650125 -0.2175
v 0.584875 -0.64 -0.227625
v 0.355125 -0.909875 -0.2625
v 0.355125 -0.92 -0.252375
v 0.345 -0.909875 -0.252375
v 0.345 -0.909875 -0.227625
v 0.355125 -0.92 -0.227625
v 0.355125 -0.909875 -0.2175
v 0.345 -0.650125 -0.252375
v 0.355125 -0.64 -0.252375
v 0.355125 -0.650125 -0.2625
v 0.355125 -0.650125 -0.2175
v 0.355125 -0.64 -0.227625
v 0.345 -0.650125 -0.227625
v 0.595 -0.909875 -0.252375
v 0.584875 -0.92 -0.252375
v 0.584875 -0.909875 -0.2625
v 0.584875 -0.909875 -0.2175
v 0.584875 -0.92 -0.227625
v 0.595 -0.909875 -0.227625
v 0.584875 -0.650125 -0.2625
v 0.584875 -0.64 -0.252375
v 0.595 -0.650125 -0.252375
v 0.595 -0.650125 -0.227625
v 0.584875 -0.64 -0.227625
v 0.584875 -0.650125 -0.2175
v 0.39 0.712 -0.012
v 0.39 0.848 -0.012
v 0.39 0.848 -0.208
v 0.39 0.712 -0.208
v 0.55 0.712 -0.208
v 0.55 0.848 -0.208
v 0.55 0.848 -0.012
v 0.55 0.712 -0.012
v 0.412 0.69 -0.208
v 0.528 0.69 -0.208
v 0.528 0.69 -0.012
v 0.412 0.69 -0.012
v 0.412 0.87 -0.012
v 0.528 0.87 -0.012
v 0.528 0.87 -0.208
v 0.412 0.87 -0.208
v 0.412 0.848 -0.23
v 0.528 0.848 -0.23
v 0.528 0.712 -0.23
v 0.412 0.712 -0.23
v 0.412 0.712 0.01
v 0.528 0.712 0.01
v 0.528 0.848 0.01
v 0.412 0.848 0.01
v 0.39 0.712 -0.208
v 0.412 0.69 -0.208
v 0.412 0.69 -0.012
v 0.39 0.712 -0.012
v 0.39 0.848 -0.012
v 0.412 0.87 -0.012
v 0.412 0.87 -0.208
v 0.39 0.848 -0.208
v 0.55 0.712 -0.012
v 0.528 0.69 -0.012
v 0.528 0.69 -0.208
v 0.55 0.712 -0.208
v 0.55 0.848 -0.208
v 0.528 0.87 -0.208
v 0.528 0.87 -0.012
v 0.55 0.848 -0.012
v 0.39 0.848 -0.208
v 0.412 0.848 -0.23
v 0.412 0.712 -0.23
v 0.39 0.712 -0.208
v 0.39 0.712 -0.012
v 0.412 0.712 0.01
v 0.412 0.848 0.01
v 0.39 0.848 -0.012
v 0.55 0.712 -0.208
v 0.528 0.712 -0.23
v 0.528 0.848 -0.23
v 0.55 0.848 -0.208
v 0.55 0.848 -0.012
v 0.528 0.848 0.01
v 0.528 0.712 0.01
v 0.55 0.712 -0.012
v 0.412 0.69 -0.208
v 0.412 0.712 -0.23
v 0.528 0.712 -0.23
v 0.528 0.69 -0.208
v 0.528 0.69 -0.012
v 0.528 0.712 0.01
v 0.412 0.712 0.01
v 0.412 0.69 -0.012
v 0.528 0.87 -0.208
v 0.528 0.848 -0.23
v 0.412 0.848 -0.23
v 0.412 0.87 -0.208
v 0.412 0.87 -0.012
v 0.412 0.848 0.01
v 0.528 0.848 0.01
v 0.528 0.87 -0.012
v 0.412 0.712 -0.23
v 0.412 0.69 -0.208
v 0.39 0.712 -0.208
v 0.39 0.712 -0.012
v 0.412 0.69 -0.012
v 0.412 0.712 0.01
v 0.39 0.848 -0.208
v 0.412 0.87 -0.208
v 0.412 0.848 -0.23
v 0.412 0.848 0.01
v 0.412 0.87 -0.012
v 0.39 0.848 -0.012
v 0.55 0.712 -0.208
v 0.528 0.69 -0.208
v 0.528 0.712 -0.23
v 0.528 0.712 0.01
v 0.528 0.69 -0.012
v 0.55 0.712 -0.012
v 0.528 0.848 -0.23
v 0.528 0.87 -0.208
v 0.55 0.848 -0.208
v 0.55 0.848 -0.012
v 0.528 0.87 -0.012
v 0.528 0.848 0.01
v 0.345 0.650125 -0.227625
v 0.345 0.909875 -0.227625
v 0.345 0.909875 -0.252375
v 0.345 0.650125 -0.252375
v 0.595 0.650125 -0.252375
v 0.595 0.909875 -0.252375
v 0.595 0.909875 -0.227625
v 0.595 0.650125 -0.227625
v 0.355125 0.64 -0.252375
v 0.584875 0.64 -0.252375
v 0.584875 0.64 -0.227625
v 0.355125 0.64 -0.227625
v 0.355125 0.92 -0.227625
v 0.584875 0.92 -0.227625
v 0.584875 0.92 -0.252375
v 0.355125 0.92 -0.252375
v 0.355125 0.909875 -0.2625
v 0.584875 0.909875 -0.2625
v 0.584875 0.650125 -0.2625
v 0.355125 0.650125 -0.2625
v 0.355125 0.650125 -0.2175
v 0.584875 0.650125 -0.2175
v 0.584875 0.909875 -0.2175
v 0.355125 0.909875 -0.2175
v 0.345 0.650125 -0.252375
v 0.355125 0.64 -0.252375
v 0.355125 0.64 -0.227625
v 0.345 0.650125 -0.227625
v 0.345 0.909875 -0.227625
v 0.355125 0.92 -0.227625
v 0.355125 0.92 -0.252375
v 0.345 0.909875 -0.252375
v 0.595 0.650125 -0.227625
v 0.584875 0.64 -0.227625
v 0.584875 0.64 -0.252375
v 0.595 0.650125 -0.252375
v 0.595 0.909875 -0.252375
v 0.584875 0.92 -0.252375
v 0.584875 0.92 -0.227625
v 0.595 0.909875 -0.227625
v 0.345 0.909875 -0.252375
v 0.355125 0.909875 -0.2625
v 0.355125 0.650125 -0.2625
v 0.345 0.650125 -0.252375
v 0.345 0.650125 -0.227625
v 0.355125 0.650125 -0.2175
v 0.355125 0.909875 -0.2175
v 0.345 0.909875 -0.227625
v 0.595 0.650125 -0.252375
v 0.584875 0.650125 -0.2625
v 0.584875 0.909875 -0.2625
v 0.595 0.909875 -0.252375
v 0.595 0.909875 -0.227625
v 0.584875 0.909875 -0.2175
v 0.584875 0.650125 -0.2175
v 0.595 0.650125 -0.227625
v 0.355125 0.64 -0.252375
v 0.355125 0.650125 -0.2625
v 0.584875 0.650125 -0.2625
v 0.584875 0.64 -0.252375
v 0.584875 0.64 -0.227625
v 0.584875 0.650125 -0.2175
v 0.355125 0.650125 -0.2175
v 0.355125 0.64 -0.227625
v 0.584875 0.92 -0.252375
v 0.584875 0.909875 -0.2625
v 0.355125 0.909875 -0.2625
v 0.355125 0.92 -0.252375
v 0.355125 0.92 -0.227625
v 0.355125 0.909875 -0.2175
v 0.584875 0.909875 -0.2175
v 0.584875 0.92 -0.227625
v 0.355125 0.650125 -0.2625
v 0.355125 0.64 -0.252375
v 0.345 0.650125 -0.252375
v 0.345 0.650125 -0.227625
v 0.355125 0.64 -0.227625
v 0.355125 0.650125 -0.2175
v 0.345 0.909875 -0.252375
v 0.355125 0.92 -0.252375
v 0.355125 0.909875 -0.2625
v 0.355125 0.909875 -0.2175
v 0.355125 0.92 -0.227625
v 0.345 0.909875 -0.227625
v 0.595 0.650125 -0.252375
v 0.584875 0.64 -0.252375
v 0.584875 0.650125 -0.2625
v 0.584875 0.650125 -0.2175
v 0.584875 0.64 -0.227625
v 0.595 0.650125 -0.227625
v 0.584875 0.909875 -0.2625
v 0.584875 0.92 -0.252375
v 0.595 0.909875 -0.252375
v 0.595 0.909875 -0.227625
v 0.584875 0.92 -0.227625
v 0.584875 0.909875 -0.2175
v -0.31 -1.030125 0.937625
v -0.31 -0.999875 0.937625
v -0.31 -0.999875 0.742375
v -0.31 -1.030125 0.742375
v 0.31 -1.030125 0.742375
v 0.31 -0.999875 0.742375
v 0.31 -0.999875 0.937625
v 0.31 -1.030125 0.937625
v -0.297625 -1.0425 0.742375
v 0.297625 -1.0425 0.742375
v 0.297625 -1.0425 0.937625
v -0.297625 -1.0425 0.937625
v -0.297625 -0.9875 0.937625
v 0.297625 -0.9875 0.937625
v 0.297625 -0.9875 0.742375
v -0.297625 -0.9875 0.742375
v -0.297625 -0.999875 0.73
v 0.297625 -0.999875 0.73
v 0.297625 -1.030125 0.73
v -0.297625 -1.030125 0.73
v -0.297625 -1.030125 0.95
v 0.297625 -1.030125 0.95
v 0.297625 -0.999875 0.95
v -0.297625 -0.999875 0.95
v -0.31 -1.030125 0.742375
v -0.297625 -1.0425 0.742375
v -0.297625 -1.0425 0.937625
v -0.31 -1.030125 0.937625
v -0.31 -0.999875 0.937625
v -0.297625 -0.9875 0.937625
v -0.297625 -0.9875 0.742375
v -0.31 -0.999875 0.742375
v 0.31 -1.030125 0.937625
v 0.297625 -1.0425 0.937625
v 0.297625 -1.0425 0.742375
v 0.31 -1.030125 0.742375
v 0.31 -0.999875 0.742375
v 0.297625 -0.9875 0.742375
v 0.297625 -0.9875 0.937625
v 0.31 -0.999875 0.937625
v -0.31 -0.999875 0.742375
v -0.297625 -0.999875 0.73
v -0.297625 -1.030125 0.73
v -0.31 -1.030125 0.742375
v -0.31 -1.030125 0.937625
v -0.297625 -1.030125 0.95
v -0.297625 -0.999875 0.95
v -0.31 -0.999875 0.937625
v 0.31 -1.030125 0.742375
v 0.297625 -1.030125 0.73
v 0.297625 -0.999875 0.73
v 0.31 -0.999875 0.742375
v 0.31 -0.999875 0.937625
v 0.297625 -0.999875 0.95
v 0.297625 -1.030125 0.95
v 0.31 -1.030125 0.937625
v -0.297625 -1.0425 0.742375
v -0.297625 -1.030125 0.73
v 0.297625 -1.030125 0.73
v 0.297625 -1.0425 0.742375
v 0.297625 -1.0425 0.937625
v 0.297625 -1.030125 0.95
v -0.297625 -1.030125 0.95
v -0.297625 -1.0425 0.937625
v 0.297625 -0.9875 0.742375
v 0.297625 -0.999875 0.73
v -0.297625 -0.999875 0.73
v -0.297625 -0.9875 0.742375
v -0.297625 -0.9875 0.937625
v -0.297625 -0.999875 0.95
v 0.297625 -0.999875 0.95
v 0.297625 -0.9875 0.937625
v -0.297625 -1.030125 0.73
v -0.297625 -1.0425 0.742375
v -0.31 -1.030125 0.742375
v -0.31 -1.030125 0.937625
v -0.297625 -1.0425 0.937625
v -0.297625 -1.030125 0.95
v -0.31 -0.999875 0.742375
v -0.297625 -0.9875 0.742375
v -0.297625 -0.999875 0.73
v -0.297625 -0.999875 0.95
v -0.297625 -0.9875 0.937625
v -0.31 -0.999875 0.937625
v 0.31 -1.030125 0.742375
v 0.297625 -1.0425 0.742375
v 0.297625 -1.030125 0.73
v 0.297625 -1.030125 0.95
v 0.297625 -1.0425 0.937625
v 0.31 -1.030125 0.937625
v 0.297625 -0.999875 0.73
v 0.297625 -0.9875 0.742375
v 0.31 -0.999875 0.742375
v 0.31 -0.999875 0.937625
v 0.297625 -0.9875 0.937625
v 0.297625 -0.999875 0.95
v -0.355 -1.0825 0.76
v -0.357556 -1.0825 0.740589
v -0.357556 -1.0275 0.740589
v -0.355 -1.0275 0.76
v -0.357556 -1.0825 0.740589
v -0.365048 -1.0825 0.7225
v -0.365048 -1.0275 0.7225
v -0.357556 -1.0275 0.740589
v -0.365048 -1.0825 0.7225
v -0.376967 -1.0825 0.706967
v -0.376967 -1.0275 0.706967
v -0.365048 -1.0275 0.7225
v -0.376967 -1.0825 0.706967
v -0.3925 -1.0825 0.695048
v -0.3925 -1.0275 0.695048
v -0.376967 -1.0275 0.706967
v -0.3925 -1.0825 0.695048
v -0.410589 -1.0825 0.687556
v -0.410589 -1.0275 0.687556
v -0.3925 -1.0275 0.695048
v -0.410589 -1.0825 0.687556
v -0.43 -1.0825 0.685
v -0.43 -1.0275 0.685
v -0.410589 -1.0275 0.687556
v -0.43 -1.0825 0.685
v -0.449411 -1.0825 0.687556
v -0.449411 -1.0275 0.687556
v -0.43 -1.0275 0.685
v -0.449411 -1.0825 0.687556
v -0.4675 -1.0825 0.695048
v -0.4675 -1.0275 0.695048
v -0.449411 -1.0275 0.687556
v -0.4675 -1.0825 0.695048
v -0.483033 -1.0825 0.706967
v -0.483033 -1.0275 0.706967
v -0.4675 -1.0275 0.695048
v -0.483033 -1.0825 0.706967
v -0.494952 -1.0825 0.7225
v -0.494952 -1.0275 0.7225
v -0.483033 -1.0275 0.706967
v -0.494952 -1.0825 0.7225
v -0.502444 -1.0825 0.740589
v -0.502444 -1.0275 0.740589
v -0.494952 -1.0275 0.7225
v -0.502444 -1.0825 0.740589
v -0.505 -1.0825 0.76
v -0.505 -1.0275 0.76
v -0.502444 -1.0275 0.740589
v -0.505 -1.0825 0.76
v -0.502444 -1.0825 0.779411
v -0.502444 -1.0275 0.779411
v -0.505 -1.0275 0.76
v -0.502444 -1.0825 0.779411
v -0.494952 -1.0825 0.7975
v -0.494952 -1.0275 0.7975
v -0.502444 -1.0275 0.779411
v -0.494952 -1.0825 0.7975
v -0.483033 -1.0825 0.813033
v -0.483033 -1.0275 0.813033
v -0.494952 -1.0275 0.7975
v -0.483033 -1.0825 0.813033
v -0.4675 -1.0825 0.824952
v -0.4675 -1.0275 0.824952
v -0.483033 -1.0275 0.813033
v -0.4675 -1.0825 0.824952
v -0.449411 -1.0825 0.832444
v -0.449411 -1.0275 0.832444
v -0.4675 -1.0275 0.824952
v -0.449411 -1.0825 0.832444
v -0.43 -1.0825 0.835
v -0.43 -1.0275 0.835
v -0.449411 -1.0275 0.832444
v -0.43 -1.0825 0.835
v -0.410589 -1.0825 0.832444
v -0.410589 -1.0275 0.832444
v -0.43 -1.0275 0.835
v -0.410589 -1.0825 0.832444
v -0.3925 -1.0825 0.824952
v -0.3925 -1.0275 0.824952
v -0.410589 -1.0275 0.832444
v -0.3925 -1.0825 0.824952
v -0.376967 -1.0825 0.813033
v -0.376967 -1.0275 0.813033
v -0.3925 -1.0275 0.824952
v -0.376967 -1.0825 0.813033
v -0.365048 -1.0825 0.7975
v -0.365048 -1.0275 0.7975
v -0.376967 -1.0275 0.813033
v -0.365048 -1.0825 0.7975
v -0.357556 -1.0825 0.779411
v -0.357556 -1.0275 0.779411
v -0.365048 -1.0275 0.7975
v -0.357556 -1.0825 0.779411
v -0.355 -1.0825 0.76
v -0.355 -1.0275 0.76
v -0.357556 -1.0275 0.779411
v -0.355 -1.0825 0.76
v -0.357556 -1.0825 0.740589
v -0.365048 -1.0825 0.7225
v -0.376967 -1.0825 0.706967
v -0.3925 -1.0825 0.695048
v -0.410589 -1.0825 0.687556
v -0.43 -1.0825 0.685
v -0.449411 -1.0825 0.687556
v -0.4675 -1.0825 0.695048
v -0.483033 -1.0825 0.706967
v -0.494952 -1.0825 0.7225
v -0.502444 -1.0825 0.740589
v -0.505 -1.0825 0.76
v -0.502444 -1.0825 0.779411
v -0.494952 -1.0825 0.7975
v -0.483033 -1.0825 0.813033
v -0.4675 -1.0825 0.824952
v -0.449411 -1.0825 0.832444
v -0.43 -1.0825 0.835
v -0.410589 -1.0825 0.832444
v -0.3925 -1.0825 0.824952
v -0.376967 -1.0825 0.813033
v -0.365048 -1.0825 0.7975
v -0.357556 -1.0825 0.779411
v -0.355 -1.0275 0.76
v -0.357556 -1.0275 0.740589
v -0.365048 -1.0275 0.7225
v -0.376967 -1.0275 0.706967
v -0.3925 -1.0275 0.695048
v -0.410589 -1.0275 0.687556
v -0.43 -1.0275 0.685
v -0.449411 -1.0275 0.687556
v -0.4675 -1.0275 0.695048
v -0.483033 -1.0275 0.706967
v -0.494952 -1.0275 0.7225
v -0.502444 -1.0275 0.740589
v -0.505 -1.0275 0.76
v -0.502444 -1.0275 0.779411
v -0.494952 -1.0275 0.7975
v -0.483033 -1.0275 0.813033
v -0.4675 -1.0275 0.824952
v -0.449411 -1.0275 0.832444
v -0.43 -1.0275 0.835
v -0.410589 -1.0275 0.832444
v -0.3925 -1.0275 0.824952
v -0.376967 -1.0275 0.813033
v -0.365048 -1.0275 0.7975
v -0.357556 -1.0275 0.779411
v 0.405 -1.055 0.28
v 0.406508 -1.063551 0.28
v 0.406508 -1.063551 0.8
v 0.405 -1.055 0.8
v 0.406508 -1.063551 0.28
v 0.410849 -1.07107 0.28
v 0.410849 -1.07107 0.8
v 0.406508 -1.063551 0.8
v 0.410849 -1.07107 0.28
v 0.4175 -1.076651 0.28
v 0.4175 -1.076651 0.8
v 0.410849 -1.07107 0.8
v 0.4175 -1.076651 0.28
v 0.425659 -1.07962 0.28
v 0.425659 -1.07962 0.8
v 0.4175 -1.076651 0.8
v 0.425659 -1.07962 0.28
v 0.434341 -1.07962 0.28
v 0.434341 -1.07962 0.8
v 0.425659 -1.07962 0.8
v 0.434341 -1.07962 0.28
v 0.4425 -1.076651 0.28
v 0.4425 -1.076651 0.8
v 0.434341 -1.07962 0.8
v 0.4425 -1.076651 0.28
v 0.449151 -1.07107 0.28
v 0.449151 -1.07107 0.8
v 0.4425 -1.076651 0.8
v 0.449151 -1.07107 0.28
v 0.453492 -1.063551 0.28
v 0.453492 -1.063551 0.8
v 0.449151 -1.07107 0.8
v 0.453492 -1.063551 0.28
v 0.455 -1.055 0.28
v 0.455 -1.055 0.8
v 0.453492 -1.063551 0.8
v 0.455 -1.055 0.28
v 0.453492 -1.046449 0.28
v 0.453492 -1.046449 0.8
v 0.455 -1.055 0.8
v 0.453492 -1.046449 0.28
v 0.449151 -1.03893 0.28
v 0.449151 -1.03893 0.8
v 0.453492 -1.046449 0.8
v 0.449151 -1.03893 0.28
v 0.4425 -1.033349 0.28
v 0.4425 -1.033349 0.8
v 0.449151 -1.03893 0.8
v 0.4425 -1.033349 0.28
v 0.434341 -1.03038 0.28
v 0.434341 -1.03038 0.8
v 0.4425 -1.033349 0.8
v 0.434341 -1.03038 0.28
v 0.425659 -1.03038 0.28
v 0.425659 -1.03038 0.8
v 0.434341 -1.03038 0.8
v 0.425659 -1.03038 0.28
v 0.4175 -1.033349 0.28
v 0.4175 -1.033349 0.8
v 0.425659 -1.03038 0.8
v 0.4175 -1.033349 0.28
v 0.410849 -1.03893 0.28
v 0.410849 -1.03893 0.8
v 0.4175 -1.033349 0.8
v 0.410849 -1.03893 0.28
v 0.406508 -1.046449 0.28
v 0.406508 -1.046449 0.8
v 0.410849 -1.03893 0.8
v 0.406508 -1.046449 0.28
v 0.405 -1.055 0.28
v 0.405 -1.055 0.8
v 0.406508 -1.046449 0.8
v 0.405 -1.055 0.28
v 0.406508 -1.063551 0.28
v 0.410849 -1.07107 0.28
v 0.4175 -1.076651 0.28
v 0.425659 -1.07962 0.28
v 0.434341 -1.07962 0.28
v 0.4425 -1.076651 0.28
v 0.449151 -1.07107 0.28
v 0.453492 -1.063551 0.28
v 0.455 -1.055 0.28
v 0.453492 -1.046449 0.28
v 0.449151 -1.03893 0.28
v 0.4425 -1.033349 0.28
v 0.434341 -1.03038 0.28
v 0.425659 -1.03038 0.28
v 0.4175 -1.033349 0.28
v 0.410849 -1.03893 0.28
v 0.406508 -1.046449 0.28
v 0.405 -1.055 0.8
v 0.406508 -1.063551 0.8
v 0.410849 -1.07107 0.8
v 0.4175 -1.076651 0.8
v 0.425659 -1.07962 0.8
v 0.434341 -1.07962 0.8
v 0.4425 -1.076651 0.8
v 0.449151 -1.07107 0.8
v 0.453492 -1.063551 0.8
v 0.455 -1.055 0.8
v 0.453492 -1.046449 0.8
v 0.449151 -1.03893 0.8
v 0.4425 -1.033349 0.8
v 0.434341 -1.03038 0.8
v 0.425659 -1.03038 0.8
v 0.4175 -1.033349 0.8
v 0.410849 -1.03893 0.8
v 0.406508 -1.046449 0.8
v 0.385 -1.055 0.785
v 0.387714 -1.070391 0.785
v 0.387714 -1.070391 0.855
v 0.385 -1.055 0.855
v 0.387714 -1.070391 0.785
v 0.395528 -1.083925 0.785
v 0.395528 -1.083925 0.855
v 0.387714 -1.070391 0.855
v 0.395528 -1.083925 0.785
v 0.4075 -1.093971 0.785
v 0.4075 -1.093971 0.855
v 0.395528 -1.083925 0.855
v 0.4075 -1.093971 0.785
v 0.422186 -1.099316 0.785
v 0.422186 -1.099316 0.855
v 0.4075 -1.093971 0.855
v 0.422186 -1.099316 0.785
v 0.437814 -1.099316 0.785
v 0.437814 -1.099316 0.855
v 0.422186 -1.099316 0.855
v 0.437814 -1.099316 0.785
v 0.4525 -1.093971 0.785
v 0.4525 -1.093971 0.855
v 0.437814 -1.099316 0.855
v 0.4525 -1.093971 0.785
v 0.464472 -1.083925 0.785
v 0.464472 -1.083925 0.855
v 0.4525 -1.093971 0.855
v 0.464472 -1.083925 0.785
v 0.472286 -1.070391 0.785
v 0.472286 -1.070391 0.855
v 0.464472 -1.083925 0.855
v 0.472286 -1.070391 0.785
v 0.475 -1.055 0.785
v 0.475 -1.055 0.855
v 0.472286 -1.070391 0.855
v 0.475 -1.055 0.785
v 0.472286 -1.039609 0.785
v 0.472286 -1.039609 0.855
v 0.475 -1.055 0.855
v 0.472286 -1.039609 0.785
v 0.464472 -1.026075 0.785
v 0.464472 -1.026075 0.855
v 0.472286 -1.039609 0.855
v 0.464472 -1.026075 0.785
v 0.4525 -1.016029 0.785
v 0.4525 -1.016029 0.855
v 0.464472 -1.026075 0.855
v 0.4525 -1.016029 0.785
v 0.437814 -1.010684 0.785
v 0.437814 -1.010684 0.855
v 0.4525 -1.016029 0.855
v 0.437814 -1.010684 0.785
v 0.422186 -1.010684 0.785
v 0.422186 -1.010684 0.855
v 0.437814 -1.010684 0.855
v 0.422186 -1.010684 0.785
v 0.4075 -1.016029 0.785
v 0.4075 -1.016029 0.855
v 0.422186 -1.010684 0.855
v 0.4075 -1.016029 0.785
v 0.395528 -1.026075 0.785
v 0.395528 -1.026075 0.855
v 0.4075 -1.016029 0.855
v 0.395528 -1.026075 0.785
v 0.387714 -1.039609 0.785
v 0.387714 -1.039609 0.855
v 0.395528 -1.026075 0.855
v 0.387714 -1.039609 0.785
v 0.385 -1.055 0.785
v 0.385 -1.055 0.855
v 0.387714 -1.039609 0.855
v 0.385 -1.055 0.785
v 0.387714 -1.070391 0.785
v 0.395528 -1.083925 0.785
v 0.4075 -1.093971 0.785
v 0.422186 -1.099316 0.785
v 0.437814 -1.099316 0.785
v 0.4525 -1.093971 0.785
v 0.464472 -1.083925 0.785
v 0.472286 -1.070391 0.785
v 0.475 -1.055 0.785
v 0.472286 -1.039609 0.785
v 0.464472 -1.026075 0.785
v 0.4525 -1.016029 0.785
v 0.437814 -1.010684 0.785
v 0.422186 -1.010684 0.785
v 0.4075 -1.016029 0.785
v 0.395528 -1.026075 0.785
v 0.387714 -1.039609 0.785
v 0.385 -1.055 0.855
v 0.387714 -1.070391 0.855
v 0.395528 -1.083925 0.855
v 0.4075 -1.093971 0.855
v 0.422186 -1.099316 0.855
v 0.437814 -1.099316 0.855
v 0.4525 -1.093971 0.855
v 0.464472 -1.083925 0.855
v 0.472286 -1.070391 0.855
v 0.475 -1.055 0.855
v 0.472286 -1.039609 0.855
v 0.464472 -1.026075 0.855
v 0.4525 -1.016029 0.855
v 0.437814 -1.010684 0.855
v 0.422186 -1.010684 0.855
v 0.4075 -1.016029 0.855
v 0.395528 -1.026075 0.855
v 0.387714 -1.039609 0.855
v 0.385 -1.055 0.225
v 0.387714 -1.070391 0.225
v 0.387714 -1.070391 0.295
v 0.385 -1.055 0.295
v 0.387714 -1.070391 0.225
v 0.395528 -1.083925 0.225
v 0.395528 -1.083925 0.295
v 0.387714 -1.070391 0.295
v 0.395528 -1.083925 0.225
v 0.4075 -1.093971 0.225
v 0.4075 -1.093971 0.295
v 0.395528 -1.083925 0.295
v 0.4075 -1.093971 0.225
v 0.422186 -1.099316 0.225
v 0.422186 -1.099316 0.295
v 0.4075 -1.093971 0.295
v 0.422186 -1.099316 0.225
v 0.437814 -1.099316 0.225
v 0.437814 -1.099316 0.295
v 0.422186 -1.099316 0.295
v 0.437814 -1.099316 0.225
v 0.4525 -1.093971 0.225
v 0.4525 -1.093971 0.295
v 0.437814 -1.099316 0.295
v 0.4525 -1.093971 0.225
v 0.464472 -1.083925 0.225
v 0.464472 -1.083925 0.295
v 0.4525 -1.093971 0.295
v 0.464472 -1.083925 0.225
v 0.472286 -1.070391 0.225
v 0.472286 -1.070391 0.295
v 0.464472 -1.083925 0.295
v 0.472286 -1.070391 0.225
v 0.475 -1.055 0.225
v 0.475 -1.055 0.295
v 0.472286 -1.070391 0.295
v 0.475 -1.055 0.225
v 0.472286 -1.039609 0.225
v 0.472286 -1.039609 0.295
v 0.475 -1.055 0.295
v 0.472286 -1.039609 0.225
v 0.464472 -1.026075 0.225
v 0.464472 -1.026075 0.295
v 0.472286 -1.039609 0.295
v 0.464472 -1.026075 0.225
v 0.4525 -1.016029 0.225
v 0.4525 -1.016029 0.295
v 0.464472 -1.026075 0.295
v 0.4525 -1.016029 0.225
v 0.437814 -1.010684 0.225
v 0.437814 -1.010684 0.295
v 0.4525 -1.016029 0.295
v 0.437814 -1.010684 0.225
v 0.422186 -1.010684 0.225
v 0.422186 -1.010684 0.295
v 0.437814 -1.010684 0.295
v 0.422186 -1.010684 0.225
v 0.4075 -1.016029 0.225
v 0.4075 -1.016029 0.295
v 0.422186 -1.010684 0.295
v 0.4075 -1.016029 0.225
v 0.395528 -1.026075 0.225
v 0.395528 -1.026075 0.295
v 0.4075 -1.016029 0.295
v 0.395528 -1.026075 0.225
v 0.387714 -1.039609 0.225
v 0.387714 -1.039609 0.295
v 0.395528 -1.026075 0.295
v 0.387714 -1.039609 0.225
v 0.385 -1.055 0.225
v 0.385 -1.055 0.295
v 0.387714 -1.039609 0.295
v 0.385 -1.055 0.225
v 0.387714 -1.070391 0.225
v 0.395528 -1.083925 0.225
v 0.4075 -1.093971 0.225
v 0.422186 -1.099316 0.225
v 0.437814 -1.099316 0.225
v 0.4525 -1.093971 0.225
v 0.464472 -1.083925 0.225
v 0.472286 -1.070391 0.225
v 0.475 -1.055 0.225
v 0.472286 -1.039609 0.225
v 0.464472 -1.026075 0.225
v 0.4525 -1.016029 0.225
v 0.437814 -1.010684 0.225
v 0.422186 -1.010684 0.225
v 0.4075 -1.016029 0.225
v 0.395528 -1.026075 0.225
v 0.387714 -1.039609 0.225
v 0.387714 -1.039609 0.295
v 0.395528 -1.026075 0.295
v 0.4075 -1.016029 0.295
v 0.422186 -1.010684 0.295
v 0.437814 -1.010684 0.295
v 0.4525 -1.016029 0.295
v 0.464472 -1.026075 0.295
v 0.472286 -1.039609 0.295
v 0.475 -1.055 0.295
v 0.472286 -1.070391 0.295
v 0.464472 -1.083925 0.295
v 0.4525 -1.093971 0.295
v 0.437814 -1.099316 0.295
v 0.422186 -1.099316 0.295
v 0.4075 -1.093971 0.295
v 0.395528 -1.083925 0.295
v 0.387714 -1.070391 0.295
v 0.385 -1.055 0.295
v 0.58 -0.592 0.27
v 0.58 -0.589455 0.253931
v 0.78 -0.589455 0.253931
v 0.78 -0.592 0.27
v 0.58 -0.589455 0.253931
v 0.58 -0.582069 0.239435
v 0.78 -0.582069 0.239435
v 0.78 -0.589455 0.253931
v 0.58 -0.582069 0.239435
v 0.58 -0.570565 0.227931
v 0.78 -0.570565 0.227931
v 0.78 -0.582069 0.239435
v 0.58 -0.570565 0.227931
v 0.58 -0.556069 0.220545
v 0.78 -0.556069 0.220545
v 0.78 -0.570565 0.227931
v 0.58 -0.556069 0.220545
v 0.58 -0.54 0.218
v 0.78 -0.54 0.218
v 0.78 -0.556069 0.220545
v 0.58 -0.54 0.218
v 0.58 -0.523931 0.220545
v 0.78 -0.523931 0.220545
v 0.78 -0.54 0.218
v 0.58 -0.523931 0.220545
v 0.58 -0.509435 0.227931
v 0.78 -0.509435 0.227931
v 0.78 -0.523931 0.220545
v 0.58 -0.509435 0.227931
v 0.58 -0.497931 0.239435
v 0.78 -0.497931 0.239435
v 0.78 -0.509435 0.227931
v 0.58 -0.497931 0.239435
v 0.58 -0.490545 0.253931
v 0.78 -0.490545 0.253931
v 0.78 -0.497931 0.239435
v 0.58 -0.490545 0.253931
v 0.58 -0.488 0.27
v 0.78 -0.488 0.27
v 0.78 -0.490545 0.253931
v 0.58 -0.488 0.27
v 0.58 -0.490545 0.286069
v 0.78 -0.490545 0.286069
v 0.78 -0.488 0.27
v 0.58 -0.490545 0.286069
v 0.58 -0.497931 0.300565
v 0.78 -0.497931 0.300565
v 0.78 -0.490545 0.286069
v 0.58 -0.497931 0.300565
v 0.58 -0.509435 0.312069
v 0.78 -0.509435 0.312069
v 0.78 -0.497931 0.300565
v 0.58 -0.509435 0.312069
v 0.58 -0.523931 0.319455
v 0.78 -0.523931 0.319455
v 0.78 -0.509435 0.312069
v 0.58 -0.523931 0.319455
v 0.58 -0.54 0.322
v 0.78 -0.54 0.322
v 0.78 -0.523931 0.319455
v 0.58 -0.54 0.322
v 0.58 -0.556069 0.319455
v 0.78 -0.556069 0.319455
v 0.78 -0.54 0.322
v 0.58 -0.556069 0.319455
v 0.58 -0.570565 0.312069
v 0.78 -0.570565 0.312069
v 0.78 -0.556069 0.319455
v 0.58 -0.570565 0.312069
v 0.58 -0.582069 0.300565
v 0.78 -0.582069 0.300565
v 0.78 -0.570565 0.312069
v 0.58 -0.582069 0.300565
v 0.58 -0.589455 0.286069
v 0.78 -0.589455 0.286069
v 0.78 -0.582069 0.300565
v 0.58 -0.589455 0.286069
v 0.58 -0.592 0.27
v 0.78 -0.592 0.27
v 0.78 -0.589455 0.286069
v 0.58 -0.592 0.27
v 0.58 -0.589455 0.253931
v 0.58 -0.582069 0.239435
v 0.58 -0.570565 0.227931
v 0.58 -0.556069 0.220545
v 0.58 -0.54 0.218
v 0.58 -0.523931 0.220545
v 0.58 -0.509435 0.227931
v 0.58 -0.497931 0.239435
v 0.58 -0.490545 0.253931
v 0.58 -0.488 0.27
v 0.58 -0.490545 0.286069
v 0.58 -0.497931 0.300565
v 0.58 -0.509435 0.312069
v 0.58 -0.523931 0.319455
v 0.58 -0.54 0.322
v 0.58 -0.556069 0.319455
v 0.58 -0.570565 0.312069
v 0.58 -0.582069 0.300565
v 0.58 -0.589455 0.286069
v 0.78 -0.589455 0.286069
v 0.78 -0.582069 0.300565
v 0.78 -0.570565 0.312069
v 0.78 -0.556069 0.319455
v 0.78 -0.54 0.322
v 0.78 -0.523931 0.319455
v 0.78 -0.509435 0.312069
v 0.78 -0.497931 0.300565
v 0.78 -0.490545 0.286069
v 0.78 -0.488 0.27
v 0.78 -0.490545 0.253931
v 0.78 -0.497931 0.239435
v 0.78 -0.509435 0.227931
v 0.78 -0.523931 0.220545
v 0.78 -0.54 0.218
v 0.78 -0.556069 0.220545
v 0.78 -0.570565 0.227931
v 0.78 -0.582069 0.239435
v 0.78 -0.589455 0.253931
v 0.78 -0.592 0.27
v 0.7575 -0.632 0.27
v 0.7575 -0.628865 0.246189
v 0.8025 -0.628865 0.246189
v 0.8025 -0.632 0.27
v 0.7575 -0.628865 0.246189
v 0.7575 -0.619674 0.224
v 0.8025 -0.619674 0.224
v 0.8025 -0.628865 0.246189
v 0.7575 -0.619674 0.224
v 0.7575 -0.605054 0.204946
v 0.8025 -0.605054 0.204946
v 0.8025 -0.619674 0.224
v 0.7575 -0.605054 0.204946
v 0.7575 -0.586 0.190326
v 0.8025 -0.586 0.190326
v 0.8025 -0.605054 0.204946
v 0.7575 -0.586 0.190326
v 0.7575 -0.563811 0.181135
v 0.8025 -0.563811 0.181135
v 0.8025 -0.586 0.190326
v 0.7575 -0.563811 0.181135
v 0.7575 -0.54 0.178
v 0.8025 -0.54 0.178
v 0.8025 -0.563811 0.181135
v 0.7575 -0.54 0.178
v 0.7575 -0.516189 0.181135
v 0.8025 -0.516189 0.181135
v 0.8025 -0.54 0.178
v 0.7575 -0.516189 0.181135
v 0.7575 -0.494 0.190326
v 0.8025 -0.494 0.190326
v 0.8025 -0.516189 0.181135
v 0.7575 -0.494 0.190326
v 0.7575 -0.474946 0.204946
v 0.8025 -0.474946 0.204946
v 0.8025 -0.494 0.190326
v 0.7575 -0.474946 0.204946
v 0.7575 -0.460326 0.224
v 0.8025 -0.460326 0.224
v 0.8025 -0.474946 0.204946
v 0.7575 -0.460326 0.224
v 0.7575 -0.451135 0.246189
v 0.8025 -0.451135 0.246189
v 0.8025 -0.460326 0.224
v 0.7575 -0.451135 0.246189
v 0.7575 -0.448 0.27
v 0.8025 -0.448 0.27
v 0.8025 -0.451135 0.246189
v 0.7575 -0.448 0.27
v 0.7575 -0.451135 0.293811
v 0.8025 -0.451135 0.293811
v 0.8025 -0.448 0.27
v 0.7575 -0.451135 0.293811
v 0.7575 -0.460326 0.316
v 0.8025 -0.460326 0.316
v 0.8025 -0.451135 0.293811
v 0.7575 -0.460326 0.316
v 0.7575 -0.474946 0.335054
v 0.8025 -0.474946 0.335054
v 0.8025 -0.460326 0.316
v 0.7575 -0.474946 0.335054
v 0.7575 -0.494 0.349674
v 0.8025 -0.494 0.349674
v 0.8025 -0.474946 0.335054
v 0.7575 -0.494 0.349674
v 0.7575 -0.516189 0.358865
v 0.8025 -0.516189 0.358865
v 0.8025 -0.494 0.349674
v 0.7575 -0.516189 0.358865
v 0.7575 -0.54 0.362
v 0.8025 -0.54 0.362
v 0.8025 -0.516189 0.358865
v 0.7575 -0.54 0.362
v 0.7575 -0.563811 0.358865
v 0.8025 -0.563811 0.358865
v 0.8025 -0.54 0.362
v 0.7575 -0.563811 0.358865
v 0.7575 -0.586 0.349674
v 0.8025 -0.586 0.349674
v 0.8025 -0.563811 0.358865
v 0.7575 -0.586 0.349674
v 0.7575 -0.605054 0.335054
v 0.8025 -0.605054 0.335054
v 0.8025 -0.586 0.349674
v 0.7575 -0.605054 0.335054
v 0.7575 -0.619674 0.316
v 0.8025 -0.619674 0.316
v 0.8025 -0.605054 0.335054
v 0.7575 -0.619674 0.316
v 0.7575 -0.628865 0.293811
v 0.8025 -0.628865 0.293811
v 0.8025 -0.619674 0.316
v 0.7575 -0.628865 0.293811
v 0.7575 -0.632 0.27
v 0.8025 -0.632 0.27
v 0.8025 -0.628865 0.293811
v 0.7575 -0.632 0.27
v 0.7575 -0.628865 0.246189
v 0.7575 -0.619674 0.224
v 0.7575 -0.605054 0.204946
v 0.7575 -0.586 0.190326
v 0.7575 -0.563811 0.181135
v 0.7575 -0.54 0.178
v 0.7575 -0.516189 0.181135
v 0.7575 -0.494 0.190326
v 0.7575 -0.474946 0.204946
v 0.7575 -0.460326 0.224
v 0.7575 -0.451135 0.246189
v 0.7575 -0.448 0.27
v 0.7575 -0.451135 0.293811
v 0.7575 -0.460326 0.316
v 0.7575 -0.474946 0.335054
v 0.7575 -0.494 0.349674
v 0.7575 -0.516189 0.358865
v 0.7575 -0.54 0.362
v 0.7575 -0.563811 0.358865
v 0.7575 -0.586 0.349674
v 0.7575 -0.605054 0.335054
v 0.7575 -0.619674 0.316
v 0.7575 -0.628865 0.293811
v 0.8025 -0.628865 0.293811
v 0.8025 -0.619674 0.316
v 0.8025 -0.605054 0.335054
v 0.8025 -0.586 0.349674
v 0.8025 -0.563811 0.358865
v 0.8025 -0.54 0.362
v 0.8025 -0.516189 0.358865
v 0.8025 -0.494 0.349674
v 0.8025 -0.474946 0.335054
v 0.8025 -0.460326 0.316
v 0.8025 -0.451135 0.293811
v 0.8025 -0.448 0.27
v 0.8025 -0.451135 0.246189
v 0.8025 -0.460326 0.224
v 0.8025 -0.474946 0.204946
v 0.8025 -0.494 0.190326
v 0.8025 -0.516189 0.181135
v 0.8025 -0.54 0.178
v 0.8025 -0.563811 0.181135
v 0.8025 -0.586 0.190326
v 0.8025 -0.605054 0.204946
v 0.8025 -0.619674 0.224
v 0.8025 -0.628865 0.246189
v 0.8025 -0.632 0.27
v 0.7925 -0.483 0.27
v 0.7925 -0.48109 0.264122
v 0.8275 -0.48109 0.264122
v 0.8275 -0.483 0.27
v 0.7925 -0.48109 0.264122
v 0.7925 -0.47609 0.260489
v 0.8275 -0.47609 0.260489
v 0.8275 -0.48109 0.264122
v 0.7925 -0.47609 0.260489
v 0.7925 -0.46991 0.260489
v 0.8275 -0.46991 0.260489
v 0.8275 -0.47609 0.260489
v 0.7925 -0.46991 0.260489
v 0.7925 -0.46491 0.264122
v 0.8275 -0.46491 0.264122
v 0.8275 -0.46991 0.260489
v 0.7925 -0.46491 0.264122
v 0.7925 -0.463 0.27
v 0.8275 -0.463 0.27
v 0.8275 -0.46491 0.264122
v 0.7925 -0.463 0.27
v 0.7925 -0.46491 0.275878
v 0.8275 -0.46491 0.275878
v 0.8275 -0.463 0.27
v 0.7925 -0.46491 0.275878
v 0.7925 -0.46991 0.279511
v 0.8275 -0.46991 0.279511
v 0.8275 -0.46491 0.275878
v 0.7925 -0.46991 0.279511
v 0.7925 -0.47609 0.279511
v 0.8275 -0.47609 0.279511
v 0.8275 -0.46991 0.279511
v 0.7925 -0.47609 0.279511
v 0.7925 -0.48109 0.275878
v 0.8275 -0.48109 0.275878
v 0.8275 -0.47609 0.279511
v 0.7925 -0.48109 0.275878
v 0.7925 -0.483 0.27
v 0.8275 -0.483 0.27
v 0.8275 -0.48109 0.275878
v 0.7925 -0.483 0.27
v 0.7925 -0.48109 0.264122
v 0.7925 -0.47609 0.260489
v 0.7925 -0.46991 0.260489
v 0.7925 -0.46491 0.264122
v 0.7925 -0.463 0.27
v 0.7925 -0.46491 0.275878
v 0.7925 -0.46991 0.279511
v 0.7925 -0.47609 0.279511
v 0.7925 -0.48109 0.275878
v 0.8275 -0.48109 0.275878
v 0.8275 -0.47609 0.279511
v 0.8275 -0.46991 0.279511
v 0.8275 -0.46491 0.275878
v 0.8275 -0.463 0.27
v 0.8275 -0.46491 0.264122
v 0.8275 -0.46991 0.260489
v 0.8275 -0.47609 0.260489
v 0.8275 -0.48109 0.264122
v 0.8275 -0.483 0.27
v 0.7925 -0.5165 0.328024
v 0.7925 -0.51459 0.322146
v 0.8275 -0.51459 0.322146
v 0.8275 -0.5165 0.328024
v 0.7925 -0.51459 0.322146
v 0.7925 -0.50959 0.318513
v 0.8275 -0.50959 0.318513
v 0.8275 -0.51459 0.322146
v 0.7925 -0.50959 0.318513
v 0.7925 -0.50341 0.318513
v 0.8275 -0.50341 0.318513
v 0.8275 -0.50959 0.318513
v 0.7925 -0.50341 0.318513
v 0.7925 -0.49841 0.322146
v 0.8275 -0.49841 0.322146
v 0.8275 -0.50341 0.318513
v 0.7925 -0.49841 0.322146
v 0.7925 -0.4965 0.328024
v 0.8275 -0.4965 0.328024
v 0.8275 -0.49841 0.322146
v 0.7925 -0.4965 0.328024
v 0.7925 -0.49841 0.333902
v 0.8275 -0.49841 0.333902
v 0.8275 -0.4965 0.328024
v 0.7925 -0.49841 0.333902
v 0.7925 -0.50341 0.337534
v 0.8275 -0.50341 0.337534
v 0.8275 -0.49841 0.333902
v 0.7925 -0.50341 0.337534
v 0.7925 -0.50959 0.337534
v 0.8275 -0.50959 0.337534
v 0.8275 -0.50341 0.337534
v 0.7925 -0.50959 0.337534
v 0.7925 -0.51459 0.333902
v 0.8275 -0.51459 0.333902
v 0.8275 -0.50959 0.337534
v 0.7925 -0.51459 0.333902
v 0.7925 -0.5165 0.328024
v 0.8275 -0.5165 0.328024
v 0.8275 -0.51459 0.333902
v 0.7925 -0.5165 0.328024
v 0.7925 -0.51459 0.322146
v 0.7925 -0.50959 0.318513
v 0.7925 -0.50341 0.318513
v 0.7925 -0.49841 0.322146
v 0.7925 -0.4965 0.328024
v 0.7925 -0.49841 0.333902
v 0.7925 -0.50341 0.337534
v 0.7925 -0.50959 0.337534
v 0.7925 -0.51459 0.333902
v 0.8275 -0.51459 0.333902
v 0.8275 -0.50959 0.337534
v 0.8275 -0.50341 0.337534
v 0.8275 -0.49841 0.333902
v 0.8275 -0.4965 0.328024
v 0.8275 -0.49841 0.322146
v 0.8275 -0.50341 0.318513
v 0.8275 -0.50959 0.318513
v 0.8275 -0.51459 0.322146
v 0.8275 -0.5165 0.328024
v 0.7925 -0.5835 0.328024
v 0.7925 -0.58159 0.322146
v 0.8275 -0.58159 0.322146
v 0.8275 -0.5835 0.328024
v 0.7925 -0.58159 0.322146
v 0.7925 -0.57659 0.318513
v 0.8275 -0.57659 0.318513
v 0.8275 -0.58159 0.322146
v 0.7925 -0.57659 0.318513
v 0.7925 -0.57041 0.318513
v 0.8275 -0.57041 0.318513
v 0.8275 -0.57659 0.318513
v 0.7925 -0.57041 0.318513
v 0.7925 -0.56541 0.322146
v 0.8275 -0.56541 0.322146
v 0.8275 -0.57041 0.318513
v 0.7925 -0.56541 0.322146
v 0.7925 -0.5635 0.328024
v 0.8275 -0.5635 0.328024
v 0.8275 -0.56541 0.322146
v 0.7925 -0.5635 0.328024
v 0.7925 -0.56541 0.333902
v 0.8275 -0.56541 0.333902
v 0.8275 -0.5635 0.328024
v 0.7925 -0.56541 0.333902
v 0.7925 -0.57041 0.337534
v 0.8275 -0.57041 0.337534
v 0.8275 -0.56541 0.333902
v 0.7925 -0.57041 0.337534
v 0.7925 -0.57659 0.337534
v 0.8275 -0.57659 0.337534
v 0.8275 -0.57041 0.337534
v 0.7925 -0.57659 0.337534
v 0.7925 -0.58159 0.333902
v 0.8275 -0.58159 0.333902
v 0.8275 -0.57659 0.337534
v 0.7925 -0.58159 0.333902
v 0.7925 -0.5835 0.328024
v 0.8275 -0.5835 0.328024
v 0.8275 -0.58159 0.333902
v 0.7925 -0.5835 0.328024
v 0.7925 -0.58159 0.322146
v 0.7925 -0.57659 0.318513
v 0.7925 -0.57041 0.318513
v 0.7925 -0.56541 0.322146
v 0.7925 -0.5635 0.328024
v 0.7925 -0.56541 0.333902
v 0.7925 -0.57041 0.337534
v 0.7925 -0.57659 0.337534
v 0.7925 -0.58159 0.333902
v 0.8275 -0.58159 0.333902
v 0.8275 -0.57659 0.337534
v 0.8275 -0.57041 0.337534
v 0.8275 -0.56541 0.333902
v 0.8275 -0.5635 0.328024
v 0.8275 -0.56541 0.322146
v 0.8275 -0.57041 0.318513
v 0.8275 -0.57659 0.318513
v 0.8275 -0.58159 0.322146
v 0.8275 -0.5835 0.328024
v 0.7925 -0.617 0.27
v 0.7925 -0.61509 0.264122
v 0.8275 -0.61509 0.264122
v 0.8275 -0.617 0.27
v 0.7925 -0.61509 0.264122
v 0.7925 -0.61009 0.260489
v 0.8275 -0.61009 0.260489
v 0.8275 -0.61509 0.264122
v 0.7925 -0.61009 0.260489
v 0.7925 -0.60391 0.260489
v 0.8275 -0.60391 0.260489
v 0.8275 -0.61009 0.260489
v 0.7925 -0.60391 0.260489
v 0.7925 -0.59891 0.264122
v 0.8275 -0.59891 0.264122
v 0.8275 -0.60391 0.260489
v 0.7925 -0.59891 0.264122
v 0.7925 -0.597 0.27
v 0.8275 -0.597 0.27
v 0.8275 -0.59891 0.264122
v 0.7925 -0.597 0.27
v 0.7925 -0.59891 0.275878
v 0.8275 -0.59891 0.275878
v 0.8275 -0.597 0.27
v 0.7925 -0.59891 0.275878
v 0.7925 -0.60391 0.279511
v 0.8275 -0.60391 0.279511
v 0.8275 -0.59891 0.275878
v 0.7925 -0.60391 0.279511
v 0.7925 -0.61009 0.279511
v 0.8275 -0.61009 0.279511
v 0.8275 -0.60391 0.279511
v 0.7925 -0.61009 0.279511
v 0.7925 -0.61509 0.275878
v 0.8275 -0.61509 0.275878
v 0.8275 -0.61009 0.279511
v 0.7925 -0.61509 0.275878
v 0.7925 -0.617 0.27
v 0.8275 -0.617 0.27
v 0.8275 -0.61509 0.275878
v 0.7925 -0.617 0.27
v 0.7925 -0.61509 0.264122
v 0.7925 -0.61009 0.260489
v 0.7925 -0.60391 0.260489
v 0.7925 -0.59891 0.264122
v 0.7925 -0.597 0.27
v 0.7925 -0.59891 0.275878
v 0.7925 -0.60391 0.279511
v 0.7925 -0.61009 0.279511
v 0.7925 -0.61509 0.275878
v 0.8275 -0.61509 0.275878
v 0.8275 -0.61009 0.279511
v 0.8275 -0.60391 0.279511
v 0.8275 -0.59891 0.275878
v 0.8275 -0.597 0.27
v 0.8275 -0.59891 0.264122
v 0.8275 -0.60391 0.260489
v 0.8275 -0.61009 0.260489
v 0.8275 -0.61509 0.264122
v 0.8275 -0.617 0.27
v 0.7925 -0.5835 0.211976
v 0.7925 -0.58159 0.206098
v 0.8275 -0.58159 0.206098
v 0.8275 -0.5835 0.211976
v 0.7925 -0.58159 0.206098
v 0.7925 -0.57659 0.202466
v 0.8275 -0.57659 0.202466
v 0.8275 -0.58159 0.206098
v 0.7925 -0.57659 0.202466
v 0.7925 -0.57041 0.202466
v 0.8275 -0.57041 0.202466
v 0.8275 -0.57659 0.202466
v 0.7925 -0.57041 0.202466
v 0.7925 -0.56541 0.206098
v 0.8275 -0.56541 0.206098
v 0.8275 -0.57041 0.202466
v 0.7925 -0.56541 0.206098
v 0.7925 -0.5635 0.211976
v 0.8275 -0.5635 0.211976
v 0.8275 -0.56541 0.206098
v 0.7925 -0.5635 0.211976
v 0.7925 -0.56541 0.217854
v 0.8275 -0.56541 0.217854
v 0.8275 -0.5635 0.211976
v 0.7925 -0.56541 0.217854
v 0.7925 -0.57041 0.221487
v 0.8275 -0.57041 0.221487
v 0.8275 -0.56541 0.217854
v 0.7925 -0.57041 0.221487
v 0.7925 -0.57659 0.221487
v 0.8275 -0.57659 0.221487
v 0.8275 -0.57041 0.221487
v 0.7925 -0.57659 0.221487
v 0.7925 -0.58159 0.217854
v 0.8275 -0.58159 0.217854
v 0.8275 -0.57659 0.221487
v 0.7925 -0.58159 0.217854
v 0.7925 -0.5835 0.211976
v 0.8275 -0.5835 0.211976
v 0.8275 -0.58159 0.217854
v 0.7925 -0.5835 0.211976
v 0.7925 -0.58159 0.206098
v 0.7925 -0.57659 0.202466
v 0.7925 -0.57041 0.202466
v 0.7925 -0.56541 0.206098
v 0.7925 -0.5635 0.211976
v 0.7925 -0.56541 0.217854
v 0.7925 -0.57041 0.221487
v 0.7925 -0.57659 0.221487
v 0.7925 -0.58159 0.217854
v 0.8275 -0.58159 0.217854
v 0.8275 -0.57659 0.221487
v 0.8275 -0.57041 0.221487
v 0.8275 -0.56541 0.217854
v 0.8275 -0.5635 0.211976
v 0.8275 -0.56541 0.206098
v 0.8275 -0.57041 0.202466
v 0.8275 -0.57659 0.202466
v 0.8275 -0.58159 0.206098
v 0.8275 -0.5835 0.211976
v 0.7925 -0.5165 0.211976
v 0.7925 -0.51459 0.206098
v 0.8275 -0.51459 0.206098
v 0.8275 -0.5165 0.211976
v 0.7925 -0.51459 0.206098
v 0.7925 -0.50959 0.202466
v 0.8275 -0.50959 0.202466
v 0.8275 -0.51459 0.206098
v 0.7925 -0.50959 0.202466
v 0.7925 -0.50341 0.202466
v 0.8275 -0.50341 0.202466
v 0.8275 -0.50959 0.202466
v 0.7925 -0.50341 0.202466
v 0.7925 -0.49841 0.206098
v 0.8275 -0.49841 0.206098
v 0.8275 -0.50341 0.202466
v 0.7925 -0.49841 0.206098
v 0.7925 -0.4965 0.211976
v 0.8275 -0.4965 0.211976
v 0.8275 -0.49841 0.206098
v 0.7925 -0.4965 0.211976
v 0.7925 -0.49841 0.217854
v 0.8275 -0.49841 0.217854
v 0.8275 -0.4965 0.211976
v 0.7925 -0.49841 0.217854
v 0.7925 -0.50341 0.221487
v 0.8275 -0.50341 0.221487
v 0.8275 -0.49841 0.217854
v 0.7925 -0.50341 0.221487
v 0.7925 -0.50959 0.221487
v 0.8275 -0.50959 0.221487
v 0.8275 -0.50341 0.221487
v 0.7925 -0.50959 0.221487
v 0.7925 -0.51459 0.217854
v 0.8275 -0.51459 0.217854
v 0.8275 -0.50959 0.221487
v 0.7925 -0.51459 0.217854
v 0.7925 -0.5165 0.211976
v 0.8275 -0.5165 0.211976
v 0.8275 -0.51459 0.217854
v 0.7925 -0.5165 0.211976
v 0.7925 -0.51459 0.206098
v 0.7925 -0.50959 0.202466
v 0.7925 -0.50341 0.202466
v 0.7925 -0.49841 0.206098
v 0.7925 -0.4965 0.211976
v 0.7925 -0.49841 0.217854
v 0.7925 -0.50341 0.221487
v 0.7925 -0.50959 0.221487
v 0.7925 -0.51459 0.217854
v 0.8275 -0.51459 0.217854
v 0.8275 -0.50959 0.221487
v 0.8275 -0.50341 0.221487
v 0.8275 -0.49841 0.217854
v 0.8275 -0.4965 0.211976
v 0.8275 -0.49841 0.206098
v 0.8275 -0.50341 0.202466
v 0.8275 -0.50959 0.202466
v 0.8275 -0.51459 0.206098
v 0.8275 -0.5165 0.211976
usemtl TankPoly
f 1 2 3 4
f 5 6 7 8
f 9 10 11 12
f 13 14 15 16
f 17 18 19 20
f 21 22 23 24
f 25 26 27 28
f 29 30 31 32
f 33 34 35 36
f 37 38 39 40
f 41 42 43 44
f 45 46 47 48
f 49 50 51 52
f 53 54 55 56
f 57 58 59 60
f 61 62 63 64
f 65 66 67 68
f 69 70 71 72
f 73 74 75
f 76 77 78
f 79 80 81
f 82 83 84
f 85 86 87
f 88 89 90
f 91 92 93
f 94 95 96
f 97 98 99 100
f 101 102 103 104
f 105 106 107 108
f 109 110 111 112
f 113 114 115 116
f 117 118 119 120
f 121 122 123 124
f 125 126 127 128
f 129 130 131 132
f 133 134 135 136
f 137 138 139 140
f 141 142 143 144
f 145 146 147 148
f 149 150 151 152
f 153 154 155 156
f 157 158 159 160
f 161 162 163 164
f 165 166 167 168
f 169 170 171
f 172 173 174
f 175 176 177
f 178 179 180
f 181 182 183
f 184 185 186
f 187 188 189
f 190 191 192
f 193 194 195 196
f 197 198 199 200
f 201 202 203 204
f 205 206 207 208
f 209 210 211 212
f 213 214 215 216
f 217 218 219 220
f 221 222 223 224
f 225 226 227 228
f 229 230 231 232
f 233 234 235 236
f 237 238 239 240
f 241 242 243 244
f 245 246 247 248
f 249 250 251 252
f 253 254 255 256
f 257 258 259 260
f 261 262 263 264
f 265 266 267
f 268 269 270
f 271 272 273
f 274 275 276
f 277 278 279
f 280 281 282
f 283 284 285
f 286 287 288
f 289 290 291 292
f 293 294 295 296
f 297 298 299 300
f 301 302 303 304
f 305 306 307 308
f 309 310 311 312
f 313 314 315 316
f 317 318 319 320
f 321 322 323 324
f 325 326 327 328
f 329 330 331 332
f 333 334 335 336
f 337 338 339 340
f 341 342 343 344
f 345 346 347 348
f 349 350 351 352
f 353 354 355 356
f 357 358 359 360
f 361 362 363
f 364 365 366
f 367 368 369
f 370 371 372
f 373 374 375
f 376 377 378
f 379 380 381
f 382 383 384
usemtl TankInterior
f 385 386 387 388
f 389 390 391 392
f 393 394 395 396
f 397 398 399 400
f 401 402 403 404
f 405 406 407 408
f 409 410 411 412
f 413 414 415 416
f 417 418 419 420
f 421 422 423 424
f 425 426 427 428
f 429 430 431 432
f 433 434 435 436
f 437 438 439 440
f 441 442 443 444
f 445 446 447 448
f 449 450 451 452
f 453 454 455 456
f 457 458 459
f 460 461 462
f 463 464 465
f 466 467 468
f 469 470 471
f 472 473 474
f 475 476 477
f 478 479 480
usemtl TankEdge
f 481 482 483 484
f 485 486 487 488
f 489 490 491 492
f 493 494 495 496
f 497 498 499 500
f 501 502 503 504
f 505 506 507 508
f 509 510 511 512
f 513 514 515 516
f 517 518 519 520
f 521 522 523 524
f 525 526 527 528
f 529 530 531 532
f 533 534 535 536
f 537 538 539 540
f 541 542 543 544
f 545 546 547 548
f 549 550 551 552
f 553 554 555
f 556 557 558
f 559 560 561
f 562 563 564
f 565 566 567
f 568 569 570
f 571 572 573
f 574 575 576
f 577 578 579 580
f 581 582 583 584
f 585 586 587 588
f 589 590 591 592
f 593 594 595 596
f 597 598 599 600
f 601 602 603 604
f 605 606 607 608
f 609 610 611 612
f 613 614 615 616
f 617 618 619 620
f 621 622 623 624
f 625 626 627 628
f 629 630 631 632
f 633 634 635 636
f 637 638 639 640
f 641 642 643 644
f 645 646 647 648
f 649 650 651
f 652 653 654
f 655 656 657
f 658 659 660
f 661 662 663
f 664 665 666
f 667 668 669
f 670 671 672
f 673 674 675 676
f 677 678 679 680
f 681 682 683 684
f 685 686 687 688
f 689 690 691 692
f 693 694 695 696
f 697 698 699 700
f 701 702 703 704
f 705 706 707 708
f 709 710 711 712
f 713 714 715 716
f 717 718 719 720
f 721 722 723 724
f 725 726 727 728
f 729 730 731 732
f 733 734 735 736
f 737 738 739 740
f 741 742 743 744
f 745 746 747
f 748 749 750
f 751 752 753
f 754 755 756
f 757 758 759
f 760 761 762
f 763 764 765
f 766 767 768
f 769 770 771 772
f 773 774 775 776
f 777 778 779 780
f 781 782 783 784
f 785 786 787 788
f 789 790 791 792
f 793 794 795 796
f 797 798 799 800
f 801 802 803 804
f 805 806 807 808
f 809 810 811 812
f 813 814 815 816
f 817 818 819 820
f 821 822 823 824
f 825 826 827 828
f 829 830 831 832
f 833 834 835 836
f 837 838 839 840
f 841 842 843
f 844 845 846
f 847 848 849
f 850 851 852
f 853 854 855
f 856 857 858
f 859 860 861
f 862 863 864
f 865 866 867 868
f 869 870 871 872
f 873 874 875 876
f 877 878 879 880
f 881 882 883 884
f 885 886 887 888
f 889 890 891 892
f 893 894 895 896
f 897 898 899 900
f 901 902 903 904
f 905 906 907 908
f 909 910 911 912
f 913 914 915 916
f 917 918 919 920
f 921 922 923 924
f 925 926 927 928
f 929 930 931 932
f 933 934 935 936
f 937 938 939
f 940 941 942
f 943 944 945
f 946 947 948
f 949 950 951
f 952 953 954
f 955 956 957
f 958 959 960
f 961 962 963 964
f 965 966 967 968
f 969 970 971 972
f 973 974 975 976
f 977 978 979 980
f 981 982 983 984
f 985 986 987 988
f 989 990 991 992
f 993 994 995 996
f 997 998 999 1000
f 1001 1002 1003 1004
f 1005 1006 1007 1008
f 1009 1010 1011 1012
f 1013 1014 1015 1016
f 1017 1018 1019 1020
f 1021 1022 1023 1024
f 1025 1026 1027 1028
f 1029 1030 1031 1032
f 1033 1034 1035
f 1036 1037 1038
f 1039 1040 1041
f 1042 1043 1044
f 1045 1046 1047
f 1048 1049 1050
f 1051 1052 1053
f 1054 1055 1056
f 1057 1058 1059 1060
f 1061 1062 1063 1064
f 1065 1066 1067 1068
f 1069 1070 1071 1072
f 1073 1074 1075 1076
f 1077 1078 1079 1080
f 1081 1082 1083 1084
f 1085 1086 1087 1088
f 1089 1090 1091 1092
f 1093 1094 1095 1096
f 1097 1098 1099 1100
f 1101 1102 1103 1104
f 1105 1106 1107 1108
f 1109 1110 1111 1112
f 1113 1114 1115 1116
f 1117 1118 1119 1120
f 1121 1122 1123 1124
f 1125 1126 1127 1128
f 1129 1130 1131
f 1132 1133 1134
f 1135 1136 1137
f 1138 1139 1140
f 1141 1142 1143
f 1144 1145 1146
f 1147 1148 1149
f 1150 1151 1152
f 1153 1154 1155 1156
f 1157 1158 1159 1160
f 1161 1162 1163 1164
f 1165 1166 1167 1168
f 1169 1170 1171 1172
f 1173 1174 1175 1176
f 1177 1178 1179 1180
f 1181 1182 1183 1184
f 1185 1186 1187 1188
f 1189 1190 1191 1192
f 1193 1194 1195 1196
f 1197 1198 1199 1200
f 1201 1202 1203 1204
f 1205 1206 1207 1208
f 1209 1210 1211 1212
f 1213 1214 1215 1216
f 1217 1218 1219 1220
f 1221 1222 1223 1224
f 1225 1226 1227
f 1228 1229 1230
f 1231 1232 1233
f 1234 1235 1236
f 1237 1238 1239
f 1240 1241 1242
f 1243 1244 1245
f 1246 1247 1248
f 1249 1250 1251 1252
f 1253 1254 1255 1256
f 1257 1258 1259 1260
f 1261 1262 1263 1264
f 1265 1266 1267 1268
f 1269 1270 1271 1272
f 1273 1274 1275 1276
f 1277 1278 1279 1280
f 1281 1282 1283 1284
f 1285 1286 1287 1288
f 1289 1290 1291 1292
f 1293 1294 1295 1296
f 1297 1298 1299 1300
f 1301 1302 1303 1304
f 1305 1306 1307 1308
f 1309 1310 1311 1312
f 1313 1314 1315 1316
f 1317 1318 1319 1320
f 1321 1322 1323
f 1324 1325 1326
f 1327 1328 1329
f 1330 1331 1332
f 1333 1334 1335
f 1336 1337 1338
f 1339 1340 1341
f 1342 1343 1344
f 1345 1346 1347 1348
f 1349 1350 1351 1352
f 1353 1354 1355 1356
f 1357 1358 1359 1360
f 1361 1362 1363 1364
f 1365 1366 1367 1368
f 1369 1370 1371 1372
f 1373 1374 1375 1376
f 1377 1378 1379 1380
f 1381 1382 1383 1384
f 1385 1386 1387 1388
f 1389 1390 1391 1392
f 1393 1394 1395 1396
f 1397 1398 1399 1400
f 1401 1402 1403 1404
f 1405 1406 1407 1408
f 1409 1410 1411 1412
f 1413 1414 1415 1416
f 1417 1418 1419
f 1420 1421 1422
f 1423 1424 1425
f 1426 1427 1428
f 1429 1430 1431
f 1432 1433 1434
f 1435 1436 1437
f 1438 1439 1440
f 1441 1442 1443 1444
f 1445 1446 1447 1448
f 1449 1450 1451 1452
f 1453 1454 1455 1456
f 1457 1458 1459 1460
f 1461 1462 1463 1464
f 1465 1466 1467 1468
f 1469 1470 1471 1472
f 1473 1474 1475 1476
f 1477 1478 1479 1480
f 1481 1482 1483 1484
f 1485 1486 1487 1488
f 1489 1490 1491 1492
f 1493 1494 1495 1496
f 1497 1498 1499 1500
f 1501 1502 1503 1504
f 1505 1506 1507 1508
f 1509 1510 1511 1512
f 1513 1514 1515
f 1516 1517 1518
f 1519 1520 1521
f 1522 1523 1524
f 1525 1526 1527
f 1528 1529 1530
f 1531 1532 1533
f 1534 1535 1536
f 1537 1538 1539 1540
f 1541 1542 1543 1544
f 1545 1546 1547 1548
f 1549 1550 1551 1552
f 1553 1554 1555 1556
f 1557 1558 1559 1560
f 1561 1562 1563 1564
f 1565 1566 1567 1568
f 1569 1570 1571 1572
f 1573 1574 1575 1576
f 1577 1578 1579 1580
f 1581 1582 1583 1584
f 1585 1586 1587 1588
f 1589 1590 1591 1592
f 1593 1594 1595 1596
f 1597 1598 1599 1600
f 1601 1602 1603 1604
f 1605 1606 1607 1608
f 1609 1610 1611
f 1612 1613 1614
f 1615 1616 1617
f 1618 1619 1620
f 1621 1622 1623
f 1624 1625 1626
f 1627 1628 1629
f 1630 1631 1632
f 1633 1634 1635 1636
f 1637 1638 1639 1640
f 1641 1642 1643 1644
f 1645 1646 1647 1648
f 1649 1650 1651 1652
f 1653 1654 1655 1656
f 1657 1658 1659 1660
f 1661 1662 1663 1664
f 1665 1666 1667 1668
f 1669 1670 1671 1672
f 1673 1674 1675 1676
f 1677 1678 1679 1680
f 1681 1682 1683 1684
f 1685 1686 1687 1688
f 1689 1690 1691 1692
f 1693 1694 1695 1696
f 1697 1698 1699 1700
f 1701 1702 1703 1704
f 1705 1706 1707
f 1708 1709 1710
f 1711 1712 1713
f 1714 1715 1716
f 1717 1718 1719
f 1720 1721 1722
f 1723 1724 1725
f 1726 1727 1728
f 1729 1730 1731 1732
f 1733 1734 1735 1736
f 1737 1738 1739 1740
f 1741 1742 1743 1744
f 1745 1746 1747 1748
f 1749 1750 1751 1752
f 1753 1754 1755 1756
f 1757 1758 1759 1760
f 1761 1762 1763 1764
f 1765 1766 1767 1768
f 1769 1770 1771 1772
f 1773 1774 1775 1776
f 1777 1778 1779 1780
f 1781 1782 1783 1784
f 1785 1786 1787 1788
f 1789 1790 1791 1792
f 1793 1794 1795 1796
f 1797 1798 1799 1800
f 1801 1802 1803
f 1804 1805 1806
f 1807 1808 1809
f 1810 1811 1812
f 1813 1814 1815
f 1816 1817 1818
f 1819 1820 1821
f 1822 1823 1824
usemtl Stainless
f 1825 1826 1827 1828
f 1829 1830 1831 1832
f 1833 1834 1835 1836
f 1837 1838 1839 1840
f 1841 1842 1843 1844
f 1845 1846 1847 1848
f 1849 1850 1851 1852
f 1853 1854 1855 1856
f 1857 1858 1859 1860
f 1861 1862 1863 1864
f 1865 1866 1867 1868
f 1869 1870 1871 1872
f 1873 1874 1875 1876
f 1877 1878 1879 1880
f 1881 1882 1883 1884
f 1885 1886 1887 1888
f 1889 1890 1891 1892
f 1893 1894 1895 1896
f 1897 1898 1899
f 1900 1901 1902
f 1903 1904 1905
f 1906 1907 1908
f 1909 1910 1911
f 1912 1913 1914
f 1915 1916 1917
f 1918 1919 1920
f 1921 1922 1923 1924
f 1925 1926 1927 1928
f 1929 1930 1931 1932
f 1933 1934 1935 1936
f 1937 1938 1939 1940
f 1941 1942 1943 1944
f 1945 1946 1947 1948
f 1949 1950 1951 1952
f 1953 1954 1955 1956
f 1957 1958 1959 1960
f 1961 1962 1963 1964
f 1965 1966 1967 1968
f 1969 1970 1971 1972
f 1973 1974 1975 1976
f 1977 1978 1979 1980
f 1981 1982 1983 1984
f 1985 1986 1987 1988
f 1989 1990 1991 1992
f 1993 1994 1995
f 1996 1997 1998
f 1999 2000 2001
f 2002 2003 2004
f 2005 2006 2007
f 2008 2009 2010
f 2011 2012 2013
f 2014 2015 2016
usemtl DarkSteel
f 2017 2018 2019 2020
f 2021 2022 2023 2024
f 2025 2026 2027 2028
f 2029 2030 2031 2032
f 2033 2034 2035 2036
f 2037 2038 2039 2040
f 2041 2042 2043 2044
f 2045 2046 2047 2048
f 2049 2050 2051 2052
f 2053 2054 2055 2056
f 2057 2058 2059 2060
f 2061 2062 2063 2064
f 2065 2066 2067 2068
f 2069 2070 2071 2072
f 2073 2074 2075 2076
f 2077 2078 2079 2080
f 2081 2082 2083 2084
f 2085 2086 2087 2088
f 2089 2090 2091
f 2092 2093 2094
f 2095 2096 2097
f 2098 2099 2100
f 2101 2102 2103
f 2104 2105 2106
f 2107 2108 2109
f 2110 2111 2112
usemtl Stainless
f 2113 2114 2115 2116
f 2117 2118 2119 2120
f 2121 2122 2123 2124
f 2125 2126 2127 2128
f 2129 2130 2131 2132
f 2133 2134 2135 2136
f 2137 2138 2139 2140
f 2141 2142 2143 2144
f 2145 2146 2147 2148
f 2149 2150 2151 2152
f 2153 2154 2155 2156
f 2157 2158 2159 2160
f 2161 2162 2163 2164
f 2165 2166 2167 2168
f 2169 2170 2171 2172
f 2173 2174 2175 2176
f 2177 2178 2179 2180
f 2181 2182 2183 2184
f 2185 2186 2187
f 2188 2189 2190
f 2191 2192 2193
f 2194 2195 2196
f 2197 2198 2199
f 2200 2201 2202
f 2203 2204 2205
f 2206 2207 2208
usemtl DarkSteel
f 2209 2210 2211 2212
f 2213 2214 2215 2216
f 2217 2218 2219 2220
f 2221 2222 2223 2224
f 2225 2226 2227 2228
f 2229 2230 2231 2232
f 2233 2234 2235 2236
f 2237 2238 2239 2240
f 2241 2242 2243 2244
f 2245 2246 2247 2248
f 2249 2250 2251 2252
f 2253 2254 2255 2256
f 2257 2258 2259 2260
f 2261 2262 2263 2264
f 2265 2266 2267 2268
f 2269 2270 2271 2272
f 2273 2274 2275 2276
f 2277 2278 2279 2280
f 2281 2282 2283
f 2284 2285 2286
f 2287 2288 2289
f 2290 2291 2292
f 2293 2294 2295
f 2296 2297 2298
f 2299 2300 2301
f 2302 2303 2304
usemtl Stainless
f 2305 2306 2307 2308
f 2309 2310 2311 2312
f 2313 2314 2315 2316
f 2317 2318 2319 2320
f 2321 2322 2323 2324
f 2325 2326 2327 2328
f 2329 2330 2331 2332
f 2333 2334 2335 2336
f 2337 2338 2339 2340
f 2341 2342 2343 2344
f 2345 2346 2347 2348
f 2349 2350 2351 2352
f 2353 2354 2355 2356
f 2357 2358 2359 2360
f 2361 2362 2363 2364
f 2365 2366 2367 2368
f 2369 2370 2371 2372
f 2373 2374 2375 2376
f 2377 2378 2379
f 2380 2381 2382
f 2383 2384 2385
f 2386 2387 2388
f 2389 2390 2391
f 2392 2393 2394
f 2395 2396 2397
f 2398 2399 2400
usemtl DarkSteel
f 2401 2402 2403 2404
f 2405 2406 2407 2408
f 2409 2410 2411 2412
f 2413 2414 2415 2416
f 2417 2418 2419 2420
f 2421 2422 2423 2424
f 2425 2426 2427 2428
f 2429 2430 2431 2432
f 2433 2434 2435 2436
f 2437 2438 2439 2440
f 2441 2442 2443 2444
f 2445 2446 2447 2448
f 2449 2450 2451 2452
f 2453 2454 2455 2456
f 2457 2458 2459 2460
f 2461 2462 2463 2464
f 2465 2466 2467 2468
f 2469 2470 2471 2472
f 2473 2474 2475
f 2476 2477 2478
f 2479 2480 2481
f 2482 2483 2484
f 2485 2486 2487
f 2488 2489 2490
f 2491 2492 2493
f 2494 2495 2496
usemtl Stainless
f 2497 2498 2499 2500
f 2501 2502 2503 2504
f 2505 2506 2507 2508
f 2509 2510 2511 2512
f 2513 2514 2515 2516
f 2517 2518 2519 2520
f 2521 2522 2523 2524
f 2525 2526 2527 2528
f 2529 2530 2531 2532
f 2533 2534 2535 2536
f 2537 2538 2539 2540
f 2541 2542 2543 2544
f 2545 2546 2547 2548
f 2549 2550 2551 2552
f 2553 2554 2555 2556
f 2557 2558 2559 2560
f 2561 2562 2563 2564
f 2565 2566 2567 2568
f 2569 2570 2571
f 2572 2573 2574
f 2575 2576 2577
f 2578 2579 2580
f 2581 2582 2583
f 2584 2585 2586
f 2587 2588 2589
f 2590 2591 2592
usemtl DarkSteel
f 2593 2594 2595 2596
f 2597 2598 2599 2600
f 2601 2602 2603 2604
f 2605 2606 2607 2608
f 2609 2610 2611 2612
f 2613 2614 2615 2616
f 2617 2618 2619 2620
f 2621 2622 2623 2624
f 2625 2626 2627 2628
f 2629 2630 2631 2632
f 2633 2634 2635 2636
f 2637 2638 2639 2640
f 2641 2642 2643 2644
f 2645 2646 2647 2648
f 2649 2650 2651 2652
f 2653 2654 2655 2656
f 2657 2658 2659 2660
f 2661 2662 2663 2664
f 2665 2666 2667
f 2668 2669 2670
f 2671 2672 2673
f 2674 2675 2676
f 2677 2678 2679
f 2680 2681 2682
f 2683 2684 2685
f 2686 2687 2688
usemtl Stainless
f 2689 2690 2691 2692
f 2693 2694 2695 2696
f 2697 2698 2699 2700
f 2701 2702 2703 2704
f 2705 2706 2707 2708
f 2709 2710 2711 2712
f 2713 2714 2715 2716
f 2717 2718 2719 2720
f 2721 2722 2723 2724
f 2725 2726 2727 2728
f 2729 2730 2731 2732
f 2733 2734 2735 2736
f 2737 2738 2739 2740
f 2741 2742 2743 2744
f 2745 2746 2747 2748
f 2749 2750 2751 2752
f 2753 2754 2755 2756
f 2757 2758 2759 2760
f 2761 2762 2763
f 2764 2765 2766
f 2767 2768 2769
f 2770 2771 2772
f 2773 2774 2775
f 2776 2777 2778
f 2779 2780 2781
f 2782 2783 2784
usemtl LabelPlate
f 2785 2786 2787 2788
f 2789 2790 2791 2792
f 2793 2794 2795 2796
f 2797 2798 2799 2800
f 2801 2802 2803 2804
f 2805 2806 2807 2808
f 2809 2810 2811 2812
f 2813 2814 2815 2816
f 2817 2818 2819 2820
f 2821 2822 2823 2824
f 2825 2826 2827 2828
f 2829 2830 2831 2832
f 2833 2834 2835 2836
f 2837 2838 2839 2840
f 2841 2842 2843 2844
f 2845 2846 2847 2848
f 2849 2850 2851 2852
f 2853 2854 2855 2856
f 2857 2858 2859
f 2860 2861 2862
f 2863 2864 2865
f 2866 2867 2868
f 2869 2870 2871
f 2872 2873 2874
f 2875 2876 2877
f 2878 2879 2880
usemtl DarkSteel
f 2881 2882 2883 2884
f 2885 2886 2887 2888
f 2889 2890 2891 2892
f 2893 2894 2895 2896
f 2897 2898 2899 2900
f 2901 2902 2903 2904
f 2905 2906 2907 2908
f 2909 2910 2911 2912
f 2913 2914 2915 2916
f 2917 2918 2919 2920
f 2921 2922 2923 2924
f 2925 2926 2927 2928
f 2929 2930 2931 2932
f 2933 2934 2935 2936
f 2937 2938 2939 2940
f 2941 2942 2943 2944
f 2945 2946 2947 2948
f 2949 2950 2951 2952
f 2953 2954 2955 2956
f 2957 2958 2959 2960
f 2961 2962 2963 2964
f 2965 2966 2967 2968
f 2969 2970 2971 2972
f 2973 2974 2975 2976
f 2977 2978 2979 2980 2981 2982 2983 2984 2985 2986 2987 2988 2989 2990 2991 2992 2993 2994 2995 2996 2997 2998 2999 3000
f 3001 3002 3003 3004 3005 3006 3007 3008 3009 3010 3011 3012 3013 3014 3015 3016 3017 3018 3019 3020 3021 3022 3023 3024
usemtl SightGlass
f 3025 3026 3027 3028
f 3029 3030 3031 3032
f 3033 3034 3035 3036
f 3037 3038 3039 3040
f 3041 3042 3043 3044
f 3045 3046 3047 3048
f 3049 3050 3051 3052
f 3053 3054 3055 3056
f 3057 3058 3059 3060
f 3061 3062 3063 3064
f 3065 3066 3067 3068
f 3069 3070 3071 3072
f 3073 3074 3075 3076
f 3077 3078 3079 3080
f 3081 3082 3083 3084
f 3085 3086 3087 3088
f 3089 3090 3091 3092
f 3093 3094 3095 3096
f 3097 3098 3099 3100 3101 3102 3103 3104 3105 3106 3107 3108 3109 3110 3111 3112 3113 3114
f 3115 3116 3117 3118 3119 3120 3121 3122 3123 3124 3125 3126 3127 3128 3129 3130 3131 3132
usemtl Stainless
f 3133 3134 3135 3136
f 3137 3138 3139 3140
f 3141 3142 3143 3144
f 3145 3146 3147 3148
f 3149 3150 3151 3152
f 3153 3154 3155 3156
f 3157 3158 3159 3160
f 3161 3162 3163 3164
f 3165 3166 3167 3168
f 3169 3170 3171 3172
f 3173 3174 3175 3176
f 3177 3178 3179 3180
f 3181 3182 3183 3184
f 3185 3186 3187 3188
f 3189 3190 3191 3192
f 3193 3194 3195 3196
f 3197 3198 3199 3200
f 3201 3202 3203 3204
f 3205 3206 3207 3208 3209 3210 3211 3212 3213 3214 3215 3216 3217 3218 3219 3220 3221 3222
f 3223 3224 3225 3226 3227 3228 3229 3230 3231 3232 3233 3234 3235 3236 3237 3238 3239 3240
f 3241 3242 3243 3244
f 3245 3246 3247 3248
f 3249 3250 3251 3252
f 3253 3254 3255 3256
f 3257 3258 3259 3260
f 3261 3262 3263 3264
f 3265 3266 3267 3268
f 3269 3270 3271 3272
f 3273 3274 3275 3276
f 3277 3278 3279 3280
f 3281 3282 3283 3284
f 3285 3286 3287 3288
f 3289 3290 3291 3292
f 3293 3294 3295 3296
f 3297 3298 3299 3300
f 3301 3302 3303 3304
f 3305 3306 3307 3308
f 3309 3310 3311 3312
f 3313 3314 3315 3316 3317 3318 3319 3320 3321 3322 3323 3324 3325 3326 3327 3328 3329 3330
f 3331 3332 3333 3334 3335 3336 3337 3338 3339 3340 3341 3342 3343 3344 3345 3346 3347 3348
usemtl PipeSteel
f 3349 3350 3351 3352
f 3353 3354 3355 3356
f 3357 3358 3359 3360
f 3361 3362 3363 3364
f 3365 3366 3367 3368
f 3369 3370 3371 3372
f 3373 3374 3375 3376
f 3377 3378 3379 3380
f 3381 3382 3383 3384
f 3385 3386 3387 3388
f 3389 3390 3391 3392
f 3393 3394 3395 3396
f 3397 3398 3399 3400
f 3401 3402 3403 3404
f 3405 3406 3407 3408
f 3409 3410 3411 3412
f 3413 3414 3415 3416
f 3417 3418 3419 3420
f 3421 3422 3423 3424
f 3425 3426 3427 3428
f 3429 3430 3431 3432 3433 3434 3435 3436 3437 3438 3439 3440 3441 3442 3443 3444 3445 3446 3447 3448
f 3449 3450 3451 3452 3453 3454 3455 3456 3457 3458 3459 3460 3461 3462 3463 3464 3465 3466 3467 3468
usemtl Stainless
f 3469 3470 3471 3472
f 3473 3474 3475 3476
f 3477 3478 3479 3480
f 3481 3482 3483 3484
f 3485 3486 3487 3488
f 3489 3490 3491 3492
f 3493 3494 3495 3496
f 3497 3498 3499 3500
f 3501 3502 3503 3504
f 3505 3506 3507 3508
f 3509 3510 3511 3512
f 3513 3514 3515 3516
f 3517 3518 3519 3520
f 3521 3522 3523 3524
f 3525 3526 3527 3528
f 3529 3530 3531 3532
f 3533 3534 3535 3536
f 3537 3538 3539 3540
f 3541 3542 3543 3544
f 3545 3546 3547 3548
f 3549 3550 3551 3552
f 3553 3554 3555 3556
f 3557 3558 3559 3560
f 3561 3562 3563 3564
f 3565 3566 3567 3568 3569 3570 3571 3572 3573 3574 3575 3576 3577 3578 3579 3580 3581 3582 3583 3584 3585 3586 3587 3588
f 3589 3590 3591 3592 3593 3594 3595 3596 3597 3598 3599 3600 3601 3602 3603 3604 3605 3606 3607 3608 3609 3610 3611 3612
usemtl BoltSteel
f 3613 3614 3615 3616
f 3617 3618 3619 3620
f 3621 3622 3623 3624
f 3625 3626 3627 3628
f 3629 3630 3631 3632
f 3633 3634 3635 3636
f 3637 3638 3639 3640
f 3641 3642 3643 3644
f 3645 3646 3647 3648
f 3649 3650 3651 3652
f 3653 3654 3655 3656 3657 3658 3659 3660 3661 3662
f 3663 3664 3665 3666 3667 3668 3669 3670 3671 3672
f 3673 3674 3675 3676
f 3677 3678 3679 3680
f 3681 3682 3683 3684
f 3685 3686 3687 3688
f 3689 3690 3691 3692
f 3693 3694 3695 3696
f 3697 3698 3699 3700
f 3701 3702 3703 3704
f 3705 3706 3707 3708
f 3709 3710 3711 3712
f 3713 3714 3715 3716 3717 3718 3719 3720 3721 3722
f 3723 3724 3725 3726 3727 3728 3729 3730 3731 3732
f 3733 3734 3735 3736
f 3737 3738 3739 3740
f 3741 3742 3743 3744
f 3745 3746 3747 3748
f 3749 3750 3751 3752
f 3753 3754 3755 3756
f 3757 3758 3759 3760
f 3761 3762 3763 3764
f 3765 3766 3767 3768
f 3769 3770 3771 3772
f 3773 3774 3775 3776 3777 3778 3779 3780 3781 3782
f 3783 3784 3785 3786 3787 3788 3789 3790 3791 3792
f 3793 3794 3795 3796
f 3797 3798 3799 3800
f 3801 3802 3803 3804
f 3805 3806 3807 3808
f 3809 3810 3811 3812
f 3813 3814 3815 3816
f 3817 3818 3819 3820
f 3821 3822 3823 3824
f 3825 3826 3827 3828
f 3829 3830 3831 3832
f 3833 3834 3835 3836 3837 3838 3839 3840 3841 3842
f 3843 3844 3845 3846 3847 3848 3849 3850 3851 3852
f 3853 3854 3855 3856
f 3857 3858 3859 3860
f 3861 3862 3863 3864
f 3865 3866 3867 3868
f 3869 3870 3871 3872
f 3873 3874 3875 3876
f 3877 3878 3879 3880
f 3881 3882 3883 3884
f 3885 3886 3887 3888
f 3889 3890 3891 3892
f 3893 3894 3895 3896 3897 3898 3899 3900 3901 3902
f 3903 3904 3905 3906 3907 3908 3909 3910 3911 3912
f 3913 3914 3915 3916
f 3917 3918 3919 3920
f 3921 3922 3923 3924
f 3925 3926 3927 3928
f 3929 3930 3931 3932
f 3933 3934 3935 3936
f 3937 3938 3939 3940
f 3941 3942 3943 3944
f 3945 3946 3947 3948
f 3949 3950 3951 3952
f 3953 3954 3955 3956 3957 3958 3959 3960 3961 3962
f 3963 3964 3965 3966 3967 3968 3969 3970 3971 3972
